3824,3828,3841,3834,3837,3826,3833,3844,3812,3849,3817,3854,3831,3851,3843,3835,3842,3833,3829,3886,3847,3831,3874,3843,3822,3871,3830,3871,3820,3832,3862,3844,3842,3847,3826,3847,3811,3807,3840,3855,3811,3872,3843,3858,3861,3879,3835,3862,3851,3840
58,33,43,30,35,68,61,42,51,50,68,33,48,41,48,29,50,46,267,529,737,974,1190,1421,1662,1866,2105,2362,2572,2786,2779,2782,2777,2808,2778,2800,2811,2791,2795,2802,2785,2799,2790,2783,2828,2810,2783,2802,2795,2806
66,53,66,74,70,30,56,205,364,531,686,871,985,1166,1317,1492,1629,1826,1966,2110,2264,2432,2584,2734,2903,3085,3227,3252,3256,3243,3229,3207,3229,3230,3217,3207,3210,3216,3212,3227,3212,3208,3228,3234,3233,3216,3222,3217,3238,3218
3996,3988,4010,3957,3986,4002,3961,3993,3982,3988,3968,3990,3979,3965,3980,3987,4020,3980,3973,3982,3952,3976,3970,3990,3972,3971,3971,4006,3981,4017,3973,3973,4020,3975,3981,3993,3973,3957,3987,3974,3983,3988,3989,3960,3992,4000,3961,3984,3972,4004
29,24,57,42,65,57,29,62,64,42,52,50,51,43,46,62,61,188,306,463,582,707,866,994,1121,1264,1381,1562,1674,1812,1947,2094,2209,2357,2487,2624,2763,2902,2909,2898,2911,2923,2906,2897,2918,2911,2906,2917,2888,2900
65,47,85,60,57,76,70,60,34,63,47,56,41,82,45,44,55,264,448,635,797,974,1171,1356,1560,1746,1913,2103,2280,2492,2652,2846,3027,3219,3230,3209,3180,3205,3206,3225,3217,3244,3233,3223,3205,3216,3226,3198,3224,3203
44,31,32,41,32,30,37,49,37,38,33,47,35,31,35,42,39,36,36,36,35,30,34,46,40,37,41,54,43,37,40,35,38,31,42,48,30,39,41,33,50,34,41,31,35,36,39,37,42,32
53,49,45,64,28,62,52,22,41,25,36,41,25,47,26,41,44,32,31,48,33,52,47,9,40,19,44,38,45,29,37,28,220,433,612,797,970,1190,1378,1566,1769,1947,2153,2348,2536,2728,2926,3104,3126,3106
22,0,16,22,13,14,15,22,11,18,13,10,27,28,5,6,5,31,37,53,127,205,318,433,547,702,851,989,1174,1354,1538,1715,1937,2127,2353,2585,2820,3021,3282,3564,3788,3815,3796,3827,3801,3821,3817,3814,3805,3796
35,26,42,26,10,45,27,34,38,65,61,49,25,51,46,171,338,464,600,748,925,1033,1192,1350,1476,1615,1777,1770,1768,1756,1747,1748,1745,1777,1780,1762,1768,1765,1766,1754,1765,1774,1767,1794,1770,1763,1785,1765,1773,1758
2864,2878,2869,2874,2849,2874,2861,2842,2857,2895,2882,2861,2875,2855,2869,2861,2879,2882,2861,2860,2862,2877,2886,2901,2852,2888,2877,2867,2880,2878,2899,2890,2911,2870,2882,2850,2882,2882,2874,2897,2859,2871,2881,2893,2873,2878,2847,2880,2849,2879
2182,2218,2212,2223,2212,2207,2209,2203,2204,2204,2247,2218,2206,2242,2193,2208,2207,2229,2186,2215,2201,2210,2233,2191,2194,2217,2193,2209,2224,2226,2199,2229,2203,2214,2228,2230,2233,2192,2197,2198,2211,2203,2214,2170,2220,2185,2201,2209,2200,2206
78,44,71,59,57,55,50,53,40,36,49,38,80,46,66,43,32,39,73,64,57,45,51,42,61,242,390,604,784,940,1123,1317,1464,1660,1827,2014,2196,2362,2539,2727,2891,3073,3257,3443,3616,3780,3966,3955,3959,3934
39,41,32,44,37,48,35,10,36,25,25,37,38,21,37,26,52,53,60,55,40,32,24,32,36,37,8,11,39,33,17,43,62,87,135,184,246,309,405,471,576,667,768,841,955,1079,1191,1282,1399,1532
23,21,20,38,46,6,12,28,14,17,22,15,26,22,29,37,21,14,26,6,20,10,2,30,22,29,41,31,35,23,26,37,18,87,121,169,249,322,394,455,553,635,745,872,942,1091,1165,1303,1432,1547
2727,2737,2757,2690,2721,2706,2721,2722,2749,2757,2738,2727,2729,2736,2731,2734,2715,2711,2713,2723,2712,2718,2737,2752,2729,2744,2739,2731,2718,2713,2756,2699,2746,2727,2719,2716,2707,2734,2747,2722,2714,2734,2724,2700,2724,2740,2715,2744,2761,2721
16,19,40,44,26,37,29,41,164,322,464,600,767,935,1049,1224,1355,1510,1660,1799,1946,2090,2116,2081,2096,2106,2102,2098,2100,2092,2090,2084,2101,2098,2084,2103,2091,2102,2105,2099,2110,2092,2095,2106,2082,2115,2122,2084,2103,2088
3949,3900,3918,3912,3921,3909,3903,3896,3902,3950,3897,3899,3921,3912,3910,3924,3911,3918,3926,3910,3907,3877,3917,3918,3891,3911,3898,3907,3914,3893,3908,3910,3927,3898,3915,3936,3903,3923,3890,3907,3930,3897,3901,3884,3912,3915,3902,3908,3907,3906
0,3,23,0,6,18,25,20,31,43,35,9,33,20,16,26,12,9,0,16,30,21,11,22,35,12,11,29,23,21,13,0,20,0,56,101,203,292,421,496,642,782,938,1106,1287,1464,1603,1823,2010,2213
1635,1647,1676,1649,1624,1664,1657,1648,1639,1640,1668,1670,1649,1641,1640,1660,1656,1638,1636,1650,1627,1665,1653,1632,1667,1666,1653,1633,1654,1681,1630,1650,1647,1651,1659,1657,1673,1616,1685,1645,1666,1655,1659,1662,1650,1662,1668,1678,1634,1628
9,29,11,21,4,0,331,621,891,1204,1500,1810,2074,2425,2697,2990,3307,3585,3889,3879,3898,3872,3923,3894,3871,3910,3890,3896,3896,3917,3902,3911,3886,3888,3900,3881,3904,3900,3898,3892,3893,3901,3908,3897,3909,3880,3882,3891,3882,3900
2250,2268,2269,2258,2289,2266,2276,2285,2266,2270,2261,2264,2271,2274,2239,2254,2292,2268,2278,2257,2284,2294,2253,2272,2267,2252,2270,2267,2245,2290,2280,2270,2275,2243,2267,2270,2267,2299,2255,2279,2259,2280,2284,2272,2284,2282,2255,2278,2271,2259
2867,2850,2841,2875,2859,2843,2888,2855,2833,2871,2869,2859,2881,2862,2863,2873,2861,2883,2852,2843,2854,2852,2907,2866,2832,2868,2815,2855,2830,2848,2860,2877,2870,2856,2866,2851,2850,2840,2867,2860,2857,2870,2873,2868,2869,2856,2868,2867,2838,2855
2673,2691,2705,2712,2686,2686,2710,2689,2700,2699,2721,2691,2697,2721,2691,2702,2698,2677,2712,2699,2710,2681,2711,2697,2691,2684,2714,2673,2713,2741,2717,2676,2712,2687,2699,2697,2695,2684,2717,2679,2685,2696,2676,2701,2709,2691,2679,2705,2674,2684
34,47,51,34,37,41,16,30,36,42,32,41,41,34,39,11,13,33,25,16,26,27,27,24,43,22,37,25,42,34,38,33,15,30,84,106,147,211,264,309,390,466,567,602,699,796,867,976,1074,1177
2990,2992,3015,3006,2972,2988,2988,2993,3000,2990,2974,3003,3002,2991,3006,3005,2996,3004,2981,2985,2999,3006,3005,2982,2965,2987,3011,2993,2989,2995,3017,2992,3003,3019,3006,3018,2998,2985,2995,3007,3019,3008,3014,2983,2966,3002,3010,2971,3012,3018
2165,2193,2169,2176,2181,2173,2175,2153,2155,2179,2139,2202,2173,2149,2169,2157,2182,2151,2186,2155,2189,2157,2171,2150,2163,2153,2187,2165,2191,2175,2178,2161,2168,2153,2164,2181,2159,2201,2159,2185,2162,2175,2166,2153,2168,2158,2166,2176,2168,2156
46,52,61,50,44,36,22,42,53,43,34,62,30,44,66,36,65,36,47,31,36,41,40,42,47,62,74,112,147,191,230,299,347,419,479,557,642,699,790,854,934,1045,1121,1229,1311,1420,1501,1605,1690,1787
33,34,15,13,29,16,5,23,21,23,25,33,38,35,15,28,38,28,35,7,22,25,9,30,23,40,84,95,122,147,198,251,262,301,333,389,441,465,554,601,632,713,743,818,845,941,990,1062,1134,1197
25,2,33,17,14,14,12,29,12,8,24,12,16,5,6,0,20,19,5,243,421,624,832,1029,1245,1437,1633,1844,2045,2256,2448,2648,2875,3067,3265,3274,3262,3285,3284,3279,3275,3270,3270,3278,3275,3283,3247,3280,3264,3262
10,31,19,19,17,0,11,18,10,9,6,37,18,80,117,183,232,297,386,463,537,641,737,818,946,1072,1168,1269,1395,1495,1629,1765,1896,2069,2188,2331,2474,2641,2779,2925,3097,3114,3097,3088,3099,3085,3098,3106,3102,3105
2402,2396,2366,2391,2366,2418,2388,2390,2368,2410,2415,2398,2388,2383,2417,2416,2388,2414,2402,2385,2409,2405,2404,2403,2389,2433,2387,2390,2406,2386,2398,2367,2388,2381,2383,2401,2381,2372,2396,2407,2372,2397,2382,2408,2422,2416,2392,2411,2394,2397
1950,1930,1946,1948,1972,1944,1965,1917,1966,1946,1934,1963,1956,1943,1950,1966,1934,1944,1911,1941,1933,1926,1945,1926,1927,1940,1971,1953,1936,1943,1956,1941,1969,1917,1976,1975,1931,1937,1953,1937,1966,1933,1953,1964,1938,1930,1929,1946,1946,1942
39,39,35,39,39,23,35,28,32,25,25,27,37,37,29,19,29,33,33,24,35,35,35,33,32,28,24,25,31,39,21,38,31,34,21,25,19,27,25,19,35,27,29,41,31,36,30,34,33,38
1721,1751,1740,1749,1758,1728,1771,1755,1741,1737,1729,1755,1742,1744,1763,1753,1751,1757,1764,1739,1766,1741,1766,1754,1738,1762,1743,1782,1763,1721,1761,1736,1747,1758,1753,1743,1740,1771,1749,1771,1768,1743,1736,1750,1736,1766,1762,1777,1741,1755
35,44,31,27,29,25,37,25,37,19,24,22,24,22,36,31,28,6,16,6,26,27,11,43,19,16,46,42,37,82,136,143,177,232,263,343,356,405,443,501,564,609,705,733,795,856,942,1010,1068,1154
29,46,51,29,57,56,19,27,35,47,32,46,35,28,27,16,27,37,35,35,38,50,25,36,47,52,67,114,151,220,284,341,409,481,545,620,697,783,866,957,1081,1156,1258,1367,1468,1564,1682,1804,1923,2071
29,39,35,35,14,35,43,33,29,172,269,386,521,656,818,1004,1180,1380,1575,1801,2021,2248,2496,2766,2997,3286,3553,3820,3821,3834,3823,3841,3856,3831,3818,3828,3820,3846,3839,3826,3836,3809,3824,3821,3838,3832,3814,3817,3830,3835
78,44,52,40,60,30,56,54,60,44,59,53,74,68,44,41,47,44,52,69,63,70,121,181,203,269,334,419,491,594,671,786,906,987,1090,1206,1310,1426,1531,1710,1834,1933,2081,2230,2387,2517,2655,2817,2962,3157
34,48,44,48,45,43,48,45,46,28,51,45,77,50,70,102,130,201,242,298,379,439,552,604,681,786,880,994,1089,1195,1273,1405,1541,1638,1743,1890,1998,2133,2264,2408,2560,2682,2693,2701,2687,2675,2691,2687,2703,2692
54,36,37,40,36,38,52,58,44,63,36,70,55,50,50,46,47,62,253,460,677,908,1082,1297,1514,1697,1924,2127,2337,2531,2775,2760,2732,2754,2741,2760,2755,2754,2740,2763,2735,2749,2746,2752,2755,2737,2761,2751,2768,2747
3504,3544,3514,3513,3531,3533,3507,3542,3500,3526,3514,3537,3511,3509,3486,3489,3520,3517,3507,3542,3506,3504,3519,3518,3503,3532,3510,3518,3507,3521,3518,3526,3510,3507,3526,3516,3500,3496,3499,3504,3519,3490,3497,3522,3515,3521,3501,3519,3504,3492
3121,3072,3137,3107,3090,3074,3102,3106,3099,3079,3107,3086,3117,3112,3093,3106,3091,3092,3082,3061,3112,3083,3086,3107,3102,3102,3098,3106,3091,3092,3093,3113,3095,3078,3083,3104,3105,3110,3099,3097,3095,3128,3076,3083,3081,3075,3084,3076,3079,3083
69,55,40,65,65,39,59,39,43,36,47,49,63,52,76,57,45,63,53,55,65,38,52,41,45,40,63,61,62,64,52,56,42,22,44,341,638,932,1227,1501,1814,2088,2378,2685,2969,3259,3544,3863,3874,3831
30,13,30,23,6,35,27,29,7,28,16,8,26,0,26,6,29,41,30,23,26,13,0,15,22,8,18,58,24,56,126,213,313,429,573,722,844,1013,1189,1391,1575,1761,1967,2180,2394,2627,2865,3097,3347,3336
46,55,14,40,18,42,27,35,19,13,39,36,53,35,30,33,11,50,23,54,32,40,41,46,47,37,56,36,49,42,44,165,277,414,533,665,811,949,1052,1193,1308,1452,1576,1683,1820,1931,2068,2194,2313,2443
3837,3830,3827,3826,3825,3824,3819,3833,3804,3819,3792,3806,3837,3826,3844,3814,3854,3811,3811,3835,3852,3827,3838,3870,3831,3840,3839,3815,3815,3843,3797,3805,3800,3856,3832,3806,3833,3834,3830,3838,3823,3813,3822,3846,3831,3834,3804,3818,3816,3813
39,57,20,44,22,33,28,68,75,122,159,212,263,315,364,429,502,575,638,724,795,880,965,1054,1174,1242,1353,1438,1532,1646,1645,1643,1649,1625,1652,1655,1654,1637,1639,1635,1645,1625,1657,1658,1634,1634,1640,1639,1636,1641
13,15,12,2,13,14,19,5,22,0,6,15,15,23,15,13,16,0,7,6,19,21,25,17,19,14,11,7,6,5,18,11,9,1,8,12,4,29,5,20,13,10,12,14,15,8,17,12,6,11
53,18,49,23,30,27,29,55,41,49,30,53,24,51,52,322,621,903,1178,1471,1772,2028,2323,2630,2926,3177,3475,3771,3762,3782,3764,3770,3763,3774,3762,3772,3778,3765,3736,3742,3757,3753,3748,3764,3759,3743,3760,3765,3764,3764
1849,1870,1883,1865,1867,1865,1880,1854,1853,1872,1856,1870,1854,1897,1842,1874,1872,1894,1880,1858,1869,1869,1862,1839,1871,1861,1859,1865,1855,1854,1848,1869,1866,1873,1871,1887,1870,1832,1899,1879,1856,1871,1865,1876,1841,1864,1863,1862,1886,1845
3182,3184,3153,3160,3141,3179,3196,3162,3167,3173,3187,3179,3177,3164,3177,3149,3176,3201,3154,3162,3202,3174,3179,3185,3166,3183,3162,3162,3170,3158,3175,3175,3177,3176,3157,3181,3155,3169,3184,3201,3173,3152,3198,3192,3195,3167,3155,3176,3159,3172
3576,3559,3572,3534,3562,3533,3536,3567,3542,3528,3565,3536,3539,3546,3559,3551,3513,3547,3535,3528,3522,3532,3535,3546,3545,3537,3546,3545,3536,3536,3538,3546,3557,3531,3538,3552,3540,3547,3524,3512,3549,3554,3527,3556,3542,3550,3545,3559,3529,3557
3156,3099,3102,3117,3121,3126,3115,3102,3114,3113,3096,3102,3123,3094,3115,3136,3136,3106,3109,3132,3087,3114,3120,3119,3091,3154,3124,3126,3123,3117,3134,3116,3132,3161,3116,3093,3149,3123,3107,3115,3148,3107,3132,3103,3136,3140,3116,3153,3138,3099
3493,3501,3483,3499,3497,3518,3479,3493,3487,3482,3498,3515,3495,3503,3497,3474,3524,3485,3529,3520,3506,3499,3497,3491,3501,3514,3484,3504,3506,3506,3503,3488,3490,3509,3499,3505,3493,3515,3482,3518,3510,3503,3505,3531,3496,3501,3483,3466,3511,3492
38,23,41,47,26,38,37,52,22,36,36,21,54,34,168,291,410,574,660,823,955,1067,1198,1331,1446,1570,1704,1865,1963,2109,2190,2333,2436,2618,2606,2583,2621,2610,2603,2613,2601,2624,2605,2608,2594,2612,2620,2612,2624,2599
2985,2997,2986,3000,2987,3025,3016,2998,2992,2996,2998,3002,3027,2995,3004,3004,3013,3010,3012,3001,3010,3012,3007,3009,2987,3039,3020,2990,3001,2999,3015,2977,2980,3004,3020,3023,3025,3009,2987,2992,3013,3022,3001,3008,2998,3012,2978,3008,2997,2980
17,19,21,6,19,22,38,29,15,30,76,103,157,187,265,303,364,437,495,574,655,756,822,925,978,1079,1202,1282,1395,1500,1601,1727,1830,1940,2047,2177,2292,2408,2540,2684,2795,2929,2929,2922,2922,2934,2912,2929,2917,2919
21,36,0,16,21,15,17,38,84,152,224,346,428,522,616,763,885,1008,1148,1279,1464,1588,1782,1944,2086,2283,2452,2637,2654,2625,2654,2649,2650,2669,2663,2647,2659,2657,2644,2650,2619,2631,2651,2659,2630,2663,2653,2649,2647,2638
42,58,57,20,22,28,61,54,25,50,63,99,134,185,211,282,323,378,423,491,574,626,671,755,836,899,997,1082,1151,1242,1303,1396,1485,1585,1675,1779,1898,1985,2095,2091,2083,2091,2079,2079,2092,2088,2092,2072,2090,2068
3330,3343,3327,3366,3353,3346,3311,3350,3347,3331,3339,3347,3368,3356,3359,3348,3371,3349,3343,3333,3358,3349,3335,3349,3374,3366,3350,3350,3353,3378,3353,3353,3354,3329,3341,3358,3359,3339,3366,3361,3342,3338,3353,3356,3329,3346,3367,3349,3352,3360
27,22,21,20,55,11,16,8,26,31,10,25,42,6,29,17,46,111,201,283,383,539,662,804,929,1126,1267,1455,1647,1814,2033,2235,2440,2638,2886,3121,3092,3111,3133,3123,3114,3112,3114,3090,3093,3103,3128,3090,3092,3101
3865,3880,3877,3854,3897,3891,3866,3884,3866,3871,3899,3878,3889,3890,3879,3864,3915,3890,3886,3880,3900,3873,3868,3888,3884,3853,3886,3844,3852,3883,3882,3893,3882,3871,3879,3887,3878,3882,3887,3904,3864,3896,3851,3883,3888,3869,3883,3877,3863,3882
0,25,19,26,7,20,24,26,8,3,22,24,17,24,27,18,11,25,23,21,18,22,22,20,24,19,13,25,15,25,27,15,10,25,24,20,15,17,20,17,11,17,27,20,23,28,32,15,19,12
3983,3983,4004,3975,3998,3985,3976,3985,3994,4017,4008,4004,3974,3971,4007,3987,4004,3959,3994,4017,4018,3961,3980,3989,3997,3973,4000,4008,3963,3997,3991,3990,3977,3983,3996,3992,4001,4019,3991,3993,3954,3957,3999,3977,3989,4006,4014,3991,3989,3983
15,18,24,46,43,41,0,27,26,19,37,48,13,339,670,978,1321,1627,1933,2269,2616,2930,3261,3247,3274,3257,3255,3268,3246,3232,3257,3268,3250,3262,3271,3260,3267,3258,3249,3256,3245,3256,3269,3268,3259,3255,3262,3276,3229,3255
19,47,53,35,50,20,21,29,27,21,39,33,33,33,22,39,25,26,22,46,44,7,24,43,96,146,205,294,342,448,508,624,717,825,948,1064,1180,1301,1426,1566,1716,1838,1997,2132,2294,2476,2609,2625,2626,2595
31,63,59,76,51,40,65,55,55,51,72,60,61,63,53,42,56,68,53,71,82,136,231,288,389,428,520,619,674,727,809,898,977,1046,1152,1207,1257,1368,1435,1503,1597,1674,1671,1672,1650,1670,1660,1657,1650,1660
24,40,42,19,19,16,20,42,8,26,33,37,48,40,34,36,35,35,15,40,31,39,33,36,23,36,41,62,75,88,147,199,259,323,384,432,511,579,657,750,856,933,1028,1100,1228,1319,1428,1536,1626,1748
2,16,2,33,21,32,32,30,35,18,26,33,16,23,41,20,13,41,34,33,21,18,38,32,25,22,34,19,31,29,43,25,29,48,21,67,91,124,213,271,354,417,513,595,689,798,906,1050,1126,1245
31,33,45,41,37,39,37,31,40,28,41,38,41,32,33,37,33,33,43,40,41,26,34,28,37,40,42,44,35,44,27,36,45,37,26,32,49,33,27,28,35,36,35,33,37,34,35,44,30,40
26,45,18,23,32,23,35,291,524,773,1028,1266,1546,1792,2009,2281,2516,2531,2522,2532,2550,2531,2518,2520,2529,2529,2538,2533,2512,2554,2505,2540,2542,2526,2526,2513,2525,2527,2527,2535,2521,2508,2539,2528,2536,2514,2528,2531,2530,2525
8,6,1,45,0,43,17,15,2,15,8,0,27,101,141,185,246,359,445,533,637,740,875,967,1092,1205,1363,1479,1595,1747,1908,2052,2235,2341,2556,2707,2695,2728,2737,2745,2718,2706,2690,2706,2705,2724,2710,2710,2730,2719
3998,4019,3990,3993,3987,4022,3996,4001,3988,4010,4009,4010,4004,3992,3981,4003,4017,3993,4025,4014,4006,4001,3995,4002,4007,4004,4008,3989,4010,4004,3995,4015,3969,3975,4023,4033,3982,4034,4001,3988,3990,4015,3998,3994,4017,3997,3994,4002,4005,3979
46,43,54,45,40,41,43,47,49,49,46,38,37,46,33,51,51,47,43,53,59,35,55,44,47,47,50,51,53,44,40,40,40,32,40,37,46,43,48,40,34,37,46,45,47,45,46,41,49,42
17,26,23,23,18,27,21,21,16,27,20,22,30,16,22,13,19,30,13,24,32,26,19,16,11,32,20,12,16,16,20,37,28,25,30,34,26,31,19,17,16,24,7,30,20,27,14,29,31,23
60,36,82,47,49,37,60,52,52,47,57,41,48,51,65,41,21,44,34,64,35,57,52,51,47,66,57,58,47,50,46,65,240,362,525,673,840,974,1157,1273,1444,1614,1743,1929,2067,2076,2071,2059,2079,2070
88,66,71,66,56,78,54,76,75,56,120,129,156,178,206,256,316,355,407,451,539,567,637,708,758,822,904,952,1027,1101,1191,1248,1357,1434,1513,1607,1673,1778,1848,1941,2031,2122,2226,2218,2211,2249,2220,2216,2252,2230
18,37,0,8,27,8,24,26,11,33,38,28,17,23,12,25,45,96,118,197,260,306,390,495,568,659,746,849,973,1085,1208,1330,1458,1577,1709,1843,1966,2124,2266,2402,2544,2709,2880,3014,3185,3349,3521,3720,3869,3882
45,33,54,42,52,35,56,40,25,39,35,36,24,34,58,48,46,49,35,249,476,693,904,1139,1351,1566,1787,1992,2219,2440,2666,2860,3083,3302,3555,3524,3541,3519,3525,3541,3536,3524,3561,3532,3545,3519,3539,3535,3547,3543
27,32,24,28,28,26,1,27,6,15,9,12,22,7,21,15,2,16,46,7,16,26,27,14,26,35,28,42,16,14,5,164,329,452,598,720,866,1008,1166,1294,1413,1573,1703,1859,2020,2144,2267,2430,2554,2699
45,47,60,58,60,36,56,51,44,61,52,36,54,40,35,49,71,37,35,55,34,53,44,68,55,49,70,57,52,65,60,57,84,123,161,211,243,341,425,510,577,664,760,852,972,1066,1198,1293,1416,1539
29,10,40,25,22,32,35,29,15,30,34,45,20,6,41,78,94,131,165,208,230,284,332,378,449,488,570,621,676,746,838,918,980,1048,1167,1194,1282,1353,1462,1543,1617,1700,1824,1880,1905,1923,1902,1915,1905,1902
3124,3131,3156,3128,3133,3154,3122,3159,3119,3118,3141,3119,3141,3147,3120,3111,3102,3122,3120,3144,3160,3145,3114,3111,3138,3142,3110,3146,3137,3142,3147,3138,3111,3118,3119,3157,3132,3161,3120,3117,3131,3137,3137,3130,3121,3124,3126,3146,3118,3131
45,38,34,41,74,49,48,60,80,41,55,46,39,51,14,65,40,57,48,57,35,39,49,73,59,54,53,54,65,42,58,249,484,703,905,1105,1301,1528,1725,1937,2140,2345,2548,2771,2754,2787,2769,2762,2767,2763
3036,3029,3048,3026,3029,3029,3050,3036,3026,3021,3036,3023,3025,3043,3047,3053,3032,3035,3018,3026,3013,3020,3049,3026,3025,3020,3057,3004,3016,3006,3029,3020,3016,3028,3025,3037,3030,3020,3035,3053,3017,3044,3038,3028,3021,3053,3032,3028,3029,3051
3522,3529,3545,3550,3549,3529,3527,3549,3533,3543,3519,3538,3570,3519,3524,3549,3536,3546,3514,3524,3545,3551,3541,3512,3561,3528,3533,3550,3523,3542,3566,3552,3539,3538,3540,3550,3540,3538,3541,3536,3539,3541,3563,3512,3545,3525,3541,3539,3586,3522
1764,1744,1776,1703,1796,1789,1773,1786,1784,1779,1768,1757,1785,1761,1769,1776,1776,1759,1765,1773,1768,1783,1770,1783,1762,1751,1758,1763,1766,1786,1749,1762,1773,1795,1770,1750,1759,1783,1780,1769,1742,1760,1787,1775,1761,1761,1746,1777,1768,1773
7,14,0,26,27,11,16,0,15,0,23,12,0,0,6,22,17,20,0,0,12,31,22,23,295,612,919,1216,1505,1822,2105,2417,2699,2970,3291,3593,3892,3894,3901,3903,3902,3895,3899,3877,3884,3875,3909,3888,3915,3908
65,33,28,37,57,45,45,56,60,25,40,60,42,57,45,45,59,36,43,64,61,56,44,40,58,311,563,825,1050,1316,1576,1820,2102,2330,2607,2839,3095,3106,3104,3133,3100,3101,3132,3089,3098,3094,3120,3103,3111,3112
14,33,35,28,32,27,41,21,29,12,23,9,23,169,317,442,614,751,897,1046,1185,1310,1487,1616,1789,1934,2075,2218,2369,2506,2663,2793,2977,3109,3264,3277,3224,3273,3249,3247,3238,3225,3236,3277,3242,3251,3245,3245,3231,3262
37,38,42,38,16,42,28,66,50,113,159,200,243,328,380,446,499,588,641,746,825,897,1002,1103,1174,1278,1389,1478,1582,1704,1700,1708,1707,1712,1686,1697,1689,1681,1711,1679,1690,1707,1687,1674,1687,1682,1706,1709,1705,1703
0,44,37,32,52,47,29,35,29,32,34,32,12,21,61,82,100,154,187,246,304,386,433,506,585,655,744,805,897,1012,1099,1188,1292,1388,1465,1607,1701,1828,1937,2069,2174,2257,2395,2509,2643,2661,2641,2651,2642,2626
1550,1572,1589,1594,1554,1576,1594,1546,1573,1558,1595,1577,1606,1553,1589,1577,1572,1565,1583,1565,1569,1574,1564,1561,1565,1582,1583,1587,1607,1573,1544,1580,1588,1572,1591,1557,1567,1601,1568,1580,1585,1587,1576,1575,1571,1570,1592,1573,1558,1595
51,56,70,47,54,55,34,67,61,59,55,57,53,72,66,230,455,632,812,990,1182,1391,1545,1762,1937,2123,2331,2321,2317,2317,2312,2317,2301,2319,2303,2296,2298,2316,2329,2325,2313,2316,2317,2328,2322,2320,2292,2332,2297,2320
9,20,38,17,12,13,4,29,21,15,0,8,29,10,0,12,28,3,12,14,7,16,15,0,16,2,15,22,22,18,136,253,379,546,634,769,884,1026,1138,1282,1385,1524,1641,1775,1774,1793,1758,1778,1754,1786
17,16,16,9,21,45,28,15,15,29,50,20,24,13,33,11,1,23,17,23,30,51,46,11,17,14,8,16,61,118,194,238,308,366,451,518,595,696,797,864,995,1100,1223,1324,1423,1561,1675,1815,1952,2073
2882,2868,2861,2815,2905,2853,2829,2866,2857,2880,2851,2822,2870,2817,2888,2863,2856,2861,2857,2866,2841,2875,2865,2848,2880,2841,2850,2859,2857,2887,2844,2878,2865,2860,2852,2829,2885,2860,2845,2869,2850,2843,2845,2854,2870,2848,2865,2847,2859,2859
60,40,48,48,55,72,39,73,47,43,38,73,69,49,56,77,49,50,56,53,57,87,33,64,51,95,144,213,316,401,508,646,734,902,1044,1186,1379,1516,1711,1884,2063,2254,2452,2665,2872,2857,2875,2848,2855,2858
1935,1914,1883,1915,1935,1938,1898,1933,1904,1913,1917,1926,1915,1924,1902,1927,1933,1909,1929,1902,1915,1937,1924,1912,1928,1937,1903,1955,1918,1929,1913,1911,1933,1911,1943,1923,1897,1887,1914,1922,1905,1903,1904,1905,1912,1901,1896,1905,1919,1935
6,32,37,33,9,18,49,5,27,18,27,31,19,12,0,33,25,20,10,26,27,30,20,11,41,24,43,9,10,23,19,31,99,142,233,305,374,484,583,710,835,939,1066,1198,1340,1465,1617,1790,1932,2102
42,33,21,53,20,20,43,21,5,40,42,29,33,8,48,1,20,37,25,19,21,49,63,94,128,172,235,298,339,398,447,507,592,678,734,798,872,972,1078,1144,1245,1331,1440,1506,1608,1699,1785,1938,2000,2031
2542,2551,2583,2560,2526,2551,2532,2536,2559,2560,2556,2531,2561,2548,2573,2545,2552,2538,2524,2534,2571,2545,2555,2529,2567,2537,2548,2540,2530,2537,2539,2558,2520,2561,2523,2550,2545,2547,2557,2534,2563,2528,2504,2544,2553,2550,2574,2547,2529,2554
36,58,44,59,47,40,48,44,39,42,59,32,53,53,61,40,44,27,37,27,40,61,31,52,163,293,423,540,681,806,904,1041,1151,1298,1379,1544,1651,1767,1909,2029,2164,2273,2394,2532,2664,2772,2757,2780,2773,2792
9,6,17,16,17,5,19,253,485,716,958,1192,1432,1656,1903,2137,2371,2373,2360,2404,2350,2377,2368,2377,2358,2374,2367,2386,2375,2356,2362,2355,2373,2353,2362,2384,2387,2374,2350,2350,2370,2362,2353,2368,2344,2367,2371,2384,2353,2350
3992,4064,3998,3986,4021,4035,4002,4022,4018,4023,4024,3996,4020,4012,4029,3993,4025,3981,4025,4001,3985,4032,4018,4016,4030,4027,3995,4023,4016,4011,4033,4024,4020,4006,4021,4013,3999,4011,4036,4019,4002,4036,4026,4038,3987,4009,4033,4024,4030,4003
1524,1526,1555,1565,1546,1552,1522,1548,1528,1560,1526,1523,1528,1557,1532,1548,1560,1527,1527,1516,1561,1493,1559,1531,1549,1540,1502,1531,1538,1546,1549,1540,1529,1524,1520,1540,1548,1559,1534,1544,1526,1510,1563,1560,1562,1558,1532,1539,1531,1524
2417,2386,2400,2392,2366,2420,2424,2414,2394,2402,2414,2381,2398,2421,2371,2389,2412,2377,2413,2403,2424,2410,2429,2396,2444,2394,2404,2418,2415,2413,2404,2412,2398,2405,2411,2442,2397,2407,2383,2393,2415,2406,2416,2398,2424,2402,2410,2393,2396,2411
10,9,19,16,0,15,3,0,14,9,15,19,2,8,6,6,8,5,12,6,5,10,9,20,10,8,2,5,16,11,14,12,13,8,0,13,17,21,4,0,15,7,10,12,10,14,15,7,8,1
14,1,29,19,15,0,5,0,5,22,35,39,28,21,15,13,16,14,26,35,0,19,0,53,11,7,30,27,26,1,46,85,165,254,334,427,546,661,773,893,1061,1189,1344,1515,1657,1836,2012,2169,2366,2532
3266,3235,3291,3257,3222,3269,3257,3268,3250,3255,3269,3258,3266,3261,3279,3253,3247,3274,3241,3272,3246,3263,3249,3258,3234,3263,3255,3267,3278,3246,3242,3267,3269,3277,3243,3264,3244,3298,3252,3271,3265,3271,3263,3234,3242,3274,3262,3261,3275,3264
2718,2741,2734,2721,2743,2725,2714,2745,2727,2717,2733,2738,2720,2707,2722,2709,2754,2718,2740,2749,2722,2729,2732,2750,2717,2740,2722,2716,2735,2746,2722,2726,2736,2728,2713,2710,2723,2728,2735,2715,2711,2703,2712,2709,2719,2728,2731,2713,2735,2731
28,17,25,15,16,35,31,5,17,10,15,10,7,40,27,16,29,24,14,5,3,35,4,0,17,21,3,9,11,7,0,14,9,24,18,24,114,239,398,515,641,760,867,1001,1120,1230,1350,1483,1603,1721
29,39,45,36,32,24,56,50,26,34,34,49,50,27,32,41,55,54,40,35,40,45,17,22,67,97,177,211,302,402,469,573,657,757,891,984,1105,1236,1356,1495,1640,1787,1925,2105,2260,2405,2558,2754,2913,3082
41,23,45,31,34,23,53,10,42,46,39,29,55,48,174,326,472,615,764,927,1053,1170,1361,1468,1613,1785,1964,2085,2247,2374,2517,2519,2511,2504,2514,2520,2509,2498,2500,2475,2497,2496,2519,2509,2520,2518,2526,2499,2491,2495
42,26,30,40,30,27,28,36,41,24,39,50,50,32,14,28,40,40,62,40,101,116,167,232,287,364,433,526,599,692,778,869,984,1078,1195,1285,1403,1523,1631,1739,1892,2008,2153,2264,2412,2574,2697,2844,2992,3121
3156,3158,3183,3174,3185,3165,3200,3192,3168,3193,3172,3165,3206,3200,3168,3182,3183,3149,3188,3172,3194,3174,3187,3162,3197,3180,3180,3195,3190,3194,3199,3173,3187,3194,3191,3164,3189,3163,3188,3202,3168,3190,3174,3183,3189,3182,3180,3185,3168,3169
46,51,58,45,62,57,86,53,52,60,54,46,93,46,54,61,69,72,57,35,34,53,50,78,49,62,72,83,41,149,236,329,408,495,593,652,740,844,917,1021,1137,1213,1305,1369,1484,1550,1518,1542,1540,1558
24,41,46,50,38,40,37,46,17,33,43,37,57,36,52,47,51,49,55,39,51,37,22,42,32,24,51,57,58,56,200,406,589,766,961,1153,1336,1500,1703,1885,2075,2252,2419,2643,2810,2976,3162,3374,3535,3558
51,49,62,50,47,21,135,246,355,452,558,640,753,826,949,1018,1153,1241,1354,1450,1532,1630,1736,1833,1882,2033,2004,2029,1996,2019,2025,2028,2017,2022,2016,2009,2011,2011,2021,2000,2021,2007,2005,2014,2005,2004,2009,2010,2025,2011
29,37,44,36,62,53,47,36,41,27,25,35,48,54,50,53,64,56,38,39,33,45,53,41,57,27,50,31,48,62,44,38,240,469,639,867,1061,1265,1432,1613,1815,2033,2225,2458,2665,2842,3043,3262,3419,3641
2,27,20,3,8,25,7,37,2,2,20,4,2,20,14,24,0,30,17,0,3,16,0,32,38,69,104,175,222,284,371,431,547,599,707,813,881,1012,1128,1223,1356,1462,1596,1698,1839,1956,2126,2255,2381,2379
31,33,24,12,38,45,27,44,46,24,50,81,108,169,251,318,356,445,533,616,697,807,914,990,1102,1246,1314,1453,1544,1689,1817,1940,2077,2194,2339,2459,2617,2777,2910,3036,3214,3361,3551,3678,3705,3692,3694,3719,3692,3712
46,44,36,45,79,38,52,54,42,56,51,42,56,41,50,41,60,35,177,323,442,593,718,856,978,1114,1267,1395,1525,1673,1812,1934,2072,2221,2340,2360,2337,2327,2337,2344,2345,2341,2338,2344,2338,2352,2342,2340,2362,2354
47,40,40,44,41,36,46,45,52,48,33,17,23,49,39,42,22,24,39,54,36,30,46,39,27,32,27,42,40,44,51,53,49,261,503,714,963,1207,1425,1678,1889,2099,2338,2348,2337,2345,2341,2353,2342,2335
53,23,74,49,48,44,58,54,32,33,44,74,105,177,251,325,420,524,593,725,838,952,1097,1220,1364,1525,1652,1819,1974,2152,2319,2479,2652,2664,2665,2634,2643,2658,2655,2647,2642,2645,2648,2641,2644,2634,2645,2666,2660,2666
36,34,35,10,49,22,40,20,30,33,217,447,662,876,1076,1313,1511,1718,1926,2137,2376,2570,2802,2774,2769,2791,2780,2792,2789,2787,2788,2792,2786,2799,2792,2798,2793,2790,2800,2783,2801,2796,2787,2795,2795,2800,2796,2777,2787,2807
8,38,28,32,18,21,47,33,7,16,8,30,15,23,9,12,18,22,12,264,524,806,1064,1311,1566,1836,2069,2335,2580,2872,3143,3377,3382,3363,3365,3377,3365,3375,3374,3367,3364,3349,3386,3394,3376,3379,3385,3390,3363,3366
39,35,29,42,47,43,27,37,50,45,39,43,38,41,31,38,45,41,38,38,39,38,45,44,51,36,38,38,49,44,35,41,25,39,39,56,41,47,37,34,35,45,35,40,47,40,28,43,47,31
23,19,13,5,38,35,42,101,120,164,191,285,345,399,459,568,645,727,796,901,1013,1108,1184,1308,1412,1500,1528,1535,1518,1530,1516,1522,1523,1505,1522,1507,1520,1522,1513,1543,1520,1524,1545,1531,1540,1508,1505,1494,1518,1520
28,23,31,42,28,24,52,26,27,28,45,37,33,52,45,57,22,40,55,42,40,26,10,30,192,381,535,685,869,1021,1201,1362,1541,1691,1861,2021,2197,2352,2363,2344,2368,2360,2356,2374,2350,2358,2343,2355,2363,2339
3499,3488,3507,3502,3525,3521,3513,3506,3509,3514,3496,3514,3514,3508,3523,3485,3490,3517,3485,3491,3505,3514,3512,3524,3505,3513,3505,3503,3514,3530,3490,3507,3500,3506,3502,3464,3501,3522,3512,3503,3479,3469,3505,3507,3518,3508,3500,3488,3525,3510
17,35,23,53,49,16,46,44,43,32,63,53,96,136,187,234,315,384,452,524,625,709,807,896,990,1116,1219,1328,1414,1575,1673,1784,1926,1950,1942,1928,1922,1943,1919,1930,1949,1929,1933,1932,1940,1954,1935,1943,1940,1944
28,10,10,35,37,16,0,35,47,9,36,34,54,25,34,18,14,14,3,35,15,37,25,36,38,74,103,131,193,232,288,333,398,488,529,590,695,762,816,902,980,1078,1174,1232,1351,1448,1531,1633,1746,1841
2290,2291,2293,2253,2294,2285,2291,2287,2272,2294,2266,2255,2284,2251,2257,2310,2282,2254,2307,2280,2262,2271,2290,2278,2269,2280,2252,2273,2281,2291,2297,2300,2258,2250,2308,2262,2263,2281,2269,2273,2296,2282,2288,2262,2295,2272,2275,2310,2258,2290
36,43,39,35,39,34,40,52,55,38,27,42,44,22,28,40,34,26,22,14,32,28,26,31,41,172,296,448,545,704,813,949,1118,1260,1347,1487,1617,1754,1888,2039,2154,2137,2148,2154,2131,2157,2162,2150,2154,2152
3,12,4,2,13,0,22,0,25,3,49,70,88,109,131,151,175,231,234,290,351,397,421,463,510,566,615,667,699,772,808,863,927,1010,1042,1105,1153,1249,1310,1343,1426,1507,1575,1573,1595,1566,1564,1576,1580,1561
46,56,67,42,41,34,57,59,56,47,63,40,44,57,36,30,34,18,51,38,68,49,42,35,61,91,105,97,144,194,208,262,288,362,401,442,497,545,579,649,729,771,854,905,960,1019,1091,1153,1232,1318
21,60,59,39,26,60,0,36,31,23,11,46,27,14,20,44,56,19,42,34,29,53,25,42,24,53,27,20,44,44,57,44,20,210,395,567,689,868,1032,1197,1378,1522,1711,1863,2047,2209,2389,2538,2697,2854
62,63,30,59,77,46,35,53,57,224,370,533,696,845,1001,1168,1338,1496,1629,1794,1933,2131,2288,2457,2588,2750,2933,2920,2921,2908,2918,2915,2899,2936,2922,2915,2921,2921,2916,2937,2930,2915,2917,2918,2937,2931,2923,2927,2890,2915
54,52,52,70,72,33,51,49,62,70,50,56,75,38,67,69,46,52,33,22,31,55,55,66,27,28,41,45,391,715,1056,1394,1701,2033,2372,2739,3053,3379,3685,3707,3738,3704,3712,3724,3694,3698,3723,3714,3697,3694
0,17,11,23,0,6,28,4,25,28,13,26,16,0,129,284,403,546,679,830,942,1096,1189,1346,1474,1616,1731,1870,2017,2014,2020,2019,2015,2002,2015,2007,2036,2022,2024,2002,2004,2021,2026,2028,2010,2026,2016,2017,2007,2008
3665,3674,3662,3665,3669,3682,3678,3701,3684,3663,3665,3670,3653,3666,3652,3676,3656,3649,3668,3671,3671,3666,3643,3674,3668,3647,3678,3677,3657,3647,3682,3675,3670,3661,3674,3669,3656,3661,3658,3639,3655,3653,3647,3673,3691,3656,3657,3685,3672,3675
61,44,76,42,50,66,55,50,53,44,56,62,29,45,39,44,65,66,205,362,509,658,802,943,1099,1237,1389,1576,1695,1866,2007,2138,2155,2163,2150,2160,2144,2145,2144,2167,2142,2165,2165,2147,2141,2144,2172,2146,2169,2154
70,59,67,38,58,72,60,74,58,53,73,50,68,41,52,27,334,583,881,1127,1382,1671,1936,2202,2474,2738,3014,3293,3530,3585,3552,3531,3558,3560,3574,3584,3545,3566,3563,3564,3545,3537,3542,3553,3544,3560,3563,3561,3544,3535
50,65,44,36,57,45,49,53,85,159,230,350,430,561,667,825,982,1135,1318,1438,1638,1851,2025,2260,2437,2644,2867,3116,3303,3555,3557,3570,3558,3554,3574,3573,3550,3564,3553,3573,3559,3552,3568,3558,3539,3569,3564,3557,3551,3557
2500,2523,2534,2541,2516,2517,2544,2508,2532,2523,2525,2531,2523,2528,2528,2523,2533,2539,2538,2510,2522,2497,2519,2510,2515,2515,2520,2511,2509,2552,2500,2538,2513,2508,2499,2504,2523,2507,2500,2525,2508,2518,2528,2485,2508,2517,2513,2510,2532,2483
30,18,35,26,32,25,9,29,49,37,52,67,132,183,254,278,404,469,550,642,740,833,939,1037,1142,1266,1376,1497,1633,1753,1889,2036,2028,2026,2009,2026,2013,2016,2024,2046,2028,2022,2037,2023,2029,2021,2019,2023,2042,2029
38,29,21,33,23,35,40,20,33,41,21,45,32,11,44,45,0,19,33,41,82,127,170,212,193,250,310,395,428,497,519,566,627,695,759,842,917,971,1061,1116,1183,1292,1345,1418,1489,1582,1666,1778,1770,1758
28,27,25,4,22,3,25,4,0,9,26,4,30,3,27,27,20,25,0,8,44,116,178,288,404,492,632,782,928,1088,1264,1417,1606,1803,1963,2181,2374,2605,2805,3037,3025,3040,3033,3031,3023,3040,3022,3027,3020,3018
12,15,4,29,14,29,4,20,19,33,70,124,177,264,318,404,462,571,636,728,836,962,1074,1171,1287,1416,1538,1657,1798,1929,2084,2221,2342,2492,2660,2801,2941,3103,3276,3461,3453,3440,3452,3444,3427,3437,3450,3447,3441,3432
24,35,55,36,48,34,36,57,36,52,72,39,32,27,53,37,25,30,51,42,53,29,47,38,47,41,51,51,56,26,30,209,388,560,692,859,1024,1160,1384,1522,1686,1840,2022,2171,2343,2508,2670,2830,3023,3175
3365,3354,3360,3347,3317,3360,3376,3401,3380,3366,3380,3378,3367,3385,3364,3357,3362,3360,3395,3338,3333,3349,3346,3357,3368,3365,3372,3352,3347,3372,3361,3363,3350,3382,3412,3362,3368,3370,3334,3386,3371,3353,3399,3350,3345,3353,3357,3339,3356,3345
46,43,47,38,61,41,38,47,82,43,247,416,599,805,999,1160,1355,1571,1747,1924,2113,2301,2482,2680,2853,3060,3055,3036,3053,3062,3058,3038,3033,3043,3039,3031,3062,3063,3060,3045,3041,3039,3058,3047,3062,3052,3042,3044,3038,3031
40,20,5,22,28,28,3,47,30,48,21,20,41,25,37,11,55,41,21,39,6,26,25,32,33,31,31,31,28,34,46,84,157,186,261,313,378,481,537,657,749,842,942,1037,1166,1285,1398,1519,1631,1775
38,63,54,73,51,51,52,69,64,50,79,73,39,61,48,41,56,74,51,77,97,156,175,252,350,403,503,566,656,743,842,936,1062,1169,1272,1372,1513,1617,1739,1888,2018,2146,2275,2446,2590,2720,2874,3018,3182,3335
33,18,30,23,25,18,12,16,16,14,14,14,15,22,24,28,17,20,24,15,13,11,8,13,28,17,27,18,19,16,30,24,23,19,27,9,25,15,18,26,23,22,17,23,25,22,14,19,10,27
2157,2131,2124,2143,2156,2139,2102,2137,2150,2150,2150,2110,2156,2131,2125,2168,2123,2130,2129,2137,2130,2114,2141,2127,2143,2148,2148,2138,2150,2156,2151,2129,2166,2125,2114,2126,2128,2145,2150,2121,2170,2127,2139,2152,2153,2129,2121,2171,2113,2121
37,61,45,55,46,51,40,39,60,53,297,506,744,980,1234,1428,1669,1891,2134,2385,2608,2838,3044,3290,3526,3784,4019,3970,4018,4009,3997,4019,4003,3988,4006,4016,3991,4010,3991,4000,4006,3981,3984,3980,3992,4005,3992,3999,3998,4005
33,29,13,8,12,4,0,14,7,13,17,3,16,11,0,10,20,27,15,0,3,0,16,1,11,30,26,79,141,192,243,295,342,404,509,556,670,743,817,888,987,1083,1175,1273,1371,1473,1561,1675,1672,1680
30,16,48,34,30,43,32,31,23,37,40,24,26,34,51,31,25,47,34,54,18,37,22,47,19,27,31,41,30,30,32,15,179,335,462,637,785,946,1078,1232,1404,1547,1688,1832,2020,2153,2306,2458,2613,2726
28,18,33,31,29,34,13,34,34,38,24,12,32,21,32,28,30,23,47,36,96,163,240,314,418,511,607,713,823,965,1086,1234,1374,1504,1658,1815,1958,2133,2287,2509,2660,2840,3016,3216,3383,3574,3804,3811,3792,3796
2323,2302,2325,2321,2332,2324,2311,2324,2294,2322,2327,2290,2313,2342,2315,2317,2301,2321,2306,2331,2314,2291,2329,2296,2303,2329,2281,2284,2309,2316,2306,2346,2333,2306,2320,2319,2305,2321,2316,2318,2328,2326,2314,2293,2321,2306,2303,2332,2336,2332
20,15,12,16,0,19,4,19,10,8,22,18,1,24,95,153,231,283,368,443,509,555,652,683,787,846,942,1006,1051,1115,1203,1266,1331,1399,1490,1570,1560,1536,1557,1552,1541,1564,1560,1547,1558,1564,1561,1539,1542,1549
18,17,19,32,17,8,2,10,32,36,5,15,24,191,373,537,723,891,1067,1248,1411,1598,1766,1954,2104,2281,2467,2628,2807,2979,3170,3325,3521,3703,3678,3671,3697,3679,3695,3679,3685,3681,3677,3675,3689,3669,3664,3697,3666,3651
1,10,24,10,21,40,17,13,34,18,24,13,6,24,29,5,32,15,36,28,20,1,321,641,945,1240,1567,1903,2191,2474,2789,3084,3401,3712,3694,3692,3710,3721,3706,3712,3674,3683,3713,3683,3686,3716,3732,3704,3694,3715
24,14,10,11,6,0,7,17,2,33,0,19,0,5,197,365,519,740,895,1059,1252,1436,1585,1775,1947,2114,2313,2498,2641,2837,2999,3181,3366,3555,3558,3557,3558,3547,3531,3548,3536,3527,3536,3552,3541,3536,3551,3539,3548,3531
13,70,30,35,40,46,49,59,78,113,192,225,301,351,417,462,560,632,713,784,876,984,1052,1151,1268,1365,1458,1574,1703,1691,1699,1683,1695,1653,1685,1667,1681,1673,1689,1687,1672,1686,1703,1675,1677,1682,1675,1702,1679,1701
3794,3796,3794,3817,3816,3797,3818,3827,3815,3812,3782,3770,3787,3790,3788,3768,3825,3828,3803,3804,3783,3794,3797,3801,3805,3804,3783,3783,3818,3782,3799,3807,3815,3770,3827,3833,3803,3792,3779,3829,3795,3829,3790,3822,3805,3788,3804,3806,3772,3817
76,37,41,62,78,51,30,51,55,54,57,65,46,48,70,64,56,62,44,66,60,59,50,41,254,491,706,933,1143,1370,1612,1802,2010,2240,2458,2694,2891,3110,3334,3573,3584,3573,3555,3576,3544,3589,3581,3557,3565,3573
3899,3903,3872,3875,3885,3881,3904,3866,3888,3895,3889,3872,3879,3885,3843,3888,3883,3892,3866,3887,3883,3894,3890,3878,3899,3894,3880,3887,3882,3900,3896,3894,3859,3867,3886,3921,3897,3894,3885,3876,3906,3892,3880,3887,3880,3878,3873,3877,3898,3888
5,25,4,33,2,16,0,30,11,2,17,17,17,10,14,35,84,118,157,201,244,267,327,385,436,487,541,627,695,769,814,910,983,1074,1153,1229,1317,1393,1491,1563,1670,1736,1839,1910,2039,2151,2218,2342,2344,2340
45,60,54,61,47,41,40,57,55,46,51,47,46,49,48,51,48,41,41,42,49,45,45,44,53,40,46,38,54,42,41,48,48,41,56,47,46,47,41,51,52,38,49,47,49,47,44,46,49,38
1544,1528,1525,1530,1507,1507,1515,1533,1532,1514,1538,1520,1534,1536,1519,1534,1536,1526,1516,1528,1533,1523,1509,1530,1539,1528,1510,1544,1535,1558,1542,1499,1518,1532,1521,1537,1513,1509,1533,1538,1544,1535,1526,1547,1526,1508,1534,1535,1539,1517
1852,1876,1863,1856,1895,1881,1850,1882,1889,1853,1831,1835,1868,1854,1851,1844,1856,1878,1862,1857,1851,1866,1839,1847,1861,1862,1870,1845,1862,1844,1856,1846,1882,1886,1868,1867,1827,1885,1843,1862,1837,1850,1852,1841,1837,1879,1864,1855,1834,1848
18,2,5,13,3,4,19,11,14,9,18,10,13,23,19,14,11,1,6,14,18,7,27,12,18,13,8,17,11,18,17,18,5,16,5,12,11,18,8,13,17,5,14,4,27,15,11,9,14,7
41,28,19,50,33,35,57,45,73,43,43,46,47,46,61,59,53,47,43,25,37,19,48,49,189,307,446,597,765,858,1000,1156,1305,1455,1583,1695,1842,1970,2128,2272,2402,2527,2707,2678,2691,2685,2697,2686,2692,2674
40,41,49,43,29,39,41,33,34,45,46,34,23,35,29,43,16,29,23,115,219,316,421,515,619,694,787,880,961,1048,1160,1265,1352,1467,1527,1629,1717,1814,1901,2005,2129,2097,2113,2114,2107,2114,2114,2094,2108,2117
30,43,45,79,42,60,40,38,45,39,57,42,56,29,42,42,32,48,54,42,48,32,42,55,56,42,38,38,67,33,47,30,53,38,176,295,417,546,693,786,912,1015,1155,1287,1403,1541,1649,1774,1892,2013
31,54,49,49,37,54,69,56,76,57,48,54,53,46,54,75,54,57,38,34,43,75,58,38,64,214,402,598,785,964,1173,1314,1529,1688,1882,2050,2238,2413,2600,2812,2972,3139,3334,3526,3700,3724,3695,3705,3702,3697
3664,3682,3646,3645,3681,3660,3676,3659,3663,3670,3639,3676,3698,3666,3652,3678,3645,3661,3676,3653,3690,3647,3682,3685,3697,3664,3674,3664,3670,3683,3668,3657,3645,3698,3674,3675,3673,3634,3659,3652,3677,3636,3644,3649,3651,3678,3635,3655,3668,3685
1,24,27,3,17,0,0,11,27,4,20,0,22,59,127,228,328,455,576,733,891,1070,1253,1425,1632,1839,2072,2286,2527,2778,3001,3250,3525,3774,3777,3783,3774,3775,3797,3777,3787,3779,3770,3788,3767,3780,3793,3785,3770,3787
51,51,46,39,49,60,73,49,53,76,42,53,72,38,64,60,28,56,32,76,43,56,36,61,68,66,60,41,69,55,72,48,65,40,220,378,555,716,833,1021,1180,1359,1518,1678,1846,1992,2169,2345,2477,2666
0,18,21,14,2,32,11,16,18,17,20,0,22,22,17,19,40,9,20,23,7,2,0,31,31,16,29,24,24,15,16,35,10,167,307,481,632,765,945,1093,1238,1409,1565,1538,1526,1544,1524,1558,1533,1525
7,9,4,19,14,32,35,7,0,1,5,11,21,18,20,0,28,9,9,19,201,383,582,773,974,1136,1331,1545,1717,1906,2111,2269,2490,2680,2863,3065,3042,3053,3044,3058,3062,3043,3055,3050,3048,3069,3060,3062,3060,3030
2657,2640,2638,2625,2652,2657,2632,2642,2666,2649,2658,2673,2642,2650,2659,2649,2645,2665,2642,2644,2636,2641,2679,2630,2666,2670,2658,2632,2682,2650,2653,2609,2647,2644,2668,2681,2629,2633,2627,2654,2643,2641,2651,2640,2646,2667,2657,2639,2639,2624
3830,3833,3840,3861,3845,3846,3810,3805,3844,3828,3855,3844,3840,3840,3836,3847,3829,3839,3831,3846,3824,3829,3833,3862,3833,3841,3860,3833,3842,3852,3852,3834,3841,3841,3836,3835,3876,3830,3858,3860,3813,3846,3852,3829,3859,3851,3844,3840,3846,3844
37,44,63,50,63,69,72,63,43,64,63,37,54,52,47,61,66,59,61,62,50,67,71,63,56,27,59,59,56,48,220,418,600,810,950,1145,1325,1541,1721,1910,2073,2081,2098,2105,2089,2086,2086,2087,2101,2076
0,0,1,12,22,6,25,12,28,25,10,4,26,2,7,24,27,30,170,294,443,565,718,837,993,1158,1283,1420,1562,1687,1853,1840,1840,1852,1853,1832,1845,1828,1861,1821,1866,1828,1834,1855,1846,1863,1844,1858,1857,1817
30,43,68,41,66,57,22,33,49,59,37,68,64,46,58,32,39,43,60,69,63,330,630,947,1201,1482,1755,2087,2372,2681,2947,3212,3221,3221,3232,3207,3233,3234,3236,3234,3229,3238,3206,3231,3262,3239,3230,3226,3228,3221
36,31,45,31,43,25,32,24,51,49,39,47,26,28,21,34,31,67,96,154,164,210,246,302,348,393,483,521,581,666,740,830,893,943,1017,1113,1212,1290,1362,1446,1530,1628,1734,1808,1914,2004,2114,2204,2313,2431
70,53,55,71,57,63,56,35,43,43,56,54,52,65,51,46,57,51,60,74,61,40,51,50,52,61,48,46,39,35,53,58,48,31,67,110,178,247,319,413,500,583,708,821,919,1063,1181,1319,1468,1617
15,29,21,23,16,32,34,3,0,26,24,27,53,65,131,198,276,333,408,496,600,689,817,915,1042,1136,1262,1408,1538,1681,1811,1944,2093,2244,2395,2537,2711,2863,3026,3034,3008,3034,3029,3037,3021,3034,3021,3048,3032,3036
2470,2471,2464,2481,2473,2473,2474,2478,2462,2462,2448,2479,2471,2471,2472,2473,2508,2477,2464,2482,2485,2497,2466,2472,2487,2482,2478,2476,2496,2471,2479,2479,2503,2477,2471,2468,2477,2490,2493,2494,2469,2487,2478,2468,2468,2475,2498,2450,2485,2473
54,61,67,66,55,78,47,60,64,55,58,42,33,40,84,67,69,56,91,153,250,356,454,564,736,877,1011,1195,1339,1535,1723,1925,2144,2320,2553,2809,3029,3251,3492,3486,3501,3508,3504,3495,3500,3494,3494,3488,3496,3503
2095,2076,2088,2095,2088,2079,2063,2063,2079,2091,2073,2084,2081,2078,2074,2077,2072,2064,2066,2100,2064,2050,2085,2056,2080,2078,2065,2090,2068,2081,2063,2093,2063,2076,2080,2086,2078,2053,2080,2067,2046,2085,2068,2094,2094,2084,2075,2069,2061,2084
3947,3945,3903,3931,3944,3937,3957,3951,3914,3953,3959,3934,3946,3942,3950,3949,3942,3960,3947,3947,3934,3967,3951,3940,3960,3958,3932,3963,3951,3947,3950,3969,3924,3944,3946,3948,3918,3956,3961,3960,3960,3943,3934,3952,3939,3946,3933,3947,3937,3941
41,17,29,34,17,31,33,42,14,34,21,27,39,11,15,31,32,28,24,16,16,30,25,7,16,27,3,19,14,46,13,21,31,29,53,75,107,147,190,251,323,367,463,511,590,663,742,815,896,1015
66,63,59,47,63,52,60,66,33,219,350,539,674,850,993,1133,1336,1465,1636,1796,1964,2139,2269,2432,2583,2767,2901,3048,3210,3381,3546,3534,3529,3540,3536,3532,3526,3536,3526,3520,3535,3515,3535,3515,3525,3524,3516,3524,3520,3544
58,48,30,46,68,50,82,47,58,69,40,72,76,51,66,38,62,72,46,54,47,53,77,58,80,146,182,281,372,463,591,672,806,926,1063,1205,1325,1485,1652,1794,1984,2151,2324,2499,2686,2704,2698,2683,2686,2709
3977,3950,3969,3968,3996,3965,3960,3960,3945,3965,3980,3948,3940,3962,3943,3970,3947,3940,3967,3934,3940,3960,3926,3967,3950,3938,3928,3966,3943,3989,3959,3967,3949,3951,3951,3953,3929,3957,3951,3962,3968,3935,3972,3960,3971,3931,3946,3956,3974,3954
33,39,40,35,36,44,28,30,34,50,46,27,51,54,318,602,892,1199,1502,1768,2042,2347,2635,2919,3218,3474,3497,3500,3511,3505,3499,3512,3498,3502,3514,3467,3503,3496,3506,3474,3485,3492,3490,3495,3495,3496,3486,3492,3468,3484
24,54,50,33,33,51,43,69,33,34,49,66,55,65,67,55,42,77,46,47,51,41,31,37,46,70,81,118,125,149,192,214,265,289,320,385,425,503,552,595,631,703,776,815,871,951,1012,1060,1138,1207
55,57,52,55,58,53,47,47,52,41,49,65,53,50,62,50,49,55,50,52,47,57,62,56,52,45,48,65,49,48,60,40,44,50,46,51,51,54,54,45,58,60,49,51,62,54,57,53,59,51
2689,2731,2740,2733,2730,2746,2701,2744,2726,2752,2724,2724,2714,2716,2722,2744,2741,2734,2708,2720,2736,2737,2731,2717,2737,2749,2708,2737,2719,2718,2724,2727,2721,2733,2724,2724,2713,2724,2729,2752,2731,2727,2726,2733,2699,2729,2705,2714,2722,2722
2130,2125,2145,2094,2116,2136,2131,2116,2118,2111,2120,2100,2102,2098,2110,2115,2118,2128,2125,2100,2119,2125,2131,2104,2109,2114,2140,2097,2109,2109,2143,2132,2113,2106,2102,2109,2098,2115,2107,2125,2110,2152,2115,2128,2113,2119,2090,2090,2109,2103
3356,3356,3364,3342,3345,3368,3350,3333,3321,3376,3324,3347,3358,3364,3334,3352,3327,3377,3359,3364,3349,3352,3338,3329,3389,3358,3362,3369,3335,3332,3378,3348,3359,3380,3352,3352,3361,3348,3375,3356,3356,3356,3358,3348,3359,3352,3334,3383,3353,3366
3248,3250,3256,3240,3267,3240,3246,3251,3246,3264,3237,3237,3216,3230,3236,3249,3240,3236,3244,3268,3238,3282,3257,3259,3254,3273,3246,3251,3226,3253,3245,3267,3249,3262,3240,3266,3253,3254,3252,3261,3267,3263,3245,3238,3272,3254,3243,3258,3225,3241
5,31,6,21,46,44,59,44,77,138,171,216,278,324,392,477,534,618,689,773,855,927,1034,1089,1194,1301,1379,1487,1592,1712,1810,1918,2019,2157,2260,2372,2489,2610,2728,2745,2721,2748,2751,2742,2716,2717,2733,2719,2724,2727
38,10,19,39,54,33,43,8,33,14,126,251,341,455,565,689,769,897,973,1079,1196,1298,1405,1541,1631,1742,1842,1949,2037,2060,2087,2068,2053,2061,2071,2035,2072,2060,2030,2067,2061,2075,2059,2050,2037,2050,2067,2039,2094,2067
38,6,20,9,11,0,11,31,12,0,10,5,24,20,0,23,11,31,23,33,61,69,97,133,177,243,278,336,399,456,521,579,659,713,799,895,917,1022,1079,1182,1271,1339,1419,1543,1594,1682,1790,1810,1789,1793
2299,2339,2302,2297,2318,2310,2315,2314,2308,2326,2311,2306,2316,2326,2329,2326,2322,2315,2329,2322,2330,2334,2320,2321,2337,2307,2338,2327,2280,2319,2304,2297,2323,2332,2333,2326,2318,2349,2342,2337,2314,2329,2286,2313,2360,2317,2330,2327,2300,2324
32,48,46,30,47,30,17,28,40,49,35,37,358,638,934,1216,1539,1817,2127,2425,2711,3019,3310,3615,3623,3628,3622,3623,3608,3627,3621,3611,3577,3634,3601,3648,3609,3615,3639,3636,3620,3614,3629,3589,3625,3609,3621,3604,3615,3620
24,33,25,21,16,13,14,4,15,33,6,20,22,3,30,9,15,14,17,19,17,35,24,22,2,12,22,27,15,21,19,24,19,44,57,95,151,162,228,267,337,439,493,577,641,720,796,887,964,1065
37,66,37,37,35,56,79,51,74,55,57,48,35,49,50,46,26,52,57,55,71,48,51,147,294,394,523,636,767,881,1006,1100,1228,1327,1455,1566,1677,1831,1924,2042,2164,2279,2407,2509,2517,2498,2503,2509,2508,2536
0,15,3,29,3,25,22,82,109,185,230,283,378,453,573,666,768,865,967,1107,1182,1334,1457,1575,1706,1848,1996,2130,2274,2423,2578,2575,2584,2568,2601,2576,2590,2574,2568,2576,2590,2573,2566,2568,2563,2571,2582,2589,2576,2565
5,0,23,12,13,29,10,19,44,22,42,9,32,39,58,114,151,197,227,278,338,410,437,488,580,647,737,791,857,929,986,1084,1172,1260,1364,1427,1499,1589,1711,1806,1900,1978,2069,2207,2293,2403,2400,2396,2399,2412
14,17,14,9,17,12,10,13,22,18,13,10,20,13,15,16,13,19,8,24,20,27,13,12,28,9,18,24,10,12,3,14,13,18,9,23,7,5,20,9,9,16,19,13,16,16,13,17,19,19
20,31,12,8,14,4,20,18,8,10,23,7,1,16,9,32,81,107,159,212,267,353,416,470,557,641,705,802,933,1004,1106,1199,1323,1434,1523,1643,1780,1891,2021,2037,2060,2019,2039,2025,2019,2014,2022,2010,2016,2036
23,28,45,13,11,21,22,28,43,15,27,12,3,38,30,26,16,31,6,24,27,37,29,23,0,37,140,191,291,395,495,613,749,866,1028,1149,1341,1514,1688,1839,2037,2217,2428,2632,2829,3034,3287,3502,3715,3745
30,27,11,36,12,41,39,52,32,31,8,29,28,16,39,59,40,41,39,27,30,21,46,32,53,4,26,29,42,39,33,184,336,495,644,771,923,1071,1217,1378,1551,1695,1839,1985,1985,1980,1987,1999,1970,1981
3992,4022,3991,4007,4014,4004,3995,3996,3987,4012,4007,4016,4019,4023,3995,3997,4010,4007,3995,3986,3994,3990,3988,4025,4012,3998,4000,4033,4008,3995,3996,4023,4009,3995,3981,4020,3999,4021,4001,3961,4005,4015,4021,3995,4008,4022,4003,4034,3999,4010
32,36,38,28,32,44,35,35,41,30,33,38,41,19,29,28,33,28,37,35,39,39,38,31,34,31,25,39,33,24,37,32,21,25,29,35,38,38,37,33,44,38,35,37,31,33,21,31,44,34
7,31,24,32,8,35,9,43,21,26,27,38,23,34,44,24,31,57,110,167,247,342,438,535,645,768,878,1016,1156,1294,1466,1602,1780,1908,2102,2289,2470,2637,2819,2850,2847,2844,2826,2847,2862,2855,2832,2847,2856,2836
3591,3540,3583,3565,3545,3554,3569,3547,3532,3525,3559,3561,3558,3546,3550,3569,3574,3568,3555,3580,3573,3550,3547,3544,3543,3549,3572,3556,3552,3538,3546,3557,3561,3561,3548,3546,3563,3572,3535,3555,3559,3560,3539,3571,3532,3551,3556,3568,3555,3563
3462,3470,3456,3458,3471,3459,3462,3455,3484,3453,3437,3465,3435,3422,3497,3444,3458,3434,3450,3465,3481,3491,3449,3461,3483,3461,3460,3455,3461,3475,3443,3450,3461,3475,3483,3460,3488,3443,3448,3454,3459,3448,3464,3455,3477,3469,3468,3461,3463,3468
36,60,41,68,61,37,61,36,60,59,40,35,72,54,52,70,51,55,65,55,66,66,61,41,47,56,67,42,56,57,54,87,63,45,65,277,552,785,1018,1225,1477,1685,1966,2192,2395,2442,2434,2422,2433,2428
47,41,34,33,54,45,43,49,56,35,66,52,46,33,33,320,627,936,1187,1524,1780,2088,2340,2660,2946,3235,3222,3250,3222,3234,3244,3239,3229,3239,3237,3247,3253,3247,3242,3250,3215,3249,3228,3244,3239,3256,3255,3245,3234,3246
73,57,20,60,65,62,58,94,118,146,226,272,344,400,490,567,644,761,882,965,1066,1152,1277,1411,1526,1644,1768,1900,2031,2180,2309,2327,2311,2337,2332,2333,2307,2324,2335,2327,2303,2328,2297,2306,2317,2304,2332,2319,2309,2332
29,37,54,58,67,54,76,65,60,70,46,54,43,67,50,50,84,140,162,226,287,383,467,562,648,740,885,990,1117,1233,1350,1472,1624,1762,1899,2060,2213,2365,2517,2674,2865,3017,3209,3380,3553,3554,3557,3548,3556,3563
29,27,54,26,44,1,30,35,57,36,40,45,41,35,24,36,52,47,35,28,39,11,20,45,31,22,21,212,394,589,793,966,1126,1312,1519,1690,1856,2060,2252,2436,2605,2780,2958,3159,3338,3520,3712,3896,4066,4067
29,22,42,53,36,40,40,48,24,54,41,30,10,182,352,532,683,830,1004,1175,1342,1496,1654,1807,1983,2168,2320,2480,2653,2796,2982,3120,3301,3469,3463,3437,3470,3454,3454,3464,3476,3460,3449,3457,3448,3464,3437,3466,3447,3471
2828,2847,2862,2848,2845,2840,2865,2833,2843,2852,2853,2856,2847,2822,2882,2859,2841,2855,2864,2861,2836,2855,2822,2841,2884,2854,2864,2852,2833,2847,2853,2870,2827,2862,2846,2846,2861,2842,2854,2862,2844,2854,2858,2849,2867,2864,2861,2850,2857,2852
19,11,25,26,0,25,126,242,321,420,552,629,722,861,963,1064,1149,1252,1340,1462,1564,1570,1558,1557,1560,1550,1578,1563,1572,1571,1563,1561,1554,1559,1571,1562,1561,1564,1565,1567,1583,1585,1571,1582,1563,1557,1579,1564,1583,1566
1914,1928,1922,1914,1894,1923,1904,1895,1882,1922,1919,1923,1915,1924,1922,1940,1932,1928,1887,1904,1939,1882,1931,1914,1939,1881,1911,1904,1922,1912,1908,1941,1935,1928,1918,1909,1893,1931,1912,1920,1911,1909,1910,1916,1922,1917,1964,1928,1904,1917
2321,2308,2311,2312,2326,2345,2321,2313,2340,2276,2320,2336,2352,2329,2313,2327,2319,2326,2324,2312,2310,2334,2336,2322,2326,2321,2309,2311,2338,2311,2327,2314,2308,2317,2336,2317,2310,2330,2343,2296,2328,2317,2331,2330,2336,2313,2332,2319,2340,2332
14,52,61,64,46,40,37,42,55,66,41,42,50,47,310,541,798,1009,1242,1476,1734,1956,2194,2423,2673,2924,3165,3395,3630,3642,3651,3643,3643,3610,3622,3659,3626,3643,3649,3641,3628,3639,3636,3636,3635,3651,3645,3636,3614,3622
47,20,35,16,22,1,17,20,19,8,24,19,36,15,13,28,30,26,17,0,3,33,36,11,20,43,37,35,98,151,218,299,406,481,624,715,816,958,1085,1227,1367,1511,1644,1824,1957,2156,2280,2464,2667,2853
42,42,59,56,37,63,32,34,50,37,39,54,58,55,40,28,28,43,36,53,46,55,50,45,58,43,35,45,62,137,205,279,381,511,602,731,883,1020,1153,1307,1495,1644,1822,1994,2184,2373,2553,2782,2990,3182
4009,3963,3966,3984,3983,3976,3987,3997,4005,3981,3987,3990,4015,4003,3997,3980,3966,4006,3968,3985,3978,3979,4000,3994,3971,3985,3985,3992,3997,3993,3978,3992,3990,4008,3988,3996,3983,3997,4010,3991,3976,4009,4005,3982,4000,4008,3997,4005,4023,3982
2516,2545,2532,2524,2537,2518,2510,2548,2514,2545,2499,2533,2530,2526,2533,2528,2541,2503,2546,2522,2527,2524,2514,2553,2519,2524,2515,2534,2505,2522,2518,2513,2537,2535,2517,2505,2544,2526,2515,2507,2539,2561,2536,2540,2505,2541,2536,2516,2542,2533
15,17,6,4,18,13,18,13,6,4,14,16,14,5,12,12,7,19,10,20,13,10,12,0,11,0,8,13,8,20,11,15,10,13,9,15,18,12,19,9,19,16,10,15,15,16,0,4,9,12
34,59,45,53,49,50,53,51,70,52,62,54,69,64,42,46,61,49,60,58,69,39,27,53,50,52,50,45,57,41,58,53,55,212,362,521,665,808,983,1133,1287,1456,1601,1777,1906,2061,2218,2387,2527,2685
8,28,32,38,7,31,26,19,16,29,24,31,13,30,6,46,13,0,26,7,33,32,21,40,14,43,22,21,18,35,52,72,166,220,293,369,457,560,664,761,886,1001,1129,1269,1411,1550,1678,1836,1974,2140
34,41,19,28,55,16,43,9,37,10,13,38,33,30,12,32,26,41,28,19,33,42,47,31,41,66,131,179,266,320,380,473,551,623,722,831,906,1018,1116,1236,1342,1478,1580,1726,1831,1968,2101,2212,2371,2519
27,46,48,66,53,53,43,226,371,544,706,874,1022,1185,1369,1526,1680,1865,2034,2167,2321,2505,2511,2502,2502,2492,2505,2499,2513,2517,2508,2503,2518,2517,2536,2490,2500,2506,2519,2526,2524,2506,2517,2494,2521,2510,2512,2507,2529,2513
3529,3547,3556,3514,3534,3545,3543,3551,3572,3543,3555,3566,3536,3568,3557,3547,3564,3555,3528,3566,3565,3548,3564,3578,3554,3562,3568,3533,3538,3540,3556,3564,3565,3560,3562,3560,3522,3564,3530,3563,3562,3570,3543,3556,3549,3563,3543,3561,3543,3588
39,46,37,36,45,63,41,41,38,43,38,54,47,54,44,42,42,48,47,36,42,46,42,40,38,42,53,40,39,45,45,42,47,48,44,46,43,42,44,47,55,50,41,52,42,44,32,49,49,47
1820,1811,1788,1812,1804,1792,1807,1795,1781,1801,1782,1798,1790,1803,1808,1804,1821,1823,1813,1787,1815,1808,1815,1808,1806,1811,1772,1803,1807,1840,1808,1792,1799,1836,1794,1806,1832,1789,1813,1779,1813,1805,1816,1787,1801,1808,1813,1800,1792,1804
79,73,39,46,48,34,54,35,59,44,64,48,50,74,58,56,37,55,75,49,64,37,58,67,55,53,56,66,43,42,32,58,48,42,33,328,565,806,1099,1355,1637,1873,2116,2399,2635,2660,2659,2650,2633,2666
2673,2666,2674,2671,2664,2704,2678,2683,2656,2670,2672,2669,2669,2693,2675,2657,2685,2651,2636,2661,2657,2676,2656,2678,2696,2664,2701,2676,2672,2661,2680,2675,2659,2705,2648,2671,2670,2657,2675,2654,2681,2651,2682,2665,2646,2667,2652,2643,2665,2646
24,27,11,21,11,18,19,18,41,3,2,22,7,22,11,0,3,22,41,13,26,25,23,0,7,20,22,0,18,24,28,34,86,138,213,282,377,461,542,669,778,879,1029,1144,1268,1410,1558,1685,1850,1994
5,11,20,19,13,43,39,30,13,33,26,21,14,35,11,35,2,12,28,34,65,123,152,199,250,290,341,417,460,519,572,661,730,793,871,941,1024,1106,1192,1267,1372,1435,1528,1522,1536,1530,1549,1522,1537,1526
12,22,11,16,13,5,0,18,21,21,29,17,33,27,1,12,10,0,0,7,10,22,23,20,22,21,20,9,10,24,20,10,41,109,153,176,225,277,352,460,487,599,680,755,820,917,1004,1110,1187,1315
1701,1685,1677,1670,1688,1668,1664,1709,1676,1698,1704,1695,1697,1650,1691,1670,1692,1718,1681,1699,1657,1702,1695,1722,1692,1683,1689,1684,1715,1695,1692,1690,1682,1708,1696,1652,1687,1682,1700,1708,1683,1683,1675,1695,1692,1671,1682,1704,1698,1683
31,32,40,50,31,41,50,45,38,253,472,688,862,1095,1322,1548,1718,1964,2180,2169,2158,2159,2165,2180,2183,2190,2169,2149,2179,2182,2165,2168,2153,2180,2176,2172,2170,2154,2192,2145,2170,2186,2183,2168,2162,2174,2181,2180,2190,2167
2121,2134,2124,2128,2143,2134,2100,2109,2116,2136,2118,2104,2120,2149,2093,2097,2126,2132,2103,2121,2130,2147,2147,2124,2131,2138,2111,2111,2104,2089,2118,2121,2119,2116,2117,2128,2111,2121,2110,2122,2113,2120,2130,2120,2105,2119,2135,2085,2123,2116
36,9,3,36,25,33,8,12,16,1,4,14,21,36,8,0,41,17,25,23,25,25,43,16,39,11,25,0,39,53,96,149,211,301,407,477,579,688,798,921,1053,1176,1307,1429,1601,1727,1883,2055,2219,2215
43,49,49,44,46,38,26,58,60,88,133,177,271,337,419,521,566,668,761,861,946,1065,1192,1305,1416,1555,1671,1797,1939,2071,2213,2363,2509,2666,2803,2966,2956,2947,2946,2950,2961,2955,2941,2958,2963,2950,2956,2945,2988,2975
3248,3213,3233,3223,3246,3219,3221,3199,3207,3215,3217,3237,3214,3222,3230,3213,3205,3199,3237,3204,3218,3245,3232,3222,3228,3196,3242,3215,3216,3187,3210,3217,3227,3197,3233,3234,3232,3221,3196,3248,3256,3217,3195,3205,3200,3214,3194,3220,3212,3228
25,23,2,12,21,8,19,20,17,0,8,39,82,116,124,183,216,270,297,373,435,466,529,595,659,726,790,829,935,1010,1075,1182,1229,1329,1418,1478,1568,1644,1745,1838,1933,2011,2111,2187,2295,2298,2304,2313,2306,2308
0,10,1,0,11,17,2,12,0,21,0,37,74,131,167,249,313,368,470,549,629,744,883,984,1073,1201,1307,1451,1586,1701,1855,1957,2116,2267,2435,2572,2705,2870,3041,3226,3394,3544,3733,3915,4084,4058,4092,4088,4085,4086
73,56,52,52,45,35,34,58,34,60,65,54,59,54,39,46,61,54,42,62,70,44,51,60,56,39,80,51,35,69,38,43,40,50,65,69,116,206,259,346,422,536,640,762,868,1029,1137,1316,1434,1584
13,0,9,0,26,20,3,20,29,14,17,14,8,11,19,11,4,18,27,12,18,14,18,4,42,2,13,21,14,7,10,144,322,464,605,770,924,1068,1217,1352,1524,1662,1807,1966,2088,2237,2407,2587,2712,2858
3952,3925,3953,3947,3925,3950,3923,3920,3937,3920,3942,3925,3920,3923,3936,3928,3922,3949,3948,3933,3920,3950,3944,3915,3966,3927,3946,3953,3931,3972,3913,3913,3921,3943,3958,3900,3927,3943,3931,3927,3919,3950,3937,3925,3929,3939,3914,3924,3931,3931
21,30,28,16,18,47,18,23,46,7,42,34,34,32,35,0,43,356,684,1012,1349,1643,1964,2323,2624,2965,3276,3623,3949,3930,3952,3952,3954,3921,3933,3924,3925,3944,3939,3915,3950,3932,3943,3938,3941,3931,3929,3950,3940,3918
39,22,18,31,28,24,5,22,26,36,52,20,14,158,305,461,586,719,919,1042,1214,1300,1480,1615,1769,1778,1768,1767,1760,1767,1769,1762,1748,1776,1782,1774,1762,1777,1770,1770,1775,1772,1746,1775,1781,1798,1761,1760,1757,1771
53,33,39,35,19,28,50,23,25,46,23,25,40,35,40,30,37,46,22,37,19,369,711,1029,1361,1693,2014,2359,2704,3007,3342,3698,4011,4019,4055,4010,4016,4020,4028,4036,4011,4027,4033,4024,4020,4023,4022,4034,4032,4037
2000,2000,1993,2026,1966,2010,2009,1992,2004,2027,1988,1994,1995,1984,2007,2001,1987,1978,2002,2005,1982,1948,1972,1991,1963,1972,2002,1997,1996,1971,2015,2027,1991,1996,1975,2007,1991,1988,1985,2002,2013,1997,1977,1991,1981,1980,2018,1979,1968,2020
28,42,41,30,40,36,9,36,42,25,27,45,38,26,26,47,53,29,36,24,20,50,29,31,19,0,27,18,38,59,71,118,142,189,200,256,290,325,376,446,496,548,598,663,697,770,840,915,995,1036
28,34,33,53,22,49,39,15,22,31,32,43,24,44,26,15,34,38,28,18,31,28,26,40,22,62,79,102,97,138,181,210,236,287,308,360,407,456,518,524,581,617,695,749,801,838,881,964,1022,1061
3928,3934,3969,3939,3974,3951,3945,3943,3916,3945,3958,3935,3962,3928,3929,3926,3957,3945,3956,3935,3941,3940,3964,3914,3962,3930,3937,3947,3942,3944,3920,3920,3963,3933,3919,3930,3946,3950,3941,3938,3944,3976,3918,3927,3929,3938,3936,3948,3951,3949
46,55,47,49,41,48,57,40,56,62,56,51,29,56,57,32,59,49,35,38,42,54,59,57,31,83,380,685,1022,1347,1696,2029,2335,2679,3019,3332,3351,3334,3331,3322,3345,3330,3333,3326,3321,3329,3345,3352,3326,3339
2185,2180,2216,2181,2175,2175,2187,2181,2189,2204,2190,2223,2177,2176,2207,2194,2176,2193,2168,2203,2204,2202,2222,2180,2212,2165,2183,2186,2168,2178,2194,2197,2204,2156,2187,2201,2166,2188,2199,2185,2210,2199,2191,2175,2158,2172,2156,2162,2194,2181
2387,2391,2372,2406,2400,2396,2379,2387,2396,2412,2408,2395,2389,2398,2422,2397,2381,2390,2394,2399,2383,2412,2376,2397,2376,2409,2401,2391,2390,2373,2398,2375,2421,2364,2397,2370,2394,2383,2398,2380,2405,2402,2412,2388,2395,2377,2390,2409,2377,2390
36,38,28,30,24,27,32,26,32,28,31,35,34,33,38,19,30,35,18,41,29,26,35,26,39,31,39,38,31,26,41,21,28,36,22,23,29,32,19,37,30,35,26,28,32,31,35,35,24,32
45,44,30,19,34,40,29,52,40,36,21,53,51,31,35,43,34,48,55,24,44,31,41,40,46,15,41,53,66,115,198,251,288,380,430,509,597,691,771,863,981,1056,1185,1276,1407,1527,1618,1745,1850,2016
2760,2744,2750,2744,2747,2765,2724,2748,2768,2740,2753,2761,2749,2749,2760,2772,2767,2730,2751,2750,2724,2753,2743,2756,2706,2739,2752,2746,2735,2768,2752,2770,2748,2734,2754,2766,2749,2751,2753,2748,2737,2738,2748,2770,2768,2776,2767,2735,2743,2740
60,8,21,38,37,21,35,29,3,46,29,49,32,26,21,25,35,39,42,39,36,32,29,32,24,20,42,257,492,749,1001,1215,1440,1677,1910,2170,2402,2622,2863,3103,3121,3116,3105,3092,3128,3096,3105,3091,3100,3097
48,42,48,57,52,34,66,48,28,52,34,51,71,60,46,256,466,622,832,1028,1234,1426,1608,1827,2025,2206,2390,2614,2803,3013,3188,3368,3574,3775,3963,3940,3965,3951,3982,3947,3967,3967,3969,3967,3945,3936,3966,3965,3933,3956
3760,3750,3799,3765,3783,3773,3770,3795,3792,3783,3755,3783,3761,3768,3780,3764,3765,3773,3757,3788,3770,3771,3779,3799,3785,3773,3756,3771,3748,3767,3783,3771,3777,3790,3781,3761,3765,3766,3765,3763,3783,3772,3793,3745,3776,3791,3765,3775,3780,3788
43,75,70,44,59,60,42,56,69,52,59,56,64,45,60,82,50,53,63,66,114,123,169,224,256,315,377,445,485,570,621,706,787,868,964,1048,1151,1217,1339,1433,1534,1617,1725,1829,1930,2029,2159,2257,2392,2500
3516,3486,3496,3516,3507,3489,3498,3499,3481,3471,3485,3502,3475,3504,3475,3481,3498,3503,3503,3498,3499,3480,3481,3519,3482,3451,3506,3501,3490,3499,3489,3479,3471,3497,3515,3474,3515,3499,3472,3514,3479,3500,3461,3483,3480,3498,3502,3481,3498,3485
36,46,17,14,5,39,29,49,17,30,16,23,20,43,31,35,13,25,40,39,152,260,399,525,640,781,909,1012,1162,1272,1416,1518,1543,1523,1521,1523,1529,1523,1542,1530,1546,1559,1527,1519,1515,1530,1554,1543,1523,1503
19,19,1,19,1,0,29,0,3,33,10,8,0,17,6,22,13,0,20,17,15,7,10,14,28,20,10,5,12,4,17,28,0,282,561,841,1110,1355,1639,1911,2168,2453,2732,3006,3245,3536,3817,3799,3818,3815
28,31,39,39,27,26,22,18,51,37,336,630,940,1240,1538,1867,2180,2463,2766,3082,3082,3076,3077,3068,3067,3060,3082,3074,3090,3052,3069,3077,3060,3069,3083,3057,3058,3078,3057,3066,3095,3066,3071,3074,3070,3069,3081,3053,3075,3088
4072,4090,4080,4070,4088,4085,4095,4085,4095,4091,4055,4077,4095,4066,4095,4095,4078,4093,4095,4084,4089,4088,4064,4086,4073,4069,4069,4078,4078,4095,4067,4092,4095,4072,4073,4095,4084,4090,4095,4090,4076,4095,4075,4091,4095,4095,4082,4095,4050,4087
0,32,0,0,1,8,24,7,33,20,25,20,2,28,0,0,0,0,0,0,4,15,5,29,41,24,0,21,5,10,12,22,10,122,244,328,414,536,617,731,844,938,1042,1134,1225,1342,1443,1546,1654,1758
3918,3910,3906,3921,3876,3911,3913,3881,3902,3901,3912,3874,3886,3914,3880,3914,3855,3893,3903,3926,3908,3915,3905,3897,3905,3900,3897,3892,3893,3925,3909,3906,3927,3872,3900,3899,3893,3945,3914,3876,3917,3884,3901,3886,3895,3888,3908,3921,3908,3901
53,49,47,39,23,37,17,42,36,22,39,23,43,37,36,44,50,37,58,32,41,31,44,54,101,102,125,184,225,267,305,382,430,504,538,605,644,743,817,866,968,1014,1117,1198,1289,1366,1461,1540,1646,1728
29,37,36,8,37,18,49,54,95,116,156,202,252,276,340,368,439,460,556,602,687,721,807,883,950,1027,1090,1187,1252,1328,1403,1511,1588,1658,1761,1878,1951,1955,1971,1966,1947,1957,1943,1953,1959,1956,1945,1941,1947,1957
25,4,44,18,8,5,17,28,25,29,14,19,21,14,41,61,69,84,150,184,260,288,331,379,442,504,558,621,684,793,830,923,976,1043,1172,1223,1317,1383,1479,1558,1654,1758,1847,1937,2041,2149,2245,2236,2253,2228
34,30,27,32,22,17,37,34,29,34,25,30,37,28,35,31,30,37,28,36,20,37,40,43,28,23,47,28,33,31,37,40,38,35,29,29,28,36,26,38,30,35,35,31,32,18,25,34,33,29
15,29,47,7,9,30,9,25,27,23,4,31,5,25,13,16,23,13,11,32,60,110,214,297,390,533,642,784,939,1089,1245,1422,1592,1777,1994,2190,2401,2592,2820,3028,3284,3523,3514,3536,3520,3541,3504,3500,3492,3519
2546,2542,2569,2558,2553,2547,2544,2548,2524,2568,2579,2536,2553,2525,2538,2553,2570,2566,2566,2570,2543,2538,2552,2546,2567,2555,2557,2549,2548,2537,2560,2534,2560,2525,2551,2544,2558,2540,2522,2530,2542,2542,2528,2521,2532,2525,2594,2544,2541,2535
25,47,46,51,38,42,30,44,45,44,24,28,35,46,75,130,162,211,257,290,371,446,531,590,643,757,831,909,999,1104,1182,1283,1381,1480,1611,1677,1814,1916,2012,2122,2233,2357,2532,2629,2747,2892,3007,3017,3019,3020
35,32,31,37,44,38,27,23,40,38,46,42,18,13,29,61,7,43,24,22,24,69,43,24,33,42,26,39,16,24,49,32,24,66,105,185,250,347,448,545,673,788,930,1064,1219,1353,1523,1673,1833,2025
3,50,42,31,16,29,45,20,12,13,36,24,19,19,33,12,45,20,20,29,13,11,32,41,120,204,288,389,504,615,727,856,1024,1167,1358,1518,1700,1852,2061,2257,2443,2650,2880,3072,3279,3296,3293,3286,3316,3284
5,29,6,28,6,22,22,23,2,17,23,11,16,24,25,40,22,7,21,3,32,72,121,184,216,284,327,409,503,578,690,746,858,973,1041,1161,1287,1407,1507,1618,1745,1851,1996,2133,2252,2410,2543,2688,2811,2955
16,43,46,37,42,55,42,55,50,34,15,70,36,47,62,45,52,21,34,37,51,67,33,50,231,341,469,633,737,925,1038,1203,1326,1486,1649,1769,1932,2063,2192,2347,2501,2651,2783,2935,3070,3234,3216,3223,3215,3227
20,45,24,53,39,36,31,19,44,19,59,49,15,36,43,41,49,61,27,353,673,1021,1314,1646,1955,2258,2630,2930,3242,3240,3240,3253,3265,3264,3259,3240,3256,3275,3256,3252,3275,3260,3242,3255,3250,3258,3275,3259,3234,3261
33,53,27,51,49,46,60,43,32,51,33,37,26,0,37,39,34,62,31,51,27,21,15,25,10,45,28,156,302,440,565,712,789,954,1083,1229,1361,1494,1623,1739,1863,1998,2152,2268,2394,2530,2534,2555,2518,2541
28,31,41,34,52,48,15,35,13,29,27,31,20,35,39,38,34,42,28,26,45,29,30,44,35,61,52,46,58,64,120,164,212,256,312,376,402,481,554,617,716,756,851,951,1047,1124,1210,1325,1399,1522
20,14,0,12,28,1,10,15,17,0,7,14,0,9,34,9,6,21,48,12,34,20,2,11,13,17,13,43,0,5,11,6,0,84,177,240,319,408,485,558,653,715,794,874,932,1003,1097,1197,1242,1327
52,44,48,63,52,33,53,33,39,53,8,14,26,35,43,41,51,43,35,35,40,37,40,47,64,36,26,64,43,57,76,148,176,238,318,386,448,541,636,727,827,923,1036,1148,1229,1349,1463,1588,1717,1849
2396,2416,2408,2416,2407,2429,2426,2429,2431,2402,2432,2419,2442,2430,2425,2423,2429,2435,2393,2438,2401,2420,2425,2412,2438,2414,2428,2440,2437,2416,2404,2423,2421,2391,2413,2417,2409,2422,2424,2424,2399,2438,2420,2431,2431,2425,2401,2411,2406,2424
52,42,53,34,32,47,49,57,47,69,42,63,26,55,54,52,58,43,26,44,33,59,55,71,112,126,145,183,196,254,298,340,395,462,477,544,570,615,678,730,803,881,923,999,1054,1084,1197,1239,1321,1388
56,20,29,11,39,24,35,36,23,32,20,18,0,28,30,23,24,35,36,84,116,131,181,213,273,336,385,449,527,600,649,730,812,904,971,1044,1152,1245,1321,1416,1526,1522,1514,1510,1511,1503,1513,1493,1497,1520
2549,2526,2522,2557,2526,2530,2512,2531,2542,2528,2514,2525,2535,2536,2517,2524,2535,2530,2561,2526,2544,2547,2539,2567,2547,2535,2530,2533,2533,2519,2537,2545,2501,2538,2535,2562,2562,2519,2525,2523,2535,2530,2536,2505,2547,2530,2513,2539,2528,2539
2484,2478,2470,2500,2507,2507,2502,2489,2474,2473,2481,2467,2472,2498,2471,2489,2497,2488,2477,2516,2487,2468,2511,2482,2483,2499,2489,2497,2481,2462,2494,2478,2507,2493,2479,2498,2492,2507,2467,2492,2496,2482,2475,2509,2475,2461,2478,2480,2487,2480
31,36,28,32,52,37,78,32,41,34,48,50,13,58,66,56,30,46,53,50,28,56,49,37,35,54,46,50,45,19,63,105,147,216,265,351,414,497,606,686,779,860,952,1073,1231,1329,1430,1559,1686,1815
25,29,6,11,23,3,34,31,2,25,38,17,22,0,34,12,1,32,35,73,139,191,223,296,362,429,492,566,668,737,824,915,995,1084,1188,1282,1373,1500,1609,1704,1811,1934,2065,2164,2300,2423,2544,2674,2803,2920
50,48,55,72,48,49,73,277,476,684,896,1066,1296,1486,1714,1893,2095,2286,2535,2729,2725,2717,2728,2723,2718,2717,2721,2713,2717,2728,2730,2732,2720,2705,2729,2701,2722,2708,2740,2737,2734,2715,2713,2751,2715,2691,2726,2714,2711,2718
17,24,26,23,19,23,29,25,22,14,27,34,9,14,23,3,25,28,0,192,318,444,596,746,886,1045,1163,1323,1487,1606,1766,1914,2022,2207,2344,2342,2342,2332,2330,2334,2362,2327,2334,2335,2324,2319,2345,2323,2351,2348
41,68,69,41,67,28,55,32,25,71,26,65,48,35,38,43,39,57,86,48,24,41,62,73,39,39,21,52,47,296,509,728,951,1212,1418,1661,1890,2116,2321,2551,2798,3029,3240,3483,3700,3924,3935,3930,3935,3925
62,51,57,54,57,56,67,47,55,60,49,61,60,52,54,55,64,53,49,52,60,59,59,43,66,59,56,64,53,60,54,61,52,60,54,60,64,54,52,63,57,56,56,55,56,59,55,58,63,49
39,45,31,44,37,37,46,40,43,42,50,49,37,39,48,62,37,51,41,40,38,37,39,48,37,38,36,47,53,47,46,43,33,43,48,41,36,51,36,40,36,45,39,40,35,37,42,34,44,36
18,36,26,7,0,14,21,5,18,0,17,18,33,0,9,2,12,20,20,25,23,12,29,35,22,18,0,10,23,21,19,41,37,14,21,22,46,99,101,160,178,217,284,320,372,434,491,558,613,663
15,0,28,27,21,16,24,0,18,6,37,11,18,23,270,532,842,1083,1367,1610,1892,2167,2430,2702,2945,3241,3207,3234,3234,3238,3222,3239,3234,3259,3257,3244,3229,3219,3218,3235,3224,3236,3254,3260,3241,3234,3220,3239,3231,3249
2408,2410,2396,2385,2361,2412,2424,2357,2404,2401,2380,2383,2386,2362,2391,2410,2356,2417,2392,2400,2369,2382,2417,2410,2390,2393,2368,2387,2394,2418,2361,2399,2383,2401,2449,2401,2361,2405,2396,2407,2400,2398,2426,2371,2388,2415,2378,2423,2379,2389
18,21,26,24,24,13,23,14,12,19,14,24,24,8,15,11,17,22,18,16,27,6,27,16,19,16,29,12,20,23,10,14,19,14,15,17,23,17,26,14,12,31,16,12,9,26,17,18,19,26
3607,3600,3618,3607,3628,3653,3636,3623,3589,3635,3618,3612,3629,3630,3611,3629,3667,3624,3624,3623,3629,3624,3634,3621,3605,3611,3607,3615,3620,3628,3608,3582,3603,3625,3626,3603,3624,3640,3589,3638,3639,3635,3616,3605,3612,3600,3616,3632,3619,3628
50,49,33,48,38,34,35,26,47,33,51,50,24,35,51,54,46,40,48,20,30,190,368,488,644,815,963,1102,1283,1428,1562,1710,1861,2025,2157,2323,2477,2629,2790,2945,3096,3108,3089,3094,3078,3093,3074,3095,3085,3074
31,29,30,33,5,25,7,21,41,28,35,32,20,40,27,37,25,10,39,23,37,24,31,12,9,14,23,12,21,32,22,11,30,17,24,35,80,130,217,306,453,565,713,856,1029,1191,1365,1537,1780,1956
3272,3259,3284,3264,3259,3269,3292,3264,3237,3257,3290,3270,3289,3289,3264,3302,3290,3249,3273,3260,3286,3284,3307,3270,3260,3290,3305,3272,3315,3245,3252,3277,3268,3306,3297,3283,3286,3267,3296,3277,3272,3301,3257,3274,3279,3285,3242,3264,3250,3257
2058,2044,2037,2015,2050,2066,2021,2059,2024,2045,2024,2050,2024,2030,2033,2037,2041,2017,2047,2028,2025,2041,2038,2051,2066,2042,2035,2045,2048,2048,2042,2037,2038,2058,2012,2031,2026,2077,2043,2039,2049,2054,2044,2045,2017,2031,2057,2032,2058,2067
20,28,32,59,32,42,39,34,56,44,42,42,37,52,28,53,62,41,37,26,69,58,50,106,132,151,206,253,331,372,455,517,585,652,738,819,890,993,1076,1180,1269,1373,1480,1567,1685,1787,1927,1910,1928,1922
40,21,26,54,38,10,37,34,32,32,35,55,54,39,28,35,29,31,34,35,45,31,24,41,41,28,7,37,22,46,37,170,329,481,621,749,931,1047,1215,1337,1491,1652,1791,1951,2081,2227,2361,2497,2682,2798
47,41,38,69,50,34,47,199,377,518,656,807,967,1112,1271,1431,1568,1731,1899,2015,2191,2340,2509,2491,2497,2482,2494,2486,2522,2491,2502,2506,2482,2490,2500,2507,2510,2516,2503,2462,2507,2499,2504,2482,2503,2486,2497,2480,2485,2487
2574,2565,2612,2573,2586,2585,2574,2577,2549,2588,2600,2585,2594,2564,2593,2604,2570,2589,2559,2596,2588,2578,2611,2572,2592,2578,2582,2577,2604,2603,2604,2574,2606,2600,2587,2583,2587,2606,2577,2569,2567,2575,2588,2585,2576,2614,2593,2574,2608,2610
23,23,27,12,0,5,26,6,40,22,21,12,24,3,27,4,0,30,33,19,44,107,175,262,351,454,558,712,839,960,1110,1269,1418,1620,1776,1937,2129,2309,2515,2756,2939,3140,3347,3566,3547,3565,3568,3562,3554,3564
1632,1643,1645,1639,1651,1639,1632,1657,1630,1654,1655,1659,1672,1667,1636,1673,1639,1649,1659,1648,1638,1661,1638,1661,1663,1644,1659,1629,1638,1644,1661,1632,1658,1660,1635,1643,1649,1638,1660,1648,1626,1637,1649,1659,1673,1639,1617,1631,1651,1630
0,10,0,20,1,5,16,12,18,9,39,14,22,10,37,7,31,23,13,0,0,30,1,9,16,192,365,515,706,890,1074,1274,1419,1602,1762,1959,2134,2292,2473,2660,2826,3009,3171,3353,3520,3532,3542,3531,3534,3540
0,17,3,19,11,38,12,21,13,7,19,0,29,23,210,443,630,838,1064,1270,1464,1670,1898,2090,2302,2514,2717,2908,3125,3324,3525,3748,3731,3733,3765,3745,3747,3737,3755,3738,3739,3730,3725,3720,3711,3718,3746,3720,3740,3725
28,1,20,18,28,2,3,12,25,31,19,27,45,5,18,24,8,16,27,17,27,155,272,369,500,636,762,870,985,1122,1216,1334,1474,1583,1701,1847,1947,2074,2213,2316,2443,2544,2656,2698,2665,2667,2692,2673,2667,2646
65,68,50,42,68,37,54,81,82,54,57,68,58,50,43,44,46,76,55,78,53,80,59,52,70,59,47,43,36,69,77,98,135,147,166,233,255,277,324,379,439,477,524,562,617,661,735,784,845,897
52,59,63,67,53,53,51,54,55,48,38,62,219,361,527,644,822,982,1125,1293,1441,1575,1747,1908,2072,2223,2399,2508,2667,2844,2991,3156,3150,3143,3127,3131,3143,3145,3133,3175,3158,3132,3124,3131,3151,3130,3121,3144,3137,3137
53,76,68,49,59,55,79,129,155,225,284,352,403,504,580,676,768,878,969,1081,1178,1305,1414,1553,1654,1791,1918,2049,2198,2338,2478,2630,2776,2925,3078,3227,3412,3388,3408,3421,3421,3392,3399,3387,3412,3398,3397,3437,3382,3418
34,25,24,31,35,10,41,32,49,81,120,160,217,288,340,453,508,586,667,785,854,965,1071,1173,1272,1421,1494,1618,1743,1872,1993,2144,2245,2388,2537,2663,2833,2962,3102,3262,3411,3419,3420,3416,3413,3412,3429,3398,3433,3412
48,49,51,48,55,35,52,34,44,52,51,42,47,44,53,47,44,50,51,46,51,57,35,55,56,50,46,38,48,45,39,44,47,49,41,33,46,42,45,35,46,50,45,48,46,36,48,43,40,52
21,10,47,29,21,30,8,23,29,23,27,31,28,34,34,20,52,55,70,104,139,197,255,360,458,530,644,730,842,975,1096,1218,1330,1459,1616,1768,1892,2030,2195,2205,2213,2194,2212,2187,2208,2206,2184,2210,2198,2217
52,38,49,47,72,63,37,66,45,71,52,39,27,48,43,49,65,55,64,65,52,52,79,114,171,209,253,322,407,466,568,643,768,837,968,1069,1159,1302,1416,1529,1639,1772,1913,2023,2200,2176,2169,2186,2189,2186
64,37,64,43,67,40,29,67,36,37,71,30,68,30,58,50,47,56,79,46,37,44,54,51,60,43,46,40,53,71,49,61,30,47,78,92,122,175,189,269,278,350,408,462,524,593,676,723,830,907
3945,3960,3935,3969,3936,3914,3937,3940,3936,3925,3929,3916,3947,3932,3920,3948,3940,3961,3920,3956,3946,3919,3943,3936,3925,3984,3951,3943,3914,3949,3923,3954,3943,3950,3939,3926,3943,3949,3956,3938,3941,3927,3945,3946,3954,3942,3946,3952,3926,3945
1497,1541,1499,1535,1550,1532,1541,1532,1510,1543,1499,1542,1553,1550,1527,1526,1534,1537,1540,1498,1502,1533,1511,1532,1502,1521,1529,1535,1520,1518,1525,1537,1531,1565,1523,1578,1519,1538,1552,1510,1523,1517,1554,1535,1511,1519,1507,1538,1522,1537
2,21,9,8,12,1,16,0,11,30,26,30,9,14,18,0,27,64,121,174,245,304,424,483,570,671,789,886,1024,1115,1238,1365,1493,1639,1760,1908,2071,2198,2368,2527,2685,2825,2977,3150,3327,3504,3689,3841,3864,3844
40,68,15,50,33,54,32,41,26,56,32,71,31,21,51,62,42,48,76,54,40,68,100,93,142,175,170,196,266,306,351,398,459,490,552,637,674,749,802,877,939,993,1064,1108,1197,1295,1354,1427,1522,1595
54,62,41,46,10,31,45,35,51,41,84,111,150,210,232,307,366,431,517,570,652,705,813,870,964,1058,1147,1223,1345,1437,1523,1622,1730,1858,1952,2070,2182,2298,2418,2537,2655,2656,2649,2644,2693,2653,2660,2641,2652,2667
0,26,0,21,13,26,22,27,0,21,0,18,10,23,60,97,142,176,258,302,361,433,489,571,646,730,798,925,982,1110,1194,1297,1385,1490,1600,1714,1821,1922,2074,2206,2312,2307,2301,2306,2314,2301,2292,2332,2303,2295
23,8,14,10,17,20,22,20,9,16,24,16,11,19,12,11,18,22,11,25,25,30,17,26,17,22,10,16,28,22,19,19,18,20,11,19,8,3,19,21,11,25,17,22,20,17,21,11,34,15
20,42,11,35,31,29,4,16,23,9,15,11,21,23,21,47,25,25,23,49,86,163,219,302,404,506,630,713,850,998,1113,1249,1386,1548,1704,1868,2038,2197,2375,2549,2737,2920,3120,3109,3140,3137,3135,3127,3094,3127
1721,1686,1715,1722,1712,1703,1724,1728,1757,1740,1730,1743,1758,1718,1708,1719,1717,1728,1749,1725,1711,1716,1716,1743,1724,1693,1728,1746,1724,1728,1719,1695,1707,1720,1736,1715,1705,1711,1747,1687,1727,1694,1731,1716,1732,1746,1745,1717,1711,1699
32,0,0,8,1,31,14,13,5,0,17,2,26,10,24,5,9,4,6,11,29,31,22,14,8,17,38,24,17,47,123,147,214,274,370,436,548,614,676,791,893,1000,1121,1214,1324,1441,1562,1705,1831,1945
52,64,57,63,57,55,48,49,59,51,51,61,62,49,55,53,66,60,60,63,49,55,46,58,56,50,51,59,63,56,65,55,54,62,58,57,61,65,59,59,64,56,58,56,60,44,62,59,57,56
15,16,13,20,10,16,6,13,26,1,14,1,16,9,4,16,17,5,18,3,16,19,7,14,9,22,4,10,4,15,19,8,15,15,17,0,12,13,17,11,15,12,13,15,17,13,5,6,0,12
42,47,62,88,60,41,67,65,71,52,47,61,41,48,62,64,44,69,50,59,47,54,46,67,40,69,42,46,51,46,60,38,253,449,631,809,1012,1213,1385,1586,1759,1961,2179,2360,2345,2328,2330,2335,2336,2312
3584,3606,3580,3588,3584,3594,3604,3593,3605,3606,3604,3593,3599,3609,3588,3594,3579,3597,3600,3592,3577,3600,3578,3586,3596,3606,3615,3595,3582,3586,3586,3586,3585,3616,3602,3610,3597,3575,3583,3591,3614,3614,3615,3597,3593,3598,3564,3621,3604,3607
46,40,75,44,39,38,45,52,38,54,53,48,18,43,59,38,47,43,40,56,53,54,37,68,122,189,257,334,448,546,672,792,918,1024,1170,1326,1469,1640,1758,1960,2105,2308,2488,2649,2845,3064,3231,3420,3633,3840
32,20,18,38,35,36,33,29,19,53,27,17,145,281,409,530,654,794,897,1029,1184,1304,1447,1564,1700,1816,1949,2049,2183,2306,2442,2597,2587,2582,2581,2577,2599,2593,2569,2582,2578,2565,2564,2565,2570,2567,2595,2598,2564,2576
29,43,40,44,52,36,37,21,34,44,65,51,85,92,125,186,230,235,293,365,396,437,495,560,607,662,727,789,870,916,1002,1053,1128,1213,1258,1357,1425,1499,1583,1695,1764,1822,1911,2006,2009,2024,2004,2017,2005,1993
65,67,53,77,52,49,51,71,53,47,63,64,52,80,74,74,98,127,161,186,226,291,327,404,451,522,571,661,726,805,887,937,1016,1112,1187,1274,1371,1457,1581,1642,1655,1668,1647,1644,1647,1646,1645,1640,1621,1653
58,37,45,41,53,38,40,56,38,35,77,44,36,42,46,21,43,44,53,24,51,59,43,27,63,56,42,56,46,51,54,85,107,186,239,272,359,450,519,594,663,760,869,944,1070,1164,1278,1391,1514,1586
31,35,23,0,15,35,49,21,57,41,46,18,35,27,8,12,25,169,329,468,640,792,938,1094,1252,1387,1555,1694,1849,2019,2143,2297,2464,2614,2759,2754,2761,2744,2735,2762,2762,2759,2731,2744,2760,2744,2762,2751,2756,2724
32,19,29,31,0,36,23,17,24,42,19,31,104,210,318,400,481,605,681,806,867,983,1065,1140,1256,1337,1445,1546,1635,1717,1827,1832,1832,1818,1829,1841,1830,1821,1813,1807,1821,1829,1829,1814,1816,1813,1821,1828,1846,1814
23,30,14,20,22,12,12,35,28,36,247,487,721,961,1188,1426,1667,1895,2129,2373,2604,2608,2619,2615,2609,2579,2589,2621,2617,2600,2606,2595,2608,2605,2602,2623,2623,2613,2609,2636,2612,2630,2625,2599,2605,2604,2620,2606,2617,2621
2607,2604,2610,2588,2580,2583,2572,2581,2611,2576,2606,2584,2620,2584,2600,2618,2563,2598,2615,2592,2619,2591,2592,2583,2559,2633,2630,2601,2584,2580,2618,2592,2575,2612,2606,2601,2584,2587,2586,2603,2571,2572,2605,2559,2590,2590,2592,2584,2620,2591
55,59,57,58,31,22,40,42,41,52,38,42,48,59,53,36,32,50,64,61,46,53,37,53,148,235,344,427,515,609,734,846,912,1012,1097,1196,1315,1398,1500,1588,1691,1810,1881,1996,2104,2069,2086,2095,2085,2075
23,27,23,29,10,20,20,19,23,22,25,13,34,18,22,19,21,17,22,24,6,19,18,34,26,30,24,21,23,27,31,22,17,26,15,23,25,20,15,18,19,14,18,12,24,23,22,18,19,16
2696,2700,2694,2701,2680,2687,2722,2721,2700,2682,2723,2718,2697,2715,2701,2689,2706,2695,2721,2726,2706,2700,2728,2719,2726,2692,2681,2708,2681,2699,2735,2682,2713,2712,2699,2704,2707,2746,2690,2712,2696,2710,2712,2730,2734,2712,2728,2740,2716,2696
24,36,46,36,18,42,52,20,15,31,45,47,48,29,40,28,29,46,31,43,45,28,41,30,43,30,39,44,44,62,21,33,58,62,99,145,182,216,277,319,385,421,496,557,598,692,746,850,884,978
23,0,16,14,32,17,23,17,35,16,19,5,18,22,6,11,8,0,24,11,34,0,43,14,9,16,14,12,0,25,21,19,15,1,6,37,81,126,208,252,318,421,508,609,703,817,918,1033,1160,1285
2448,2420,2454,2415,2385,2407,2425,2425,2426,2435,2429,2413,2415,2410,2436,2422,2418,2398,2432,2400,2410,2414,2397,2403,2415,2402,2437,2432,2414,2412,2404,2415,2424,2406,2433,2411,2431,2417,2414,2414,2413,2401,2448,2439,2412,2388,2412,2430,2426,2445
46,54,57,53,46,48,49,49,56,46,55,61,52,56,66,52,48,60,51,59,47,49,57,55,57,65,67,59,61,49,62,54,53,52,46,63,58,55,46,62,50,46,55,60,52,56,54,59,50,58
62,60,64,72,52,60,67,54,49,61,44,46,46,43,58,47,65,35,49,61,64,56,51,49,53,49,45,67,55,62,273,500,735,927,1164,1365,1569,1811,2028,2249,2445,2679,2878,3133,3331,3554,3785,3757,3755,3772
37,54,62,39,54,49,51,40,30,43,41,52,20,59,21,66,49,48,32,42,44,31,33,51,51,47,29,46,45,54,54,247,429,616,816,999,1179,1366,1564,1756,1939,2133,2293,2518,2695,2890,3105,3290,3481,3679
2015,1991,2012,2012,1996,1974,2000,2010,2034,2005,2024,2012,2000,2006,2003,2010,1994,2030,2020,2009,1999,2022,2027,2001,1991,1986,2009,1994,2007,1993,1982,2006,2004,1978,2006,2008,2030,1973,1993,1991,2026,1988,2006,2014,1996,1994,2014,1996,2021,2027
19,31,28,33,33,22,24,26,38,14,17,28,29,25,17,41,27,23,13,23,27,23,21,21,25,31,21,16,15,24,21,20,30,29,28,30,22,28,22,27,34,27,23,24,30,31,27,18,25,16
47,48,41,36,56,49,49,34,26,59,62,52,47,60,46,38,63,39,47,52,47,31,40,47,42,36,28,48,41,57,107,132,154,175,185,278,293,349,383,427,481,536,626,656,721,796,840,905,1004,1055
63,43,68,71,44,54,51,70,84,51,27,77,57,54,64,54,47,60,48,52,71,43,32,51,59,52,68,50,56,67,34,63,332,606,874,1161,1451,1722,1975,2257,2531,2799,3093,3372,3352,3360,3352,3359,3367,3363
58,46,50,55,48,40,42,45,39,46,45,48,34,51,35,58,49,65,69,57,37,63,42,70,71,36,47,63,33,28,68,57,69,49,47,54,220,350,516,661,812,959,1155,1302,1442,1625,1767,1906,1908,1886
2954,2969,2972,2948,2973,2985,2982,2970,2953,2970,2964,2996,2962,2980,2968,2965,2964,2967,2956,2963,2985,2955,2953,2969,2991,2967,2967,2954,2939,2989,2988,2965,2955,2969,2987,2950,2957,2972,2990,2939,2973,2949,2964,2990,2952,2961,2978,2972,3002,2970
49,65,59,51,57,77,67,48,49,73,43,52,61,78,43,67,72,83,54,54,205,318,446,567,691,804,943,1058,1198,1309,1462,1559,1570,1580,1552,1565,1579,1571,1562,1601,1572,1584,1571,1554,1599,1561,1570,1577,1567,1548
13,36,57,34,48,17,33,26,0,47,16,35,37,31,34,19,21,27,33,19,26,20,27,20,34,27,27,38,16,28,27,41,21,0,29,151,304,451,590,754,893,1036,1150,1298,1444,1605,1755,1876,2033,2167
1979,1982,1978,1975,1972,1960,1983,1957,1968,1990,1995,2003,1987,1958,1998,1982,1998,1970,1942,1963,1977,1950,1997,1987,1966,1985,1984,1974,1973,1975,1991,1968,1981,1997,1974,1970,1974,1981,1961,1994,1997,2001,2000,1959,1994,1979,1999,1981,1994,1979
23,36,25,34,70,33,32,32,29,34,15,33,22,30,35,52,16,43,22,19,26,27,37,16,33,17,22,8,21,57,59,110,194,280,364,462,567,703,823,975,1108,1257,1432,1556,1732,1925,2104,2292,2473,2650
67,41,66,57,49,63,52,49,40,65,50,59,60,59,29,52,59,67,68,38,47,51,64,55,61,65,30,54,40,226,403,566,757,936,1105,1270,1438,1586,1810,1960,2147,2294,2500,2659,2838,2844,2822,2851,2826,2835
51,56,65,54,60,44,58,73,53,62,55,54,54,60,67,62,81,59,58,77,69,51,52,37,82,57,71,100,141,181,263,296,363,431,506,574,679,729,840,935,1008,1138,1210,1308,1439,1546,1673,1781,1877,2014
11,26,40,20,28,18,32,0,20,37,20,25,24,34,10,39,27,17,28,25,29,9,3,23,17,42,17,33,25,33,20,12,17,185,309,464,589,753,939,1062,1212,1359,1496,1658,1794,1960,2081,2260,2408,2553
2815,2811,2761,2799,2789,2804,2787,2800,2789,2811,2778,2770,2787,2782,2807,2786,2779,2789,2809,2790,2815,2801,2805,2817,2783,2791,2782,2774,2776,2788,2788,2816,2790,2815,2781,2795,2809,2806,2800,2805,2793,2778,2819,2804,2796,2791,2773,2801,2806,2802
23,47,27,0,30,18,0,35,22,13,31,9,22,12,10,34,11,24,19,32,19,30,63,101,95,158,211,278,290,356,442,471,552,583,664,731,797,910,973,1025,1135,1202,1316,1401,1474,1570,1668,1772,1755,1756
62,39,39,44,54,42,57,46,46,51,130,224,334,426,504,643,725,813,899,1009,1072,1204,1290,1387,1490,1576,1675,1778,1839,1864,1852,1850,1869,1865,1853,1855,1850,1876,1892,1878,1873,1841,1860,1862,1886,1876,1861,1859,1859,1856
46,32,57,35,54,48,49,43,43,43,53,37,68,48,220,419,643,827,1018,1248,1458,1641,1849,2047,2248,2467,2649,2861,2873,2845,2863,2879,2849,2877,2864,2843,2868,2853,2848,2855,2854,2871,2857,2876,2863,2845,2859,2858,2831,2854
46,48,36,46,52,51,48,54,50,48,48,47,55,44,41,41,40,44,52,45,44,44,43,35,51,39,50,52,44,61,48,46,47,43,46,32,53,41,36,52,46,49,53,51,45,41,47,40,46,48
3029,3014,3051,3023,3020,3031,3022,3044,3036,3023,3036,3029,3017,3022,3014,3013,3028,3016,3040,3031,3031,3041,3031,3023,3034,3016,3017,3032,3036,3009,3028,3031,3036,3050,3078,3039,3034,3026,3022,3001,3026,2994,3013,3027,3024,3035,3031,3070,3003,3000
3835,3857,3832,3844,3851,3856,3837,3810,3860,3854,3838,3828,3872,3864,3844,3842,3824,3832,3840,3847,3844,3837,3820,3835,3856,3875,3856,3849,3817,3824,3831,3850,3847,3839,3833,3841,3830,3853,3826,3839,3819,3857,3848,3813,3845,3843,3855,3843,3861,3816
35,22,34,12,35,30,24,19,40,339,663,979,1281,1617,1917,2219,2544,2853,3164,3472,3775,3798,3807,3823,3806,3841,3818,3800,3800,3801,3799,3792,3775,3824,3789,3810,3792,3807,3799,3782,3799,3824,3804,3828,3797,3813,3804,3829,3808,3794
29,49,45,34,45,51,34,28,34,117,139,211,269,337,398,489,593,660,771,889,976,1100,1198,1332,1459,1603,1696,1834,1984,2122,2260,2423,2546,2553,2566,2563,2556,2590,2568,2556,2571,2562,2572,2573,2551,2556,2587,2540,2583,2560
55,45,72,43,72,61,50,56,52,58,54,81,59,57,51,55,60,74,60,72,64,54,64,61,70,58,36,51,50,57,58,68,62,42,63,42,85,119,141,158,209,247,291,317,373,431,476,539,608,665
3715,3734,3718,3692,3710,3720,3726,3731,3727,3728,3717,3717,3721,3737,3733,3736,3721,3735,3715,3707,3706,3710,3707,3721,3745,3725,3718,3748,3702,3733,3726,3736,3735,3707,3708,3709,3749,3727,3725,3703,3713,3705,3726,3726,3724,3737,3687,3699,3702,3720
2442,2429,2408,2386,2399,2412,2448,2396,2437,2414,2424,2391,2425,2429,2420,2415,2409,2425,2411,2427,2435,2430,2412,2418,2400,2415,2423,2408,2420,2434,2436,2393,2426,2414,2440,2417,2417,2408,2422,2402,2417,2427,2421,2397,2411,2438,2428,2413,2427,2423
2681,2697,2723,2713,2719,2701,2715,2695,2713,2742,2696,2715,2719,2718,2695,2726,2710,2714,2707,2707,2720,2689,2704,2726,2707,2683,2715,2689,2721,2683,2712,2707,2726,2679,2707,2701,2736,2711,2703,2706,2692,2739,2725,2703,2692,2713,2711,2710,2718,2712
3427,3421,3434,3396,3424,3443,3417,3415,3442,3438,3429,3433,3439,3450,3429,3454,3447,3443,3436,3445,3419,3420,3403,3417,3436,3434,3424,3447,3449,3465,3439,3431,3415,3403,3438,3408,3414,3403,3402,3409,3461,3445,3402,3438,3414,3455,3417,3460,3443,3437
39,20,30,52,25,39,31,36,48,34,69,115,142,234,290,405,465,587,697,787,918,1049,1186,1314,1466,1577,1746,1894,2083,2209,2377,2548,2747,2893,3062,3269,3442,3631,3634,3655,3637,3649,3655,3648,3632,3641,3648,3643,3622,3651
31,49,43,32,57,45,24,76,31,48,49,39,53,34,53,43,35,52,47,46,37,52,33,44,53,55,71,120,171,274,334,423,541,639,722,847,991,1128,1274,1442,1568,1689,1870,2028,2209,2365,2544,2729,2735,2740
39,48,52,47,45,39,35,37,51,42,49,29,38,36,41,48,50,40,48,43,40,47,39,43,36,34,42,37,50,50,36,42,52,45,42,40,44,46,41,52,47,50,45,43,47,47,39,41,40,52
13,24,18,34,45,32,40,62,31,37,26,48,7,39,103,168,180,250,288,353,429,475,563,644,726,805,913,961,1060,1168,1255,1361,1447,1573,1654,1751,1861,1992,2102,2204,2328,2467,2463,2454,2449,2462,2468,2471,2457,2454
23,28,31,13,22,5,16,22,25,207,383,560,761,920,1124,1299,1494,1657,1867,2042,2210,2238,2196,2201,2199,2221,2225,2231,2221,2202,2240,2220,2211,2214,2236,2188,2206,2211,2245,2206,2200,2209,2235,2213,2198,2200,2221,2240,2232,2249
9,21,12,34,23,31,29,40,50,27,10,32,18,44,45,31,36,34,25,21,65,102,165,240,276,396,487,585,688,790,934,1036,1172,1300,1449,1599,1739,1893,2075,2234,2416,2400,2388,2388,2391,2383,2393,2363,2424,2382
68,50,74,51,53,62,47,71,67,63,46,53,49,55,51,42,49,50,72,47,45,46,39,46,64,89,130,182,229,290,353,417,497,574,654,726,819,945,995,1085,1205,1302,1412,1529,1616,1727,1873,1952,2080,2202
23,22,39,19,47,14,30,13,30,16,40,28,30,37,9,21,15,15,15,29,22,20,31,23,0,13,68,110,163,205,276,357,415,487,568,674,751,836,958,1042,1132,1258,1367,1483,1610,1720,1831,1984,2082,2240
0,33,18,43,16,19,8,23,0,32,2,45,26,195,377,543,710,875,1061,1228,1424,1573,1726,1922,2080,2266,2421,2620,2781,2768,2774,2770,2775,2773,2778,2775,2770,2773,2785,2769,2773,2757,2769,2775,2772,2779,2780,2784,2775,2768
43,46,80,66,78,35,60,71,53,66,57,38,62,49,42,62,46,274,478,685,907,1107,1358,1538,1755,1991,2197,2405,2596,2798,2828,2836,2819,2824,2839,2816,2836,2821,2822,2837,2822,2828,2835,2832,2803,2838,2826,2838,2833,2817
20,23,28,22,36,26,32,8,25,18,20,23,14,23,16,42,32,22,31,19,30,56,40,58,89,139,174,219,234,282,318,383,446,466,531,579,627,671,742,811,859,948,1001,1058,1143,1205,1281,1349,1415,1474
27,36,14,44,23,31,192,382,547,718,908,1056,1228,1390,1600,1773,1935,2088,2287,2442,2609,2785,2949,3140,3298,3479,3656,3832,3835,3823,3821,3807,3825,3822,3820,3821,3821,3819,3826,3845,3812,3825,3827,3818,3825,3839,3841,3816,3827,3817
50,41,36,48,70,37,33,34,59,68,41,41,65,37,67,53,81,141,194,262,332,380,480,572,629,736,826,925,1020,1145,1251,1362,1509,1587,1729,1853,1977,2137,2254,2388,2512,2660,2839,2981,3148,3271,3435,3580,3625,3596
24,28,8,20,18,0,33,15,30,21,32,11,19,19,28,18,18,26,37,15,22,0,12,14,10,22,27,27,36,52,105,141,181,209,261,324,379,410,454,526,584,641,708,798,845,912,975,1045,1134,1207
1900,1898,1892,1882,1904,1869,1884,1912,1885,1879,1887,1911,1884,1895,1880,1877,1884,1890,1911,1895,1885,1883,1882,1913,1873,1881,1862,1923,1863,1893,1876,1906,1895,1888,1886,1897,1896,1904,1883,1904,1899,1892,1894,1902,1898,1915,1913,1869,1871,1870
47,32,36,44,45,49,58,32,44,57,24,28,41,20,46,72,25,56,25,42,55,49,39,50,61,27,41,48,336,669,969,1272,1599,1916,2226,2536,2839,3130,3144,3170,3153,3164,3166,3172,3166,3162,3140,3124,3142,3150
9,19,29,0,17,50,16,9,21,42,32,41,23,30,17,46,40,23,21,60,105,127,194,266,323,412,496,576,640,770,867,976,1088,1202,1357,1434,1569,1733,1864,2005,2129,2282,2419,2575,2745,2735,2740,2750,2725,2734
36,40,46,35,39,43,26,40,44,70,44,69,135,180,309,407,508,654,802,926,1066,1217,1391,1572,1737,1940,2129,2347,2527,2773,2978,3192,3433,3424,3414,3423,3437,3415,3425,3413,3412,3431,3412,3418,3412,3428,3415,3420,3421,3405
61,53,46,35,56,48,62,63,74,48,68,77,53,57,55,48,55,40,37,60,60,69,53,65,42,72,40,44,43,57,49,62,48,57,71,60,82,69,106,136,155,206,213,258,320,361,400,474,505,564
42,27,4,41,39,30,40,23,48,42,13,29,204,362,556,686,853,1006,1182,1351,1521,1688,1848,2021,2179,2346,2506,2678,2836,3031,3159,3325,3493,3661,3651,3683,3685,3675,3653,3666,3660,3649,3669,3666,3663,3658,3660,3661,3661,3664
49,16,11,6,32,26,10,13,39,24,13,10,33,29,13,22,17,62,70,110,183,216,281,381,452,541,622,737,802,906,1014,1135,1256,1349,1472,1588,1728,1873,1978,2126,2276,2410,2541,2673,2705,2677,2675,2697,2684,2706
3686,3724,3711,3673,3718,3713,3684,3707,3685,3721,3711,3714,3727,3699,3700,3684,3669,3710,3704,3721,3694,3721,3683,3696,3707,3706,3701,3671,3711,3687,3683,3704,3717,3692,3708,3698,3690,3701,3667,3708,3690,3708,3690,3665,3683,3694,3701,3688,3718,3712
53,35,58,58,51,70,72,56,53,43,66,59,422,771,1133,1469,1831,2176,2543,2899,3244,3587,3586,3609,3589,3594,3596,3605,3604,3574,3589,3592,3604,3610,3584,3607,3600,3613,3593,3595,3593,3589,3592,3590,3583,3596,3605,3579,3615,3577
3743,3730,3737,3737,3762,3731,3767,3764,3752,3749,3764,3728,3731,3752,3735,3759,3745,3762,3753,3737,3761,3775,3741,3728,3766,3765,3758,3755,3735,3738,3748,3763,3753,3775,3719,3742,3762,3761,3764,3771,3752,3755,3711,3734,3746,3768,3743,3732,3745,3750
39,38,33,64,26,47,41,68,57,65,32,56,40,63,44,54,54,40,33,40,43,61,32,47,33,50,41,43,73,66,48,60,46,60,47,90,120,196,274,372,483,609,709,844,988,1132,1260,1426,1590,1755
3523,3494,3503,3489,3484,3488,3499,3502,3505,3529,3517,3498,3523,3517,3516,3488,3512,3497,3494,3498,3499,3494,3491,3504,3495,3506,3529,3498,3508,3516,3510,3515,3486,3476,3511,3505,3503,3489,3495,3516,3515,3498,3506,3481,3540,3500,3493,3496,3496,3548
0,32,0,3,11,27,21,22,16,15,24,11,6,12,21,23,33,14,0,184,366,539,704,861,1053,1225,1375,1539,1704,1711,1747,1725,1724,1725,1701,1711,1721,1736,1732,1713,1701,1701,1717,1715,1703,1704,1733,1722,1725,1713
3,14,23,0,23,14,0,8,0,20,0,0,27,9,9,3,5,19,37,73,148,228,285,350,488,552,668,788,900,1017,1153,1286,1430,1570,1710,1845,2021,2177,2348,2537,2696,2870,3039,3050,3047,3032,3021,3037,3024,3028
30,48,8,45,46,18,20,23,35,13,298,565,832,1120,1399,1677,1935,2207,2473,2741,3020,3297,3288,3301,3297,3290,3284,3310,3295,3287,3266,3290,3290,3306,3286,3307,3317,3286,3276,3275,3292,3288,3292,3281,3287,3270,3291,3315,3280,3300
29,14,18,13,7,0,18,32,39,44,25,34,28,22,19,22,23,7,0,32,21,19,31,17,24,8,13,29,0,17,234,397,602,809,983,1166,1353,1577,1778,1951,2140,2325,2518,2701,2905,3089,3282,3487,3685,3885
1841,1848,1830,1855,1862,1842,1827,1856,1820,1851,1829,1853,1849,1864,1836,1887,1852,1857,1860,1843,1821,1876,1850,1811,1843,1834,1869,1844,1887,1843,1824,1854,1843,1822,1829,1869,1844,1846,1884,1867,1818,1827,1850,1853,1837,1849,1822,1855,1849,1830
26,34,25,34,33,30,10,40,25,48,37,24,21,28,25,27,21,53,18,31,25,11,31,32,23,44,56,193,379,545,741,896,1058,1266,1434,1624,1781,1941,2107,2282,2468,2643,2785,2982,3182,3334,3510,3654,3671,3687
23,34,53,26,39,36,46,77,40,39,37,25,44,48,60,34,54,41,48,23,24,29,33,40,20,43,65,30,54,30,29,23,44,26,54,71,90,124,161,214,223,263,314,361,409,458,525,577,634,676
1558,1567,1541,1546,1558,1556,1582,1555,1562,1555,1564,1527,1558,1535,1595,1569,1556,1576,1579,1557,1578,1579,1540,1579,1572,1572,1533,1529,1544,1564,1549,1542,1524,1566,1534,1539,1534,1569,1552,1558,1547,1545,1565,1551,1566,1546,1563,1549,1567,1557
41,18,28,29,37,42,19,27,28,34,15,30,16,14,16,23,16,16,264,496,730,947,1194,1442,1657,1901,2124,2366,2591,2804,3053,3280,3508,3737,4013,3992,3976,3975,3959,3994,4000,3975,3976,3985,4009,4001,3973,3978,3980,3988
69,51,52,56,41,49,53,255,484,696,903,1120,1313,1544,1767,1977,2205,2186,2196,2194,2201,2200,2192,2181,2185,2210,2184,2200,2180,2186,2204,2168,2204,2180,2185,2204,2194,2194,2204,2190,2195,2193,2197,2197,2200,2194,2197,2198,2177,2200
49,39,34,10,0,7,166,363,516,663,823,975,1163,1337,1491,1634,1824,1967,2160,2298,2445,2476,2478,2460,2494,2470,2466,2441,2463,2481,2450,2459,2451,2482,2458,2458,2462,2466,2467,2451,2473,2442,2453,2455,2464,2470,2486,2444,2488,2471
30,63,38,26,65,63,59,30,44,40,49,42,34,45,42,147,213,302,360,447,514,612,713,769,853,950,1012,1108,1223,1273,1384,1433,1527,1608,1697,1693,1671,1693,1688,1672,1665,1692,1696,1673,1693,1679,1678,1681,1670,1685
26,30,29,28,25,59,28,27,36,32,26,43,17,36,65,27,44,23,41,59,88,98,135,164,201,246,279,343,373,422,476,537,573,633,681,727,810,857,928,987,1051,1132,1197,1264,1342,1406,1504,1551,1660,1704
67,54,46,65,55,50,52,69,45,58,79,50,89,53,73,53,54,40,55,66,54,31,53,54,43,62,65,67,50,63,244,443,645,844,1048,1228,1424,1635,1795,2019,2211,2408,2381,2399,2409,2409,2387,2396,2399,2392
20,30,40,38,15,27,17,39,6,19,32,18,14,15,19,202,396,552,716,908,1093,1245,1413,1587,1794,1953,2125,2301,2492,2653,2842,3007,3159,3373,3524,3534,3563,3524,3569,3543,3540,3541,3525,3547,3544,3529,3530,3535,3538,3540
41,3,37,34,13,24,34,4,28,26,9,9,17,45,115,190,257,351,459,573,703,805,980,1127,1270,1442,1590,1760,1937,2114,2305,2521,2699,2910,3126,3342,3555,3532,3554,3561,3564,3535,3543,3550,3556,3547,3564,3523,3527,3557
34,43,31,42,26,39,25,1,21,22,27,47,100,141,176,266,326,383,508,557,651,772,859,962,1082,1198,1322,1442,1596,1703,1843,1953,2109,2271,2396,2544,2692,2846,3030,3181,3329,3515,3661,3858,4021,4014,4037,4003,4030,3999
16,0,8,6,29,8,38,0,22,11,5,2,18,14,0,9,3,15,10,18,17,6,320,614,928,1259,1544,1852,2138,2487,2776,3114,3410,3731,4014,4030,4008,4029,4019,4040,4004,4006,4020,4009,4022,4004,4013,4030,4016,4025
24,26,18,26,11,28,39,20,24,0,20,25,27,27,20,37,19,403,762,1095,1469,1851,2226,2584,2959,3322,3674,3678,3668,3687,3686,3709,3688,3679,3675,3681,3689,3678,3660,3701,3703,3682,3678,3680,3695,3684,3680,3696,3689,3689
37,38,38,22,43,43,45,41,50,31,34,36,20,31,56,23,48,45,30,28,37,44,48,34,48,52,45,35,46,34,20,37,15,26,117,137,209,249,307,405,506,573,679,754,866,959,1083,1189,1304,1430
4056,4053,4043,4042,4065,4050,4047,4058,4046,4034,4058,4046,4045,4051,4030,4067,4040,4034,4063,4020,4036,4061,4039,4049,4047,4069,4036,4051,4048,4057,4073,4062,4056,4050,4038,4048,4048,4062,4052,4048,4056,4051,4030,4073,4044,4035,4033,4047,4049,4074
40,47,37,32,20,13,12,239,451,653,853,1070,1281,1511,1713,1902,2119,2322,2299,2356,2360,2346,2325,2328,2331,2336,2328,2342,2324,2341,2336,2329,2316,2342,2335,2325,2342,2341,2317,2338,2328,2323,2322,2347,2323,2352,2323,2353,2322,2351
2953,2945,2982,2960,2986,2975,2979,2971,2984,2965,2988,2969,2984,2981,2993,2975,2979,2962,2977,2972,2976,2969,3012,2973,2977,2965,2976,2982,2981,2993,2999,2973,2956,2979,2984,3006,2979,2977,2996,2989,2983,2988,2975,3013,2977,2969,2963,2952,2992,2972
37,16,34,45,35,0,0,43,4,43,28,53,44,0,27,18,37,36,26,322,599,876,1172,1431,1720,2010,2298,2565,2864,3169,3434,3711,3982,4002,4018,4000,4016,4002,3984,3995,3988,4021,4002,4012,3987,4018,3992,4007,4017,4003
2947,2960,2942,2965,2944,2958,2965,2946,2945,2974,2958,2921,2992,2963,2960,2930,2963,2961,2936,2925,2933,2963,2942,2966,2936,2946,2938,2948,2929,2925,2962,2983,2930,2964,2957,2942,2966,2931,2943,2967,2936,2940,2941,2939,2962,2944,2969,2952,2932,2931
2312,2319,2303,2306,2299,2324,2317,2304,2323,2320,2301,2319,2326,2319,2313,2299,2320,2298,2305,2319,2301,2312,2325,2308,2306,2330,2301,2332,2329,2322,2305,2314,2330,2296,2310,2297,2305,2309,2355,2307,2331,2304,2362,2315,2319,2311,2335,2312,2292,2336
59,58,32,28,36,48,63,72,147,149,197,248,308,392,424,509,544,652,713,803,881,969,1060,1155,1265,1327,1444,1523,1677,1769,1871,1837,1855,1840,1841,1861,1843,1829,1859,1846,1815,1863,1850,1839,1863,1831,1835,1865,1828,1852
24,16,12,15,47,19,15,8,21,23,21,14,0,0,0,18,44,27,20,9,36,10,4,29,25,20,13,11,18,110,213,272,401,495,597,692,767,875,975,1063,1153,1247,1328,1426,1518,1623,1710,1827,1900,1990
19,24,33,24,4,42,18,33,4,31,23,33,13,2,44,61,115,171,181,233,316,384,460,515,614,678,778,854,925,1047,1119,1257,1352,1433,1535,1654,1799,1866,1888,1892,1912,1877,1910,1907,1900,1921,1891,1897,1888,1897
28,20,23,39,34,39,19,52,32,38,27,36,58,34,48,39,32,50,27,48,51,45,38,39,31,44,45,34,16,39,43,27,24,13,39,30,270,482,704,954,1187,1407,1632,1865,2086,2319,2536,2765,3004,3231
2465,2490,2471,2481,2466,2436,2471,2486,2475,2441,2464,2440,2445,2452,2464,2471,2442,2462,2466,2463,2487,2459,2474,2474,2491,2475,2446,2469,2445,2447,2489,2472,2459,2460,2472,2458,2474,2491,2484,2470,2447,2459,2432,2461,2477,2475,2490,2486,2468,2474
23,21,24,28,30,22,31,27,39,27,28,21,28,22,21,33,17,37,22,26,21,31,34,10,25,21,22,22,14,17,25,40,25,22,28,34,31,32,32,26,22,21,17,23,26,29,23,28,27,25
41,29,60,37,35,25,28,23,33,14,34,136,223,333,414,543,623,735,832,942,1024,1134,1223,1340,1416,1535,1653,1760,1845,1850,1830,1831,1838,1824,1849,1825,1821,1853,1825,1837,1822,1839,1836,1849,1836,1828,1845,1828,1839,1846
3480,3507,3484,3472,3492,3489,3466,3460,3479,3498,3466,3492,3484,3465,3458,3485,3503,3490,3510,3475,3495,3456,3493,3465,3483,3473,3472,3513,3484,3480,3500,3459,3497,3498,3497,3488,3516,3479,3532,3473,3479,3477,3458,3446,3494,3464,3501,3475,3468,3465
3867,3852,3823,3851,3863,3851,3828,3864,3844,3867,3865,3858,3850,3836,3845,3867,3835,3838,3834,3837,3851,3864,3854,3861,3864,3832,3848,3837,3824,3868,3841,3846,3856,3844,3885,3838,3864,3851,3818,3870,3846,3847,3831,3837,3844,3832,3852,3867,3851,3860
2141,2156,2131,2137,2158,2165,2138,2129,2156,2178,2159,2166,2139,2121,2118,2162,2123,2150,2146,2158,2134,2156,2136,2125,2150,2157,2148,2146,2138,2129,2153,2124,2156,2135,2132,2130,2161,2136,2140,2132,2157,2153,2133,2138,2125,2140,2134,2151,2150,2135
2837,2834,2861,2876,2860,2864,2845,2870,2845,2885,2836,2858,2876,2872,2863,2859,2871,2880,2847,2854,2868,2872,2845,2857,2855,2856,2843,2838,2859,2882,2839,2870,2856,2858,2837,2858,2870,2838,2823,2861,2858,2838,2860,2852,2886,2859,2844,2856,2889,2863
11,31,31,27,16,12,25,18,3,25,0,26,90,118,174,263,339,402,525,620,704,823,933,1049,1169,1303,1442,1559,1690,1864,2015,2151,2307,2455,2616,2792,2944,3141,3129,3136,3139,3113,3126,3131,3125,3133,3128,3151,3112,3133
1873,1853,1846,1826,1860,1879,1871,1854,1853,1838,1856,1848,1847,1864,1861,1880,1878,1864,1870,1859,1853,1867,1860,1890,1870,1840,1833,1881,1879,1870,1877,1858,1831,1877,1869,1864,1867,1845,1847,1852,1837,1848,1878,1827,1878,1855,1860,1858,1872,1845
53,47,43,51,61,44,13,25,56,144,192,264,352,460,557,696,799,933,1078,1211,1361,1534,1675,1859,1996,2189,2378,2549,2748,2934,3149,3138,3153,3164,3146,3147,3140,3151,3150,3144,3148,3146,3159,3151,3135,3126,3169,3140,3144,3149
5,16,44,30,38,6,129,207,318,420,516,602,700,802,919,985,1113,1210,1324,1417,1511,1609,1717,1805,1901,1997,2020,2036,2017,2007,2035,2006,1999,2018,2026,2001,1984,2005,2022,2008,2009,2005,2025,2025,1999,2016,2013,2006,2025,2038
21,25,33,17,41,28,34,46,52,82,108,149,188,242,312,367,452,510,565,634,722,794,886,951,1056,1156,1225,1340,1425,1538,1651,1723,1836,1976,2063,2172,2304,2401,2429,2429,2408,2430,2422,2431,2414,2430,2418,2413,2419,2403
63,51,49,71,52,63,43,72,62,59,46,71,22,36,59,56,61,31,58,57,50,45,30,39,48,65,47,36,59,36,55,74,59,55,53,36,46,76,136,159,198,221,262,326,388,454,480,555,592,683
1760,1714,1734,1747,1763,1763,1738,1735,1753,1768,1747,1735,1751,1736,1734,1747,1751,1741,1748,1734,1744,1719,1743,1727,1769,1736,1728,1739,1756,1738,1755,1739,1721,1746,1752,1745,1724,1745,1739,1738,1716,1718,1760,1741,1735,1753,1747,1725,1760,1733
1551,1602,1574,1570,1601,1580,1612,1584,1583,1622,1566,1592,1593,1621,1588,1590,1601,1613,1584,1581,1583,1599,1591,1614,1579,1614,1606,1598,1593,1600,1606,1570,1605,1585,1581,1583,1592,1564,1597,1580,1591,1579,1593,1588,1589,1600,1580,1602,1610,1610
39,42,3,38,45,39,48,26,28,40,40,56,51,19,41,32,14,43,29,42,20,16,35,16,19,148,274,382,537,640,768,906,1005,1147,1243,1383,1498,1515,1503,1505,1504,1514,1518,1513,1502,1529,1493,1511,1499,1520
10,26,12,8,8,14,0,0,6,15,5,23,7,27,0,29,2,12,27,20,0,12,23,13,16,6,18,0,7,0,28,10,8,2,35,67,98,149,237,293,349,460,541,639,729,822,931,1020,1161,1251
25,19,19,12,11,11,16,19,12,16,20,17,15,7,8,1,14,12,19,14,10,9,14,13,22,11,14,21,11,10,3,9,14,20,3,6,0,22,12,9,1,11,9,1,10,19,10,19,21,10
38,46,23,39,56,25,42,43,61,59,56,59,74,90,137,189,229,319,371,449,498,583,672,736,863,932,1029,1113,1214,1354,1473,1571,1689,1816,1940,2043,2180,2313,2463,2552,2706,2849,2988,3120,3294,3275,3289,3270,3288,3266
59,44,34,43,36,36,27,68,13,21,12,62,14,49,38,23,232,448,624,779,982,1202,1392,1587,1785,1981,1974,1978,1979,1974,1957,1973,1987,1995,1980,1974,1979,1943,1985,1978,1983,1984,1972,1965,1972,1974,1959,1981,1967,1974
31,13,18,16,21,23,19,14,23,2,16,15,40,6,26,120,227,339,454,566,688,800,898,1032,1127,1222,1373,1457,1594,1683,1796,1920,2007,2116,2238,2239,2223,2229,2220,2223,2246,2241,2257,2249,2214,2259,2242,2237,2217,2265
49,62,64,46,47,54,53,64,54,39,67,62,74,56,83,65,106,176,226,284,388,465,562,657,748,843,953,1064,1202,1344,1447,1588,1721,1870,2022,2146,2327,2462,2606,2768,2786,2792,2776,2752,2766,2787,2790,2794,2790,2779
31,22,12,27,47,0,27,22,24,21,18,26,10,27,32,37,32,32,24,17,16,31,27,32,6,0,32,50,14,14,23,47,40,2,27,20,37,47,113,150,200,223,298,341,412,501,553,648,719,764
3232,3210,3203,3193,3207,3206,3217,3197,3220,3210,3181,3190,3217,3188,3181,3216,3186,3183,3231,3189,3199,3204,3202,3208,3202,3226,3185,3216,3216,3195,3196,3170,3190,3208,3181,3225,3184,3178,3209,3206,3173,3186,3197,3188,3193,3206,3196,3213,3193,3222
3629,3613,3640,3619,3617,3645,3632,3614,3642,3647,3619,3610,3619,3637,3646,3624,3634,3613,3622,3633,3609,3644,3659,3629,3643,3634,3634,3618,3607,3645,3615,3637,3607,3640,3632,3644,3628,3650,3644,3624,3628,3629,3633,3620,3609,3623,3620,3639,3630,3647
44,25,21,34,28,39,34,43,19,27,31,32,34,48,8,26,32,45,29,30,60,10,11,19,134,211,321,397,507,605,702,780,885,976,1063,1171,1250,1365,1447,1559,1641,1740,1827,1927,1918,1914,1920,1938,1922,1919
13,7,16,21,12,32,0,14,8,5,19,20,35,37,20,14,17,0,42,20,34,196,382,522,683,871,1026,1218,1391,1541,1713,1887,2059,2219,2394,2562,2749,2908,3084,3240,3410,3410,3393,3414,3400,3414,3425,3407,3418,3413
23,30,0,0,15,20,0,27,36,26,42,12,14,19,13,18,23,8,8,0,25,22,21,27,7,25,47,1,47,28,177,303,448,605,706,873,1046,1143,1312,1447,1565,1730,1867,2036,2171,2285,2304,2278,2297,2293
26,29,21,38,4,30,40,43,8,46,23,35,38,56,79,88,142,176,204,225,260,297,349,393,435,469,506,573,623,669,703,781,805,901,947,1002,1047,1118,1155,1251,1306,1344,1437,1499,1518,1520,1501,1473,1501,1494
41,44,24,42,30,48,35,51,24,43,52,24,44,62,49,23,21,40,19,64,121,184,236,312,380,442,523,587,672,748,811,881,952,1013,1085,1153,1229,1287,1345,1426,1497,1494,1501,1525,1501,1505,1504,1500,1488,1508
1574,1578,1566,1573,1580,1611,1582,1551,1580,1570,1589,1574,1592,1586,1597,1586,1569,1589,1591,1577,1594,1596,1578,1594,1594,1593,1550,1599,1596,1582,1560,1558,1564,1612,1573,1596,1594,1581,1585,1595,1589,1589,1567,1577,1579,1584,1589,1604,1576,1576
30,10,12,14,18,10,31,12,12,12,8,16,21,11,12,19,13,10,12,11,22,15,15,15,6,9,23,18,32,32,20,24,16,20,19,15,10,13,12,19,11,16,14,24,24,19,21,18,17,21
3812,3815,3803,3818,3803,3821,3829,3837,3792,3796,3815,3789,3790,3821,3829,3781,3808,3790,3822,3809,3814,3785,3816,3793,3799,3808,3828,3827,3822,3802,3830,3814,3797,3815,3810,3820,3812,3818,3781,3804,3771,3798,3790,3845,3797,3814,3821,3800,3771,3823
2736,2755,2725,2726,2720,2726,2737,2756,2775,2707,2730,2736,2746,2708,2754,2737,2730,2740,2732,2725,2734,2755,2737,2752,2734,2754,2756,2744,2748,2735,2759,2750,2738,2731,2722,2734,2738,2733,2756,2755,2766,2742,2745,2739,2731,2726,2740,2728,2733,2736
35,14,44,46,10,23,24,41,44,30,32,27,32,18,60,39,10,14,47,45,31,36,38,30,45,19,41,32,42,31,23,37,33,35,27,43,92,127,179,249,332,419,487,574,669,763,895,974,1088,1213
14,14,15,6,18,23,3,8,11,20,16,13,16,18,7,5,12,17,15,26,0,10,10,3,20,16,8,14,18,13,14,12,7,21,16,19,17,6,14,14,12,12,18,7,8,12,11,18,0,9
3276,3280,3304,3301,3266,3305,3284,3302,3282,3306,3285,3267,3286,3260,3274,3281,3305,3307,3297,3293,3297,3284,3301,3272,3298,3307,3290,3278,3281,3288,3272,3252,3294,3274,3302,3285,3268,3270,3285,3292,3302,3285,3306,3279,3277,3290,3272,3297,3293,3262
0,4,18,25,31,19,13,0,4,0,11,4,28,20,7,21,42,107,221,313,475,594,757,897,1073,1245,1475,1677,1861,2091,2332,2528,2802,3039,3311,3558,3848,3824,3837,3837,3836,3822,3820,3828,3834,3836,3835,3824,3821,3826
4,31,3,29,10,10,17,10,17,0,6,2,13,0,20,0,0,8,12,0,1,6,20,12,6,36,1,22,54,155,206,281,372,483,599,700,796,931,1059,1190,1326,1462,1599,1753,1908,2057,2244,2419,2586,2745
73,45,29,27,31,45,53,59,34,67,55,40,33,46,49,35,38,58,52,55,53,55,47,45,51,63,60,48,37,33,29,26,57,58,44,33,322,576,866,1136,1396,1656,1908,2206,2439,2747,3002,3247,3529,3791
45,59,28,54,46,45,35,44,27,47,41,59,29,28,40,35,43,46,5,39,44,50,20,51,37,31,44,38,40,43,37,271,491,722,930,1170,1398,1601,1819,2059,2293,2488,2697,2732,2737,2753,2730,2690,2725,2717
23,25,37,28,22,43,24,24,16,45,40,38,0,17,21,25,29,7,29,30,16,22,49,37,20,29,52,79,94,164,171,260,277,331,387,430,484,572,660,725,786,853,924,995,1075,1176,1246,1327,1423,1513
35,19,35,33,40,60,20,41,33,38,59,27,47,35,37,52,36,23,34,31,45,43,31,41,53,22,42,30,22,19,294,555,818,1087,1326,1617,1868,2120,2405,2650,2903,3173,3426,3667,3958,3960,3933,3976,3936,3929
1,4,25,21,4,0,24,5,7,7,0,0,0,6,0,9,15,10,0,10,0,20,22,0,21,21,6,10,1,0,0,15,317,580,858,1176,1427,1735,2006,2318,2611,2874,3166,3460,3452,3451,3457,3488,3464,3463
55,37,39,47,58,53,32,65,47,32,51,22,42,71,48,34,31,44,69,44,48,348,618,919,1181,1463,1765,2053,2319,2606,2895,3191,3463,3771,4040,4061,4039,4006,4034,4028,4036,4059,4024,4017,4064,4040,4051,4051,4056,4051
2974,2976,3011,2991,2968,2971,2989,2990,2986,2978,2988,2972,2984,2966,2995,2966,2988,3014,2996,3009,2948,2973,3007,2988,3009,2970,3021,2995,2990,2985,3012,2985,2988,2995,2991,2980,2986,2999,2996,2977,2976,3008,2967,3020,2988,3001,2983,2971,2981,2995
39,21,23,22,46,14,43,4,42,19,32,13,25,34,13,41,27,70,69,123,187,260,320,391,448,547,633,731,829,930,1027,1142,1266,1370,1491,1608,1723,1874,1999,2153,2278,2413,2572,2738,2866,3051,3188,3355,3467,3498
9,10,1,5,5,19,3,160,289,426,559,713,836,969,1111,1258,1397,1523,1672,1800,1932,2113,2223,2355,2491,2646,2642,2640,2628,2642,2658,2639,2625,2661,2634,2638,2629,2649,2655,2643,2630,2636,2658,2661,2650,2638,2648,2653,2647,2645
2666,2675,2662,2688,2665,2676,2651,2679,2664,2691,2685,2676,2706,2682,2694,2666,2683,2652,2675,2668,2673,2695,2681,2695,2688,2674,2654,2675,2675,2689,2662,2686,2671,2673,2682,2674,2665,2665,2683,2670,2688,2657,2649,2702,2664,2677,2683,2654,2674,2677
2619,2624,2630,2615,2618,2636,2594,2612,2610,2642,2616,2630,2638,2598,2621,2611,2639,2624,2612,2609,2598,2606,2622,2600,2615,2637,2631,2614,2625,2604,2619,2595,2614,2623,2657,2608,2609,2604,2644,2641,2631,2618,2623,2616,2626,2623,2612,2605,2621,2626
30,24,46,45,28,27,39,15,25,32,39,27,28,23,25,49,90,108,164,233,291,351,416,500,572,676,762,843,919,1064,1149,1264,1371,1467,1596,1709,1849,1946,2094,2206,2342,2466,2628,2756,2877,3042,3172,3330,3489,3656
1,12,11,13,8,0,0,7,7,0,0,0,7,26,59,62,82,142,196,273,320,384,494,572,644,729,808,926,998,1112,1243,1325,1468,1561,1661,1785,1934,1935,1924,1941,1923,1905,1925,1913,1922,1928,1908,1915,1908,1925
2586,2597,2572,2598,2612,2595,2603,2566,2600,2598,2608,2588,2590,2592,2592,2588,2602,2600,2594,2573,2599,2578,2592,2601,2598,2587,2598,2607,2644,2579,2594,2575,2617,2589,2568,2617,2570,2575,2594,2586,2581,2592,2587,2583,2617,2581,2606,2604,2614,2575
21,29,14,26,22,33,3,23,31,28,12,31,46,29,21,8,44,51,14,13,14,29,11,29,29,43,35,75,139,168,249,279,364,446,507,601,683,804,877,1008,1095,1198,1308,1416,1547,1677,1798,1946,2020,2177
8,50,27,19,9,10,11,19,21,7,22,16,13,7,1,23,0,5,29,8,14,0,24,44,24,106,198,294,376,472,556,624,717,824,911,997,1081,1175,1258,1341,1434,1525,1608,1715,1698,1689,1691,1711,1686,1701
1882,1908,1893,1903,1886,1869,1895,1878,1883,1886,1890,1886,1895,1902,1895,1886,1890,1891,1888,1884,1880,1898,1910,1884,1889,1877,1884,1868,1896,1878,1884,1885,1892,1884,1883,1896,1904,1859,1906,1898,1885,1875,1851,1919,1894,1887,1896,1883,1879,1866
39,25,51,24,39,32,33,34,44,50,62,106,125,150,197,246,267,309,368,421,466,532,573,648,712,795,863,907,970,1071,1114,1182,1258,1349,1436,1517,1610,1683,1770,1843,1952,2053,2120,2198,2207,2221,2229,2216,2210,2222
1694,1708,1728,1708,1715,1744,1719,1721,1731,1716,1726,1720,1721,1726,1697,1711,1732,1733,1692,1728,1723,1712,1720,1695,1707,1711,1707,1729,1713,1699,1718,1714,1714,1733,1719,1713,1715,1714,1731,1736,1717,1739,1707,1712,1728,1703,1714,1698,1712,1701
66,40,48,41,91,56,51,51,46,64,46,41,49,48,46,42,22,40,52,43,39,122,211,274,316,407,490,562,643,702,763,858,922,983,1101,1139,1209,1284,1358,1447,1518,1582,1573,1572,1576,1585,1567,1579,1591,1570
33,17,54,12,33,15,35,38,21,28,27,16,52,45,22,51,28,5,38,10,60,29,46,35,40,37,49,78,133,149,223,293,339,440,476,588,638,739,820,906,1013,1123,1205,1336,1450,1542,1670,1771,1886,2021
35,56,36,43,48,44,44,62,62,44,61,46,21,144,233,330,411,510,593,684,782,866,962,1052,1162,1235,1310,1417,1508,1581,1697,1765,1886,1960,2060,2046,2030,2042,2051,2076,2063,2070,2051,2040,2055,2041,2063,2068,2067,2061
33,47,40,41,56,65,48,28,38,79,52,46,46,46,35,46,51,36,40,48,35,48,59,46,46,38,63,43,40,49,36,46,25,25,30,40,80,126,196,263,362,460,578,691,801,949,1094,1248,1372,1560
62,41,71,61,37,56,47,14,58,54,54,182,307,453,554,685,813,918,1071,1183,1336,1432,1590,1699,1820,1841,1818,1815,1824,1858,1831,1823,1822,1825,1821,1819,1828,1819,1830,1826,1824,1839,1818,1830,1832,1806,1828,1833,1841,1838
28,12,27,22,25,17,9,13,18,21,23,7,19,26,33,32,30,18,21,25,25,15,17,14,22,23,18,21,26,22,7,19,17,16,16,5,26,21,28,9,15,15,19,16,21,35,18,23,16,26
27,46,35,35,21,24,12,41,35,29,72,30,23,49,36,40,70,129,203,232,319,410,472,590,669,764,871,967,1076,1176,1313,1430,1553,1670,1812,1952,2104,2228,2373,2521,2647,2817,2981,3150,3318,3471,3628,3824,3823,3826
4080,4056,4054,4068,4018,4089,4041,4073,4048,4036,4039,4071,4060,4023,4058,4036,4053,4070,4053,4059,4055,4057,4063,4068,4036,4051,4086,4065,4058,4075,4050,4038,4078,4042,4071,4040,4056,4070,4055,4054,4095,4061,4055,4064,4089,4080,4054,4082,4064,4074
13,5,0,8,24,10,10,24,4,23,12,25,4,25,14,27,34,39,27,23,14,12,0,34,22,28,10,23,10,268,540,791,1031,1293,1537,1791,2055,2296,2557,2538,2578,2565,2566,2539,2546,2555,2555,2558,2539,2561
27,26,33,39,10,17,7,28,6,6,25,8,23,1,18,20,9,36,23,46,25,16,31,6,217,427,637,820,1043,1231,1429,1619,1830,2030,2218,2438,2636,2805,3023,3232,3424,3611,3634,3600,3618,3621,3631,3615,3627,3631
30,26,20,49,34,42,48,35,28,47,174,321,443,574,730,880,1014,1144,1282,1424,1550,1700,1847,1982,2122,2256,2400,2532,2676,2672,2664,2685,2666,2664,2682,2665,2686,2678,2681,2677,2669,2667,2682,2689,2676,2675,2660,2667,2661,2660
26,22,29,19,19,12,43,5,8,1,0,32,39,27,23,13,40,37,31,22,7,30,32,2,20,55,44,26,30,40,21,16,22,24,5,129,187,268,354,439,507,571,682,781,864,929,995,1123,1205,1297
16,0,0,28,34,0,0,0,17,21,5,10,9,20,21,2,19,27,34,0,9,38,55,100,108,178,232,293,358,432,501,557,646,723,829,902,1002,1102,1188,1296,1396,1508,1611,1721,1823,1931,2051,2158,2300,2423
3322,3289,3304,3308,3307,3319,3307,3320,3321,3270,3310,3323,3310,3330,3352,3303,3290,3319,3310,3321,3316,3331,3331,3324,3310,3295,3297,3304,3297,3316,3308,3291,3294,3298,3340,3281,3332,3324,3287,3307,3287,3312,3292,3308,3298,3315,3294,3304,3312,3301
18,19,31,9,30,40,19,31,28,8,23,39,41,8,24,0,34,46,11,42,21,10,17,37,19,31,213,424,607,784,973,1169,1381,1571,1753,1941,2123,2312,2508,2693,2914,3063,3282,3463,3472,3476,3459,3483,3459,3452
16,26,31,18,28,35,2,1,18,51,13,20,49,25,22,43,98,151,225,306,391,475,571,691,810,931,1034,1185,1302,1448,1620,1745,1907,2030,2232,2390,2539,2729,2906,3067,3097,3092,3094,3110,3080,3099,3111,3101,3079,3088
7,19,16,0,19,0,2,38,3,2,20,13,22,4,221,428,636,828,1031,1239,1461,1649,1856,2061,2257,2480,2680,2876,3091,3289,3479,3691,3703,3714,3695,3699,3710,3710,3697,3691,3705,3707,3707,3698,3701,3698,3696,3708,3693,3707
56,56,40,55,45,56,53,46,45,52,67,62,55,56,56,49,48,58,49,61,44,47,61,51,52,56,59,56,54,57,55,59,70,56,47,59,52,55,55,49,50,39,52,56,53,50,55,47,46,56
38,60,55,63,42,40,26,47,38,30,31,30,31,38,26,38,20,45,303,581,868,1111,1394,1657,1925,2242,2466,2731,3032,3301,3563,3836,3852,3855,3847,3839,3835,3852,3835,3807,3846,3848,3854,3849,3847,3844,3849,3864,3844,3839
16,23,15,33,11,11,21,13,15,43,7,21,22,40,90,204,289,386,472,598,734,877,1019,1171,1316,1494,1667,1861,2053,2230,2401,2600,2813,2826,2853,2830,2822,2830,2832,2861,2837,2821,2830,2820,2816,2832,2824,2827,2844,2823
0,25,35,30,14,15,30,14,17,32,31,0,18,0,8,8,24,34,0,30,13,19,0,12,24,8,25,27,26,12,15,4,43,67,127,212,277,369,449,537,633,757,871,974,1119,1227,1383,1515,1661,1786
16,28,30,26,23,29,65,17,11,22,22,18,23,21,23,36,26,9,37,36,45,22,18,38,28,33,43,20,280,543,767,998,1248,1531,1770,2016,2259,2526,2775,3013,3240,3523,3734,3768,3751,3767,3750,3753,3776,3764
3090,3088,3077,3087,3099,3086,3070,3110,3107,3083,3104,3086,3090,3074,3099,3102,3093,3092,3092,3076,3097,3060,3108,3076,3093,3087,3103,3085,3084,3084,3112,3096,3087,3087,3077,3122,3099,3053,3105,3098,3070,3082,3116,3093,3094,3108,3098,3105,3116,3076
3531,3524,3534,3539,3545,3510,3535,3562,3537,3522,3508,3539,3556,3551,3544,3508,3578,3508,3531,3546,3538,3553,3543,3508,3541,3545,3543,3511,3551,3544,3529,3513,3559,3567,3558,3539,3530,3552,3540,3571,3556,3543,3536,3553,3554,3535,3549,3553,3544,3557
17,11,4,33,10,0,22,12,9,18,0,10,187,363,559,704,899,1076,1254,1461,1612,1809,1984,2160,2353,2509,2698,2891,3053,3066,3036,3069,3052,3067,3057,3065,3062,3054,3067,3062,3047,3046,3050,3038,3049,3067,3083,3046,3046,3042
2208,2194,2162,2200,2220,2194,2176,2195,2205,2199,2188,2216,2188,2198,2182,2207,2196,2200,2189,2197,2236,2161,2166,2188,2175,2174,2209,2176,2205,2210,2198,2214,2224,2209,2191,2174,2206,2211,2203,2189,2181,2197,2174,2189,2182,2205,2186,2177,2220,2197
1902,1928,1943,1926,1905,1949,1915,1900,1935,1917,1936,1925,1904,1930,1904,1910,1934,1916,1930,1935,1894,1905,1912,1903,1910,1884,1931,1904,1920,1895,1925,1896,1919,1913,1931,1899,1926,1945,1917,1915,1911,1905,1924,1937,1927,1936,1894,1923,1890,1905
2873,2851,2839,2814,2839,2866,2867,2855,2838,2836,2839,2843,2856,2843,2890,2846,2864,2843,2849,2848,2849,2827,2868,2851,2852,2869,2869,2847,2860,2845,2846,2862,2875,2874,2838,2838,2852,2850,2833,2853,2850,2834,2848,2857,2868,2825,2872,2862,2876,2858
53,29,47,26,59,41,53,57,35,47,32,53,52,46,61,31,42,40,22,63,35,34,51,50,46,62,49,32,140,299,392,513,641,741,871,990,1091,1235,1325,1432,1584,1689,1799,1922,2039,2160,2266,2272,2269,2267
3321,3302,3288,3279,3293,3298,3294,3289,3296,3325,3297,3325,3298,3301,3303,3317,3324,3288,3299,3329,3308,3302,3299,3280,3291,3335,3290,3257,3290,3311,3285,3289,3289,3262,3278,3309,3324,3310,3309,3307,3302,3316,3287,3289,3295,3295,3299,3296,3289,3293
33,32,24,11,35,33,38,9,31,23,36,10,10,28,9,13,27,21,9,52,36,36,21,43,37,38,23,53,47,260,515,758,1002,1253,1482,1696,1965,2222,2478,2723,2951,2925,2942,2942,2943,2919,2950,2944,2950,2961
8,0,30,15,13,2,31,21,22,10,36,14,8,3,28,13,14,26,22,15,10,10,14,10,37,70,104,158,219,295,347,430,516,606,684,782,850,972,1086,1178,1309,1420,1537,1654,1762,1912,2024,2131,2163,2166
60,62,66,57,80,75,63,48,34,68,56,70,43,58,60,62,44,48,18,41,72,63,49,52,49,53,66,61,56,44,52,69,58,45,75,105,131,167,203,245,315,389,460,526,578,646,736,823,883,961
28,17,8,24,13,5,17,21,22,23,27,16,29,2,48,31,14,6,25,13,24,30,20,0,26,18,30,20,20,20,15,6,14,4,17,16,263,515,763,1012,1227,1474,1700,1944,2189,2432,2663,2900,3143,3380
3132,3151,3153,3134,3130,3132,3123,3122,3133,3089,3122,3127,3148,3138,3157,3125,3135,3149,3132,3130,3127,3119,3130,3107,3134,3126,3110,3138,3133,3142,3112,3115,3118,3143,3144,3147,3144,3129,3088,3153,3137,3143,3139,3136,3134,3142,3129,3101,3146,3142
29,21,42,18,23,28,45,30,47,20,45,19,36,32,32,37,15,44,81,116,134,148,171,207,255,259,305,364,400,426,506,516,569,613,677,746,767,854,912,951,1009,1072,1151,1208,1260,1338,1393,1444,1525,1542
3172,3172,3136,3176,3162,3181,3182,3155,3174,3178,3145,3124,3156,3141,3142,3169,3147,3131,3172,3140,3139,3174,3160,3144,3161,3143,3159,3145,3149,3140,3147,3150,3131,3151,3150,3151,3121,3133,3153,3138,3163,3153,3161,3166,3154,3149,3159,3164,3113,3159
1623,1631,1596,1622,1600,1623,1601,1603,1610,1638,1585,1633,1604,1594,1590,1612,1594,1595,1588,1617,1610,1614,1615,1626,1621,1596,1601,1603,1593,1593,1614,1619,1612,1616,1633,1614,1632,1619,1630,1630,1597,1645,1590,1593,1588,1601,1597,1614,1608,1605
1,3,32,21,33,21,26,26,4,28,0,0,14,21,44,9,20,14,0,1,27,15,8,1,38,25,0,0,21,13,27,9,4,30,14,35,35,75,126,181,261,343,396,483,617,700,803,916,1021,1166
48,65,62,27,32,35,53,54,54,47,27,45,35,51,45,39,17,34,52,60,47,41,65,56,50,51,57,36,38,53,52,51,49,240,475,708,940,1141,1374,1586,1791,2056,2245,2495,2710,2955,3147,3143,3144,3132
3014,3015,3004,2999,3009,2991,2992,2973,2980,2969,2987,2986,3023,2970,2982,2995,2993,3013,3000,2976,2978,3013,3003,3010,2992,3003,2995,2985,2990,3000,2999,2993,3001,3007,2987,2992,2994,2995,2981,3011,3015,2968,3009,2997,3003,3004,2985,2986,2977,2987
3522,3559,3560,3536,3534,3546,3553,3554,3552,3563,3554,3554,3558,3554,3551,3533,3574,3580,3552,3558,3540,3561,3560,3552,3537,3572,3541,3571,3555,3571,3527,3542,3534,3545,3545,3557,3517,3574,3563,3548,3553,3567,3543,3545,3534,3535,3548,3551,3542,3551
3005,3008,2997,3021,3010,3008,3004,3000,2999,3008,3036,3003,3037,2991,2995,2999,2993,3000,3005,3029,2994,3006,3051,2993,3019,3045,3004,2992,2996,3002,2996,2997,3009,3007,2997,3013,3029,3009,2988,2970,2999,3002,2980,3039,3015,3008,3008,3014,2998,2981
46,53,67,68,42,48,47,39,54,51,33,62,47,58,67,65,57,42,40,46,37,56,107,141,203,250,314,390,469,544,609,710,816,904,1007,1091,1234,1313,1441,1549,1663,1798,1889,2033,2184,2288,2442,2586,2722,2878
2930,2935,2913,2921,2934,2918,2954,2937,2911,2916,2913,2917,2918,2955,2938,2934,2910,2938,2928,2923,2923,2932,2930,2919,2916,2946,2950,2943,2955,2936,2941,2927,2948,2912,2943,2955,2916,2950,2951,2946,2922,2915,2922,2952,2927,2913,2930,2961,2914,2951
63,40,36,52,39,50,27,40,27,35,35,54,38,26,28,42,25,35,67,53,57,44,37,52,32,49,53,47,22,40,35,48,58,28,29,45,61,77,138,186,282,326,408,484,568,653,749,845,977,1064
28,34,39,12,20,30,41,23,36,24,21,34,39,12,14,44,40,109,242,345,466,548,672,796,889,990,1106,1220,1310,1426,1559,1674,1771,1748,1742,1767,1765,1751,1772,1748,1742,1760,1761,1740,1781,1773,1768,1768,1778,1754
41,46,75,71,32,60,57,70,41,45,61,63,52,79,60,56,35,44,35,53,74,42,44,50,44,65,38,64,275,492,741,994,1199,1448,1664,1913,2163,2389,2608,2630,2592,2618,2624,2604,2613,2595,2595,2611,2618,2598
37,30,45,65,30,62,57,33,63,27,42,61,188,348,542,689,835,965,1151,1300,1484,1621,1789,1928,2099,2266,2419,2434,2428,2418,2435,2445,2436,2433,2427,2417,2419,2433,2431,2436,2423,2409,2418,2416,2451,2414,2427,2433,2435,2440
6,0,0,18,13,19,13,24,182,348,496,655,827,975,1149,1313,1469,1637,1804,1968,2144,2309,2471,2444,2481,2472,2486,2461,2459,2478,2484,2462,2468,2488,2490,2465,2469,2469,2477,2470,2473,2478,2463,2483,2465,2476,2472,2463,2465,2466
26,37,30,40,59,4,28,48,37,69,108,138,133,181,225,233,284,355,361,404,443,489,541,621,629,697,757,796,864,900,977,1022,1071,1183,1225,1303,1361,1428,1501,1572,1559,1558,1563,1533,1551,1541,1570,1575,1568,1567
2784,2823,2822,2803,2845,2795,2788,2811,2830,2825,2795,2813,2783,2805,2788,2796,2810,2828,2791,2802,2780,2793,2806,2809,2816,2812,2810,2800,2794,2799,2802,2811,2793,2823,2811,2826,2799,2789,2780,2779,2832,2803,2800,2799,2801,2799,2813,2777,2816,2798
25,10,18,25,36,31,23,46,11,44,33,27,42,11,28,17,24,35,22,18,38,50,36,33,28,19,23,23,191,382,537,722,878,1054,1227,1390,1551,1748,1909,2060,2245,2421,2598,2746,2934,3083,3270,3440,3446,3469
40,34,57,47,52,7,19,30,24,31,22,21,34,40,27,37,35,23,27,27,55,21,39,24,32,32,35,28,68,101,98,167,211,214,286,318,355,397,435,493,553,601,646,713,786,833,903,950,1017,1088
1582,1587,1556,1574,1568,1590,1568,1574,1565,1581,1586,1582,1572,1578,1586,1576,1593,1578,1605,1592,1573,1600,1573,1597,1554,1565,1566,1573,1579,1605,1592,1578,1604,1553,1574,1586,1594,1566,1560,1573,1560,1588,1565,1556,1585,1574,1557,1578,1590,1623
0,27,29,34,19,9,37,42,35,43,28,17,50,30,39,46,32,27,35,65,13,20,11,24,73,158,285,382,527,694,875,1055,1249,1470,1664,1913,2148,2393,2644,2905,3194,3472,3770,4065,4064,4079,4075,4071,4067,4044
1771,1764,1777,1774,1775,1765,1742,1762,1778,1760,1797,1761,1752,1782,1783,1740,1798,1771,1758,1772,1760,1772,1764,1768,1747,1806,1795,1778,1772,1756,1791,1745,1771,1768,1778,1756,1756,1783,1763,1781,1760,1766,1750,1760,1719,1793,1769,1768,1748,1787
44,20,28,11,46,29,15,0,30,46,27,47,26,0,45,23,23,18,40,162,302,412,549,683,804,961,1090,1207,1319,1444,1600,1715,1873,1987,2115,2249,2240,2246,2267,2264,2247,2257,2262,2246,2226,2249,2229,2278,2244,2264
39,73,39,74,63,30,29,69,50,25,35,47,59,50,47,59,52,52,64,47,62,49,65,52,56,39,50,350,610,887,1128,1464,1714,1993,2262,2535,2811,3086,3378,3372,3389,3370,3348,3366,3366,3375,3370,3383,3353,3397
56,60,41,33,38,67,41,60,46,55,65,62,74,46,50,44,49,38,60,40,64,43,51,71,30,40,56,30,58,62,59,192,339,466,595,724,890,1028,1134,1314,1443,1586,1703,1867,1997,2111,2256,2417,2521,2652
2012,1982,2012,2005,1995,2005,2022,2010,1991,1991,2028,2026,2005,2004,2003,1993,1989,2011,1996,1998,2045,2001,2031,1984,2009,2033,2015,1992,2011,1995,2032,2023,1998,2021,2018,2025,2020,1977,2014,2001,2004,2023,2001,2017,2011,2023,2021,2007,2018,2036
38,37,29,37,42,46,35,33,51,30,40,39,53,48,23,31,60,87,107,192,234,287,377,432,519,585,694,769,848,965,1056,1166,1275,1386,1500,1590,1706,1849,1962,2092,2227,2374,2477,2619,2776,2905,3037,3209,3365,3339
2665,2669,2653,2621,2635,2675,2643,2660,2689,2670,2652,2671,2676,2642,2665,2658,2673,2651,2693,2675,2677,2684,2654,2676,2680,2676,2654,2652,2662,2671,2655,2669,2679,2663,2663,2673,2664,2663,2658,2712,2692,2689,2675,2676,2706,2666,2654,2669,2680,2675
40,67,25,54,52,51,62,37,49,40,53,43,54,41,53,33,50,257,493,700,918,1146,1339,1570,1794,2023,2236,2437,2670,2895,3123,3344,3557,3786,4018,3998,3987,3980,3979,4002,4001,3999,4006,3978,3982,3976,4006,4021,3981,3985
23,8,6,32,31,10,41,37,58,108,166,242,348,424,543,642,770,875,997,1153,1297,1418,1605,1760,1907,2076,2255,2418,2631,2798,2986,3191,3394,3390,3402,3376,3378,3395,3402,3378,3408,3405,3393,3410,3375,3408,3407,3418,3399,3391
0,19,12,16,0,9,15,0,15,7,22,36,133,245,384,510,631,771,871,1016,1136,1272,1388,1499,1620,1742,1865,2019,2109,2240,2377,2360,2395,2392,2379,2398,2383,2369,2368,2378,2384,2383,2343,2380,2364,2385,2378,2368,2388,2377
47,37,49,41,56,41,127,266,367,522,622,733,857,987,1100,1208,1327,1480,1559,1677,1812,1930,2047,2149,2284,2407,2530,2518,2516,2537,2515,2518,2513,2538,2502,2503,2529,2515,2528,2533,2523,2510,2517,2527,2513,2506,2497,2508,2533,2525
14,15,6,21,19,16,8,0,25,11,12,20,37,0,7,36,17,13,34,13,5,28,15,13,23,14,40,18,2,15,19,203,363,543,732,901,1085,1267,1434,1638,1811,1977,2172,2361,2515,2698,2847,3043,3224,3244
1792,1800,1792,1821,1767,1773,1810,1791,1807,1806,1798,1802,1794,1797,1802,1778,1779,1779,1811,1815,1808,1829,1800,1774,1803,1808,1824,1786,1810,1801,1793,1769,1817,1808,1799,1799,1806,1781,1822,1784,1815,1809,1792,1770,1824,1794,1800,1814,1803,1801
23,14,19,41,26,28,17,239,500,693,963,1190,1407,1643,1871,2122,2334,2565,2777,3038,3252,3516,3725,3959,3971,3970,3966,3957,3960,3959,3969,3967,3956,3964,3950,3977,3956,3974,3961,3966,3954,3946,3954,3958,3968,3964,3948,3969,3962,3968
41,45,64,55,49,43,62,45,63,52,31,56,31,54,63,307,585,822,1135,1374,1635,1878,2110,2402,2672,2932,3183,3467,3458,3441,3447,3447,3471,3451,3445,3449,3464,3449,3457,3442,3463,3458,3452,3454,3433,3457,3448,3463,3471,3456
3983,3994,3987,4026,3989,3961,3994,3987,3974,4001,3999,3976,3967,3979,3988,4000,3974,3992,3994,4005,3997,3973,3997,3989,3975,4000,3986,3968,3987,4027,3983,3942,4006,3978,3976,3995,3997,3987,3995,3987,3993,4009,3991,4006,4004,4007,3985,3996,4004,3981
18,30,41,29,33,25,8,17,27,52,19,33,15,37,28,0,25,33,29,9,30,5,40,58,202,359,524,684,866,1024,1202,1364,1537,1716,1857,2033,2200,2204,2223,2215,2212,2218,2207,2231,2206,2208,2226,2192,2200,2213
11,23,19,12,0,19,35,9,26,14,0,26,7,19,18,43,15,16,102,228,328,438,549,659,754,854,962,1060,1168,1274,1384,1495,1618,1729,1818,1926,1907,1928,1911,1954,1917,1928,1928,1926,1935,1929,1930,1924,1916,1918
2810,2783,2788,2796,2777,2790,2785,2776,2769,2760,2759,2780,2777,2780,2780,2776,2788,2817,2759,2772,2793,2780,2783,2794,2790,2824,2764,2787,2773,2763,2754,2770,2805,2780,2791,2783,2763,2794,2803,2769,2762,2802,2764,2786,2782,2773,2786,2772,2799,2799
62,44,65,54,67,69,59,60,59,44,49,65,54,78,49,53,63,55,71,63,67,68,49,61,54,267,458,670,860,1071,1281,1488,1699,1936,2131,2351,2549,2749,2734,2745,2742,2746,2741,2751,2747,2750,2728,2773,2739,2744
19,24,16,14,23,30,34,41,27,12,41,32,23,19,31,43,13,25,34,27,22,34,43,24,37,35,16,5,33,16,15,29,24,113,239,356,470,553,666,786,901,971,1111,1206,1318,1424,1544,1605,1741,1869
27,25,14,11,29,35,21,0,18,15,13,11,28,48,36,34,10,18,33,0,26,15,2,25,45,27,15,36,56,105,183,277,338,484,570,700,866,965,1132,1285,1438,1628,1793,1936,2146,2326,2541,2691,2736,2720
59,66,51,45,69,36,54,88,131,161,217,310,342,417,502,550,647,731,811,923,986,1106,1198,1295,1412,1510,1592,1725,1828,1957,2074,2178,2338,2456,2593,2584,2600,2559,2610,2570,2596,2581,2581,2589,2604,2586,2595,2583,2590,2574
11,0,4,6,23,43,0,6,5,17,22,17,32,22,40,11,22,4,9,31,9,13,12,240,424,651,855,1072,1284,1489,1713,1922,2129,2336,2547,2779,2962,3179,3390,3622,3791,3818,3811,3814,3801,3805,3817,3814,3798,3818
62,78,44,69,62,56,257,434,624,832,1034,1218,1425,1600,1820,1988,2174,2201,2185,2198,2202,2189,2203,2217,2184,2196,2195,2190,2185,2207,2180,2189,2186,2185,2187,2199,2194,2211,2183,2194,2180,2200,2186,2214,2203,2182,2207,2191,2200,2170
64,59,65,63,55,57,52,55,46,45,65,49,59,59,61,56,59,53,54,57,66,48,61,56,62,61,51,52,41,59,54,63,56,58,54,58,59,60,60,57,58,50,61,59,58,53,62,56,59,60
2188,2187,2184,2167,2191,2187,2158,2188,2165,2187,2158,2184,2165,2176,2172,2174,2186,2214,2196,2189,2181,2216,2209,2179,2154,2196,2172,2202,2193,2157,2180,2181,2201,2183,2200,2226,2187,2175,2178,2176,2174,2203,2208,2187,2171,2179,2185,2197,2193,2190
55,42,52,34,52,48,32,48,39,37,86,128,217,278,352,466,562,622,737,857,947,1048,1186,1309,1448,1583,1721,1855,2002,2157,2324,2469,2613,2799,2953,3118,3114,3121,3133,3128,3124,3139,3125,3112,3120,3132,3122,3117,3116,3116
42,38,53,46,42,50,57,50,55,38,46,56,53,66,55,59,74,64,65,54,45,62,48,62,67,71,71,54,48,48,47,49,80,35,44,46,66,116,161,199,281,321,370,469,558,658,749,848,931,1039
27,27,37,44,27,43,27,33,47,29,37,25,32,38,38,29,34,25,39,32,19,31,36,37,28,30,33,22,46,39,42,36,43,27,39,37,39,30,31,35,28,41,32,37,20,39,31,37,30,37
53,53,77,36,74,42,53,54,61,63,59,46,58,55,48,44,50,56,54,272,491,706,946,1169,1401,1606,1840,2068,2288,2521,2737,2958,3166,3392,3627,3828,3835,3840,3889,3872,3842,3837,3846,3876,3853,3850,3856,3822,3857,3847
48,70,75,49,43,45,84,47,53,40,86,42,58,57,68,79,43,67,47,76,73,51,54,94,130,167,230,293,386,442,519,652,717,836,944,1067,1164,1283,1418,1549,1665,1826,1957,2111,2241,2400,2549,2715,2873,3054
37,19,27,16,16,22,37,30,41,29,46,50,24,8,16,32,35,43,69,116,190,279,346,430,541,699,820,955,1104,1237,1387,1559,1752,1890,2061,2272,2447,2628,2826,3031,3259,3232,3230,3247,3246,3235,3248,3245,3264,3256
27,31,35,18,31,47,56,42,51,33,36,10,29,29,36,31,14,29,27,51,32,51,137,260,369,460,565,689,799,885,1018,1112,1218,1363,1415,1522,1632,1762,1729,1764,1747,1743,1771,1772,1761,1758,1747,1743,1770,1762
56,46,41,63,55,43,55,82,50,65,56,57,62,63,37,58,66,62,67,73,66,76,57,56,84,40,52,49,49,63,51,77,61,55,55,60,239,386,524,698,850,1006,1168,1292,1474,1640,1813,1951,2115,2283
57,67,49,37,74,58,67,86,46,61,69,112,162,218,281,352,428,488,594,668,792,894,963,1091,1195,1316,1410,1532,1673,1808,1953,2057,2211,2339,2516,2639,2814,2974,3095,3260,3429,3592,3774,3939,3941,3931,3935,3932,3944,3941
41,44,45,35,31,32,36,38,36,40,34,36,38,38,43,42,43,29,36,38,38,34,38,40,29,24,38,40,46,43,34,33,37,28,31,28,56,35,49,26,41,28,39,36,37,37,40,30,34,33
13,14,33,25,30,20,30,14,23,28,30,17,38,29,27,24,19,28,32,14,24,26,35,30,32,28,28,26,26,17,27,32,24,23,35,33,31,18,32,21,20,29,27,28,26,32,24,21,22,35
39,59,38,21,20,25,40,31,38,34,8,26,21,53,24,22,28,38,32,15,46,38,76,121,208,294,395,533,651,773,941,1100,1249,1406,1613,1794,1955,2159,2366,2564,2779,2993,3252,3242,3232,3225,3229,3219,3227,3220
2866,2886,2877,2852,2863,2851,2864,2885,2878,2878,2874,2875,2876,2892,2873,2849,2871,2895,2885,2863,2873,2875,2876,2851,2882,2872,2867,2864,2865,2861,2860,2846,2882,2874,2838,2863,2875,2867,2873,2862,2865,2864,2871,2875,2883,2876,2847,2878,2874,2854
3758,3780,3760,3775,3782,3772,3774,3803,3796,3779,3754,3808,3782,3786,3779,3781,3783,3747,3797,3775,3779,3785,3785,3775,3786,3782,3783,3772,3785,3799,3772,3804,3778,3770,3786,3755,3791,3788,3799,3763,3789,3778,3777,3761,3787,3764,3777,3801,3771,3776
46,33,60,50,49,57,50,34,45,36,32,57,59,39,51,45,394,752,1107,1476,1834,2176,2552,2895,3261,3592,3989,3970,3990,3966,3983,3972,3987,3954,3962,3986,3980,3978,3964,4011,3961,3955,3988,3977,3957,3986,3986,3972,3965,3982
40,40,26,47,48,45,50,62,55,26,63,11,37,37,34,37,23,47,36,37,68,34,40,32,37,88,110,194,265,363,465,595,698,825,950,1112,1268,1417,1576,1744,1924,2097,2284,2456,2695,2875,3074,3286,3494,3726
2134,2143,2131,2125,2119,2147,2126,2144,2101,2153,2118,2128,2129,2142,2167,2129,2124,2145,2153,2133,2116,2143,2139,2128,2149,2119,2120,2132,2119,2145,2147,2107,2164,2132,2143,2128,2148,2132,2141,2113,2142,2145,2132,2142,2134,2134,2148,2145,2156,2149
16,15,31,28,10,27,36,9,4,199,405,575,772,966,1149,1340,1533,1722,1904,2105,2264,2474,2658,2852,3016,3221,3422,3599,3778,3976,3952,3948,3989,3984,3972,3968,3984,3965,3960,3975,3977,3973,3953,3966,3962,3965,3972,3979,3969,3944
15,23,4,28,16,13,19,28,20,37,61,88,110,165,180,225,310,350,390,463,524,578,642,716,774,862,921,1019,1057,1164,1245,1331,1429,1507,1588,1677,1780,1872,1954,2060,2182,2254,2259,2219,2265,2252,2236,2265,2257,2270
3635,3671,3645,3658,3667,3677,3644,3656,3657,3651,3667,3637,3658,3628,3659,3661,3654,3635,3642,3682,3658,3650,3646,3632,3653,3666,3666,3643,3646,3649,3669,3641,3629,3656,3646,3643,3656,3674,3657,3647,3653,3653,3661,3648,3638,3646,3642,3640,3647,3654
6,1,0,6,17,0,2,0,13,20,9,14,0,11,0,6,0,23,166,347,506,657,854,994,1186,1356,1531,1698,1839,1999,2172,2356,2536,2685,2847,3044,3025,3049,3024,3019,3016,3021,3031,3035,3030,3043,3031,3019,3008,2981
50,43,26,39,62,52,58,27,52,42,25,54,56,142,219,319,439,551,675,848,999,1156,1313,1494,1695,1883,2084,2286,2509,2734,2972,3195,3413,3668,3675,3662,3672,3667,3668,3678,3696,3660,3656,3661,3651,3651,3673,3678,3670,3668
3539,3546,3495,3543,3529,3514,3553,3512,3521,3573,3535,3533,3516,3551,3538,3506,3513,3537,3533,3519,3549,3514,3518,3524,3522,3540,3547,3531,3526,3536,3521,3518,3515,3538,3536,3556,3496,3514,3510,3527,3524,3555,3505,3546,3528,3534,3524,3528,3549,3518
3508,3474,3502,3485,3518,3515,3521,3493,3499,3539,3499,3516,3493,3522,3512,3494,3529,3493,3487,3513,3511,3510,3497,3505,3504,3512,3511,3500,3516,3471,3541,3516,3513,3518,3503,3519,3528,3511,3492,3521,3514,3504,3500,3503,3509,3520,3497,3500,3491,3477
3503,3487,3486,3523,3498,3505,3485,3510,3490,3511,3514,3493,3499,3528,3524,3512,3501,3524,3492,3510,3513,3533,3506,3497,3513,3499,3514,3500,3500,3545,3512,3510,3510,3512,3517,3499,3503,3530,3493,3519,3505,3485,3513,3473,3527,3480,3528,3506,3499,3509
10,14,31,1,0,3,13,2,4,27,13,3,18,30,32,38,24,3,0,27,4,19,8,28,26,22,26,32,4,21,4,31,14,281,575,847,1087,1353,1621,1889,2161,2432,2708,2984,2984,2984,2983,3004,2983,2979
22,8,16,9,13,14,24,36,30,29,40,0,0,7,32,21,14,22,7,48,64,137,157,214,291,384,421,537,615,703,825,916,1021,1103,1214,1327,1477,1588,1713,1842,1977,2106,2272,2383,2524,2672,2812,2972,3130,3296
10,5,2,0,24,3,2,15,3,3,0,0,0,0,157,312,446,586,743,881,1020,1154,1321,1463,1573,1734,1871,2025,2155,2319,2312,2307,2325,2300,2330,2310,2314,2291,2285,2314,2328,2308,2304,2295,2302,2319,2275,2313,2321,2307
58,49,54,75,43,82,74,131,194,251,332,435,537,636,754,894,1003,1135,1268,1415,1591,1723,1891,2039,2212,2373,2574,2568,2582,2568,2551,2559,2565,2554,2571,2558,2563,2545,2585,2560,2555,2562,2560,2593,2563,2573,2559,2573,2555,2566
2011,2019,1996,2000,2028,2010,1983,1993,1985,1991,1983,1981,2010,1992,2011,2018,1999,2006,1975,2025,2005,1991,2003,2014,1996,2006,1982,1992,1993,1985,1991,1984,2001,2012,1988,1976,1993,2007,1988,2000,2006,2008,2011,1998,2022,1971,1999,1982,2010,1989
22,36,35,39,49,39,48,19,43,18,0,34,45,28,18,35,1,27,24,45,24,17,22,33,156,269,399,537,628,747,856,997,1119,1243,1376,1482,1593,1721,1830,1940,1982,1934,1960,1963,1936,1957,1957,1946,1976,1957
19,10,0,27,12,18,23,2,21,6,14,33,44,23,22,27,7,30,24,34,49,76,109,144,153,219,250,278,314,373,420,478,530,570,628,698,755,799,856,928,999,1056,1120,1179,1251,1323,1417,1470,1539,1611
27,31,49,34,42,30,38,32,45,33,37,39,57,201,345,502,648,819,974,1102,1264,1432,1573,1752,1882,2041,2219,2358,2508,2488,2497,2502,2496,2496,2496,2481,2502,2494,2477,2488,2488,2495,2501,2510,2506,2517,2485,2482,2497,2536
26,56,48,58,76,62,56,22,48,34,63,43,73,48,49,64,82,143,159,236,285,367,409,492,543,610,715,799,881,962,1058,1154,1238,1332,1450,1559,1666,1783,1900,1996,2117,2279,2394,2483,2636,2760,2886,3057,3165,3307
1665,1711,1671,1680,1678,1701,1643,1681,1684,1681,1668,1680,1684,1684,1664,1680,1714,1678,1696,1685,1682,1688,1690,1660,1695,1677,1675,1670,1663,1672,1690,1675,1673,1663,1697,1665,1674,1692,1694,1658,1675,1684,1695,1676,1685,1711,1696,1673,1698,1666
65,56,53,54,69,27,75,61,66,60,56,44,88,52,57,80,44,46,68,37,38,74,58,62,42,286,518,731,938,1176,1430,1604,1839,2069,2297,2505,2755,2950,3165,3415,3631,3853,4070,4085,4078,4071,4063,4044,4068,4078
29,21,37,49,33,30,14,25,44,23,44,11,22,17,16,43,14,9,35,17,11,15,18,31,12,11,11,33,27,48,24,97,231,335,428,506,607,724,834,920,1016,1126,1244,1317,1429,1517,1609,1732,1806,1918
3448,3438,3438,3439,3435,3403,3421,3460,3475,3459,3425,3445,3446,3433,3429,3418,3425,3430,3446,3436,3438,3438,3442,3432,3452,3422,3438,3437,3414,3452,3419,3433,3425,3437,3442,3439,3426,3399,3463,3436,3425,3428,3452,3419,3431,3413,3406,3427,3435,3452
0,0,2,3,0,0,0,0,14,17,9,0,5,5,4,12,7,10,29,32,0,17,125,264,384,480,588,724,843,962,1089,1170,1280,1403,1541,1662,1780,1897,2025,2026,2026,2024,2035,2021,2024,2014,2016,2008,2039,2028
44,74,59,54,44,53,37,73,107,167,263,346,447,550,656,774,899,1015,1140,1311,1446,1612,1767,1930,2098,2268,2461,2657,2839,2847,2836,2840,2839,2838,2834,2867,2823,2852,2849,2840,2848,2839,2848,2829,2847,2832,2826,2841,2858,2852
46,46,54,71,62,55,50,61,58,220,406,547,747,924,1100,1296,1458,1656,1808,1969,2172,2334,2352,2327,2346,2357,2347,2335,2345,2376,2326,2336,2326,2333,2341,2344,2350,2310,2340,2343,2344,2346,2343,2330,2310,2332,2338,2327,2334,2339
28,57,39,38,45,38,58,24,30,32,50,44,38,48,47,49,17,66,39,35,51,48,31,59,34,34,48,44,31,51,62,62,79,121,130,193,250,294,371,457,534,632,722,791,882,986,1097,1217,1334,1446
25,53,18,38,28,37,23,40,23,51,45,37,56,50,63,23,38,31,41,29,47,48,47,30,20,336,653,939,1280,1587,1867,2188,2485,2799,3124,3111,3095,3105,3116,3111,3090,3119,3122,3107,3105,3125,3103,3118,3093,3103
3588,3567,3560,3556,3578,3559,3564,3573,3581,3573,3571,3558,3575,3584,3583,3585,3592,3600,3591,3583,3587,3588,3599,3563,3576,3597,3602,3559,3587,3567,3579,3584,3567,3592,3558,3585,3547,3579,3547,3602,3544,3607,3590,3555,3595,3586,3618,3616,3564,3583
4,16,29,0,41,23,13,29,14,35,11,12,4,35,6,2,16,9,25,29,0,15,26,24,16,44,111,215,331,432,576,731,857,1038,1201,1362,1565,1775,1988,2191,2414,2646,2871,3128,3367,3618,3632,3626,3656,3629
42,53,19,42,35,47,24,45,60,56,44,53,41,60,35,69,55,77,36,36,55,49,49,33,48,34,51,39,42,46,23,38,25,54,56,113,137,185,198,249,299,340,385,462,507,569,628,720,748,831
3063,3103,3056,3059,3070,3071,3059,3088,3074,3068,3046,3062,3055,3047,3072,3073,3079,3056,3075,3081,3076,3053,3065,3057,3072,3056,3090,3065,3059,3056,3059,3070,3070,3079,3084,3078,3073,3051,3053,3060,3055,3066,3099,3057,3090,3087,3062,3055,3070,3068
3161,3149,3145,3158,3143,3144,3132,3147,3131,3173,3167,3164,3177,3139,3143,3181,3147,3168,3137,3144,3132,3137,3130,3169,3145,3143,3177,3162,3138,3135,3141,3144,3123,3167,3137,3123,3142,3138,3137,3131,3137,3127,3159,3160,3161,3124,3145,3155,3137,3162
10,32,23,2,38,25,52,23,66,145,245,337,465,576,729,899,1107,1239,1442,1607,1802,2031,2234,2476,2704,2939,3187,3479,3718,3708,3699,3706,3717,3707,3688,3694,3710,3698,3717,3701,3719,3686,3676,3724,3684,3689,3705,3680,3682,3716
46,28,31,18,22,26,40,43,8,41,31,28,28,25,26,36,21,39,14,25,56,26,17,20,40,44,13,33,276,493,751,957,1222,1453,1689,1928,2156,2411,2651,2867,3121,3345,3330,3344,3343,3350,3354,3354,3350,3361
30,22,14,20,49,21,31,8,10,46,31,20,81,112,190,273,351,475,571,694,815,963,1127,1285,1419,1594,1732,1931,2106,2304,2459,2713,2871,3096,3092,3081,3072,3078,3060,3073,3075,3066,3067,3101,3083,3096,3095,3066,3082,3113
2326,2330,2333,2320,2321,2334,2340,2352,2348,2352,2340,2351,2341,2315,2319,2339,2368,2362,2377,2299,2351,2325,2318,2351,2330,2338,2360,2326,2340,2370,2323,2344,2346,2363,2346,2343,2344,2383,2364,2356,2328,2341,2355,2337,2338,2343,2332,2347,2319,2370
3044,3024,3027,3046,3040,3040,3028,3037,3024,3021,3031,3058,3017,3024,3035,3028,3036,3045,3023,3019,3013,3045,3028,3043,3043,3028,3033,3046,3028,3019,3039,3005,3040,3050,3057,3041,3028,3035,3011,3030,3058,3037,3052,3038,3012,3054,3048,3034,3060,3011
3958,3950,3936,3912,3943,3943,3910,3923,3935,3927,3917,3944,3926,3912,3927,3913,3949,3930,3934,3951,3934,3944,3929,3947,3952,3950,3922,3939,3937,3941,3952,3964,3935,3928,3922,3923,3924,3947,3945,3960,3923,3931,3918,3935,3924,3933,3942,3936,3915,3933
19,16,35,47,25,24,10,18,19,35,40,18,10,12,7,19,11,42,7,29,42,18,3,18,2,16,20,28,23,25,21,29,51,102,115,160,185,225,261,307,329,389,449,503,524,580,653,716,752,819
36,39,60,67,52,68,47,54,49,31,52,45,57,57,47,32,41,41,76,49,38,54,50,57,55,47,53,54,61,48,43,40,57,14,60,109,185,236,313,399,492,587,680,792,926,1028,1141,1273,1427,1559
0,30,8,32,0,0,0,12,6,8,1,29,17,21,6,16,2,7,21,0,6,25,24,7,19,7,24,185,355,511,687,868,1030,1211,1365,1540,1716,1872,2052,2210,2231,2224,2203,2220,2228,2235,2231,2210,2204,2242
35,28,37,26,36,21,33,12,15,5,22,21,25,26,31,36,1,16,45,32,29,30,37,31,65,105,172,243,323,417,553,641,757,907,1020,1163,1309,1469,1623,1782,1946,2131,2303,2457,2668,2837,3077,3253,3252,3247
17,24,42,42,34,32,23,30,30,36,18,36,42,33,23,57,63,84,148,153,202,258,309,333,420,453,513,585,676,726,800,859,942,1035,1103,1180,1241,1331,1433,1530,1587,1689,1708,1688,1703,1682,1707,1714,1701,1715
47,46,35,39,56,64,46,51,47,48,46,59,52,46,44,62,52,41,62,58,45,52,57,50,40,58,57,64,78,138,229,298,405,553,664,785,951,1102,1237,1387,1572,1737,1960,2113,2310,2529,2715,2948,3183,3385
44,50,32,50,8,27,19,10,45,34,7,38,34,38,46,23,45,21,46,36,50,45,54,79,105,154,180,209,257,293,318,375,447,483,519,578,641,695,786,820,879,952,1011,1069,1167,1240,1290,1383,1465,1543
13,17,30,0,19,23,29,0,9,28,62,69,155,188,257,319,386,462,554,642,724,811,922,984,1081,1184,1317,1390,1516,1618,1756,1858,1998,2137,2251,2372,2526,2659,2801,2916,3073,3069,3039,3053,3060,3074,3080,3060,3071,3051
2753,2748,2722,2724,2733,2726,2750,2729,2721,2719,2727,2734,2737,2730,2738,2722,2716,2726,2718,2709,2724,2704,2734,2717,2714,2717,2727,2714,2710,2727,2729,2727,2700,2733,2739,2753,2697,2735,2739,2733,2720,2745,2722,2740,2729,2726,2722,2723,2743,2710
32,43,50,43,25,40,31,51,20,11,43,56,53,28,51,42,38,36,33,37,46,49,58,328,661,931,1279,1574,1866,2171,2461,2795,3071,3391,3692,4006,3977,3998,3995,3971,3978,3990,4000,3991,4004,3984,3965,3985,4002,3990
3202,3171,3184,3188,3184,3208,3171,3176,3169,3165,3191,3164,3172,3139,3185,3190,3159,3153,3186,3176,3164,3147,3199,3162,3173,3166,3184,3186,3172,3195,3184,3192,3167,3193,3188,3159,3183,3191,3181,3152,3147,3171,3154,3165,3160,3185,3167,3167,3163,3170
48,15,18,13,29,8,31,0,9,7,6,25,39,33,9,44,39,25,36,20,22,50,44,34,18,26,38,60,107,164,225,285,349,427,500,567,646,766,838,974,1054,1175,1262,1353,1475,1626,1714,1849,1968,2108
60,59,52,40,52,45,55,65,27,57,80,33,61,62,78,63,43,78,66,71,55,73,50,55,36,64,66,41,64,61,58,73,81,53,54,290,540,748,989,1247,1461,1689,1938,2164,2387,2615,2868,3085,3303,3557
57,69,55,65,62,60,53,61,89,133,151,190,239,255,284,369,428,479,521,602,666,726,810,884,922,1026,1087,1170,1253,1325,1413,1492,1591,1603,1591,1568,1562,1599,1596,1598,1585,1600,1577,1598,1584,1592,1603,1590,1596,1613
61,38,46,57,60,51,39,64,65,71,64,54,37,48,30,48,54,42,45,44,70,75,34,57,64,54,79,159,209,260,316,397,471,562,662,743,849,932,1027,1140,1235,1373,1503,1620,1731,1853,1981,2128,2265,2404
14,30,6,19,27,7,10,14,21,9,5,16,32,20,25,2,21,0,20,14,22,23,25,78,119,179,242,289,353,439,514,630,706,813,907,1031,1126,1233,1347,1481,1607,1707,1864,1975,1987,1990,1999,1993,1987,1977
21,14,22,29,15,27,17,25,24,18,13,38,0,14,6,45,5,31,43,19,44,27,35,21,6,25,23,13,44,16,18,25,25,30,58,70,121,181,224,285,372,451,557,611,710,823,907,1041,1111,1223
3476,3469,3477,3465,3451,3492,3465,3466,3489,3437,3446,3491,3471,3484,3494,3456,3473,3445,3481,3481,3493,3484,3486,3477,3510,3476,3468,3499,3482,3471,3450,3446,3463,3467,3446,3461,3507,3446,3460,3461,3472,3477,3473,3459,3470,3480,3441,3489,3461,3488
2691,2728,2713,2715,2719,2714,2702,2701,2709,2718,2703,2711,2695,2697,2690,2712,2719,2713,2704,2716,2703,2741,2696,2698,2717,2713,2707,2734,2720,2681,2720,2714,2738,2686,2714,2711,2712,2728,2728,2719,2695,2730,2714,2714,2728,2738,2718,2720,2704,2711
58,64,57,60,58,54,55,55,62,56,69,54,54,52,58,55,56,65,57,56,60,60,63,64,61,64,54,58,59,59,77,65,65,57,58,63,68,53,56,57,60,63,63,61,54,57,50,64,59,52
45,44,44,43,50,47,62,53,51,48,48,41,42,43,40,49,40,51,48,59,51,43,41,58,44,45,47,49,59,50,50,49,50,54,46,46,55,46,46,57,48,49,47,46,48,48,55,44,61,46
17,0,27,3,0,35,6,28,0,22,10,11,16,22,8,14,18,12,0,16,74,130,219,297,416,492,610,707,827,957,1073,1209,1360,1506,1626,1816,1959,2143,2298,2477,2668,2831,3025,3214,3405,3610,3799,4025,3998,4007
4080,4046,4040,4046,4082,4056,4073,4054,4050,4064,4081,4069,4068,4090,4063,4038,4053,4068,4074,4056,4053,4050,4050,4077,4073,4060,4047,4056,4046,4085,4057,4047,4062,4059,4085,4072,4066,4071,4052,4044,4064,4057,4089,4060,4060,4026,4063,4051,4071,4083
4,10,0,7,8,5,14,0,17,17,34,74,75,126,154,211,233,307,339,410,470,503,577,608,686,748,812,900,970,1023,1098,1200,1268,1371,1400,1506,1602,1659,1750,1865,1855,1856,1840,1848,1845,1840,1855,1843,1861,1841
1525,1499,1519,1498,1498,1501,1533,1532,1519,1498,1499,1517,1523,1520,1529,1519,1504,1487,1495,1499,1533,1502,1498,1488,1516,1506,1506,1507,1500,1510,1484,1479,1505,1500,1498,1501,1510,1506,1523,1507,1510,1515,1527,1528,1500,1513,1508,1494,1529,1498
2277,2300,2258,2257,2290,2266,2277,2284,2266,2252,2268,2266,2265,2315,2279,2260,2269,2298,2298,2258,2296,2294,2295,2245,2283,2265,2281,2287,2265,2285,2273,2268,2267,2299,2254,2269,2258,2259,2287,2281,2293,2299,2241,2267,2263,2274,2285,2275,2273,2287
51,59,53,55,58,63,40,74,43,49,43,59,63,79,84,116,165,216,253,281,343,420,445,483,562,603,665,723,803,849,930,993,1048,1130,1204,1303,1375,1446,1549,1609,1705,1762,1872,1947,2051,2139,2245,2231,2217,2214
32,37,37,29,51,22,50,22,70,34,43,52,31,25,61,89,116,165,241,268,345,412,478,549,647,718,816,893,996,1093,1180,1280,1392,1495,1619,1717,1738,1725,1703,1714,1721,1728,1736,1725,1728,1735,1739,1733,1720,1738
2764,2744,2731,2774,2761,2754,2760,2737,2732,2757,2718,2744,2754,2771,2752,2763,2754,2761,2769,2777,2747,2735,2755,2715,2738,2756,2735,2771,2739,2746,2744,2723,2762,2745,2750,2760,2749,2744,2756,2744,2740,2756,2742,2759,2753,2765,2732,2761,2751,2757
46,70,69,61,49,65,51,39,42,40,46,56,43,34,62,58,53,44,45,64,66,51,53,60,48,59,388,696,1037,1384,1683,1992,2350,2670,2989,3329,3340,3328,3328,3328,3307,3309,3318,3325,3317,3326,3320,3307,3329,3322
2723,2746,2754,2727,2720,2764,2722,2732,2748,2733,2728,2729,2756,2748,2727,2753,2734,2754,2719,2765,2720,2758,2738,2742,2747,2762,2714,2750,2739,2745,2740,2758,2753,2755,2736,2736,2742,2761,2745,2760,2737,2732,2751,2736,2726,2743,2747,2735,2732,2742
11,30,18,21,3,4,10,34,23,19,21,3,21,21,14,17,32,4,28,13,33,37,53,95,137,192,239,299,347,452,514,579,639,739,813,890,979,1066,1154,1277,1397,1461,1591,1698,1778,1900,2031,2125,2293,2365
19,19,11,0,0,15,11,0,2,10,1,11,41,0,28,15,11,2,35,72,140,242,329,402,516,620,739,852,996,1134,1287,1422,1578,1743,1904,2080,2259,2414,2589,2805,2976,3190,3392,3394,3387,3377,3380,3369,3387,3375
49,50,63,68,57,69,44,59,51,75,71,64,59,56,61,70,50,52,53,67,76,217,360,520,681,824,970,1140,1276,1421,1597,1751,1750,1743,1737,1752,1727,1743,1743,1752,1735,1753,1738,1734,1752,1747,1740,1754,1729,1772
2358,2367,2362,2377,2394,2366,2372,2390,2384,2365,2382,2349,2391,2370,2361,2388,2372,2362,2361,2382,2338,2388,2387,2347,2351,2356,2350,2387,2388,2363,2348,2335,2372,2362,2389,2397,2367,2379,2376,2357,2381,2347,2365,2366,2381,2378,2343,2362,2380,2387
34,37,54,37,42,46,59,70,54,59,110,177,226,353,477,634,805,950,1123,1315,1486,1701,1898,2119,2366,2592,2846,3093,3341,3574,3858,3872,3862,3884,3861,3858,3878,3863,3858,3876,3856,3855,3848,3865,3888,3856,3865,3872,3860,3869
36,42,45,55,53,45,49,40,38,35,20,18,58,104,176,229,335,419,516,633,771,871,1018,1123,1272,1399,1555,1723,1876,2049,2197,2396,2375,2369,2375,2395,2371,2383,2395,2410,2394,2391,2364,2390,2385,2358,2378,2385,2379,2379
2292,2322,2281,2275,2276,2264,2294,2304,2274,2265,2270,2281,2283,2306,2277,2301,2297,2273,2264,2279,2309,2303,2288,2310,2302,2262,2288,2314,2318,2288,2295,2260,2280,2263,2286,2305,2303,2280,2295,2299,2276,2289,2285,2281,2297,2273,2303,2278,2304,2297
27,30,31,22,38,31,37,41,28,9,39,47,111,175,250,373,499,587,722,853,1002,1149,1278,1466,1621,1804,2003,2182,2368,2558,2767,2776,2755,2779,2771,2768,2750,2761,2780,2752,2753,2785,2783,2767,2767,2777,2759,2752,2766,2761
8,9,9,12,16,15,17,26,29,14,19,17,20,20,10,25,23,19,18,16,15,18,15,16,14,13,25,15,12,15,7,20,14,12,12,5,25,15,25,13,17,19,17,12,4,28,10,30,11,23
30,16,21,24,48,27,24,22,32,28,37,36,32,23,39,49,28,32,27,37,28,9,42,20,47,36,38,49,37,41,32,193,337,497,663,816,993,1143,1299,1473,1616,1789,1949,2114,2264,2436,2577,2756,2905,2901
2731,2702,2730,2699,2732,2730,2737,2723,2705,2722,2731,2733,2721,2718,2746,2740,2691,2730,2732,2728,2719,2710,2715,2725,2728,2720,2728,2704,2752,2739,2734,2755,2735,2734,2742,2740,2735,2735,2733,2730,2740,2731,2714,2729,2747,2715,2748,2727,2749,2710
63,48,47,77,50,66,59,55,39,53,64,70,67,64,44,34,68,63,47,66,73,51,52,61,58,54,50,76,56,64,34,48,163,309,456,570,714,805,966,1082,1205,1331,1450,1590,1721,1827,1842,1816,1855,1832
52,54,47,40,65,68,59,66,48,77,52,56,60,35,47,61,90,129,223,299,366,485,601,708,853,961,1118,1280,1445,1593,1767,1927,2103,2297,2495,2665,2887,2876,2868,2874,2874,2851,2880,2887,2876,2893,2897,2890,2897,2889
3857,3869,3869,3858,3854,3873,3868,3876,3880,3878,3877,3856,3869,3880,3879,3857,3875,3889,3898,3879,3866,3856,3874,3864,3865,3876,3900,3884,3866,3894,3860,3886,3878,3871,3873,3872,3867,3882,3895,3871,3897,3840,3854,3888,3858,3886,3889,3903,3899,3874
54,48,49,57,47,46,44,45,45,36,44,49,50,51,50,57,32,32,58,60,71,35,32,31,55,47,52,54,62,34,64,50,52,67,132,166,239,323,394,499,616,734,840,973,1103,1233,1390,1508,1685,1830
4,18,21,23,23,5,12,48,40,24,24,39,4,3,35,49,20,27,10,46,21,34,23,22,11,27,27,182,299,473,594,712,879,1028,1165,1321,1442,1606,1747,1760,1761,1743,1738,1750,1740,1735,1733,1738,1733,1743
2969,3009,2988,2972,2967,3004,2968,2982,2974,2983,2978,2964,2980,2975,2973,2948,2977,2978,2985,2975,2978,2961,2976,2987,2996,2965,2957,2994,2968,2990,2982,2962,3009,2984,2983,2966,2943,2933,2982,2968,3000,2972,2984,2952,2949,2980,2974,2987,2999,2968
29,30,33,29,39,20,9,35,18,24,41,32,31,0,13,32,49,15,34,36,36,43,21,40,402,758,1106,1502,1865,2202,2598,2951,3309,3675,3685,3646,3659,3680,3656,3672,3680,3684,3678,3657,3691,3680,3680,3690,3664,3673
15,25,9,27,17,9,44,27,24,18,5,23,9,0,40,0,19,16,0,18,28,12,17,34,1,24,38,19,22,0,26,174,298,480,643,789,934,1095,1230,1412,1515,1712,1837,2006,2171,2322,2487,2619,2615,2621
2150,2124,2170,2150,2118,2116,2134,2116,2137,2138,2154,2118,2151,2129,2162,2121,2126,2145,2139,2111,2158,2149,2158,2118,2129,2140,2132,2156,2151,2132,2147,2142,2139,2135,2126,2127,2158,2140,2130,2144,2140,2167,2140,2112,2124,2145,2147,2146,2170,2139
56,56,48,57,43,42,38,69,63,45,54,196,334,487,626,757,901,1077,1205,1341,1488,1620,1765,1909,2056,2182,2347,2344,2343,2327,2309,2320,2343,2349,2330,2333,2346,2335,2337,2326,2329,2319,2348,2311,2336,2341,2329,2331,2337,2323
47,65,65,78,34,70,78,54,95,65,79,181,271,404,534,682,859,1022,1230,1426,1624,1851,2090,2325,2552,2838,3064,3326,3616,3885,3918,3926,3905,3889,3890,3892,3892,3902,3923,3906,3904,3914,3898,3899,3873,3893,3909,3898,3890,3877
3528,3535,3527,3505,3554,3496,3544,3523,3521,3549,3511,3534,3532,3532,3517,3533,3527,3531,3531,3511,3542,3516,3554,3525,3540,3527,3545,3532,3535,3523,3522,3520,3525,3527,3493,3548,3511,3499,3543,3521,3519,3514,3538,3557,3547,3538,3530,3518,3518,3507
2588,2600,2567,2582,2589,2567,2609,2576,2586,2592,2561,2586,2574,2582,2551,2583,2564,2567,2579,2595,2564,2548,2586,2585,2606,2565,2596,2603,2603,2576,2579,2592,2576,2579,2563,2599,2590,2592,2587,2587,2587,2590,2571,2613,2595,2596,2587,2557,2577,2565
0,6,31,7,14,22,12,36,66,119,197,240,319,408,492,593,678,798,912,1038,1151,1264,1367,1535,1668,1790,1926,2068,2233,2373,2545,2707,2874,3027,3189,3190,3200,3183,3179,3197,3200,3196,3205,3176,3186,3178,3168,3198,3183,3184
61,52,49,58,71,57,35,62,56,64,54,55,32,54,39,40,69,35,24,42,64,55,47,63,39,44,30,30,19,59,46,37,78,36,298,539,789,1044,1306,1551,1788,2057,2303,2529,2788,3016,3033,3047,3033,3046
3346,3344,3325,3372,3322,3338,3340,3334,3311,3340,3327,3324,3320,3311,3348,3277,3320,3322,3348,3322,3305,3336,3330,3323,3348,3355,3324,3355,3354,3327,3297,3318,3334,3326,3345,3342,3325,3340,3341,3308,3321,3331,3329,3324,3318,3324,3355,3347,3297,3319
3945,3884,3899,3912,3903,3889,3886,3900,3908,3893,3910,3901,3923,3898,3900,3899,3904,3909,3904,3917,3898,3891,3908,3911,3879,3931,3913,3891,3892,3924,3938,3899,3916,3907,3905,3908,3905,3892,3902,3897,3882,3937,3913,3921,3910,3887,3917,3898,3887,3913
31,35,27,28,30,23,47,15,39,38,17,34,45,42,52,24,14,29,33,18,24,72,107,131,171,236,266,355,397,466,526,623,657,739,820,900,977,1073,1155,1249,1307,1430,1524,1612,1717,1821,1912,2027,2035,2015
25,29,22,43,16,26,25,24,2,47,24,15,43,0,47,8,26,26,25,23,1,38,13,37,17,0,39,13,30,38,21,32,90,139,244,291,398,505,587,720,831,981,1102,1231,1408,1531,1684,1832,2000,2186
3025,3022,3040,3047,3016,3030,3024,3029,3046,3036,3013,3039,3020,3035,3002,2997,3055,3012,3005,3037,3001,3045,3030,3044,3004,3058,3015,3025,3028,3037,3036,3046,3025,3043,3031,3053,3034,3019,3029,3026,3014,3017,3028,3019,3013,3007,3026,3006,3051,3032
23,0,33,3,23,17,0,4,24,23,19,17,0,30,97,186,236,349,428,551,650,814,915,1074,1229,1380,1518,1712,1887,2031,2222,2420,2615,2811,3008,3204,3420,3640,3867,4082,4089,4084,4089,4087,4083,4071,4095,4095,4095,4070
35,47,62,49,50,38,58,35,34,60,37,41,23,60,42,62,54,54,63,61,313,550,789,1035,1239,1491,1741,1991,2240,2443,2676,2956,3174,3406,3668,3909,3918,3902,3897,3899,3914,3917,3908,3901,3915,3896,3901,3918,3895,3933
55,29,34,29,42,42,31,32,44,43,44,32,57,29,49,35,60,43,21,22,21,45,69,151,197,259,318,398,478,547,650,721,841,936,1061,1166,1289,1402,1506,1651,1786,1766,1768,1761,1761,1772,1766,1769,1765,1755
1832,1822,1847,1840,1839,1822,1841,1844,1861,1851,1804,1854,1827,1808,1853,1836,1817,1843,1853,1829,1805,1824,1813,1852,1825,1835,1842,1835,1835,1841,1847,1808,1790,1831,1842,1830,1831,1837,1854,1832,1837,1817,1831,1844,1812,1842,1878,1840,1822,1851
32,28,6,7,11,32,6,31,9,15,43,29,6,19,31,38,61,82,124,188,269,302,386,470,556,643,728,822,887,1003,1080,1226,1310,1399,1509,1633,1735,1858,1866,1864,1881,1847,1861,1854,1847,1843,1875,1858,1862,1852
20,13,3,33,16,14,10,21,24,29,40,9,24,4,22,16,0,12,22,53,89,159,232,328,424,536,618,725,871,1024,1154,1330,1470,1575,1747,1942,2109,2286,2463,2636,2813,3041,3219,3417,3608,3830,3834,3857,3851,3833
3885,3878,3896,3845,3882,3866,3873,3892,3874,3872,3888,3862,3847,3873,3863,3848,3871,3871,3861,3877,3854,3869,3872,3864,3881,3881,3876,3854,3875,3845,3893,3888,3865,3885,3856,3874,3860,3860,3881,3872,3900,3904,3881,3875,3875,3868,3891,3873,3913,3870
1883,1836,1877,1879,1864,1852,1867,1854,1870,1878,1863,1861,1869,1868,1862,1863,1858,1857,1856,1866,1873,1864,1900,1883,1868,1883,1867,1897,1889,1896,1872,1871,1905,1882,1881,1872,1868,1865,1874,1873,1870,1864,1866,1874,1901,1877,1845,1884,1860,1884
1760,1774,1778,1762,1795,1781,1776,1773,1762,1793,1795,1785,1776,1788,1771,1794,1793,1808,1792,1789,1776,1773,1805,1805,1802,1784,1785,1788,1794,1755,1772,1771,1780,1800,1748,1770,1776,1785,1789,1788,1789,1763,1756,1759,1785,1761,1804,1800,1769,1816
84,64,67,54,54,55,45,46,65,42,57,33,47,44,47,57,39,63,55,47,50,60,80,63,58,42,47,65,43,70,52,66,43,58,59,42,258,446,646,870,1050,1235,1458,1660,1845,2046,2237,2431,2416,2437
55,38,46,71,47,57,80,57,41,201,308,440,577,710,830,962,1108,1215,1385,1504,1621,1768,1912,2034,2170,2287,2310,2291,2305,2292,2298,2316,2284,2305,2296,2280,2282,2289,2301,2315,2289,2282,2282,2292,2306,2302,2275,2283,2301,2304
33,13,67,37,31,19,29,27,41,38,41,55,34,47,28,32,41,308,627,917,1171,1509,1773,2071,2341,2650,2944,2926,2937,2959,2924,2946,2911,2951,2922,2930,2933,2936,2952,2940,2940,2909,2939,2946,2937,2956,2917,2915,2949,2937
1672,1638,1631,1681,1647,1620,1652,1659,1648,1657,1630,1648,1655,1627,1634,1632,1670,1658,1655,1650,1635,1660,1666,1642,1639,1651,1658,1658,1665,1641,1658,1650,1655,1650,1653,1672,1637,1647,1647,1643,1645,1640,1632,1639,1620,1656,1637,1639,1643,1645
51,52,48,64,62,54,40,55,75,132,135,189,218,277,330,395,433,494,543,616,693,764,831,872,981,1039,1130,1227,1308,1383,1486,1551,1647,1726,1736,1738,1736,1747,1720,1757,1763,1753,1749,1745,1724,1755,1739,1734,1741,1739
24,15,5,18,26,36,47,32,41,34,19,35,11,17,27,32,38,41,39,26,34,130,261,361,495,620,714,824,960,1093,1187,1299,1421,1535,1533,1526,1543,1542,1547,1531,1540,1537,1539,1531,1508,1523,1527,1546,1560,1537
33,24,25,37,19,46,31,26,19,62,42,49,24,19,19,26,23,23,28,18,36,33,46,51,79,117,160,231,272,340,412,495,546,649,714,801,858,993,1092,1194,1290,1394,1493,1629,1737,1854,1981,2117,2229,2367
26,31,37,19,15,17,27,31,41,48,41,53,24,50,46,22,44,38,41,45,35,52,27,62,26,30,61,34,41,22,84,87,135,196,248,341,454,490,573,704,795,896,994,1105,1254,1367,1473,1595,1738,1870
3137,3095,3125,3119,3103,3143,3116,3126,3120,3124,3097,3138,3126,3125,3123,3115,3130,3135,3137,3113,3144,3106,3130,3141,3116,3121,3106,3115,3108,3144,3094,3118,3111,3130,3109,3111,3111,3122,3105,3114,3129,3117,3111,3127,3074,3141,3092,3136,3123,3122
6,0,0,22,14,11,22,39,0,12,22,35,32,220,408,602,804,988,1201,1377,1569,1786,1982,2148,2353,2560,2762,2958,3163,3328,3549,3739,3730,3732,3738,3752,3737,3746,3755,3749,3743,3747,3747,3726,3764,3742,3747,3730,3751,3737
47,50,64,68,54,74,57,48,77,52,92,135,165,218,257,325,382,417,507,549,628,687,782,844,941,1028,1110,1197,1263,1354,1435,1528,1659,1777,1867,1959,2044,2172,2184,2178,2171,2176,2185,2182,2186,2178,2179,2200,2190,2187
2949,2920,2920,2918,2906,2906,2936,2917,2917,2916,2924,2953,2913,2906,2929,2881,2906,2938,2896,2936,2895,2932,2925,2903,2915,2919,2951,2907,2923,2933,2918,2928,2930,2899,2934,2899,2933,2911,2891,2937,2905,2900,2921,2911,2924,2917,2936,2920,2914,2930
27,32,28,38,29,42,38,45,43,29,38,32,19,45,38,36,36,38,36,29,32,29,38,30,36,44,32,33,28,44,28,31,35,42,37,39,47,38,34,31,43,28,34,32,31,31,29,43,51,48
34,23,29,45,51,39,9,23,31,47,26,13,34,4,28,27,24,46,32,45,40,53,52,24,26,32,28,76,85,138,167,233,307,381,434,514,576,673,733,850,963,1062,1164,1268,1414,1499,1611,1744,1853,1983
42,54,60,29,29,64,35,42,67,58,62,62,52,63,49,40,54,47,82,51,39,70,57,49,54,62,72,103,137,190,254,303,367,456,498,578,683,763,868,940,1059,1173,1265,1401,1524,1610,1725,1736,1719,1712
53,60,40,31,46,39,56,57,53,53,80,57,77,75,56,76,51,43,51,55,229,381,569,700,894,1047,1194,1364,1521,1700,1836,1996,2176,2317,2485,2666,2816,2989,3110,3314,3296,3288,3302,3297,3306,3306,3303,3331,3307,3309
51,40,50,55,70,51,66,59,69,61,56,54,58,50,43,45,71,60,69,30,57,83,99,131,180,213,261,324,368,462,505,572,669,748,825,925,1002,1075,1155,1258,1361,1472,1563,1660,1760,1886,1969,2093,2223,2301
45,48,62,44,34,51,44,52,59,41,56,15,38,55,47,47,53,45,61,53,40,35,289,501,727,935,1183,1384,1638,1860,2083,2287,2536,2764,2971,3206,3433,3650,3661,3668,3666,3665,3654,3640,3663,3667,3674,3690,3685,3661
59,39,63,50,60,66,77,66,69,48,76,57,66,66,60,69,67,50,58,60,62,68,73,59,34,64,59,331,613,877,1171,1421,1716,1985,2254,2532,2817,3104,3387,3650,3952,3919,3935,3935,3934,3929,3958,3965,3940,3925
1676,1632,1661,1662,1661,1654,1641,1642,1657,1642,1650,1646,1665,1664,1656,1648,1654,1642,1653,1634,1637,1637,1661,1652,1659,1648,1674,1646,1674,1662,1670,1655,1638,1671,1669,1667,1636,1666,1672,1667,1640,1617,1638,1695,1654,1674,1674,1660,1659,1663
49,25,46,19,23,55,54,48,52,76,122,190,294,363,503,607,713,872,1013,1176,1346,1486,1657,1844,2003,2218,2409,2617,2840,3024,3251,3472,3707,3689,3708,3701,3678,3686,3698,3693,3706,3692,3698,3683,3698,3692,3690,3705,3668,3701
7,19,15,12,40,15,23,15,23,14,20,28,31,47,9,13,45,2,13,8,18,38,33,18,3,50,6,1,45,38,367,764,1122,1485,1833,2203,2579,2940,3290,3670,4058,4033,4060,4050,4043,4035,4023,4033,4046,4041
56,44,33,48,46,60,48,83,106,144,223,272,362,444,509,617,718,832,948,1045,1167,1270,1391,1557,1680,1818,1983,1979,1959,1949,1965,1977,1965,1957,1948,1951,1958,1958,1963,1981,1949,1976,1956,1955,1958,1951,1965,1971,1941,1956
3960,3957,3958,3969,3983,3962,3964,4006,3955,3973,3960,3944,3959,3952,3981,3951,3971,3968,3974,3958,3963,3938,3961,3977,3953,3978,3987,3950,3946,3941,3972,3954,3956,3961,3954,3961,3978,3987,3969,3955,3972,3971,3932,3959,3950,3966,3974,3982,3962,3952
1735,1735,1735,1729,1745,1721,1717,1709,1726,1702,1728,1742,1736,1714,1711,1717,1711,1744,1724,1730,1743,1725,1714,1742,1709,1755,1709,1701,1720,1717,1725,1740,1719,1732,1700,1707,1688,1716,1715,1722,1723,1729,1729,1714,1723,1705,1744,1715,1721,1712
45,49,44,30,20,23,18,24,18,13,52,25,10,9,40,41,43,31,29,22,11,212,411,572,797,1001,1172,1346,1546,1731,1890,2114,2344,2523,2676,2878,3065,3277,3455,3642,3833,4002,4017,4025,4024,4019,4028,4016,4014,4020
21,12,45,44,22,13,181,367,502,695,852,1005,1170,1344,1532,1677,1853,1998,2168,2365,2512,2680,2848,3006,3181,3165,3168,3153,3188,3185,3183,3187,3167,3157,3194,3173,3174,3161,3174,3178,3181,3172,3174,3176,3171,3159,3164,3186,3168,3211
2647,2613,2585,2641,2636,2641,2621,2608,2614,2619,2641,2638,2621,2619,2632,2632,2614,2653,2648,2611,2648,2631,2624,2626,2630,2627,2636,2599,2606,2611,2621,2639,2600,2618,2622,2620,2616,2631,2631,2626,2617,2656,2636,2633,2621,2612,2612,2639,2625,2619
53,52,41,29,54,41,60,32,60,34,61,55,55,62,50,45,71,49,49,71,41,39,36,58,50,55,40,42,56,34,65,48,41,138,279,369,482,577,689,835,920,1014,1115,1213,1340,1419,1535,1637,1747,1864
2482,2453,2483,2502,2458,2474,2457,2448,2476,2454,2444,2476,2491,2454,2486,2476,2465,2473,2455,2460,2470,2478,2446,2463,2451,2484,2486,2487,2459,2484,2464,2490,2471,2496,2447,2458,2465,2468,2478,2446,2472,2478,2471,2502,2467,2478,2478,2476,2448,2470
1932,1965,1934,1907,1931,1942,1956,1950,1941,1948,1945,1952,1946,1968,1961,1959,1934,1920,1966,1933,1967,1922,1941,1952,1971,1939,1938,1911,1952,1934,1923,1914,1948,1941,1905,1958,1947,1942,1940,1928,1943,1940,1947,1939,1936,1941,1937,1926,1934,1951
14,22,23,2,21,28,10,14,16,14,27,15,18,0,28,23,1,19,22,12,0,46,4,290,577,822,1098,1395,1652,1949,2181,2485,2735,3014,3348,3298,3301,3287,3280,3302,3298,3285,3319,3318,3315,3312,3292,3310,3306,3288
51,71,54,73,43,62,43,55,49,40,69,55,57,44,49,58,41,72,63,49,65,67,43,85,74,57,44,54,65,38,55,64,96,121,159,209,225,272,335,405,450,494,584,633,706,778,854,930,1030,1092
3062,3079,3056,3051,3087,3061,3070,3046,3052,3066,3065,3049,3054,3078,3074,3057,3047,3063,3068,3094,3039,3069,3052,3063,3040,3061,3099,3080,3045,3065,3053,3065,3079,3071,3053,3048,3049,3060,3083,3053,3046,3061,3068,3055,3052,3058,3049,3068,3083,3047
29,44,60,47,43,62,86,43,50,56,50,55,82,46,46,42,61,68,52,51,35,50,67,72,47,57,49,62,50,30,53,65,258,481,696,912,1095,1349,1533,1752,1953,2170,2390,2601,2799,3004,3252,3437,3450,3424
3490,3484,3494,3491,3470,3483,3499,3491,3469,3495,3491,3504,3475,3494,3524,3499,3486,3499,3497,3502,3490,3493,3489,3480,3475,3483,3503,3508,3500,3475,3470,3499,3501,3476,3488,3482,3501,3488,3505,3503,3496,3464,3502,3467,3489,3476,3473,3485,3500,3489
52,54,40,45,26,61,46,39,37,48,46,42,30,44,29,40,28,42,29,34,53,49,53,59,37,43,37,31,34,45,57,24,34,181,315,419,526,631,782,904,1013,1135,1265,1382,1509,1613,1722,1854,1962,2101
33,68,47,28,73,41,65,38,44,34,32,61,31,46,62,40,211,425,592,757,960,1154,1331,1514,1719,1884,2082,2238,2258,2287,2249,2260,2259,2278,2271,2254,2231,2261,2256,2277,2257,2279,2267,2261,2262,2253,2246,2245,2273,2259
55,45,49,52,58,59,37,50,65,46,43,56,52,44,41,63,69,73,40,45,72,49,59,56,58,29,63,43,36,43,46,34,75,210,370,548,714,887,1049,1228,1370,1538,1704,1862,2025,2007,2046,2033,2034,2028
36,31,41,29,43,31,35,37,23,30,14,30,25,24,49,41,45,294,540,832,1063,1317,1590,1860,2119,2378,2656,2914,3184,3444,3677,3721,3688,3696,3689,3695,3711,3713,3702,3693,3683,3690,3709,3695,3700,3690,3685,3660,3690,3699
1796,1790,1778,1806,1796,1764,1809,1792,1797,1772,1804,1752,1824,1770,1760,1787,1783,1757,1767,1778,1793,1772,1783,1785,1823,1783,1759,1789,1796,1792,1786,1795,1785,1788,1807,1789,1788,1770,1777,1773,1770,1779,1792,1774,1785,1767,1804,1788,1794,1764
1715,1755,1718,1751,1748,1732,1688,1734,1721,1744,1725,1731,1724,1735,1711,1740,1745,1741,1726,1728,1730,1769,1744,1735,1730,1731,1728,1747,1738,1726,1733,1734,1737,1742,1740,1729,1729,1734,1720,1732,1742,1729,1736,1746,1756,1750,1765,1731,1727,1712
2176,2152,2139,2164,2169,2157,2190,2151,2147,2185,2173,2158,2174,2188,2167,2179,2159,2176,2133,2145,2168,2164,2134,2174,2166,2148,2155,2166,2164,2158,2160,2164,2199,2155,2154,2172,2184,2155,2117,2164,2145,2153,2142,2150,2141,2151,2141,2160,2178,2153
26,41,22,25,23,44,11,30,9,28,43,51,60,33,90,95,130,157,198,228,267,306,349,421,471,511,548,603,689,718,758,836,890,961,1033,1061,1182,1218,1291,1369,1440,1510,1586,1685,1659,1654,1657,1667,1670,1671
38,19,23,17,25,19,19,22,34,13,20,33,15,37,7,37,34,31,10,26,33,35,22,32,48,109,198,299,397,547,662,798,921,1076,1261,1423,1626,1779,1974,2180,2386,2582,2782,3047,3250,3493,3745,3992,3978,3992
5,11,20,11,18,10,13,22,12,19,11,14,9,18,26,7,12,10,17,15,19,22,2,18,10,20,0,7,10,13,16,10,5,18,5,5,2,6,19,14,12,9,0,9,21,17,18,24,17,11
45,18,21,40,33,51,24,45,22,26,36,57,40,45,15,36,30,36,23,16,24,66,122,192,299,417,549,663,796,938,1122,1272,1454,1631,1781,2007,2216,2424,2627,2872,3061,3054,3079,3069,3053,3061,3071,3073,3065,3049
34,49,51,64,46,62,60,57,64,62,76,90,112,141,192,230,247,312,358,410,467,518,562,663,722,779,856,922,974,1043,1131,1225,1294,1366,1455,1550,1636,1704,1801,1897,1977,2090,2179,2211,2190,2222,2186,2167,2181,2200
20,53,19,46,19,49,31,59,37,49,42,30,33,37,48,69,58,49,109,143,214,286,371,429,507,636,720,834,951,1056,1176,1293,1422,1559,1682,1828,1977,2089,2266,2282,2286,2258,2268,2250,2262,2288,2262,2277,2273,2260
57,61,49,60,58,63,58,61,65,61,56,53,57,58,60,57,59,57,49,50,49,55,59,52,67,48,51,49,50,62,52,59,52,50,51,56,63,59,47,51,52,48,56,54,53,50,54,52,49,51
43,30,46,37,30,30,14,28,19,39,38,45,32,45,41,32,45,36,24,16,26,49,27,41,37,42,43,52,46,46,373,694,1056,1372,1689,2022,2339,2693,3032,3356,3674,3684,3672,3668,3680,3695,3671,3674,3675,3679
3572,3611,3586,3596,3615,3607,3610,3613,3590,3606,3595,3607,3608,3565,3600,3599,3623,3614,3606,3594,3588,3610,3578,3604,3592,3610,3597,3600,3602,3624,3595,3598,3618,3595,3624,3593,3628,3595,3591,3595,3602,3620,3593,3577,3604,3583,3604,3596,3624,3615
52,19,18,32,47,43,42,52,39,47,48,59,47,32,52,38,37,58,29,23,33,36,50,46,40,30,52,42,45,49,23,32,42,53,76,114,182,214,289,315,411,471,560,607,700,795,883,959,1068,1153
65,42,39,56,51,48,60,53,38,71,53,44,53,129,188,263,319,412,475,519,602,676,730,804,870,933,1020,1059,1142,1206,1267,1367,1409,1499,1544,1572,1559,1549,1545,1554,1566,1547,1560,1535,1555,1555,1557,1562,1548,1548
34,23,25,28,27,10,15,18,21,18,11,36,27,17,33,5,39,26,22,3,6,22,8,19,24,29,18,37,30,28,47,191,332,534,693,848,1034,1176,1340,1499,1685,1853,2015,2184,2358,2522,2666,2703,2692,2659
43,25,64,43,45,56,18,48,71,49,32,65,37,42,31,35,37,29,56,50,38,38,25,41,64,126,166,223,314,388,501,556,683,794,925,1064,1171,1308,1452,1604,1762,1898,2044,2199,2399,2566,2726,2891,3086,3271
17,39,20,33,40,21,23,33,3,23,46,32,167,308,453,593,756,893,1014,1177,1299,1432,1594,1716,1860,2008,2155,2290,2442,2570,2567,2592,2594,2564,2561,2573,2572,2557,2576,2591,2588,2564,2596,2577,2578,2593,2577,2586,2578,2595
40,19,38,63,33,47,41,27,39,40,46,46,110,127,175,254,341,377,484,552,633,717,869,941,1085,1156,1277,1412,1537,1641,1790,1926,2059,2211,2345,2489,2621,2797,2923,3099,3250,3406,3581,3596,3588,3587,3580,3616,3594,3604
1895,1924,1903,1902,1891,1921,1916,1891,1871,1915,1885,1901,1922,1916,1894,1903,1896,1909,1911,1905,1897,1890,1900,1912,1930,1919,1886,1906,1911,1901,1894,1868,1881,1894,1936,1904,1875,1893,1893,1898,1915,1864,1912,1899,1894,1892,1914,1922,1915,1899
17,14,26,35,2,33,14,32,35,22,25,37,20,24,52,36,11,13,33,24,15,12,13,48,19,221,410,620,795,1004,1170,1372,1556,1764,1926,2114,2313,2502,2473,2492,2526,2506,2477,2496,2502,2512,2503,2495,2497,2503
62,39,41,31,48,52,53,43,45,24,29,27,22,28,29,56,144,223,307,408,483,582,691,787,871,946,1031,1140,1200,1305,1415,1500,1580,1673,1766,1861,1945,1948,1953,1958,1951,1962,1935,1936,1951,1951,1937,1960,1928,1922
41,28,44,32,54,40,47,15,29,15,53,37,53,14,28,40,45,46,42,43,30,235,449,643,816,1052,1241,1435,1658,1840,2062,2250,2442,2657,2850,3054,3252,3251,3258,3262,3244,3254,3266,3263,3258,3262,3263,3264,3256,3230
2314,2327,2331,2358,2321,2355,2330,2367,2347,2341,2337,2348,2368,2331,2360,2328,2331,2356,2321,2317,2343,2317,2355,2363,2332,2337,2331,2354,2330,2342,2337,2327,2352,2374,2367,2328,2342,2363,2335,2355,2382,2331,2360,2328,2354,2358,2351,2340,2364,2349
6,3,28,0,16,18,9,20,15,137,241,314,449,535,642,721,841,938,1044,1129,1249,1375,1474,1572,1678,1754,1881,2004,2100,2085,2091,2085,2079,2091,2087,2094,2094,2083,2095,2090,2101,2090,2100,2087,2110,2085,2095,2087,2096,2056
80,47,52,44,38,36,41,29,38,205,335,502,669,802,970,1104,1261,1438,1541,1715,1876,2034,2192,2330,2491,2627,2797,2918,3094,3238,3377,3384,3400,3389,3388,3399,3376,3405,3389,3396,3385,3387,3378,3397,3399,3425,3405,3380,3402,3373
43,63,42,64,67,52,62,81,111,119,170,216,234,279,329,352,422,469,531,569,625,702,764,805,878,956,1021,1084,1164,1215,1298,1383,1449,1552,1602,1694,1769,1873,1945,1966,1951,1934,1968,1962,1960,1947,1938,1943,1955,1967
3887,3901,3916,3889,3909,3909,3900,3895,3907,3918,3936,3926,3910,3914,3885,3892,3895,3933,3911,3917,3903,3916,3910,3901,3898,3928,3930,3911,3903,3915,3895,3917,3907,3905,3911,3904,3931,3886,3915,3906,3929,3900,3923,3896,3920,3901,3904,3922,3924,3914
34,38,54,62,50,24,51,63,23,50,36,27,46,55,32,50,53,58,127,181,250,309,416,496,595,707,838,971,1080,1229,1338,1505,1641,1809,1964,2082,2281,2430,2616,2802,2796,2778,2794,2808,2776,2788,2805,2798,2788,2795
38,37,42,44,67,23,25,39,22,29,41,29,18,57,41,43,62,79,144,166,189,265,292,358,396,486,536,590,670,723,788,858,938,999,1097,1196,1252,1331,1421,1493,1579,1705,1793,1896,1979,2103,2066,2067,2060,2062
56,40,40,41,48,38,34,49,23,39,46,44,28,25,36,43,36,17,33,59,70,78,131,187,232,317,381,440,563,610,725,804,908,993,1105,1211,1349,1439,1556,1679,1810,1944,2095,2188,2349,2484,2631,2773,2908,3082
0,25,17,24,21,14,2,6,18,9,0,15,4,28,0,8,13,0,6,26,10,10,20,13,5,25,280,527,769,1052,1309,1565,1821,2082,2347,2581,2582,2598,2598,2587,2599,2590,2603,2580,2605,2590,2607,2572,2591,2602
49,35,36,32,19,38,49,35,55,27,54,43,45,26,50,36,43,55,31,51,24,34,39,26,64,16,41,38,31,46,45,35,30,58,107,183,250,318,419,526,636,756,871,976,1135,1258,1407,1541,1715,1874
57,47,50,42,24,51,54,51,34,49,56,50,40,116,180,269,373,459,547,641,696,792,867,941,1035,1090,1198,1268,1370,1422,1527,1530,1524,1524,1529,1498,1516,1512,1513,1539,1525,1510,1546,1522,1521,1532,1517,1508,1504,1517
1899,1927,1941,1935,1899,1863,1927,1916,1926,1937,1937,1907,1912,1879,1898,1947,1923,1909,1920,1915,1922,1917,1927,1915,1929,1925,1910,1933,1898,1899,1903,1898,1903,1911,1923,1941,1913,1896,1896,1938,1903,1926,1914,1923,1920,1934,1938,1935,1939,1878
26,31,60,63,46,77,40,57,51,41,45,69,43,57,50,58,38,47,45,60,45,51,45,39,41,57,25,41,54,55,99,143,187,226,319,391,446,540,594,694,814,902,990,1098,1206,1310,1418,1540,1663,1780
30,10,27,21,43,31,22,54,74,103,131,169,182,251,338,395,467,553,628,725,813,892,982,1081,1179,1288,1393,1494,1605,1722,1836,1976,2086,2198,2356,2346,2322,2341,2328,2310,2345,2346,2324,2337,2336,2321,2345,2333,2336,2316
26,64,48,44,13,35,37,34,18,51,32,8,35,39,54,36,47,64,93,86,132,146,163,220,254,300,335,361,393,452,495,546,571,639,688,741,801,822,920,964,1017,1086,1147,1213,1270,1332,1395,1443,1529,1592
1863,1857,1859,1836,1846,1881,1840,1885,1842,1824,1877,1840,1841,1869,1889,1857,1854,1867,1864,1854,1850,1839,1855,1833,1857,1872,1870,1851,1854,1868,1859,1873,1829,1855,1897,1857,1861,1845,1811,1825,1834,1852,1846,1833,1864,1850,1862,1857,1865,1872
21,13,18,6,0,42,19,13,3,16,1,30,37,0,19,30,20,7,19,10,22,16,0,19,0,20,21,11,18,30,124,208,301,398,551,726,868,1023,1219,1381,1557,1777,1996,2197,2417,2627,2860,3099,3357,3597
58,50,53,50,52,52,42,58,53,55,57,53,54,44,48,53,54,55,61,52,55,53,51,51,48,52,51,52,42,52,47,52,46,53,51,49,54,55,52,56,50,55,52,47,48,59,62,57,49,61
65,72,66,70,57,66,65,32,72,62,72,46,44,56,311,544,819,1077,1312,1557,1792,2061,2311,2576,2840,3048,3325,3583,3804,4095,4087,4070,4079,4062,4075,4080,4084,4075,4087,4047,4066,4078,4074,4072,4082,4076,4066,4077,4057,4070
48,32,32,45,24,33,34,63,38,43,16,36,47,59,41,43,45,53,27,27,47,36,33,44,56,22,36,42,53,72,119,156,219,295,381,466,548,649,773,876,972,1092,1221,1383,1485,1614,1769,1931,2068,2224
26,6,17,15,25,17,45,254,489,771,977,1234,1461,1719,1959,2211,2424,2685,2945,3177,3438,3418,3418,3408,3415,3418,3444,3411,3412,3417,3406,3409,3383,3417,3422,3403,3413,3400,3402,3417,3411,3409,3416,3418,3429,3424,3395,3408,3404,3401
0,17,0,30,44,0,0,21,25,32,16,28,7,5,13,8,1,36,36,21,44,26,14,16,7,21,28,10,27,32,61,73,129,162,222,286,320,390,444,494,572,650,697,791,871,940,1044,1127,1205,1280
1546,1556,1538,1585,1544,1549,1551,1556,1539,1545,1559,1525,1566,1539,1510,1538,1533,1564,1528,1542,1554,1562,1532,1544,1525,1528,1540,1530,1556,1541,1569,1534,1531,1545,1527,1554,1555,1541,1567,1556,1542,1546,1549,1544,1559,1533,1540,1560,1513,1557
61,47,30,39,50,33,39,35,61,18,47,117,121,239,302,376,473,582,674,781,915,1039,1171,1291,1437,1577,1712,1889,2044,2197,2331,2491,2691,2692,2685,2690,2682,2701,2692,2691,2656,2696,2693,2679,2673,2698,2689,2685,2697,2689
3045,3045,3039,3053,3039,3020,3058,3029,3041,3019,3034,3044,3022,3048,3038,3038,3045,3030,3048,3008,3028,3027,3047,3042,3038,3046,3040,3024,3048,3049,3051,3033,3041,3027,3022,3050,3036,3020,3019,3037,3033,3048,3039,3007,3008,3052,3059,3037,3029,3062
2851,2869,2839,2857,2860,2868,2834,2855,2848,2842,2838,2869,2851,2849,2853,2845,2859,2858,2865,2846,2838,2847,2860,2844,2831,2853,2851,2871,2866,2848,2852,2861,2854,2844,2851,2879,2857,2832,2836,2842,2843,2845,2831,2838,2817,2862,2877,2884,2848,2852
0,3,8,18,35,21,16,0,25,0,13,27,3,0,0,5,15,208,442,614,824,1022,1223,1451,1648,1840,2050,2247,2452,2637,2866,3055,3075,3050,3058,3066,3045,3070,3069,3035,3069,3066,3079,3057,3050,3044,3033,3056,3054,3070
33,57,21,46,26,25,22,45,32,47,78,127,144,235,290,335,406,503,577,659,728,815,926,1006,1119,1221,1325,1431,1540,1673,1781,1904,2014,2159,2260,2411,2544,2662,2814,2953,3082,3229,3373,3373,3350,3346,3385,3380,3388,3393
5,16,14,19,20,17,6,29,1,0,11,29,11,0,1,20,8,2,16,0,11,33,15,2,29,15,17,40,47,72,119,139,193,228,253,292,346,399,452,490,541,602,653,728,759,834,870,966,1017,1085
3368,3385,3382,3388,3413,3420,3396,3381,3402,3410,3396,3393,3419,3405,3384,3387,3401,3392,3427,3415,3386,3397,3387,3387,3386,3370,3396,3378,3405,3373,3361,3390,3365,3403,3388,3370,3375,3384,3392,3377,3365,3389,3384,3389,3376,3398,3390,3393,3392,3395
36,41,29,8,42,27,19,42,34,46,8,31,29,64,114,168,203,304,376,491,586,690,782,901,1036,1153,1288,1435,1541,1711,1870,2030,2160,2344,2517,2690,2687,2664,2703,2660,2677,2677,2688,2667,2674,2672,2670,2672,2687,2666
9,32,31,48,42,25,34,18,58,22,42,35,31,40,29,31,28,31,50,26,9,30,42,54,33,48,21,37,44,27,35,140,198,277,364,473,578,691,851,965,1095,1268,1404,1577,1751,1928,2097,2284,2467,2687
2673,2668,2645,2673,2675,2657,2672,2667,2679,2652,2657,2659,2672,2672,2661,2681,2709,2674,2695,2655,2683,2658,2669,2669,2687,2672,2672,2679,2681,2665,2667,2671,2679,2691,2646,2668,2665,2671,2688,2635,2667,2667,2691,2647,2686,2658,2661,2686,2675,2674
15,17,19,23,0,9,4,4,0,25,17,12,20,5,0,9,25,11,0,15,22,11,2,15,10,11,12,19,0,202,359,567,717,902,1103,1269,1447,1619,1799,1979,2151,2337,2514,2717,2883,3031,3225,3241,3235,3230
21,21,21,13,45,20,22,23,24,14,23,29,17,10,26,22,11,262,494,749,981,1222,1456,1718,1936,2174,2442,2656,2910,3145,3388,3644,3630,3632,3630,3632,3637,3629,3651,3625,3647,3644,3633,3646,3636,3609,3632,3641,3634,3648
24,48,22,13,24,16,16,42,42,27,37,15,24,10,33,23,10,1,29,35,17,28,23,30,17,19,36,26,16,43,31,23,10,22,164,326,458,617,738,879,1050,1190,1318,1449,1612,1753,1883,2006,2198,2338
25,33,24,17,29,28,22,19,30,25,29,25,19,25,26,21,22,25,37,25,17,29,19,19,18,18,21,20,29,24,28,18,26,31,23,18,28,25,30,24,22,28,15,25,17,19,25,24,16,20
1778,1760,1751,1796,1743,1762,1778,1774,1790,1773,1769,1750,1777,1792,1755,1760,1790,1799,1772,1732,1798,1777,1803,1784,1801,1794,1794,1748,1776,1776,1774,1760,1797,1762,1776,1758,1771,1781,1773,1761,1770,1773,1758,1789,1775,1767,1778,1774,1783,1782
2035,2036,2059,2045,2055,2017,2012,2021,2032,2020,1982,2035,2044,1999,2069,2029,2032,2065,2035,2021,2006,2032,2027,2024,2011,2040,2021,2033,2010,2033,2003,2026,2024,2024,2022,2039,2005,2017,2055,2047,2004,2022,2010,2035,2032,2028,2041,2017,2042,2040
29,27,20,27,4,31,26,43,20,28,21,48,37,22,13,28,39,35,14,25,17,26,21,20,40,186,345,498,636,814,995,1145,1306,1455,1619,1783,1944,2076,2261,2445,2572,2727,2902,3070,3044,3054,3052,3053,3059,3056
40,37,55,15,14,29,20,39,25,41,22,35,40,25,31,39,27,21,28,17,33,23,40,30,15,10,194,308,455,626,752,898,1041,1187,1333,1472,1643,1775,1925,2074,2215,2362,2517,2672,2781,2933,2941,2964,2960,2964
2317,2314,2346,2288,2297,2350,2326,2326,2322,2322,2374,2332,2315,2339,2329,2331,2315,2315,2330,2317,2334,2319,2340,2314,2342,2326,2311,2302,2292,2331,2320,2293,2326,2323,2335,2309,2306,2296,2321,2333,2328,2307,2334,2316,2308,2333,2334,2316,2343,2314
26,53,28,44,28,35,37,63,22,57,37,16,15,32,33,41,37,135,216,324,394,513,637,701,791,896,980,1076,1172,1267,1378,1461,1551,1636,1740,1836,1837,1832,1860,1818,1827,1870,1854,1830,1858,1849,1838,1855,1853,1841
47,61,48,44,54,40,61,50,40,50,41,41,47,70,53,60,38,54,208,328,500,646,796,926,1077,1248,1368,1512,1680,1820,1956,2126,2281,2267,2237,2280,2244,2271,2245,2270,2264,2281,2263,2286,2251,2265,2257,2279,2283,2270
22,9,17,21,25,13,0,4,23,21,1,10,25,18,7,0,11,7,0,19,0,13,7,9,5,23,18,0,15,3,3,14,0,14,19,56,102,154,230,275,329,404,514,564,658,763,830,977,1056,1172
2147,2162,2147,2129,2176,2119,2161,2139,2132,2129,2154,2156,2149,2163,2142,2154,2177,2141,2134,2148,2131,2135,2162,2158,2123,2138,2142,2130,2152,2146,2136,2172,2127,2149,2140,2145,2157,2158,2128,2167,2187,2158,2155,2161,2125,2143,2146,2161,2186,2125
2225,2239,2235,2222,2226,2246,2231,2211,2228,2254,2244,2185,2220,2232,2214,2244,2243,2230,2223,2228,2229,2208,2231,2200,2252,2218,2221,2226,2228,2236,2211,2229,2239,2219,2240,2224,2219,2213,2204,2203,2210,2218,2215,2258,2221,2224,2192,2235,2202,2220
65,40,71,26,41,72,59,51,71,71,45,71,61,61,38,57,47,74,55,64,57,51,51,52,50,57,55,69,44,81,67,65,71,95,128,137,183,184,231,295,306,373,396,414,476,519,598,634,670,731
45,53,66,35,49,27,42,55,52,66,52,57,41,46,24,42,45,48,48,40,70,49,51,58,51,40,35,39,77,108,141,190,280,361,416,493,600,684,775,877,990,1078,1213,1330,1443,1592,1733,1863,1986,2103
2651,2643,2647,2677,2611,2639,2629,2624,2635,2643,2629,2608,2617,2631,2637,2665,2628,2639,2632,2650,2632,2643,2624,2653,2634,2656,2621,2605,2615,2642,2635,2649,2656,2632,2677,2630,2647,2609,2622,2674,2641,2646,2634,2649,2648,2644,2645,2643,2619,2664
2588,2552,2577,2580,2578,2574,2577,2540,2599,2558,2585,2580,2575,2580,2607,2575,2574,2585,2576,2568,2552,2598,2584,2558,2584,2590,2595,2606,2572,2569,2595,2557,2552,2575,2576,2579,2574,2574,2572,2601,2579,2576,2577,2576,2555,2581,2586,2574,2592,2556
8,34,43,24,51,17,34,40,28,44,18,37,15,27,27,15,43,45,119,194,260,354,468,594,684,831,959,1130,1253,1413,1560,1723,1931,2088,2282,2474,2655,2681,2667,2661,2666,2667,2658,2654,2679,2676,2671,2685,2652,2669
19,34,20,54,35,35,14,33,34,23,28,145,306,430,554,700,825,956,1107,1226,1371,1507,1644,1776,1906,2037,2164,2295,2460,2591,2695,2703,2715,2706,2694,2724,2714,2705,2723,2718,2716,2708,2715,2698,2730,2709,2722,2714,2704,2709
2921,2954,2938,2932,2943,2941,2911,2922,2927,2942,2927,2946,2920,2934,2944,2927,2928,2914,2932,2930,2934,2930,2954,2932,2913,2946,2948,2942,2924,2955,2922,2947,2937,2921,2917,2955,2924,2917,2932,2956,2933,2939,2934,2946,2930,2934,2952,2927,2937,2951
24,11,12,19,10,34,1,12,27,10,18,19,14,14,23,25,17,43,53,59,98,143,175,203,231,284,316,390,428,467,509,587,649,693,773,826,895,986,1033,1104,1136,1216,1297,1384,1471,1547,1631,1721,1802,1899
3347,3318,3350,3334,3328,3351,3340,3336,3352,3347,3374,3333,3298,3346,3360,3350,3334,3352,3337,3323,3337,3360,3349,3340,3343,3337,3328,3304,3343,3348,3338,3326,3334,3335,3333,3334,3319,3362,3325,3337,3334,3329,3337,3356,3339,3346,3347,3345,3299,3362
58,62,61,60,64,51,65,49,44,45,51,67,40,76,38,74,63,56,75,20,45,69,112,133,178,235,309,394,416,495,559,655,734,814,921,1016,1115,1205,1294,1428,1524,1645,1740,1882,1984,2100,2208,2359,2480,2629
32,15,43,14,27,51,29,32,23,32,22,18,47,23,47,20,34,38,30,38,32,43,45,41,40,68,29,18,31,36,29,33,39,49,30,359,703,1046,1389,1752,2077,2395,2740,3088,3442,3418,3442,3416,3443,3435
36,40,38,50,56,48,27,54,45,37,48,55,35,38,52,28,42,49,51,54,31,48,38,66,46,258,455,651,851,1030,1249,1455,1658,1850,2055,2246,2445,2638,2860,3056,3277,3442,3639,3845,3858,3843,3857,3851,3855,3870
45,19,63,56,39,39,56,44,16,39,45,33,47,71,50,46,48,25,61,30,45,44,40,71,36,44,28,65,34,9,235,391,600,767,961,1144,1328,1506,1696,1881,2092,2238,2411,2414,2402,2435,2433,2420,2395,2431
46,50,41,62,64,56,47,87,61,27,53,37,59,43,66,35,57,82,30,31,42,67,59,61,42,69,69,102,110,171,190,222,239,274,329,360,400,442,473,558,589,642,706,755,836,875,925,1005,1048,1098
3,0,21,0,15,11,13,15,22,26,13,30,15,208,433,634,829,1052,1257,1453,1683,1904,2097,2309,2517,2724,2930,3138,3362,3541,3750,3773,3762,3776,3750,3770,3788,3748,3769,3750,3769,3772,3750,3781,3758,3732,3749,3763,3752,3743
55,64,64,50,46,59,42,161,247,350,447,541,663,751,848,925,1055,1160,1246,1357,1423,1533,1665,1645,1635,1639,1633,1662,1623,1640,1631,1629,1632,1638,1629,1629,1634,1650,1640,1663,1632,1649,1634,1634,1635,1639,1629,1636,1649,1663
61,65,58,42,45,44,74,61,58,72,56,42,33,46,66,51,286,537,749,1002,1237,1483,1726,1971,2171,2428,2441,2445,2419,2430,2408,2414,2447,2418,2446,2428,2430,2445,2432,2461,2439,2434,2414,2437,2438,2446,2453,2408,2415,2420
2490,2524,2537,2524,2528,2529,2545,2494,2512,2485,2539,2510,2519,2533,2524,2498,2520,2540,2517,2487,2515,2510,2509,2525,2487,2500,2499,2535,2516,2528,2527,2492,2524,2500,2519,2509,2490,2522,2511,2496,2506,2519,2542,2515,2505,2533,2540,2503,2489,2510
50,38,49,44,50,11,27,39,39,43,43,52,41,40,51,37,69,112,146,191,236,298,341,412,470,496,598,664,719,828,890,970,1047,1138,1223,1324,1408,1512,1593,1708,1790,1878,2012,2103,2232,2335,2442,2555,2659,2776
3611,3630,3668,3638,3632,3651,3646,3652,3668,3634,3641,3635,3668,3650,3652,3629,3630,3647,3659,3630,3652,3652,3651,3656,3662,3664,3625,3658,3629,3658,3635,3641,3678,3656,3660,3655,3650,3645,3648,3634,3679,3641,3671,3643,3644,3640,3644,3627,3645,3661
14,0,0,0,0,26,0,10,10,22,0,70,101,160,218,280,356,439,506,618,705,805,909,995,1123,1245,1350,1458,1590,1746,1852,1988,2118,2241,2385,2528,2700,2863,2860,2833,2840,2833,2846,2860,2854,2837,2843,2853,2858,2843
48,40,41,40,45,38,44,41,42,53,47,49,41,42,37,50,51,43,43,48,38,44,39,49,48,51,55,46,42,48,46,44,33,54,54,45,45,47,40,48,53,42,44,34,49,54,45,53,41,41
3227,3215,3219,3241,3219,3256,3222,3225,3240,3226,3220,3261,3227,3231,3234,3243,3225,3252,3235,3241,3214,3249,3229,3214,3214,3227,3233,3259,3215,3222,3233,3216,3257,3229,3211,3233,3258,3242,3224,3215,3242,3230,3218,3247,3223,3229,3242,3220,3258,3239
3609,3607,3602,3624,3589,3613,3602,3578,3606,3629,3611,3607,3614,3592,3587,3598,3598,3619,3604,3606,3604,3627,3605,3618,3606,3584,3662,3593,3600,3606,3601,3618,3612,3609,3590,3603,3613,3593,3614,3597,3600,3603,3605,3618,3607,3632,3616,3594,3582,3635
57,64,89,46,59,51,67,56,42,61,70,68,65,59,57,61,59,50,48,46,50,62,63,39,73,66,39,60,82,32,63,45,253,491,685,885,1122,1310,1532,1732,1937,2172,2364,2585,2789,3003,3214,3433,3433,3432
34,46,52,47,16,51,43,36,32,32,36,39,42,35,52,23,61,94,151,226,320,381,472,557,657,777,858,1001,1127,1232,1393,1492,1636,1804,1945,2090,2259,2399,2584,2753,2913,3099,3288,3450,3645,3804,4028,4012,4011,4005
64,34,27,57,36,64,60,38,49,49,45,49,22,46,35,27,10,50,48,25,24,30,37,42,39,26,34,36,31,35,40,58,38,167,310,402,513,657,763,883,1012,1129,1265,1405,1503,1639,1768,1866,2020,2132
3619,3648,3645,3615,3636,3641,3651,3653,3609,3662,3632,3644,3600,3631,3644,3636,3633,3656,3641,3642,3616,3665,3643,3631,3640,3656,3639,3663,3675,3661,3649,3652,3626,3646,3602,3650,3655,3653,3654,3657,3653,3614,3646,3618,3666,3642,3666,3649,3676,3642
1,32,21,14,0,10,26,8,41,17,30,10,27,39,98,131,176,235,296,363,423,489,576,628,704,819,895,983,1098,1175,1287,1361,1465,1576,1683,1809,1904,2045,2131,2276,2397,2503,2634,2634,2635,2635,2635,2625,2630,2631
3377,3367,3368,3368,3397,3382,3394,3362,3393,3384,3382,3360,3391,3399,3409,3396,3380,3423,3378,3392,3365,3375,3393,3365,3370,3397,3377,3386,3387,3383,3386,3374,3371,3344,3351,3381,3377,3380,3399,3409,3386,3377,3384,3394,3396,3369,3403,3402,3411,3374
46,42,15,41,35,34,28,42,37,46,58,33,46,31,33,46,32,30,40,30,31,79,135,166,235,313,388,464,526,613,734,807,927,1011,1139,1252,1345,1471,1595,1711,1855,1977,2108,2220,2382,2517,2667,2820,2973,3129
2610,2596,2615,2605,2608,2617,2638,2624,2606,2590,2615,2602,2599,2613,2603,2599,2613,2610,2597,2584,2632,2600,2602,2596,2589,2602,2594,2612,2636,2604,2638,2621,2613,2618,2644,2603,2623,2605,2625,2600,2587,2624,2606,2609,2579,2591,2623,2611,2614,2610
40,30,46,27,39,29,39,56,26,41,60,32,42,22,47,46,47,43,53,38,54,35,32,132,230,326,440,511,610,707,831,912,990,1093,1161,1280,1389,1466,1564,1667,1676,1670,1658,1657,1661,1669,1649,1650,1672,1648
1935,1964,1957,1954,1956,1946,1924,1932,1969,1936,1963,1933,1932,1939,1934,1932,1939,1935,1955,1960,1929,1952,1923,1958,1944,1950,1945,1922,1924,1973,1971,1960,1934,1955,1945,1921,1964,1950,1950,1956,1944,1964,1951,1924,1951,1942,1946,1962,1936,1944
28,28,32,30,40,8,203,394,604,815,997,1192,1398,1573,1763,1938,2169,2364,2515,2732,2722,2738,2736,2723,2726,2729,2747,2721,2723,2746,2723,2738,2686,2763,2727,2738,2734,2739,2731,2741,2747,2740,2743,2729,2725,2722,2758,2724,2722,2731
48,20,29,34,27,35,54,43,17,10,27,44,27,18,37,10,42,24,22,140,262,371,509,618,714,862,960,1078,1196,1324,1445,1558,1686,1801,1896,1909,1918,1921,1882,1931,1917,1899,1895,1921,1909,1924,1909,1907,1922,1930
36,23,0,28,27,14,29,0,48,18,41,17,17,35,14,26,18,26,17,42,32,22,15,19,29,26,7,9,24,167,288,412,564,698,817,946,1096,1232,1370,1485,1632,1654,1618,1644,1628,1625,1641,1645,1621,1627
48,63,39,30,67,33,6,47,34,47,34,28,62,50,47,44,51,44,26,29,42,33,45,48,36,27,60,116,172,243,321,381,505,602,684,807,906,1041,1163,1288,1442,1565,1736,1887,2027,2201,2341,2519,2693,2869
4,0,25,8,16,9,30,16,8,14,0,15,19,20,5,23,0,19,10,24,0,9,0,23,6,9,0,12,31,6,19,0,14,0,23,16,338,653,1004,1309,1656,1950,2305,2632,2959,3285,3609,3937,3946,3926
17,21,17,34,18,5,3,12,37,62,116,196,268,341,447,507,616,723,833,937,1041,1185,1324,1431,1573,1702,1861,2019,2170,2298,2480,2623,2805,2974,3130,3328,3311,3347,3331,3352,3347,3313,3320,3317,3318,3335,3325,3338,3346,3322
12,18,41,28,17,5,24,35,19,25,29,19,13,15,33,27,11,18,21,18,22,18,33,20,19,13,35,270,484,737,979,1204,1449,1696,1932,2165,2402,2646,2870,3126,3368,3577,3845,4067,4095,4072,4058,4076,4087,4073
22,1,45,30,23,42,20,24,17,13,19,5,321,630,942,1231,1545,1824,2120,2445,2720,3060,3342,3636,3616,3627,3626,3642,3635,3644,3618,3640,3610,3633,3632,3652,3627,3620,3630,3618,3643,3654,3641,3605,3626,3625,3642,3629,3632,3651
2499,2487,2467,2464,2462,2481,2464,2498,2485,2511,2474,2470,2491,2473,2502,2445,2482,2490,2482,2475,2454,2472,2485,2496,2462,2472,2467,2451,2449,2473,2477,2463,2475,2491,2505,2444,2500,2463,2494,2454,2474,2515,2490,2491,2444,2452,2471,2475,2488,2487
41,24,0,28,30,20,22,13,19,13,128,253,353,462,554,674,798,915,1038,1160,1254,1359,1488,1570,1696,1819,1943,2030,2155,2250,2254,2263,2252,2270,2259,2248,2259,2266,2279,2252,2239,2282,2283,2247,2247,2265,2271,2249,2261,2286
18,38,33,23,27,31,26,28,19,33,32,27,9,33,16,31,25,23,4,30,7,52,23,3,413,799,1183,1568,1958,2333,2742,3138,3483,3903,3890,3910,3891,3883,3876,3927,3904,3892,3892,3872,3890,3884,3902,3900,3903,3902
2488,2495,2489,2513,2516,2516,2486,2486,2486,2497,2496,2488,2490,2512,2481,2536,2488,2497,2458,2484,2503,2484,2517,2482,2477,2480,2495,2500,2497,2489,2497,2486,2489,2493,2517,2477,2484,2498,2467,2496,2498,2513,2524,2485,2486,2486,2514,2495,2522,2473
41,5,23,18,22,17,20,21,6,31,107,177,282,392,472,599,723,870,1028,1176,1326,1491,1687,1863,2070,2272,2448,2677,2868,3091,3080,3078,3093,3084,3068,3116,3101,3077,3075,3087,3075,3077,3103,3081,3067,3089,3065,3096,3088,3089
32,34,24,30,31,26,20,36,24,23,36,30,28,21,31,44,32,29,31,25,24,24,23,24,24,25,25,28,27,28,36,27,40,29,24,35,26,12,26,25,36,21,25,34,29,25,22,29,26,22
32,35,14,43,27,22,32,34,37,26,35,36,37,33,25,344,649,970,1279,1565,1868,2194,2499,2793,3118,3127,3089,3104,3113,3101,3106,3106,3087,3104,3148,3114,3101,3098,3109,3141,3103,3111,3092,3138,3115,3101,3107,3133,3115,3117
64,68,63,68,66,60,69,50,158,288,384,494,601,727,810,929,1042,1161,1263,1380,1510,1597,1596,1582,1582,1592,1602,1592,1610,1616,1577,1593,1589,1591,1604,1601,1599,1605,1580,1600,1592,1602,1579,1577,1570,1586,1607,1615,1601,1582
29,20,21,27,24,24,10,26,25,27,29,23,23,21,19,17,15,20,28,26,19,19,24,24,19,23,28,22,14,27,29,24,36,15,18,27,30,25,19,21,19,29,18,25,24,16,27,20,26,30
29,53,35,57,36,50,56,54,40,48,58,45,37,51,54,23,51,28,43,13,58,46,49,31,32,38,37,67,120,179,303,367,484,599,719,852,1017,1159,1322,1452,1642,1820,1992,2153,2360,2555,2771,2960,3181,3175
10,37,33,45,32,39,19,42,57,40,54,20,51,45,49,46,14,41,25,77,151,224,334,448,574,727,870,1039,1181,1370,1545,1745,1954,2170,2390,2591,2845,3083,3330,3573,3567,3569,3561,3568,3561,3538,3578,3563,3565,3551
32,29,43,21,24,16,43,23,21,17,15,33,37,27,20,37,47,23,45,39,28,24,31,42,29,13,20,5,21,27,16,25,22,50,82,124,207,283,324,402,497,560,667,760,888,1010,1081,1209,1331,1448
20,26,15,18,21,22,12,22,30,19,15,26,8,17,20,28,26,14,12,26,27,20,22,29,6,25,26,23,22,23,19,11,25,17,21,24,22,18,13,15,27,25,26,29,23,33,27,22,22,38
3889,3854,3848,3848,3827,3852,3903,3862,3835,3848,3853,3876,3858,3863,3867,3864,3845,3869,3852,3857,3884,3864,3848,3880,3878,3846,3869,3845,3849,3850,3839,3865,3875,3852,3871,3836,3840,3860,3865,3850,3841,3836,3881,3825,3861,3873,3847,3882,3889,3869
28,31,38,33,27,34,37,23,41,42,36,28,37,29,47,48,22,31,37,25,29,2,32,56,30,37,55,48,75,86,139,184,232,263,338,411,468,537,600,674,731,824,890,985,1068,1139,1237,1344,1442,1526
39,42,43,44,54,40,49,55,73,55,80,46,70,54,51,61,55,39,66,55,52,55,26,48,50,52,45,38,59,43,42,42,38,83,125,214,292,397,504,652,758,903,1054,1208,1396,1553,1705,1891,2087,2266
8,35,5,14,17,13,13,27,17,29,28,15,4,11,0,17,12,15,8,27,29,18,9,11,20,30,25,9,0,21,4,343,706,1014,1363,1703,2046,2389,2730,3064,3394,3742,3728,3735,3732,3746,3769,3751,3737,3745
37,50,24,28,44,39,34,29,47,37,19,31,48,47,88,144,230,353,468,609,764,907,1081,1241,1445,1634,1842,2070,2283,2526,2749,2995,3230,3498,3491,3494,3502,3518,3502,3490,3529,3490,3511,3504,3481,3489,3469,3512,3506,3529
72,52,34,38,32,68,35,33,33,48,26,33,25,32,36,46,32,38,36,3,42,67,21,25,54,30,48,38,37,39,35,14,48,31,53,40,205,389,568,714,900,1060,1239,1399,1592,1773,1934,2109,2261,2465
3,10,7,16,19,5,0,0,8,10,17,7,11,21,6,21,44,88,149,192,263,317,418,482,555,655,745,794,937,1013,1120,1213,1317,1448,1561,1683,1816,1892,2019,2056,2049,2052,2061,2033,2056,2058,2043,2058,2049,2054
2874,2868,2865,2852,2884,2857,2849,2905,2868,2874,2863,2887,2880,2880,2884,2854,2866,2881,2861,2884,2879,2882,2880,2875,2864,2899,2895,2892,2871,2893,2878,2873,2888,2843,2882,2886,2859,2886,2892,2887,2863,2862,2879,2887,2861,2904,2865,2851,2897,2902
82,53,61,54,58,67,71,59,38,51,68,67,50,67,56,62,55,54,63,78,56,380,714,999,1324,1654,1954,2274,2645,2956,3228,3554,3882,3877,3876,3887,3882,3892,3892,3894,3889,3895,3895,3894,3865,3900,3893,3903,3878,3895
51,42,50,41,52,63,50,45,17,56,44,39,24,34,50,37,60,51,55,49,46,48,58,57,39,43,36,33,41,56,114,239,309,430,524,611,723,805,896,1011,1103,1206,1274,1386,1481,1579,1669,1745,1772,1754
22,28,22,24,16,23,31,21,21,18,28,24,15,25,35,29,29,17,0,25,23,16,33,27,26,13,20,25,23,26,32,26,143,261,374,517,632,749,839,990,1100,1243,1338,1466,1587,1705,1810,1967,2050,2052
26,1,39,33,7,44,29,24,28,38,0,24,30,12,29,25,19,22,40,32,27,23,36,36,4,21,40,3,10,32,76,84,141,153,233,275,319,374,445,486,576,629,718,770,855,951,1042,1106,1190,1270
40,44,36,48,20,37,38,30,25,34,18,19,15,32,39,23,34,30,7,19,18,53,250,464,627,824,1049,1248,1422,1654,1852,2073,2258,2469,2660,2863,3069,3266,3480,3664,3882,3868,3883,3882,3868,3878,3881,3882,3862,3887
2603,2645,2644,2642,2641,2647,2631,2627,2603,2627,2633,2620,2629,2637,2606,2609,2594,2614,2634,2610,2591,2606,2613,2635,2611,2608,2619,2633,2657,2636,2602,2623,2615,2626,2644,2609,2617,2643,2630,2636,2643,2619,2629,2618,2654,2635,2616,2598,2622,2624
2452,2446,2438,2453,2444,2473,2482,2468,2456,2450,2459,2500,2469,2438,2470,2437,2439,2439,2426,2433,2483,2445,2462,2445,2428,2466,2433,2453,2421,2453,2436,2458,2454,2458,2459,2435,2446,2463,2432,2464,2448,2449,2436,2460,2448,2406,2466,2457,2430,2471
2606,2600,2622,2585,2604,2634,2657,2632,2641,2650,2627,2584,2634,2610,2606,2639,2615,2612,2620,2599,2632,2622,2614,2611,2609,2609,2665,2591,2648,2626,2629,2597,2632,2622,2599,2629,2612,2625,2624,2639,2613,2595,2605,2601,2618,2636,2630,2606,2600,2618
50,46,50,25,57,33,45,47,54,26,48,60,53,54,46,47,58,112,146,222,290,339,402,515,580,693,799,914,978,1121,1234,1375,1476,1609,1739,1854,2010,2157,2299,2433,2585,2765,2902,3093,3227,3243,3233,3222,3221,3226
37,21,34,46,3,42,36,25,47,104,149,190,236,276,333,421,484,552,644,697,799,876,960,1049,1137,1234,1332,1431,1544,1636,1749,1876,1963,2075,2189,2298,2410,2565,2671,2651,2694,2679,2675,2675,2667,2675,2675,2677,2669,2662
1900,1910,1916,1888,1898,1862,1884,1879,1887,1896,1897,1907,1886,1890,1913,1898,1889,1913,1894,1892,1897,1911,1907,1895,1888,1916,1869,1913,1887,1875,1897,1895,1875,1899,1883,1898,1919,1921,1907,1898,1920,1944,1877,1905,1920,1879,1905,1882,1893,1896
33,19,61,60,46,22,34,67,84,131,203,237,308,388,471,566,643,727,828,945,1062,1122,1281,1363,1496,1595,1719,1861,1978,2103,2276,2412,2550,2699,2848,2994,3153,3311,3464,3640,3625,3624,3603,3617,3644,3613,3648,3632,3625,3618
46,51,67,69,67,66,67,54,73,54,55,40,65,53,34,41,51,58,42,45,71,47,39,41,31,39,48,84,150,186,274,319,443,483,642,736,833,975,1093,1242,1336,1509,1645,1789,1978,2161,2310,2471,2649,2652
8,43,25,25,26,8,34,24,49,40,62,91,131,155,192,219,281,325,379,440,487,552,620,651,733,799,888,959,1015,1095,1171,1239,1311,1416,1493,1564,1675,1750,1847,1913,2049,2147,2202,2212,2217,2220,2218,2226,2224,2203
6,6,11,3,5,14,0,0,3,5,2,16,21,10,0,28,10,8,40,21,9,0,32,260,511,778,1037,1278,1540,1794,2049,2301,2559,2804,3051,3049,3049,3063,3047,3059,3071,3037,3046,3063,3054,3057,3056,3062,3076,3057
40,42,21,8,35,43,25,61,50,63,32,46,43,35,44,41,38,57,41,26,37,38,42,50,34,47,19,45,23,29,26,45,42,31,34,89,102,148,228,298,395,457,569,644,784,919,995,1108,1257,1403
57,60,68,58,67,52,54,44,163,274,399,523,646,735,863,966,1087,1181,1313,1415,1545,1661,1678,1623,1635,1650,1645,1680,1642,1637,1645,1675,1665,1644,1656,1623,1661,1629,1649,1646,1616,1656,1646,1631,1647,1629,1645,1654,1643,1646
37,54,69,53,72,36,37,62,49,65,29,61,50,75,99,171,220,290,364,450,543,665,755,865,943,1094,1201,1337,1445,1602,1724,1837,2033,2164,2313,2463,2625,2769,2806,2816,2795,2814,2775,2799,2788,2811,2775,2798,2798,2803
2393,2411,2405,2416,2385,2394,2402,2402,2422,2425,2398,2406,2417,2399,2410,2415,2400,2415,2395,2420,2433,2413,2401,2424,2415,2414,2439,2411,2403,2419,2425,2414,2392,2392,2408,2413,2412,2431,2407,2432,2402,2403,2418,2438,2407,2404,2420,2421,2409,2393
20,3,20,21,20,16,30,18,39,31,2,6,8,4,0,8,22,0,0,15,23,2,33,90,103,164,235,306,392,451,538,638,729,834,922,1044,1163,1270,1390,1541,1645,1775,1922,2055,2208,2343,2469,2645,2784,2947
60,43,75,71,24,64,38,39,44,52,57,59,66,34,49,51,23,75,59,59,44,77,54,18,22,49,69,201,324,468,591,738,882,1028,1161,1271,1439,1572,1714,1848,1998,2124,2268,2422,2539,2684,2835,2960,2973,2967
7,21,29,26,38,22,38,36,34,46,42,34,35,105,133,213,274,373,446,546,649,702,831,932,1088,1195,1310,1451,1556,1711,1850,2015,2142,2327,2457,2637,2787,2973,3113,3300,3307,3303,3323,3307,3307,3294,3286,3304,3308,3280
4,0,21,5,14,10,6,36,11,27,2,11,36,3,14,8,16,5,7,10,0,19,12,24,6,14,23,0,37,6,24,5,22,10,33,32,35,63,97,159,187,222,294,293,378,441,469,547,611,649
1546,1518,1548,1538,1533,1534,1548,1536,1551,1549,1542,1548,1535,1570,1552,1562,1549,1564,1565,1543,1555,1520,1547,1532,1561,1525,1563,1534,1540,1579,1534,1537,1526,1518,1528,1554,1544,1566,1559,1543,1541,1563,1542,1559,1541,1519,1552,1529,1547,1553
3943,3963,3958,3962,3943,3938,3953,3957,3958,3957,3977,3961,3957,3962,3965,3959,3931,3977,3956,3967,3949,3952,3961,3956,3956,3918,3945,3938,3965,3948,3938,3970,3954,3953,3956,3932,3976,3960,3961,3974,3956,3961,3967,3981,3975,3979,3956,3966,3958,3959
28,32,30,33,45,47,20,38,54,24,47,27,25,30,25,23,24,15,39,39,56,20,51,89,116,140,181,246,296,360,459,510,578,679,733,830,928,1005,1072,1175,1273,1365,1454,1572,1687,1784,1897,2026,2131,2240
47,49,48,41,52,44,38,25,55,30,41,46,31,38,35,48,26,26,64,37,24,44,48,31,46,53,48,49,27,26,51,61,140,240,330,427,578,735,867,1057,1201,1366,1583,1769,1969,2205,2386,2634,2843,3106
2929,2914,2928,2897,2926,2922,2929,2943,2927,2928,2919,2925,2884,2933,2930,2923,2935,2931,2918,2949,2937,2933,2922,2922,2931,2921,2923,2930,2920,2920,2911,2918,2913,2906,2946,2927,2898,2885,2948,2930,2937,2932,2907,2902,2930,2925,2942,2935,2930,2910
0,6,21,4,0,6,16,8,14,0,1,4,19,6,11,9,12,21,15,0,0,7,0,0,0,0,0,25,0,0,6,31,6,20,56,89,158,227,291,340,426,518,600,665,767,876,981,1099,1190,1313
39,37,33,37,34,30,53,31,37,34,28,42,24,27,49,17,33,38,34,39,42,235,410,625,798,998,1196,1382,1565,1780,1953,2140,2139,2137,2105,2111,2135,2121,2141,2130,2154,2159,2126,2140,2132,2135,2131,2140,2134,2135
11,32,1,33,19,22,25,30,19,17,6,18,26,58,105,145,215,250,325,399,451,532,623,725,773,896,954,1064,1165,1265,1377,1478,1586,1704,1837,1936,1941,1927,1924,1930,1939,1942,1918,1930,1918,1935,1939,1943,1922,1937
3672,3668,3665,3665,3632,3654,3651,3644,3667,3676,3645,3663,3656,3645,3641,3645,3660,3683,3659,3664,3687,3660,3646,3643,3681,3671,3680,3656,3611,3670,3661,3653,3662,3660,3632,3674,3642,3695,3671,3669,3635,3660,3657,3652,3668,3645,3667,3663,3653,3669
52,29,43,45,62,57,43,66,51,41,80,61,57,50,47,35,26,58,67,147,211,286,384,490,622,748,883,1033,1174,1351,1504,1670,1852,2040,2208,2421,2609,2835,3038,3246,3472,3709,3709,3695,3697,3706,3702,3712,3720,3707
22,27,23,0,30,26,27,9,0,25,18,20,24,19,30,14,43,0,6,18,23,41,225,418,617,825,1035,1213,1409,1598,1822,2015,2213,2416,2650,2799,2991,3187,3436,3623,3783,3806,3815,3807,3810,3815,3815,3813,3830,3825
20,9,31,42,9,18,8,39,3,308,550,831,1080,1364,1614,1891,2133,2425,2685,2959,3210,3479,3740,4024,4036,4019,4028,4028,4026,4029,4021,4009,4010,4031,4012,4006,4006,4012,4024,4011,4030,3996,4001,4008,4015,4007,4013,4016,4025,4007
26,25,38,23,38,27,22,27,24,43,18,34,22,5,30,32,29,23,17,36,39,25,14,18,18,22,37,23,23,46,18,35,37,38,69,114,152,206,258,339,403,479,530,601,715,780,879,991,1065,1173
3736,3715,3724,3727,3719,3747,3709,3726,3740,3729,3751,3736,3729,3740,3706,3720,3720,3708,3762,3734,3736,3718,3722,3733,3732,3753,3728,3718,3708,3719,3735,3732,3764,3713,3728,3713,3740,3762,3733,3728,3705,3718,3733,3736,3747,3738,3738,3744,3745,3743
0,6,0,21,11,19,4,13,11,22,11,34,30,24,16,32,26,10,10,20,9,0,24,9,1,1,21,28,25,62,82,129,202,257,364,442,538,654,749,846,974,1094,1215,1366,1491,1610,1768,1940,2081,2240
3063,3059,3088,3085,3088,3068,3070,3049,3087,3069,3094,3084,3069,3080,3061,3078,3109,3074,3061,3054,3096,3094,3098,3050,3090,3070,3087,3065,3061,3071,3056,3083,3078,3034,3081,3085,3051,3077,3083,3053,3100,3075,3047,3088,3055,3097,3088,3074,3072,3066
3474,3449,3410,3448,3433,3459,3478,3439,3465,3458,3453,3460,3441,3462,3438,3426,3454,3480,3436,3466,3461,3411,3456,3456,3445,3451,3444,3453,3455,3449,3418,3459,3452,3465,3448,3465,3433,3440,3450,3471,3446,3460,3444,3445,3441,3440,3470,3435,3431,3462
21,8,3,35,4,7,0,24,0,19,0,33,28,14,18,6,0,14,7,14,0,19,12,5,22,34,5,0,7,4,0,26,0,21,20,118,270,348,501,607,720,821,951,1077,1174,1290,1405,1540,1655,1658
25,29,32,55,46,22,58,24,43,65,49,18,45,34,36,42,28,38,44,20,39,47,42,60,34,30,25,25,26,34,46,108,128,204,252,321,380,458,538,645,750,833,940,1020,1158,1254,1387,1481,1646,1753
3,23,7,47,2,22,13,33,29,278,510,774,1002,1247,1502,1724,2006,2253,2497,2728,2996,3230,3221,3217,3246,3235,3233,3215,3240,3219,3224,3232,3240,3243,3225,3231,3210,3219,3234,3233,3226,3229,3236,3218,3231,3246,3240,3221,3228,3223
0,14,0,0,9,4,12,144,284,434,598,706,882,1010,1155,1339,1461,1605,1738,1860,2031,2155,2319,2441,2604,2727,2900,2905,2897,2881,2880,2878,2869,2900,2892,2896,2872,2877,2892,2890,2896,2901,2885,2906,2894,2898,2884,2891,2894,2890
23,19,43,43,54,26,30,40,25,19,36,41,51,18,22,50,37,43,71,32,38,30,51,50,34,18,32,34,27,10,60,72,120,149,235,291,392,450,528,614,698,767,861,966,1059,1149,1285,1422,1509,1615
2354,2378,2353,2382,2362,2341,2359,2346,2354,2368,2359,2347,2368,2350,2344,2364,2368,2350,2352,2379,2341,2349,2380,2380,2353,2346,2393,2363,2354,2376,2381,2352,2342,2363,2374,2388,2367,2385,2371,2337,2362,2349,2348,2366,2373,2356,2352,2362,2381,2344
42,53,49,69,47,45,60,43,55,48,82,160,189,236,317,348,422,490,564,652,746,829,922,998,1103,1194,1329,1428,1534,1635,1637,1650,1627,1647,1634,1645,1641,1633,1644,1639,1647,1637,1655,1642,1634,1681,1646,1642,1644,1631
3112,3086,3102,3115,3100,3085,3086,3108,3087,3096,3099,3103,3113,3090,3093,3080,3076,3099,3092,3073,3092,3113,3102,3104,3092,3101,3099,3110,3088,3124,3106,3109,3070,3090,3074,3086,3105,3108,3106,3094,3092,3098,3095,3112,3114,3109,3100,3124,3089,3103
37,46,38,43,43,40,40,42,33,35,41,37,56,40,29,23,44,40,48,36,39,41,39,38,44,34,43,50,49,29,37,41,47,41,47,35,41,42,47,45,44,45,32,38,33,36,38,26,39,35
0,24,19,11,28,38,18,18,17,16,27,17,17,13,0,35,15,25,328,650,938,1238,1555,1847,2171,2480,2764,3118,3400,3721,3699,3739,3712,3726,3713,3732,3693,3706,3721,3719,3691,3728,3700,3708,3721,3700,3690,3705,3707,3707
48,65,47,52,41,47,46,50,52,51,50,55,55,39,60,55,42,59,60,42,52,55,60,56,50,47,45,48,57,59,51,60,56,69,43,52,55,65,45,48,54,46,52,44,61,64,64,54,55,53
0,9,0,34,8,23,26,0,42,17,0,37,144,241,337,497,633,815,971,1171,1388,1590,1797,2023,2270,2501,2781,3034,3293,3577,3880,3853,3862,3870,3885,3857,3859,3875,3858,3861,3853,3844,3868,3865,3857,3872,3864,3839,3880,3846
50,40,44,53,32,41,42,30,40,60,31,57,79,100,127,207,215,263,298,376,411,458,550,617,693,745,799,930,949,1025,1113,1187,1281,1382,1478,1542,1657,1740,1836,1942,2030,2027,2039,2038,2009,2042,2048,2012,2030,2017
63,46,38,67,69,57,52,56,53,52,33,77,56,65,54,42,81,57,43,43,58,58,71,37,55,93,69,63,70,47,61,55,63,74,99,118,137,183,187,225,290,307,365,394,437,527,567,598,679,720
28,37,30,25,36,32,25,42,18,21,35,26,33,18,19,21,32,26,36,37,26,31,351,654,986,1316,1621,1934,2255,2573,2883,3221,3525,3850,3846,3849,3848,3837,3850,3851,3860,3838,3851,3840,3858,3845,3849,3864,3841,3845
32,59,26,28,43,48,33,62,115,165,214,258,337,429,513,588,694,776,888,1007,1126,1212,1357,1480,1623,1738,1878,2023,2153,2300,2456,2600,2755,2900,3072,3240,3418,3385,3388,3406,3397,3405,3412,3414,3403,3386,3399,3415,3399,3407
2483,2525,2504,2527,2518,2516,2513,2515,2482,2535,2486,2503,2491,2510,2497,2509,2522,2524,2534,2506,2489,2525,2523,2505,2516,2498,2505,2494,2512,2517,2517,2555,2474,2486,2511,2503,2496,2482,2520,2516,2505,2529,2532,2506,2475,2525,2507,2513,2505,2506
51,53,25,30,55,53,33,54,73,32,32,33,29,53,97,118,172,196,254,290,332,365,427,450,557,596,654,708,803,844,925,986,1056,1143,1253,1315,1381,1461,1547,1610,1701,1821,1903,1955,2046,2145,2231,2243,2249,2254
14,40,17,14,19,37,0,2,12,0,30,23,0,7,27,27,0,193,370,558,753,918,1095,1276,1460,1630,1847,2004,2019,2018,2013,2011,1992,2004,2025,1983,2023,2038,2007,2017,2015,2023,2030,2019,2025,1997,2004,2006,2023,2022
22,23,2,16,10,14,14,3,22,7,0,5,8,5,0,147,242,386,491,602,739,853,992,1111,1221,1314,1438,1575,1683,1814,1934,2048,2176,2193,2175,2166,2185,2183,2170,2164,2186,2200,2157,2162,2181,2197,2184,2185,2182,2161
42,46,46,30,30,52,29,41,34,49,27,47,43,61,36,31,44,43,39,39,37,36,27,26,43,30,58,44,39,20,270,533,775,1039,1262,1497,1740,2004,2231,2502,2742,2975,3213,3459,3715,3709,3707,3701,3703,3707
48,56,62,35,82,53,57,32,51,44,47,70,58,52,57,79,112,133,165,219,292,353,411,484,550,629,713,831,883,1000,1098,1195,1301,1398,1506,1630,1713,1839,1958,2088,2214,2334,2447,2465,2452,2472,2470,2481,2460,2454
1596,1573,1584,1578,1570,1568,1597,1579,1561,1568,1558,1584,1579,1567,1577,1567,1580,1571,1554,1576,1584,1587,1585,1578,1618,1554,1560,1578,1564,1595,1594,1569,1581,1575,1598,1577,1561,1556,1588,1579,1553,1587,1574,1574,1581,1595,1574,1575,1616,1562
43,46,42,50,50,52,40,45,33,44,46,43,44,29,44,47,51,48,38,46,38,37,41,42,50,56,43,47,42,42,40,42,54,41,47,39,34,41,40,48,38,46,50,43,54,53,40,45,38,47
82,64,53,61,70,45,67,49,62,69,100,176,222,283,357,442,533,626,703,833,941,1041,1160,1275,1421,1546,1684,1783,1931,2104,2229,2245,2238,2229,2240,2251,2236,2250,2259,2225,2217,2232,2232,2231,2238,2218,2256,2248,2235,2226
2751,2727,2754,2728,2707,2772,2755,2744,2735,2766,2742,2739,2726,2757,2770,2735,2737,2734,2726,2739,2727,2753,2724,2745,2762,2717,2704,2738,2720,2742,2751,2724,2741,2723,2763,2745,2726,2733,2752,2742,2746,2731,2737,2733,2747,2747,2731,2764,2723,2746
43,20,1,18,5,23,37,14,21,11,35,10,18,20,5,10,10,27,6,12,12,19,16,0,14,4,4,29,35,21,8,8,167,292,434,598,707,850,982,1136,1264,1406,1539,1687,1825,1990,2105,2242,2377,2522
2010,2023,2019,2015,2009,2038,2030,2005,2026,2059,2008,2020,2024,2041,2021,2037,2034,2008,2058,2023,2005,2009,2031,2008,2003,2000,2032,2025,2031,2007,2034,2019,1983,2032,1989,2038,2044,2004,2021,2029,2026,2013,2026,2016,2029,2025,2044,2025,2052,2058
17,21,19,16,36,15,6,10,43,12,18,48,29,28,10,15,37,0,126,269,372,510,640,733,878,974,1094,1231,1338,1478,1569,1700,1826,1945,2053,2191,2314,2318,2300,2324,2325,2312,2295,2311,2307,2292,2293,2311,2303,2301
0,16,6,32,19,0,31,14,16,18,0,77,182,231,312,404,467,562,646,710,799,862,940,1036,1076,1155,1245,1307,1396,1496,1562,1577,1563,1544,1569,1573,1541,1541,1562,1542,1554,1543,1562,1558,1542,1554,1544,1571,1575,1546
46,55,65,33,48,53,48,26,32,43,51,35,47,34,89,137,222,346,438,569,698,850,1001,1160,1338,1547,1718,1950,2119,2334,2565,2793,3003,3250,3501,3501,3522,3519,3503,3524,3507,3496,3498,3489,3501,3501,3504,3509,3498,3498
57,62,59,52,55,55,69,70,54,57,60,59,55,47,51,52,45,44,55,52,67,61,54,55,57,57,52,47,60,51,58,49,53,47,52,58,57,59,56,58,69,47,57,49,58,58,50,62,62,60
44,45,48,44,55,44,51,63,54,53,62,58,54,49,50,50,48,52,53,43,60,53,49,52,56,42,50,43,66,51,43,72,47,49,50,45,52,37,57,44,48,55,49,50,44,63,54,44,52,44
47,31,43,46,49,47,42,23,49,24,39,39,389,739,1114,1461,1848,2199,2541,2891,3247,3622,3964,3944,3958,3948,3953,3962,3973,3964,3955,3955,3959,3944,3951,3962,3959,3970,3941,3959,3955,3966,3962,3956,3953,3965,3940,3946,3950,3958
2700,2684,2696,2701,2728,2730,2710,2712,2733,2700,2737,2694,2724,2690,2723,2697,2691,2733,2710,2694,2716,2722,2717,2687,2703,2712,2700,2714,2706,2702,2713,2708,2696,2692,2724,2696,2697,2694,2706,2755,2709,2721,2709,2741,2728,2694,2697,2753,2682,2717
29,0,21,11,9,0,0,12,15,29,13,10,16,22,12,24,23,21,11,21,21,18,8,25,13,32,10,17,47,46,109,125,158,223,266,348,387,492,555,644,678,781,872,969,1041,1146,1225,1351,1442,1541
37,24,52,51,52,48,43,54,38,35,56,65,50,46,57,56,57,48,62,43,62,79,97,170,215,271,331,392,491,553,654,735,848,951,1045,1130,1270,1392,1509,1649,1751,1878,2009,2134,2309,2436,2573,2730,2882,3019
1621,1654,1675,1663,1632,1679,1668,1637,1655,1641,1657,1670,1652,1642,1680,1649,1648,1660,1656,1643,1656,1654,1664,1676,1636,1642,1638,1642,1655,1661,1640,1645,1627,1645,1647,1635,1642,1650,1659,1661,1663,1646,1661,1644,1658,1671,1670,1672,1661,1650
13,33,31,41,23,13,14,20,14,24,9,20,5,7,17,9,25,16,15,187,376,520,742,883,1065,1245,1435,1599,1764,1933,2127,2295,2497,2664,2873,3014,3201,3380,3556,3732,3728,3734,3726,3759,3741,3731,3720,3736,3738,3733
7,7,22,33,18,3,37,23,0,5,9,7,4,6,31,15,2,10,3,0,19,8,12,24,10,24,5,4,23,225,394,582,758,940,1145,1311,1516,1710,1893,2096,2272,2462,2625,2829,3018,3188,3394,3566,3584,3574
63,56,66,44,70,37,59,73,56,53,54,38,50,76,59,78,65,59,51,65,62,60,48,44,58,72,54,68,56,65,224,417,594,791,947,1148,1315,1515,1697,1867,2043,2048,2032,2035,2039,2049,2060,2045,2047,2043
2642,2661,2638,2631,2641,2640,2645,2638,2648,2635,2640,2645,2620,2630,2668,2645,2630,2680,2621,2664,2630,2629,2645,2640,2661,2644,2657,2634,2655,2661,2650,2650,2646,2665,2647,2643,2625,2637,2625,2637,2615,2647,2653,2648,2639,2653,2684,2654,2635,2650
51,47,47,61,46,53,47,42,40,39,28,44,25,58,46,52,63,56,40,21,38,36,65,31,43,43,54,51,58,25,44,30,43,331,604,887,1167,1481,1750,2030,2323,2603,2890,3159,3457,3738,3704,3741,3731,3749
28,21,18,27,22,17,44,31,29,0,25,10,30,9,23,26,24,20,52,29,25,7,34,26,22,49,52,79,113,147,220,253,299,343,417,492,544,610,688,763,827,917,992,1081,1167,1247,1346,1417,1506,1602
53,64,47,42,29,58,48,47,72,41,49,285,499,711,972,1173,1408,1616,1861,2067,2307,2536,2770,3011,2993,3002,2980,2965,2971,2989,2997,2983,2989,2990,2995,2996,2979,2971,2982,2958,2988,2991,2976,2989,2990,3002,2993,2985,2978,2987
14,19,5,7,0,2,16,3,30,0,13,24,22,28,0,21,25,15,3,7,0,3,0,1,0,26,214,438,638,862,1094,1292,1522,1705,1953,2164,2392,2580,2791,3026,3231,3445,3690,3678,3668,3642,3677,3661,3662,3652
58,51,60,70,44,64,58,55,52,54,53,65,154,249,331,458,561,628,727,820,929,1047,1144,1207,1313,1438,1523,1591,1731,1817,1920,2005,2106,2203,2197,2202,2200,2189,2188,2188,2199,2204,2221,2209,2215,2221,2216,2208,2187,2215
0,16,22,0,22,1,9,33,15,43,89,165,257,347,413,507,568,652,736,836,905,984,1090,1143,1229,1309,1379,1460,1536,1620,1711,1709,1716,1735,1711,1712,1709,1728,1724,1732,1725,1720,1731,1713,1693,1699,1715,1719,1733,1716
1868,1874,1869,1850,1842,1876,1867,1864,1874,1885,1856,1840,1879,1856,1859,1837,1897,1845,1825,1870,1854,1856,1881,1852,1846,1859,1873,1893,1871,1834,1872,1858,1850,1847,1860,1834,1856,1858,1881,1846,1863,1841,1857,1875,1864,1879,1860,1842,1870,1839
11,31,19,9,9,23,23,44,43,35,22,9,16,23,29,39,40,4,57,46,25,4,16,30,42,49,33,41,11,8,39,54,19,39,50,81,110,140,165,223,254,333,346,384,469,534,584,660,724,801
3011,2992,3017,3013,2969,2982,3008,3012,2957,3001,2993,3007,3010,2986,3017,2989,3017,2986,2997,3009,2984,3020,3004,3011,3007,3003,3002,2966,2996,2992,3005,2999,2991,2999,2977,3017,2983,2998,3015,2991,2991,2967,2993,2997,2994,2975,2996,2990,3012,3013
28,15,0,1,13,2,28,8,10,24,18,10,26,1,8,7,221,444,640,864,1052,1273,1468,1692,1891,2098,2313,2534,2524,2546,2532,2533,2503,2510,2517,2525,2516,2522,2520,2514,2503,2532,2516,2506,2537,2536,2522,2521,2525,2517
57,60,71,38,54,34,47,50,30,45,39,61,44,54,59,69,41,241,425,614,814,997,1169,1371,1561,1750,1916,2120,2310,2478,2678,2860,3046,3262,3252,3248,3261,3236,3262,3257,3248,3227,3208,3219,3236,3260,3245,3230,3244,3242
31,37,52,66,25,39,50,62,74,109,139,222,235,280,357,392,462,572,582,689,750,815,904,961,1062,1130,1219,1322,1408,1535,1602,1732,1797,1909,2025,2028,2003,2010,2030,2003,2013,2019,2029,2014,2015,2012,2011,2029,2014,2019
32,31,44,21,21,14,53,26,48,20,54,24,50,15,21,42,31,44,36,42,18,38,32,37,37,33,33,43,40,8,32,58,26,31,196,373,581,748,913,1127,1258,1456,1651,1807,1993,2156,2342,2518,2709,2877
1716,1728,1708,1702,1728,1695,1721,1723,1700,1743,1735,1716,1748,1721,1734,1726,1718,1748,1721,1699,1732,1713,1728,1720,1727,1730,1752,1725,1713,1724,1743,1722,1722,1716,1734,1705,1732,1716,1696,1714,1722,1711,1734,1734,1719,1729,1738,1699,1722,1730
3097,3093,3118,3063,3097,3135,3096,3083,3106,3132,3137,3077,3087,3110,3092,3081,3136,3099,3105,3106,3096,3090,3112,3103,3114,3122,3064,3097,3075,3081,3094,3115,3093,3097,3094,3087,3086,3088,3112,3106,3096,3104,3121,3104,3138,3086,3103,3086,3087,3125
38,27,15,26,35,10,27,23,30,29,34,27,38,46,32,1,35,7,27,29,32,24,49,54,90,151,183,280,349,405,498,610,712,800,928,1066,1144,1280,1437,1554,1688,1826,1975,2109,2249,2426,2582,2765,2896,3056
2403,2403,2428,2412,2440,2400,2413,2423,2413,2405,2420,2423,2391,2405,2440,2408,2404,2396,2427,2409,2426,2401,2415,2425,2411,2418,2402,2418,2427,2407,2416,2416,2408,2420,2403,2399,2405,2431,2410,2405,2386,2403,2416,2411,2415,2427,2422,2383,2389,2404
15,9,33,13,42,14,15,18,6,7,28,29,1,9,18,23,0,16,16,30,13,22,11,40,23,20,22,30,17,7,52,26,17,30,37,12,39,38,113,156,208,286,316,400,459,536,622,674,768,869
5,0,0,15,9,17,60,128,216,326,438,588,743,905,1055,1240,1449,1658,1832,2047,2282,2524,2746,3003,3230,3513,3784,3774,3783,3770,3759,3785,3787,3761,3779,3773,3779,3761,3789,3796,3774,3776,3784,3778,3786,3782,3797,3798,3782,3797
47,54,52,44,56,61,32,55,43,48,43,46,57,39,61,64,90,133,132,204,253,303,372,395,502,555,634,701,773,855,928,1030,1100,1206,1294,1368,1475,1563,1680,1763,1892,1974,2088,2205,2315,2309,2294,2295,2284,2298
49,47,40,56,65,47,59,50,53,36,80,39,69,67,53,232,368,531,699,865,1018,1186,1352,1511,1668,1817,1969,2150,2318,2475,2633,2624,2659,2619,2628,2631,2645,2644,2645,2625,2630,2653,2640,2637,2640,2615,2653,2617,2631,2625
2177,2148,2143,2141,2161,2157,2167,2162,2124,2159,2167,2152,2136,2135,2122,2137,2131,2149,2148,2151,2151,2131,2104,2110,2142,2138,2147,2161,2157,2132,2168,2140,2141,2171,2136,2153,2124,2147,2137,2154,2182,2123,2120,2175,2139,2150,2130,2162,2167,2156
59,48,30,50,41,44,132,214,292,368,466,562,610,703,781,873,949,1020,1119,1202,1285,1360,1436,1518,1522,1533,1546,1556,1539,1537,1552,1501,1549,1545,1543,1536,1547,1542,1537,1527,1534,1525,1537,1554,1541,1544,1511,1527,1542,1527
3141,3172,3159,3172,3177,3140,3190,3170,3185,3188,3180,3202,3171,3166,3171,3161,3166,3186,3176,3198,3180,3152,3167,3188,3186,3174,3169,3196,3189,3186,3155,3171,3151,3171,3166,3180,3196,3189,3178,3151,3186,3164,3196,3184,3176,3171,3154,3193,3175,3187
7,22,32,21,29,16,19,20,6,12,13,24,25,21,24,19,27,20,20,18,24,17,25,13,13,24,19,17,25,16,18,28,29,29,18,27,14,14,5,30,14,19,14,24,17,12,22,11,14,7
3198,3184,3194,3169,3216,3192,3198,3178,3201,3219,3200,3187,3196,3199,3189,3181,3167,3191,3200,3213,3174,3219,3160,3204,3203,3187,3208,3201,3198,3195,3208,3190,3204,3207,3198,3186,3223,3201,3184,3183,3198,3181,3193,3185,3193,3184,3203,3175,3165,3198
21,28,7,8,22,32,37,18,17,25,42,42,22,32,20,49,46,37,1,37,28,258,466,676,923,1131,1366,1584,1810,2030,2278,2501,2725,2918,3170,3399,3614,3841,3833,3828,3826,3821,3841,3855,3814,3816,3831,3819,3833,3857
28,36,21,38,38,38,38,17,30,37,14,53,25,31,33,27,30,30,29,21,25,30,8,15,59,18,29,35,29,24,36,42,50,43,41,28,188,329,479,636,775,920,1044,1220,1366,1530,1656,1822,1786,1798
42,48,57,46,40,49,63,41,41,61,253,471,693,896,1102,1305,1513,1727,1936,2140,2380,2570,2778,2987,2986,3006,3021,3028,3004,3004,2989,3001,2993,2997,2991,3022,3020,2992,2994,3003,3002,3014,3002,2993,2997,3009,3008,3012,2981,3007
3890,3882,3894,3885,3865,3874,3845,3905,3882,3874,3882,3894,3906,3897,3882,3896,3881,3882,3907,3921,3905,3867,3876,3854,3903,3879,3881,3865,3892,3883,3868,3875,3893,3878,3883,3847,3872,3888,3908,3898,3887,3868,3870,3901,3908,3889,3868,3864,3915,3857
2716,2701,2698,2703,2706,2693,2703,2696,2689,2710,2682,2721,2725,2701,2702,2703,2691,2730,2725,2707,2696,2703,2709,2687,2735,2710,2704,2698,2703,2715,2697,2714,2681,2712,2692,2716,2707,2711,2726,2678,2716,2703,2724,2689,2705,2719,2716,2738,2684,2698
15,29,35,12,22,27,3,10,27,9,19,9,21,3,146,268,432,560,687,818,979,1097,1229,1379,1496,1631,1757,1930,2031,2160,2305,2438,2544,2704,2710,2719,2706,2696,2732,2699,2701,2704,2691,2735,2726,2689,2706,2705,2708,2691
19,27,37,24,44,44,34,51,34,39,14,33,29,50,37,65,11,50,22,54,32,31,52,26,28,27,43,33,23,19,32,34,23,45,36,205,422,632,795,981,1170,1349,1564,1745,1937,2114,2313,2469,2684,2872
4053,4069,4053,4037,4040,4095,4072,4051,4083,4055,4062,4052,4048,4058,4063,4066,4072,4060,4087,4039,4067,4053,4064,4066,4059,4055,4066,4060,4076,4042,4092,4078,4061,4057,4059,4040,4066,4048,4052,4065,4084,4092,4035,4057,4057,4065,4062,4060,4077,4020
41,37,28,26,27,51,17,21,25,33,13,27,49,3,27,39,25,60,108,168,242,334,442,539,626,757,901,1024,1184,1295,1443,1618,1768,1942,2088,2270,2448,2639,2824,3021,3243,3404,3634,3830,4063,4048,4044,4048,4054,4047
46,44,29,46,64,55,58,39,60,50,51,75,51,57,43,27,40,43,38,39,60,95,148,211,334,433,541,664,807,928,1097,1254,1438,1621,1776,1986,2208,2368,2584,2822,3005,3236,3481,3730,3722,3714,3713,3726,3721,3727
19,24,26,47,38,51,37,33,30,27,25,30,19,20,10,32,41,36,24,40,217,417,621,807,1026,1209,1421,1602,1808,1998,2214,2385,2581,2786,2995,3186,3370,3374,3377,3373,3360,3379,3356,3389,3379,3386,3375,3380,3377,3371
48,44,35,45,20,44,65,24,44,45,28,40,52,45,30,175,329,469,598,745,903,1040,1180,1327,1491,1613,1752,1763,1772,1784,1763,1783,1759,1763,1735,1766,1791,1781,1755,1777,1791,1763,1783,1766,1754,1775,1758,1770,1751,1763
16,0,31,16,27,15,278,573,846,1139,1413,1724,2000,2262,2557,2836,3127,3409,3700,3683,3672,3669,3672,3701,3682,3684,3676,3688,3671,3663,3679,3688,3654,3700,3705,3662,3683,3689,3674,3686,3685,3679,3673,3696,3671,3680,3689,3691,3686,3679
32,39,43,46,28,39,40,38,48,41,33,68,28,47,34,46,48,46,24,48,18,33,17,45,24,38,40,20,52,53,93,128,201,252,292,372,465,559,640,743,827,932,1027,1143,1267,1386,1499,1606,1754,1861
69,53,50,54,48,51,46,39,67,50,38,35,87,50,60,77,57,66,54,59,59,66,60,72,52,73,58,55,262,465,672,856,1058,1247,1443,1623,1847,2037,2261,2420,2627,2825,3041,3010,3010,3013,3016,3019,3017,3021
2172,2169,2175,2175,2187,2164,2172,2186,2189,2176,2204,2191,2202,2175,2194,2200,2194,2187,2205,2209,2179,2186,2213,2171,2162,2201,2177,2164,2198,2178,2181,2199,2178,2199,2177,2175,2187,2188,2163,2204,2182,2183,2197,2200,2180,2194,2174,2195,2162,2184
8,9,29,22,65,43,35,36,36,0,21,24,46,9,23,41,37,25,24,112,214,323,425,504,591,704,787,878,965,1054,1167,1237,1340,1443,1531,1632,1631,1636,1622,1616,1615,1613,1596,1639,1635,1630,1605,1627,1630,1627
20,2,19,0,16,37,26,38,28,46,14,13,22,31,13,13,0,39,14,11,11,0,6,16,38,24,33,29,216,439,655,821,1028,1217,1443,1659,1857,2056,2259,2459,2673,2872,3061,3259,3455,3682,3879,4070,4081,4092
44,39,12,53,47,32,21,55,53,15,49,39,11,20,46,48,52,36,57,51,20,46,23,28,31,48,69,51,33,54,34,33,27,169,303,439,552,696,830,970,1073,1218,1369,1487,1601,1736,1873,2042,2136,2273
3053,3034,3071,3059,3063,3045,3061,3060,3047,3077,3060,3053,3052,3067,3045,3079,3041,3056,3041,3052,3090,3060,3072,3055,3062,3049,3045,3064,3049,3048,3017,3060,3030,3047,3037,3059,3034,3040,3045,3047,3056,3088,3056,3029,3038,3048,3044,3032,3060,3051
16,45,46,53,37,5,40,35,39,13,41,47,41,26,19,40,35,32,22,41,50,2,28,29,174,304,437,584,716,844,1006,1113,1266,1422,1539,1682,1812,1932,2072,2219,2349,2501,2635,2773,2760,2777,2757,2759,2748,2767
3723,3692,3684,3711,3701,3716,3713,3690,3684,3699,3693,3703,3689,3700,3703,3721,3714,3694,3692,3687,3711,3695,3713,3697,3694,3734,3700,3715,3716,3699,3692,3706,3700,3706,3680,3694,3719,3721,3710,3708,3716,3703,3703,3712,3696,3712,3720,3694,3726,3708
37,63,75,48,44,43,52,26,60,69,55,48,47,53,36,60,51,44,49,51,45,66,101,116,173,200,258,312,346,423,458,542,586,678,739,818,892,960,1046,1161,1230,1294,1402,1512,1590,1693,1800,1885,1988,2127
42,44,21,34,38,25,42,37,2,51,40,28,47,25,36,49,35,36,21,57,32,47,41,53,46,60,65,118,160,186,239,286,321,374,414,465,501,579,635,687,751,815,872,956,1054,1140,1210,1241,1333,1403
60,57,38,49,48,65,54,64,71,78,62,69,75,78,68,64,64,56,63,62,66,44,56,60,57,64,64,74,125,219,279,364,450,582,691,786,944,1074,1196,1360,1498,1647,1809,1983,2139,2335,2527,2703,2884,3073
1799,1787,1790,1795,1775,1782,1788,1794,1766,1753,1776,1775,1776,1797,1782,1777,1814,1761,1784,1773,1775,1790,1806,1788,1786,1815,1795,1778,1799,1799,1809,1782,1786,1784,1794,1789,1784,1796,1810,1815,1782,1799,1769,1805,1786,1809,1764,1760,1788,1788
1720,1706,1732,1716,1730,1700,1702,1703,1693,1731,1701,1701,1761,1726,1684,1720,1714,1735,1716,1698,1734,1701,1728,1744,1720,1714,1727,1706,1702,1721,1691,1713,1728,1704,1716,1690,1698,1716,1734,1726,1712,1718,1715,1715,1697,1701,1726,1720,1720,1702
33,56,48,54,37,37,39,43,66,44,79,51,51,59,41,63,60,46,50,81,48,61,49,50,81,144,220,345,441,568,715,820,952,1145,1316,1496,1669,1870,2062,2268,2478,2704,2920,3160,3394,3376,3407,3402,3378,3380
42,60,55,47,47,40,45,67,50,237,418,611,800,993,1193,1356,1560,1731,1931,2131,2305,2507,2659,2879,3087,3057,3067,3061,3055,3068,3077,3056,3067,3076,3059,3049,3072,3054,3061,3074,3071,3065,3075,3057,3073,3060,3069,3053,3069,3044
63,63,54,48,77,76,56,43,68,66,63,280,462,656,866,1043,1275,1471,1654,1861,2072,2263,2485,2644,2868,3046,3246,3468,3641,3875,4074,4063,4045,4074,4062,4075,4079,4052,4084,4047,4062,4062,4056,4041,4059,4057,4085,4047,4041,4057
16,29,12,1,32,7,0,17,66,0,5,12,13,4,27,29,19,13,26,36,31,74,114,186,257,347,451,520,638,723,816,939,1061,1179,1309,1442,1573,1704,1851,2008,2141,2313,2469,2613,2778,2951,3127,3103,3125,3115
39,0,28,12,14,8,33,33,21,32,11,7,29,11,16,8,14,11,28,13,8,11,0,7,50,27,38,25,21,46,40,105,105,185,234,275,335,406,471,560,656,693,766,875,941,1056,1135,1236,1330,1409
8,19,2,20,38,36,6,39,12,15,32,29,42,33,10,32,21,20,24,19,58,109,131,241,298,414,485,595,682,841,946,1075,1218,1358,1504,1637,1815,1960,2119,2294,2472,2646,2819,3002,3173,3395,3588,3563,3586,3583
14,4,1,0,57,23,2,17,17,0,10,8,2,5,0,5,19,9,19,31,3,20,152,296,444,581,720,841,989,1112,1264,1415,1557,1685,1820,1941,2115,2254,2373,2514,2658,2665,2662,2663,2647,2673,2655,2664,2667,2648
14,12,32,5,12,15,0,0,0,12,0,98,180,311,402,500,576,702,787,854,963,1055,1171,1240,1362,1441,1553,1641,1724,1844,1934,2035,2042,2050,2021,2033,2040,2036,2007,2020,2025,2013,2021,2018,2017,2025,2019,2003,2023,2039
86,51,38,47,59,47,81,52,57,71,45,55,69,62,58,59,46,59,37,40,46,70,42,59,52,71,50,65,74,43,63,32,62,180,279,405,549,663,780,894,1020,1138,1249,1392,1499,1611,1736,1853,2001,2118
3491,3508,3490,3472,3500,3476,3490,3501,3487,3465,3478,3466,3473,3480,3503,3489,3471,3479,3486,3481,3490,3495,3485,3474,3477,3488,3459,3484,3496,3480,3454,3492,3485,3488,3506,3475,3488,3479,3475,3456,3499,3496,3475,3523,3479,3493,3498,3485,3467,3487
30,32,38,35,40,35,29,42,46,35,27,59,52,12,53,32,27,58,44,20,38,40,42,41,43,337,618,899,1208,1498,1783,2112,2362,2662,2948,2962,2963,2951,2944,2943,2969,2970,2951,2954,2934,2961,2964,2953,2975,2954
42,27,28,21,0,21,36,59,27,48,0,29,40,15,34,27,35,38,22,0,47,21,33,15,35,16,13,22,27,14,9,244,433,627,834,1025,1234,1439,1653,1848,2058,2244,2447,2649,2861,3042,3251,3462,3636,3858
51,61,55,66,64,59,52,44,55,52,58,76,65,76,159,207,314,406,497,639,755,879,1043,1171,1318,1510,1665,1859,2015,2217,2415,2602,2792,3028,3249,3434,3450,3471,3451,3450,3451,3453,3457,3461,3458,3446,3465,3458,3460,3461
43,40,53,76,70,24,41,111,177,252,339,404,461,522,638,685,740,823,891,931,1019,1110,1156,1263,1308,1377,1471,1539,1530,1537,1529,1547,1530,1512,1513,1526,1532,1519,1529,1522,1541,1527,1516,1525,1503,1528,1541,1517,1556,1540
41,24,33,4,18,22,21,19,0,16,28,13,16,6,32,49,95,162,259,327,427,560,693,835,925,1093,1243,1423,1569,1726,1918,2087,2270,2479,2663,2855,3073,3286,3485,3720,3718,3723,3711,3734,3730,3706,3717,3739,3722,3726
53,58,60,55,51,74,88,52,42,61,49,46,86,126,159,201,244,293,357,388,436,506,572,645,737,791,875,940,1014,1090,1205,1266,1364,1446,1554,1637,1741,1826,1943,2028,2134,2252,2365,2480,2552,2666,2687,2677,2687,2664
50,34,57,53,62,45,52,27,21,59,48,58,32,25,34,71,95,131,176,239,265,342,408,494,559,631,741,814,892,990,1066,1196,1304,1397,1515,1631,1724,1842,1980,2120,2093,2096,2085,2087,2070,2102,2087,2080,2085,2099
17,26,22,22,29,18,32,0,44,9,33,21,8,20,30,26,0,15,22,25,15,1,32,7,0,30,7,24,13,42,4,31,315,560,833,1109,1365,1639,1900,2190,2445,2734,2987,3293,3531,3523,3525,3542,3533,3534
17,31,12,24,18,22,22,25,53,95,137,156,191,231,281,347,402,474,517,596,645,750,814,854,968,1043,1116,1186,1276,1369,1489,1558,1667,1741,1825,1928,2033,2139,2250,2343,2456,2570,2568,2572,2555,2570,2582,2566,2581,2577
61,67,55,63,57,67,71,44,82,83,57,64,51,57,56,37,53,74,42,59,98,134,150,212,225,279,342,414,474,489,572,672,726,796,864,932,1022,1105,1208,1260,1364,1438,1529,1641,1716,1834,1925,1914,1896,1922
2105,2115,2090,2076,2076,2107,2116,2071,2108,2095,2094,2059,2055,2087,2095,2109,2104,2108,2112,2097,2077,2117,2096,2108,2084,2093,2102,2093,2089,2105,2109,2093,2093,2122,2108,2100,2110,2101,2091,2104,2115,2090,2092,2103,2080,2110,2091,2096,2094,2089
2081,2095,2108,2067,2104,2064,2059,2066,2073,2087,2046,2080,2088,2062,2076,2100,2064,2078,2094,2082,2064,2091,2075,2085,2086,2068,2043,2106,2090,2100,2076,2079,2093,2115,2094,2093,2095,2056,2103,2103,2084,2095,2091,2120,2077,2096,2088,2075,2069,2094
0,12,8,25,20,3,3,9,17,4,13,30,6,0,27,18,2,11,15,14,25,10,11,0,0,0,0,0,0,26,0,13,0,8,17,33,56,90,93,147,151,218,239,287,338,382,388,440,512,568
2930,2922,2927,2929,2945,2935,2920,2941,2926,2935,2938,2911,2953,2939,2936,2924,2927,2935,2945,2898,2910,2935,2927,2931,2916,2912,2932,2921,2953,2935,2946,2933,2912,2932,2916,2912,2917,2964,2918,2935,2924,2897,2909,2916,2899,2893,2933,2914,2922,2930
19,23,20,8,32,23,7,29,14,28,0,258,509,758,978,1216,1461,1710,1950,2179,2420,2656,2910,2889,2905,2898,2890,2894,2865,2910,2912,2913,2935,2899,2901,2904,2898,2900,2876,2885,2915,2917,2883,2900,2880,2875,2887,2890,2903,2910
17,31,54,58,46,44,56,51,27,65,90,138,182,193,233,278,315,369,410,468,534,575,621,700,773,837,887,970,1058,1122,1175,1247,1326,1411,1472,1577,1647,1727,1729,1706,1701,1713,1713,1729,1715,1735,1723,1737,1721,1717
0,25,2,36,17,9,7,32,19,22,24,19,6,22,15,13,14,8,35,18,15,31,11,125,207,299,380,492,558,659,762,836,942,1013,1127,1215,1290,1404,1472,1590,1577,1571,1581,1567,1587,1570,1587,1571,1573,1604
25,17,31,0,0,20,23,0,18,14,21,35,25,27,29,28,19,0,17,12,20,4,1,17,32,26,0,27,8,37,28,143,275,373,477,601,739,844,954,1076,1180,1313,1422,1523,1673,1791,1904,2004,2144,2259
40,33,60,19,39,38,60,62,49,46,67,49,45,34,48,64,80,127,183,215,286,350,418,457,536,630,718,787,912,991,1097,1184,1295,1408,1508,1609,1739,1834,1951,2091,2188,2336,2459,2596,2733,2877,3012,3112,3283,3276
16,20,25,39,21,35,31,55,30,20,28,16,7,49,23,28,31,47,27,52,27,33,224,427,630,831,1054,1248,1469,1631,1867,2057,2254,2453,2447,2461,2434,2458,2446,2455,2464,2476,2463,2435,2446,2457,2467,2468,2449,2450
2280,2266,2285,2253,2296,2256,2255,2262,2273,2273,2254,2264,2265,2256,2304,2250,2284,2279,2257,2264,2274,2301,2253,2271,2278,2263,2270,2262,2274,2263,2256,2258,2265,2252,2282,2288,2257,2263,2252,2278,2272,2274,2272,2270,2279,2277,2269,2260,2266,2264
56,33,70,37,65,46,67,43,47,76,51,70,46,49,65,50,59,55,41,37,44,36,55,64,66,36,64,39,74,43,80,99,122,154,175,231,265,324,390,432,485,536,617,653,744,809,890,934,1039,1120
9,3,6,14,5,21,3,11,15,5,0,0,21,7,8,17,12,10,16,7,10,21,11,8,16,7,19,0,17,3,13,0,5,7,7,9,13,17,11,0,10,5,0,13,15,17,3,0,3,9
54,49,41,61,56,43,53,39,43,56,60,26,41,48,56,69,34,49,36,48,36,65,59,44,58,43,61,31,54,36,74,89,133,165,189,271,347,429,471,526,621,695,772,875,957,1042,1145,1262,1342,1453
2453,2391,2420,2436,2437,2422,2436,2421,2414,2403,2449,2413,2403,2428,2394,2409,2402,2435,2411,2415,2408,2422,2393,2424,2416,2397,2423,2417,2417,2393,2412,2400,2409,2420,2390,2441,2393,2412,2416,2387,2409,2409,2424,2377,2422,2418,2430,2412,2422,2410
26,46,39,35,45,65,63,67,42,33,44,45,58,48,46,31,41,32,45,29,31,37,31,29,74,38,34,191,335,484,648,785,928,1089,1235,1376,1523,1668,1815,1980,2107,2241,2259,2258,2263,2260,2268,2262,2283,2246
41,38,10,49,41,16,33,57,27,36,37,41,29,46,50,40,30,49,34,63,23,51,46,38,41,30,16,43,41,44,50,61,42,81,134,197,262,304,374,469,562,632,709,808,908,1018,1116,1227,1367,1485
61,48,39,62,46,57,63,48,42,45,56,55,54,55,41,47,46,49,55,49,48,62,58,56,56,54,48,48,61,61,46,55,54,57,57,57,56,52,54,55,53,49,56,56,53,57,60,47,44,52
60,45,58,59,56,47,83,43,71,52,39,70,55,71,33,49,46,54,57,61,58,52,51,60,49,28,47,54,32,34,43,32,83,109,128,192,263,336,382,475,543,650,716,800,910,989,1091,1225,1340,1456
32,26,33,46,37,15,39,19,29,29,29,149,259,341,419,533,654,779,848,958,1051,1145,1254,1386,1463,1567,1658,1780,1873,1965,1985,1997,1979,1969,1986,1993,1975,2003,1990,1969,1989,2006,1990,1975,2001,1967,1961,1984,1959,1992
44,59,51,41,61,48,49,59,58,61,67,54,45,62,42,58,31,25,42,51,65,44,39,31,47,47,61,31,59,41,49,33,41,42,221,359,509,676,825,979,1126,1273,1447,1569,1723,1878,2038,2194,2185,2225
15,20,40,34,33,34,224,425,596,790,993,1156,1361,1537,1736,1917,2124,2297,2500,2678,2686,2677,2692,2692,2685,2694,2704,2704,2690,2687,2686,2677,2691,2682,2676,2681,2688,2694,2697,2669,2696,2683,2683,2681,2690,2661,2711,2691,2700,2676
36,0,3,19,1,0,35,35,41,110,210,268,382,504,633,763,933,1091,1236,1407,1610,1774,1979,2179,2373,2606,2830,3032,3278,3530,3517,3502,3525,3541,3525,3524,3533,3521,3543,3497,3528,3530,3514,3528,3546,3527,3535,3522,3526,3524
0,15,38,9,31,34,33,0,15,44,83,174,239,329,456,550,643,794,882,1068,1181,1342,1511,1638,1818,1990,2143,2342,2519,2722,2916,3116,3110,3138,3100,3110,3124,3103,3113,3112,3096,3116,3121,3116,3125,3103,3112,3124,3099,3092
55,28,36,9,39,25,34,41,29,37,38,57,36,42,64,29,43,61,22,48,52,115,185,225,333,423,516,623,724,850,978,1107,1245,1386,1538,1705,1839,1994,2187,2326,2508,2674,2875,3043,3232,3440,3672,3849,4046,4032
24,42,11,24,23,19,13,37,14,40,20,30,8,25,45,31,7,28,36,36,23,44,37,21,21,27,26,73,73,118,133,157,236,289,338,389,424,487,580,638,698,759,832,911,968,1032,1119,1183,1278,1349
34,70,29,19,53,39,36,238,416,599,757,932,1111,1314,1483,1674,1838,2035,2219,2387,2564,2548,2543,2549,2576,2575,2558,2585,2570,2566,2557,2554,2544,2556,2563,2568,2534,2545,2575,2556,2552,2561,2573,2560,2568,2575,2573,2539,2562,2552
16,0,7,8,9,17,21,0,8,15,12,15,21,4,0,19,24,22,19,8,11,18,16,33,12,17,7,20,0,0,31,19,0,208,326,557,702,872,1052,1230,1397,1556,1715,1904,1922,1935,1902,1921,1923,1892
59,66,66,60,60,79,67,75,66,40,44,58,63,53,46,51,233,381,579,726,911,1064,1264,1424,1626,1775,1936,2097,2279,2456,2624,2788,2955,3154,3315,3459,3622,3819,3841,3834,3832,3826,3805,3827,3828,3835,3803,3822,3830,3815
26,6,25,0,0,0,25,3,38,0,27,0,35,26,0,2,8,51,64,92,143,163,225,270,319,380,437,492,547,614,665,721,784,869,961,1036,1097,1191,1269,1334,1444,1509,1586,1695,1769,1846,1982,2048,2067,2081
35,38,69,45,39,54,37,37,48,44,41,58,53,38,35,56,51,48,50,66,46,46,17,52,47,64,116,150,176,232,318,326,368,456,493,571,623,694,767,855,906,1006,1069,1167,1230,1327,1405,1515,1594,1585
61,59,52,67,57,60,62,53,60,55,60,59,68,51,53,50,54,64,49,56,53,61,66,51,53,46,57,57,61,55,63,50,63,65,48,59,56,48,64,64,70,57,67,60,61,60,57,62,55,57
22,34,39,22,49,36,37,4,47,25,35,38,31,29,69,88,128,179,254,334,409,480,554,642,748,848,946,1024,1157,1271,1364,1502,1636,1753,1893,2020,2169,2299,2465,2597,2743,2906,3059,3189,3354,3369,3361,3358,3371,3358
34,24,33,19,40,34,32,32,42,19,15,20,119,173,263,332,408,466,550,628,657,772,833,914,970,1053,1140,1198,1239,1327,1411,1489,1563,1546,1563,1555,1587,1562,1540,1561,1563,1570,1544,1541,1557,1570,1558,1559,1554,1550
3925,3934,3935,3922,3909,3939,3923,3916,3926,3948,3920,3931,3936,3918,3931,3931,3937,3920,3933,3907,3910,3940,3921,3927,3905,3917,3958,3937,3951,3899,3945,3921,3933,3925,3909,3933,3913,3915,3938,3947,3948,3953,3935,3923,3941,3924,3945,3920,3977,3924
42,12,34,50,34,46,46,42,36,16,55,28,41,22,44,30,25,24,53,20,40,27,50,38,197,382,564,750,924,1121,1300,1468,1640,1827,2042,2191,2362,2552,2738,2926,2921,2894,2915,2932,2912,2899,2915,2929,2893,2914
54,46,59,40,54,47,62,46,58,27,65,24,49,35,55,55,37,62,60,22,58,28,60,74,52,36,59,36,24,37,51,60,75,232,430,594,768,942,1139,1297,1482,1644,1849,2019,2203,2369,2558,2718,2923,3100
26,45,27,28,36,9,44,48,42,14,34,21,28,37,41,43,25,14,11,29,29,29,23,24,27,29,42,10,50,40,32,10,41,25,24,24,339,648,963,1259,1557,1831,2155,2478,2756,3080,3389,3409,3392,3386
1568,1600,1583,1582,1592,1563,1572,1607,1601,1580,1592,1571,1581,1583,1597,1586,1569,1564,1608,1606,1574,1592,1594,1588,1599,1573,1570,1571,1579,1563,1582,1581,1571,1576,1588,1560,1571,1618,1578,1585,1593,1571,1581,1619,1563,1597,1574,1618,1592,1596
62,86,59,50,52,63,53,82,65,55,68,31,50,43,61,58,60,72,46,52,61,28,58,75,54,55,52,40,67,63,42,55,245,429,591,802,972,1162,1324,1529,1706,1876,2058,2284,2434,2628,2803,2966,3161,3172
0,7,15,24,0,5,14,34,22,44,27,3,7,23,12,18,14,32,28,5,3,18,12,0,0,11,1,26,397,832,1169,1599,2004,2401,2787,3212,3580,3957,3970,3982,3998,3988,3982,3978,3985,3978,3994,3965,3972,3951
33,30,30,25,23,35,37,26,35,37,32,21,26,29,27,37,40,37,40,27,36,36,31,40,24,22,20,29,35,27,27,29,22,30,46,24,34,35,30,33,34,29,31,38,35,26,34,27,28,45
19,32,8,30,0,13,18,81,123,159,220,330,386,469,577,671,757,859,980,1059,1217,1324,1443,1565,1701,1842,1984,2127,2272,2432,2575,2573,2548,2581,2567,2571,2566,2564,2562,2552,2554,2568,2571,2563,2591,2596,2586,2574,2571,2572
13,26,8,20,12,4,14,27,0,27,39,61,140,211,258,327,430,543,633,724,833,940,1097,1220,1339,1447,1599,1744,1904,2052,2215,2370,2542,2692,2890,3030,3211,3369,3566,3562,3585,3551,3575,3575,3546,3543,3577,3576,3555,3559
57,45,37,53,53,64,65,56,47,50,47,52,48,74,56,38,57,21,54,50,42,60,60,48,45,29,46,35,49,44,60,65,111,182,241,336,411,494,599,685,788,926,1060,1150,1293,1430,1570,1723,1869,2036
34,50,43,31,29,47,261,493,770,990,1245,1466,1713,1955,2193,2440,2686,2913,3165,3394,3384,3382,3365,3413,3382,3366,3396,3387,3387,3397,3377,3387,3372,3373,3377,3388,3390,3361,3377,3373,3402,3393,3385,3392,3403,3373,3388,3356,3393,3398
3640,3623,3629,3620,3645,3604,3626,3632,3611,3639,3627,3644,3645,3637,3636,3626,3642,3613,3643,3636,3674,3654,3619,3638,3621,3631,3618,3625,3628,3593,3620,3622,3648,3620,3658,3635,3629,3628,3609,3603,3621,3672,3635,3640,3653,3654,3650,3626,3648,3651
23,15,6,13,24,26,15,28,40,32,49,47,66,93,116,189,237,303,350,409,476,537,623,698,787,880,943,1030,1116,1230,1320,1413,1536,1623,1732,1822,1957,2070,2155,2292,2400,2397,2419,2401,2392,2415,2411,2387,2399,2390
50,65,57,66,76,42,68,51,64,43,233,421,595,759,957,1123,1290,1489,1646,1823,2002,2180,2318,2510,2682,2871,3044,3198,3380,3565,3573,3582,3573,3564,3567,3573,3578,3546,3584,3569,3579,3581,3569,3576,3566,3586,3567,3562,3558,3574
38,1,53,53,35,8,13,13,38,20,21,31,28,39,23,56,29,42,19,27,22,27,31,53,20,29,34,43,0,21,30,185,349,499,642,789,937,1087,1248,1415,1544,1703,1833,1986,2133,2323,2458,2599,2769,2892
0,28,12,30,6,50,24,13,12,0,1,12,9,5,6,9,19,11,9,3,11,30,68,56,114,126,150,208,224,284,306,363,402,465,506,529,606,652,694,770,811,863,935,982,1036,1091,1169,1241,1293,1386
2007,2007,1997,2016,2025,2008,1995,2000,1983,2001,2004,2005,2001,1991,2024,2008,2010,2026,2000,2007,2000,1989,2008,2021,2022,2000,2016,2010,1992,2027,1997,2030,2011,2004,2000,2048,2010,2006,2007,2015,2008,2057,2007,2016,1991,1975,2023,1980,2015,2016
24,27,18,14,16,25,9,34,26,34,16,22,52,150,232,336,467,609,778,945,1126,1296,1487,1708,1936,2125,2379,2615,2888,3126,3382,3648,3932,3916,3931,3927,3926,3923,3924,3922,3935,3948,3935,3952,3923,3929,3917,3919,3919,3920
2056,2042,2050,2044,2045,2023,2051,2037,2030,2019,2050,2053,2036,2019,2051,2076,2027,2051,2072,2038,2032,2026,2048,2047,2033,2039,2033,2035,2054,2051,2049,2065,2063,2047,2039,2024,2050,2040,2043,2042,2060,2065,2036,2089,2058,2074,2053,2046,2016,2036
25,0,19,8,1,10,8,13,61,14,25,26,23,38,29,7,14,23,0,113,190,307,400,504,599,686,768,858,976,1060,1148,1276,1354,1434,1531,1644,1731,1820,1895,2012,1998,2044,2024,2005,2019,2021,2020,2021,1997,2012
67,19,39,64,56,46,29,45,40,50,36,58,34,68,39,45,36,39,51,56,59,29,34,59,52,31,39,33,28,25,61,95,116,164,224,267,352,383,467,560,634,706,780,897,980,1072,1160,1285,1367,1499
62,35,41,40,19,22,40,67,139,197,321,434,555,694,839,974,1139,1308,1496,1688,1852,2089,2255,2477,2701,2937,3137,3398,3622,3902,3891,3890,3892,3906,3873,3873,3871,3893,3885,3886,3872,3883,3904,3876,3877,3875,3903,3903,3904,3895
20,36,43,23,7,22,7,41,4,20,15,3,34,22,1,37,0,0,28,15,4,22,5,325,610,922,1191,1503,1811,2099,2374,2664,2975,3263,3587,3876,3862,3869,3857,3868,3861,3864,3855,3862,3872,3874,3881,3867,3867,3889
59,56,52,44,54,76,61,60,51,47,44,66,40,61,29,44,24,36,31,45,39,38,27,46,55,53,212,373,555,741,889,1041,1210,1398,1581,1713,1893,2073,2237,2404,2560,2719,2947,3082,3226,3403,3431,3404,3410,3405
44,73,61,57,49,55,41,58,48,64,41,49,64,28,86,39,59,44,34,50,41,53,44,58,65,83,103,134,176,200,251,289,344,413,499,533,576,652,738,809,912,980,1058,1134,1233,1306,1438,1517,1626,1696
50,25,56,47,42,53,53,55,32,53,72,56,67,46,65,56,45,41,43,54,47,51,64,47,42,51,84,126,152,193,222,236,297,366,405,466,540,586,625,686,769,836,898,965,1029,1144,1211,1293,1353,1449
64,32,25,46,47,69,45,81,73,100,152,200,246,324,371,463,533,607,695,796,912,985,1099,1203,1317,1429,1550,1646,1784,1905,2042,2177,2300,2445,2555,2714,2869,3020,3170,3339,3477,3625,3800,3765,3773,3777,3783,3776,3795,3792
3800,3758,3757,3745,3774,3747,3790,3782,3790,3758,3765,3764,3743,3760,3755,3779,3751,3745,3774,3762,3758,3768,3744,3766,3802,3758,3766,3772,3775,3769,3754,3780,3754,3764,3772,3765,3780,3778,3771,3751,3735,3777,3758,3750,3766,3776,3762,3767,3758,3758
41,62,61,76,45,82,72,65,66,255,421,626,777,996,1158,1335,1527,1677,1890,2061,2242,2427,2622,2800,2982,3182,3348,3541,3723,3734,3719,3718,3728,3729,3716,3736,3724,3713,3702,3718,3714,3721,3710,3743,3749,3737,3711,3720,3730,3734
46,42,49,54,42,44,38,49,43,54,43,37,43,54,53,43,38,38,39,49,50,42,52,48,52,39,49,49,34,42,42,38,46,50,47,48,37,44,53,42,52,43,49,44,48,39,38,41,39,41
31,27,53,21,34,41,53,80,123,160,245,289,375,426,505,587,641,755,840,932,1067,1132,1261,1368,1459,1599,1714,1833,1940,2087,2184,2347,2476,2597,2780,2914,2902,2911,2905,2906,2883,2894,2894,2893,2890,2873,2882,2901,2904,2899
2726,2737,2713,2746,2718,2737,2733,2712,2718,2739,2698,2722,2711,2733,2721,2698,2727,2740,2725,2732,2733,2735,2709,2718,2707,2726,2713,2703,2731,2745,2748,2721,2719,2692,2721,2723,2692,2726,2735,2704,2715,2762,2705,2714,2727,2727,2712,2728,2709,2745
23,50,0,17,33,36,57,34,20,38,32,19,25,17,56,35,34,15,43,26,12,18,31,24,29,208,353,512,691,846,1027,1162,1318,1481,1658,1823,1997,2137,2311,2479,2625,2633,2629,2613,2643,2635,2616,2625,2638,2637
39,2,24,38,11,34,4,14,42,65,19,37,23,30,31,39,48,27,20,20,35,22,37,11,16,42,46,278,519,758,1027,1266,1528,1763,2014,2282,2514,2770,3023,3277,3499,3760,3770,3793,3787,3768,3772,3753,3770,3788
54,25,31,53,56,63,64,50,19,33,55,54,54,57,44,62,63,41,57,59,21,44,45,89,120,147,207,259,339,412,500,600,692,790,924,1000,1127,1223,1366,1488,1650,1748,1887,2055,2058,2004,2033,2040,2027,2045
35,19,4,32,44,48,35,38,24,48,40,43,33,35,32,32,28,11,7,7,132,246,372,494,599,714,866,933,1055,1183,1301,1411,1517,1642,1732,1860,1968,2115,2219,2331,2432,2426,2433,2435,2435,2444,2436,2429,2413,2418
63,46,54,29,31,61,39,51,31,59,71,42,56,27,64,42,39,67,50,47,58,33,60,41,51,53,64,68,92,169,247,311,405,493,588,698,809,910,1043,1162,1287,1441,1568,1694,1844,1985,2164,2319,2496,2669
15,24,0,5,0,0,25,0,13,15,15,2,0,30,11,0,0,35,18,7,0,16,25,5,391,754,1107,1468,1822,2179,2561,2926,3298,3649,3986,4005,3994,4002,4028,3998,4015,3990,4002,4016,4005,3991,4011,4013,4027,4024
8,2,9,21,27,15,13,29,7,9,0,15,19,3,16,6,13,18,6,20,17,0,0,33,0,275,583,795,1097,1353,1648,1921,2183,2439,2704,2987,2973,2993,2969,2987,2988,2989,2980,2983,2971,2975,2959,2982,3001,3010
38,34,25,46,16,17,18,27,12,29,29,18,24,0,17,24,29,26,4,26,16,22,0,23,172,342,476,624,764,915,1043,1214,1361,1528,1674,1669,1674,1676,1674,1651,1668,1673,1670,1654,1670,1681,1678,1675,1667,1653
47,34,34,55,43,49,24,37,58,50,43,260,484,718,946,1153,1387,1605,1842,2062,2275,2264,2299,2283,2304,2290,2266,2279,2294,2284,2276,2276,2290,2281,2277,2288,2285,2283,2278,2293,2298,2299,2266,2294,2279,2292,2282,2313,2294,2283
60,54,45,43,51,52,46,45,22,46,47,57,61,56,42,57,54,37,60,58,42,35,27,55,37,67,32,44,59,43,33,44,188,346,459,595,740,878,1024,1169,1319,1426,1576,1720,1855,1978,2099,2289,2403,2547
36,22,39,28,8,0,35,9,11,9,0,24,4,14,30,41,64,148,185,313,371,442,567,675,772,895,1001,1128,1258,1378,1523,1695,1822,1972,2131,2299,2451,2635,2795,2981,3169,3132,3148,3155,3166,3146,3146,3161,3158,3155
2661,2651,2668,2648,2653,2638,2657,2668,2663,2679,2678,2668,2667,2665,2657,2689,2672,2647,2669,2647,2657,2665,2655,2692,2639,2660,2649,2658,2651,2660,2656,2646,2655,2686,2664,2642,2679,2663,2659,2643,2631,2641,2679,2631,2675,2665,2647,2661,2663,2649
8,20,21,35,34,23,37,27,25,102,103,155,210,288,341,402,483,560,644,716,815,895,982,1074,1188,1297,1387,1517,1641,1755,1878,1848,1852,1879,1901,1889,1859,1873,1871,1873,1863,1883,1883,1868,1865,1864,1872,1858,1859,1892
3097,3118,3082,3088,3109,3125,3095,3102,3096,3094,3111,3105,3114,3096,3088,3112,3099,3098,3078,3068,3097,3099,3097,3077,3112,3098,3121,3096,3097,3103,3063,3101,3087,3103,3075,3111,3101,3087,3104,3067,3094,3104,3083,3098,3096,3083,3093,3106,3111,3087
20,12,27,28,21,26,15,27,1,0,21,23,0,14,27,16,16,6,24,12,24,42,16,12,30,29,23,3,0,156,283,411,578,713,869,991,1127,1270,1402,1545,1709,1816,1966,2100,2267,2386,2383,2408,2407,2409
51,77,48,41,31,49,61,53,37,23,191,327,476,588,720,865,1002,1118,1270,1396,1544,1692,1825,1934,2071,2236,2348,2503,2639,2768,2912,2921,2899,2936,2896,2902,2901,2886,2894,2904,2907,2917,2913,2921,2914,2939,2903,2906,2894,2943
50,34,31,44,31,20,36,38,32,32,37,29,23,15,27,31,29,38,28,40,21,32,40,47,32,59,75,134,158,198,244,291,329,385,484,520,591,647,732,775,875,938,1013,1095,1177,1262,1344,1449,1526,1609
35,42,52,41,48,38,37,56,55,22,39,44,46,48,31,45,53,36,38,36,41,58,28,35,39,59,28,6,49,49,19,38,45,76,103,151,185,226,281,327,410,444,514,593,657,722,811,904,982,1056
21,31,31,16,21,24,32,33,24,33,46,36,31,54,36,19,28,27,15,38,17,60,47,86,129,152,213,255,293,343,391,470,517,600,643,707,758,829,944,1011,1092,1149,1273,1341,1426,1494,1608,1707,1684,1677
24,20,7,15,19,20,17,7,22,28,8,1,20,4,43,23,26,20,29,44,13,54,70,118,152,215,259,317,415,432,540,633,695,803,881,955,1077,1179,1265,1366,1484,1601,1733,1840,1941,2081,2210,2326,2445,2573
51,30,30,45,54,16,375,653,1016,1349,1663,1977,2327,2646,2978,3328,3639,3625,3655,3637,3617,3632,3639,3641,3633,3613,3633,3645,3653,3645,3646,3642,3633,3628,3639,3638,3652,3624,3643,3624,3661,3633,3643,3645,3622,3663,3639,3634,3629,3647
59,55,37,38,58,61,39,41,45,17,63,52,51,46,74,53,71,69,50,67,78,86,169,219,283,366,448,539,624,728,848,943,1059,1178,1296,1420,1570,1686,1836,1966,2139,2282,2425,2582,2753,2887,3062,3244,3228,3238
14,21,11,3,26,14,13,30,21,6,45,27,14,10,13,9,12,26,15,1,11,23,23,12,15,5,0,12,0,22,26,16,19,47,61,89,101,105,158,180,236,227,284,323,354,419,445,473,509,564
3407,3400,3400,3405,3394,3381,3396,3372,3421,3414,3393,3377,3387,3377,3384,3404,3405,3376,3415,3408,3418,3399,3371,3400,3380,3387,3387,3390,3397,3415,3390,3405,3403,3402,3380,3381,3399,3398,3404,3367,3406,3387,3399,3385,3399,3426,3422,3394,3404,3404
57,52,65,28,67,39,52,44,73,35,40,53,40,37,53,57,92,134,139,197,228,288,321,371,440,488,563,620,706,779,867,921,1002,1086,1156,1246,1332,1418,1520,1629,1720,1803,1879,2008,2110,2222,2339,2415,2532,2656
1690,1715,1688,1718,1689,1719,1702,1693,1690,1697,1706,1729,1698,1727,1716,1716,1704,1717,1715,1685,1708,1713,1698,1709,1707,1698,1719,1707,1701,1724,1770,1726,1697,1699,1710,1697,1709,1700,1685,1718,1720,1735,1728,1740,1719,1699,1710,1678,1716,1714
21,15,31,16,23,22,9,18,16,17,28,27,34,23,25,31,26,30,19,10,20,12,28,21,20,26,19,19,32,18,19,13,25,28,17,26,32,17,29,31,15,11,22,19,25,12,25,15,20,17
41,19,19,24,15,31,41,22,28,25,0,228,403,575,781,950,1135,1330,1504,1704,1872,2086,2231,2444,2614,2799,2993,3158,3353,3540,3710,3908,4073,4092,4087,4092,4089,4077,4082,4095,4091,4081,4071,4080,4079,4080,4095,4066,4080,4083
41,49,44,48,39,42,34,24,45,22,41,38,43,41,64,33,40,25,31,46,64,84,131,159,218,273,325,388,465,513,602,684,770,832,948,1010,1132,1215,1311,1403,1551,1631,1747,1834,1946,2089,2189,2311,2447,2569
57,58,52,60,60,57,61,56,55,61,54,55,57,64,52,58,54,57,65,58,57,49,60,66,61,53,55,65,60,55,67,45,59,57,54,54,47,57,49,71,58,61,58,48,49,54,56,53,57,45
44,43,46,25,56,20,22,44,81,136,169,234,288,329,408,486,561,658,744,840,914,1016,1108,1205,1303,1417,1533,1664,1762,1882,2023,2151,2275,2415,2543,2657,2812,2934,3084,3081,3085,3105,3093,3072,3100,3089,3088,3086,3119,3071
43,57,44,36,38,39,33,43,43,52,69,93,131,155,234,267,311,336,410,442,524,569,632,691,756,813,890,955,1037,1100,1180,1295,1366,1426,1498,1612,1666,1779,1858,1955,2034,2123,2160,2146,2156,2133,2155,2153,2157,2169
26,24,8,0,9,14,7,8,24,31,15,7,20,31,32,6,12,11,16,47,36,28,31,13,14,39,34,17,19,4,49,20,30,20,84,126,153,202,255,332,405,436,519,608,665,779,847,916,1018,1133
0,24,0,12,11,27,19,0,39,92,173,275,333,430,551,689,809,943,1079,1256,1422,1554,1728,1905,2091,2297,2482,2661,2854,3070,3292,3493,3739,3940,3939,3944,3956,3939,3947,3940,3964,3948,3951,3945,3953,3939,3913,3925,3938,3948
31,19,22,29,0,25,24,40,2,34,19,24,4,29,10,44,60,98,97,152,196,226,252,282,348,387,428,486,561,590,652,728,776,839,925,968,1031,1092,1173,1231,1310,1362,1443,1525,1591,1664,1756,1829,1910,1927
48,26,49,21,28,47,42,63,24,30,18,27,47,34,43,50,34,35,8,50,46,43,15,35,52,30,50,55,101,138,173,221,281,360,426,513,566,654,749,855,968,1037,1142,1258,1355,1487,1567,1701,1828,1956
50,53,45,54,60,54,57,52,59,45,50,50,56,51,48,52,53,49,57,55,49,47,56,65,54,53,52,53,49,59,61,49,61,48,61,62,60,56,48,50,48,60,57,53,55,52,48,48,50,46
8,14,4,3,9,10,12,19,8,10,17,6,18,5,9,7,21,12,10,4,18,16,7,12,14,13,9,21,10,10,17,16,17,23,7,12,7,8,7,11,16,9,12,6,7,3,9,11,11,7
2824,2844,2842,2846,2858,2834,2822,2833,2830,2865,2839,2834,2860,2845,2848,2844,2843,2852,2853,2868,2846,2823,2823,2861,2826,2819,2863,2830,2831,2856,2854,2838,2834,2843,2839,2847,2841,2831,2856,2855,2842,2858,2849,2821,2838,2816,2821,2838,2856,2861
4,5,0,4,28,19,7,17,0,14,10,0,0,11,0,3,0,120,255,376,491,602,724,842,992,1104,1251,1375,1465,1598,1714,1817,1982,2077,2220,2329,2453,2568,2689,2686,2695,2671,2702,2686,2686,2715,2678,2696,2691,2679
45,49,38,37,15,57,37,31,48,49,38,35,51,33,34,40,48,23,46,28,23,36,40,36,30,34,65,14,28,51,82,119,175,206,274,325,379,461,535,628,692,775,855,974,1015,1163,1269,1351,1461,1580
11,52,9,23,22,26,24,18,38,20,40,11,18,25,40,25,33,36,61,80,153,213,279,351,469,533,666,757,898,994,1126,1268,1387,1504,1681,1825,1972,2108,2264,2288,2284,2273,2278,2260,2282,2273,2284,2263,2282,2269
28,58,40,39,27,37,45,46,33,23,20,60,34,13,46,51,30,272,531,784,1023,1259,1555,1780,2028,2282,2536,2786,3048,3260,3278,3285,3294,3266,3287,3283,3269,3294,3298,3298,3288,3286,3289,3296,3309,3285,3271,3277,3305,3303
14,13,24,20,30,23,14,14,12,23,20,21,6,8,9,12,10,15,24,17,32,31,10,1,17,2,31,250,508,746,992,1233,1449,1720,1963,2187,2452,2694,2929,3162,3410,3667,3642,3652,3660,3660,3671,3655,3670,3655
27,5,36,32,36,40,20,30,20,14,19,0,11,19,2,7,14,13,18,13,14,35,35,20,19,25,77,122,181,248,299,362,486,551,637,721,827,958,1077,1165,1294,1398,1521,1653,1779,1931,2074,2180,2320,2500
63,64,42,55,47,66,54,63,71,67,83,156,228,331,439,556,627,735,816,913,1020,1119,1184,1292,1412,1505,1599,1692,1793,1880,1898,1887,1905,1880,1893,1887,1899,1881,1899,1880,1866,1889,1873,1872,1895,1885,1888,1893,1868,1876
30,11,20,12,9,0,11,1,14,8,10,0,0,20,25,17,13,8,21,7,4,5,2,11,4,0,19,23,14,0,0,0,0,0,13,24,73,143,217,280,367,467,555,665,750,879,1007,1112,1271,1412
16,16,10,22,29,17,36,17,21,15,21,125,256,381,489,606,734,844,979,1071,1205,1301,1440,1550,1676,1804,1901,2037,2146,2158,2139,2143,2147,2141,2156,2142,2160,2160,2140,2152,2154,2133,2148,2181,2146,2135,2164,2148,2144,2160
38,59,56,27,59,58,33,61,36,52,40,49,42,57,31,42,50,55,52,58,65,86,153,209,306,348,432,536,609,725,823,911,1045,1170,1267,1382,1522,1666,1786,1928,2066,2255,2391,2534,2673,2849,3013,3022,3006,3010
15,15,36,31,0,21,41,86,128,172,249,290,380,467,532,615,714,815,915,1013,1117,1220,1341,1488,1578,1715,1845,1836,1845,1856,1862,1848,1837,1844,1849,1855,1848,1850,1843,1832,1839,1850,1866,1855,1834,1839,1839,1856,1842,1838
3774,3784,3789,3784,3795,3778,3773,3775,3737,3762,3761,3790,3763,3767,3802,3810,3798,3786,3786,3785,3810,3781,3767,3786,3787,3782,3778,3797,3812,3806,3762,3795,3791,3778,3787,3755,3781,3807,3777,3763,3798,3792,3798,3777,3771,3767,3781,3795,3784,3808
42,35,44,28,51,38,44,56,53,63,39,37,50,54,51,57,41,22,51,42,46,26,31,21,34,53,98,148,202,298,362,446,522,623,746,809,946,1025,1184,1305,1445,1561,1703,1830,1957,2118,2265,2420,2588,2730
49,43,57,49,50,40,60,59,84,62,59,301,489,693,935,1161,1350,1580,1777,2014,2234,2222,2248,2249,2242,2242,2227,2242,2219,2227,2228,2249,2212,2228,2241,2219,2263,2239,2227,2264,2235,2238,2262,2222,2223,2219,2244,2246,2244,2226
1891,1889,1905,1907,1909,1880,1870,1898,1882,1895,1885,1896,1906,1904,1916,1899,1898,1880,1895,1893,1875,1881,1901,1897,1907,1927,1903,1874,1891,1899,1868,1888,1898,1914,1914,1881,1913,1895,1890,1893,1926,1883,1904,1902,1908,1878,1903,1878,1918,1905
55,59,46,18,44,22,41,35,45,35,39,54,37,47,33,51,56,46,34,23,45,41,47,25,31,30,33,135,218,306,386,496,590,680,741,835,940,1031,1116,1215,1310,1375,1482,1590,1589,1585,1556,1592,1584,1580
2049,2055,2091,2078,2038,2071,2071,2110,2079,2079,2068,2064,2084,2054,2064,2069,2049,2079,2088,2092,2077,2082,2074,2043,2096,2080,2069,2064,2086,2070,2044,2053,2060,2074,2071,2070,2071,2085,2085,2089,2070,2042,2062,2062,2067,2070,2052,2078,2092,2038
0,16,1,26,8,0,0,16,18,189,378,566,753,938,1135,1321,1504,1685,1889,2078,2263,2456,2643,2801,3035,3224,3229,3205,3203,3231,3214,3205,3224,3207,3178,3213,3205,3211,3220,3207,3196,3208,3231,3189,3212,3209,3214,3214,3197,3216
39,32,31,46,34,32,35,35,44,30,35,32,39,36,31,33,36,27,37,28,40,40,24,36,32,31,33,34,23,22,42,33,33,28,31,27,32,32,31,33,33,38,40,34,29,34,30,37,22,32
2791,2834,2804,2793,2771,2821,2781,2804,2814,2772,2800,2795,2783,2796,2808,2806,2798,2769,2807,2829,2784,2794,2803,2791,2793,2793,2811,2826,2801,2803,2840,2797,2800,2788,2796,2793,2800,2801,2800,2780,2818,2791,2813,2802,2790,2801,2795,2786,2784,2804
38,40,21,18,18,3,38,20,28,18,40,32,24,0,29,6,19,6,23,36,17,401,810,1185,1578,1974,2368,2759,3158,3555,3949,3928,3940,3919,3940,3965,3955,3935,3934,3947,3936,3948,3936,3954,3932,3922,3953,3942,3943,3953
17,18,37,22,0,15,5,32,77,129,182,257,342,414,499,594,681,790,921,1024,1155,1260,1393,1527,1661,1797,1957,2097,2252,2397,2564,2706,2874,3061,3217,3402,3565,3747,3752,3763,3737,3744,3749,3749,3747,3736,3753,3746,3734,3747
3641,3667,3658,3666,3654,3619,3659,3660,3654,3661,3652,3645,3659,3633,3664,3657,3614,3644,3662,3666,3647,3658,3642,3672,3659,3625,3655,3647,3633,3646,3653,3651,3625,3668,3662,3645,3644,3634,3630,3664,3654,3656,3642,3661,3655,3666,3668,3679,3636,3644
42,46,43,37,26,40,55,41,33,53,58,41,196,320,449,588,718,875,1020,1170,1315,1443,1593,1749,1870,2011,2149,2284,2420,2582,2714,2698,2698,2701,2699,2710,2705,2696,2718,2690,2692,2722,2726,2691,2722,2695,2712,2697,2705,2712
20,36,30,0,24,13,20,25,20,30,23,23,30,12,12,182,342,493,642,798,975,1093,1271,1414,1594,1737,1870,2043,2188,2365,2500,2655,2821,2964,3134,3139,3121,3164,3127,3140,3148,3149,3130,3147,3139,3122,3126,3130,3141,3145
58,47,57,54,56,55,59,58,61,55,37,55,52,49,57,47,55,62,46,58,61,65,70,54,63,57,53,56,48,65,59,53,57,52,62,57,50,54,58,49,44,48,53,58,59,62,56,59,49,52
4030,4034,4022,3999,4020,4007,4024,3981,4030,4011,3996,4026,4027,4032,4042,4018,4013,3989,3981,4027,4002,4033,4025,4013,4009,3999,4026,4040,4024,3988,4015,4012,4022,4021,4020,4011,4010,4025,4023,4009,4041,4008,4027,4014,4024,4007,4004,4009,4010,4015
2537,2526,2549,2591,2552,2562,2575,2562,2572,2563,2584,2568,2564,2554,2576,2540,2541,2558,2544,2556,2553,2546,2550,2546,2544,2574,2567,2566,2552,2542,2549,2552,2551,2574,2582,2579,2538,2548,2566,2556,2558,2555,2534,2564,2561,2547,2570,2555,2562,2566
1980,2015,1985,2002,2014,1971,1990,1981,2018,1997,1982,2000,1997,2006,1998,2004,1993,1988,1997,1995,1994,2022,2028,2002,1985,2003,1984,1960,1974,2006,1988,1991,2006,1986,2006,1972,2006,1979,1996,2002,2013,2014,2000,1986,2002,2005,2002,1969,1990,2016
52,65,42,55,55,24,44,53,76,35,51,29,60,49,174,265,375,459,597,720,831,922,1036,1147,1240,1343,1465,1565,1664,1800,1889,1989,2031,2008,2001,2000,2021,2014,2001,2017,1992,2009,2018,2023,2005,2013,1981,2023,2018,2005
34,33,40,30,37,32,35,32,37,34,35,29,33,24,28,44,25,40,39,38,29,25,34,32,30,36,36,30,37,34,23,33,31,39,27,28,35,38,36,42,38,34,34,29,23,43,38,22,38,42
30,36,21,42,13,52,38,42,51,25,19,21,31,16,32,33,33,34,39,46,21,60,37,34,35,37,36,33,120,222,305,391,468,559,659,752,806,915,1012,1094,1203,1259,1368,1421,1566,1626,1738,1798,1895,1906
53,58,64,56,56,57,54,62,45,68,57,57,64,60,65,55,57,55,63,53,56,56,68,67,52,54,60,54,50,67,64,63,55,64,50,67,62,58,61,62,71,50,55,68,72,50,58,47,68,59
49,57,55,73,56,58,38,59,56,61,66,29,41,63,53,27,48,38,60,61,62,39,62,49,51,56,66,56,105,142,205,233,289,369,435,508,568,653,735,842,937,1028,1133,1225,1322,1446,1539,1663,1775,1917
3713,3713,3687,3712,3701,3714,3692,3687,3713,3704,3713,3689,3737,3745,3714,3724,3695,3703,3700,3739,3682,3723,3713,3714,3735,3719,3709,3708,3728,3711,3701,3710,3718,3703,3702,3719,3698,3706,3717,3711,3716,3707,3699,3716,3728,3694,3733,3704,3693,3682
3707,3730,3713,3719,3745,3738,3754,3732,3741,3749,3737,3724,3748,3758,3750,3767,3766,3716,3749,3723,3741,3728,3743,3740,3754,3741,3733,3775,3751,3743,3736,3773,3713,3726,3755,3741,3714,3715,3737,3738,3758,3743,3722,3752,3747,3725,3715,3728,3738,3734
58,40,58,40,30,41,244,482,670,887,1088,1312,1497,1736,1926,2164,2357,2538,2750,2962,3180,3365,3400,3400,3386,3378,3391,3398,3394,3403,3394,3391,3389,3390,3390,3371,3389,3383,3392,3391,3392,3375,3403,3400,3364,3394,3390,3391,3414,3408
23,64,40,47,61,46,68,68,51,54,46,41,52,55,48,79,54,71,32,39,57,55,64,50,59,44,32,57,55,54,58,40,61,68,91,122,131,162,204,257,315,365,432,476,548,593,662,710,756,847
48,64,75,50,95,67,49,56,56,57,46,151,276,364,494,602,723,834,919,1032,1141,1251,1378,1481,1630,1713,1823,1801,1834,1837,1826,1833,1814,1832,1815,1844,1854,1839,1841,1831,1830,1836,1848,1841,1835,1829,1849,1830,1842,1831
23,21,11,7,19,19,3,36,25,6,8,7,5,22,6,36,11,26,0,16,191,402,532,720,899,1052,1246,1382,1585,1772,1940,2099,2282,2457,2645,2809,2979,2966,2963,2957,2985,2990,2951,2964,2957,3007,2964,2979,2953,2972
55,35,65,36,61,56,55,38,58,43,43,257,430,635,823,1031,1244,1436,1627,1808,2022,2216,2380,2608,2813,3000,3190,3415,3394,3405,3397,3404,3414,3408,3379,3395,3391,3377,3423,3408,3380,3392,3418,3393,3394,3406,3382,3386,3401,3403
31,24,53,27,21,30,12,21,43,9,41,28,24,49,23,2,157,289,413,560,694,833,960,1085,1222,1372,1500,1647,1750,1878,2039,2157,2308,2424,2562,2565,2561,2554,2545,2580,2560,2578,2571,2582,2553,2577,2581,2565,2559,2563
34,53,29,78,38,54,46,75,43,64,26,43,46,48,78,120,157,225,297,385,473,565,658,778,876,995,1101,1216,1364,1519,1631,1776,1922,2066,2222,2378,2553,2547,2562,2547,2534,2551,2562,2553,2538,2542,2535,2546,2556,2539
2819,2823,2796,2765,2781,2797,2772,2800,2789,2823,2816,2791,2807,2796,2814,2798,2788,2803,2783,2780,2802,2798,2798,2809,2823,2790,2808,2803,2797,2775,2814,2777,2774,2791,2790,2787,2831,2790,2798,2792,2801,2760,2788,2790,2795,2792,2808,2786,2784,2796
3472,3484,3512,3504,3501,3486,3446,3470,3514,3453,3474,3459,3510,3486,3474,3483,3490,3474,3451,3468,3482,3456,3485,3474,3508,3485,3482,3471,3493,3476,3472,3466,3474,3492,3473,3450,3469,3455,3507,3481,3467,3483,3510,3444,3475,3492,3461,3462,3485,3507
2738,2697,2742,2749,2775,2741,2741,2713,2739,2749,2736,2728,2752,2767,2724,2721,2720,2750,2738,2717,2747,2713,2749,2722,2723,2713,2735,2747,2742,2743,2742,2744,2745,2758,2753,2723,2735,2696,2733,2720,2742,2729,2749,2756,2728,2763,2733,2760,2747,2729
24,24,56,33,9,23,71,112,210,284,355,461,570,720,851,991,1128,1303,1439,1607,1798,1968,2150,2358,2530,2735,2756,2738,2743,2710,2754,2732,2727,2735,2744,2734,2742,2763,2738,2715,2751,2725,2747,2741,2765,2730,2713,2730,2727,2739
20,14,0,38,14,34,26,26,25,24,33,16,23,31,14,17,47,15,6,38,15,33,21,29,195,369,537,720,899,1080,1257,1420,1579,1767,1937,2101,2262,2453,2649,2636,2638,2629,2639,2615,2630,2654,2607,2627,2626,2639
54,59,51,28,53,65,47,37,135,241,330,420,485,631,685,801,888,1012,1083,1189,1284,1391,1476,1563,1680,1765,1868,2008,1976,1977,1964,1969,1966,1965,1955,1974,1973,1982,1989,1989,1961,1970,1988,1990,1968,1979,1971,1978,1995,1980
27,53,23,40,50,46,31,27,40,40,18,37,35,48,55,42,37,22,29,26,42,25,45,17,16,49,14,25,22,71,105,176,241,340,456,530,614,755,865,997,1130,1268,1413,1567,1715,1870,2032,2206,2375,2576
1507,1521,1500,1524,1549,1526,1522,1539,1517,1519,1489,1527,1501,1538,1492,1521,1524,1501,1508,1533,1531,1531,1502,1522,1533,1527,1513,1543,1501,1511,1508,1519,1525,1545,1516,1531,1522,1513,1517,1498,1516,1535,1501,1515,1503,1534,1512,1498,1492,1502
30,51,35,29,36,36,43,40,20,20,49,39,29,23,43,20,45,21,37,30,61,33,51,23,51,32,41,37,12,32,39,24,180,323,459,645,762,915,1078,1236,1372,1527,1666,1826,1815,1802,1826,1805,1836,1843
2791,2778,2761,2776,2784,2772,2783,2759,2785,2808,2769,2792,2770,2790,2792,2798,2796,2780,2787,2786,2778,2801,2786,2770,2788,2811,2784,2813,2797,2766,2800,2791,2811,2781,2766,2805,2772,2760,2796,2773,2768,2780,2777,2791,2761,2759,2770,2793,2765,2776
56,36,47,19,21,17,12,51,37,25,237,433,642,856,1018,1249,1458,1671,1828,2060,2285,2461,2681,2892,2894,2898,2885,2886,2905,2910,2885,2892,2890,2899,2893,2906,2881,2882,2879,2865,2894,2894,2863,2873,2875,2900,2878,2891,2895,2889
32,63,40,45,51,39,33,40,44,44,61,107,193,262,373,466,578,705,855,972,1120,1277,1431,1592,1754,1936,2139,2301,2508,2695,2902,3118,3343,3548,3801,3991,3978,4004,3994,3993,3981,3997,3986,3999,4015,3971,4000,4022,3993,4008
0,14,0,10,11,17,0,15,0,0,0,0,7,15,0,0,0,2,18,0,22,8,0,27,13,80,133,196,258,362,445,532,658,764,902,989,1133,1254,1395,1530,1682,1848,1989,2141,2339,2500,2618,2834,2801,2823
58,56,49,42,54,56,46,57,58,53,58,51,68,58,74,48,71,61,101,143,227,288,362,423,510,604,705,791,892,1006,1137,1221,1339,1469,1597,1738,1878,2006,2136,2274,2415,2575,2737,2908,3037,3241,3401,3562,3732,3911
33,15,52,51,36,46,42,47,30,33,13,15,33,46,31,39,9,33,42,26,36,29,26,41,35,30,41,56,53,37,60,61,125,169,217,281,365,425,520,590,697,776,863,963,1047,1198,1271,1380,1508,1634
2668,2670,2651,2645,2652,2633,2677,2659,2654,2674,2675,2660,2663,2646,2657,2671,2687,2668,2644,2664,2659,2653,2664,2639,2645,2669,2649,2655,2662,2654,2630,2676,2676,2647,2667,2671,2642,2668,2642,2636,2657,2638,2659,2624,2672,2667,2664,2671,2652,2628
3129,3133,3132,3152,3113,3141,3110,3124,3112,3105,3133,3109,3148,3120,3128,3113,3159,3147,3147,3149,3114,3141,3130,3138,3142,3156,3149,3156,3120,3153,3123,3134,3118,3141,3131,3129,3161,3144,3130,3114,3125,3164,3153,3151,3145,3094,3147,3118,3123,3127
12,8,20,0,14,24,15,10,21,14,15,23,29,10,16,34,10,32,90,72,132,173,236,291,360,420,489,553,629,707,789,860,949,1046,1134,1214,1309,1421,1535,1631,1723,1846,1954,1939,1966,1945,1951,1952,1947,1935
3136,3148,3116,3132,3129,3132,3108,3115,3140,3127,3119,3132,3145,3082,3121,3131,3141,3107,3106,3118,3107,3138,3102,3132,3092,3095,3110,3129,3109,3146,3103,3127,3153,3132,3117,3120,3116,3138,3126,3161,3159,3113,3095,3118,3101,3145,3120,3112,3126,3130
2504,2535,2507,2518,2497,2487,2512,2513,2499,2514,2523,2530,2521,2494,2501,2514,2509,2537,2522,2523,2515,2527,2517,2507,2519,2506,2529,2524,2534,2521,2513,2504,2491,2521,2512,2514,2527,2486,2510,2505,2537,2536,2529,2497,2515,2527,2489,2512,2518,2506
1701,1694,1686,1680,1691,1697,1692,1682,1668,1712,1705,1685,1688,1681,1706,1705,1690,1676,1706,1677,1664,1679,1675,1651,1682,1691,1699,1690,1668,1696,1699,1696,1686,1687,1701,1670,1697,1698,1669,1686,1684,1684,1682,1706,1699,1685,1696,1700,1708,1695
49,54,95,73,56,76,65,46,42,44,51,79,43,40,71,69,37,67,54,57,47,101,154,186,260,312,384,451,511,611,678,766,832,949,1058,1160,1254,1357,1488,1603,1704,1826,1954,2089,2072,2085,2091,2095,2094,2070
30,19,9,0,2,54,31,40,10,7,26,15,26,23,18,33,12,41,36,92,168,280,352,478,603,747,876,1000,1164,1311,1493,1678,1824,2018,2209,2404,2618,2812,3038,3238,3467,3680,3960,3931,3930,3934,3927,3942,3947,3939
31,33,22,55,39,25,31,38,33,61,44,30,25,32,28,48,41,39,46,33,21,54,39,51,104,132,205,274,344,411,488,573,686,810,884,984,1120,1240,1333,1490,1621,1743,1895,2043,2197,2177,2178,2174,2176,2177
11,23,13,14,15,21,22,33,36,17,24,20,15,21,27,31,13,9,27,48,41,39,35,12,24,36,1,42,37,37,77,98,138,204,270,317,368,455,540,607,676,765,867,948,1057,1140,1243,1353,1463,1572
21,17,0,19,35,24,14,5,19,33,30,35,7,30,12,22,37,36,28,18,24,17,8,34,16,12,16,48,21,40,58,116,129,190,245,315,374,443,504,580,678,747,853,926,1029,1116,1195,1315,1417,1526
2988,2976,3030,3008,2992,3005,2987,3010,2980,2974,2988,3025,2997,3005,2982,2997,2982,2996,3007,2976,3003,3002,3004,2982,2982,3010,2967,2987,3008,2989,2987,3025,2984,2981,2979,2996,3005,3024,2992,3031,2992,2976,3013,3002,3002,2988,3003,2998,2991,3011
3266,3268,3276,3245,3257,3251,3258,3262,3282,3268,3252,3262,3269,3273,3242,3276,3265,3245,3244,3280,3257,3252,3270,3256,3276,3259,3258,3286,3255,3254,3260,3260,3233,3248,3248,3265,3287,3256,3256,3235,3251,3255,3256,3241,3225,3279,3272,3280,3263,3268
30,27,46,35,34,34,48,40,43,45,43,38,41,19,56,38,55,44,24,34,22,31,12,50,30,32,35,57,85,115,148,202,263,284,346,405,461,529,589,629,738,778,830,926,976,1065,1138,1245,1322,1375
41,32,24,38,32,69,30,18,43,32,34,50,90,138,178,274,341,405,496,596,679,756,906,983,1115,1204,1337,1455,1579,1705,1830,1957,2112,2257,2402,2546,2697,2878,3044,3185,3328,3516,3693,3862,4031,4018,4021,4047,4041,4030
62,54,56,64,47,49,63,48,56,58,52,48,63,48,56,58,69,54,60,61,57,58,56,57,65,43,50,57,52,56,51,54,54,57,51,52,56,58,59,57,56,57,51,59,53,62,57,48,46,56
1543,1507,1527,1532,1500,1524,1519,1536,1512,1502,1509,1536,1517,1525,1516,1479,1571,1543,1518,1504,1533,1532,1508,1558,1517,1524,1523,1493,1521,1529,1527,1518,1512,1506,1527,1514,1502,1496,1541,1504,1520,1518,1553,1517,1521,1516,1509,1511,1526,1508
1895,1882,1883,1873,1885,1881,1903,1875,1894,1885,1917,1885,1915,1881,1898,1896,1877,1910,1910,1898,1909,1884,1887,1883,1873,1902,1881,1862,1891,1894,1913,1894,1872,1895,1881,1873,1905,1876,1884,1864,1877,1901,1894,1888,1905,1889,1896,1890,1889,1880
57,62,63,44,54,65,82,54,44,65,44,55,68,34,65,54,64,125,162,225,240,310,372,432,506,551,630,668,770,853,913,976,1084,1175,1303,1345,1441,1544,1639,1714,1829,1967,2055,2154,2264,2357,2490,2615,2595,2604
27,23,16,30,29,0,9,22,0,0,22,30,18,14,30,60,131,180,258,336,420,531,610,716,841,957,1087,1181,1347,1467,1605,1742,1885,2035,2193,2368,2521,2671,2678,2660,2692,2690,2692,2693,2701,2687,2692,2678,2686,2699
22,9,14,0,0,17,8,0,15,22,10,22,34,31,9,27,0,34,9,36,0,15,14,19,20,20,57,75,169,239,371,444,542,679,809,975,1102,1253,1413,1551,1729,1917,2121,2281,2468,2658,2682,2661,2678,2685
2795,2797,2810,2824,2797,2813,2808,2790,2807,2821,2810,2810,2780,2796,2813,2806,2823,2798,2811,2795,2778,2796,2786,2820,2819,2823,2833,2794,2800,2808,2781,2793,2837,2802,2790,2817,2804,2808,2808,2815,2799,2806,2808,2799,2803,2789,2772,2797,2820,2796
26,65,51,56,62,56,64,41,51,38,52,63,26,43,53,52,72,58,42,48,57,58,31,16,52,55,32,150,268,352,474,589,708,810,912,1020,1138,1228,1374,1473,1566,1666,1778,1786,1774,1790,1780,1777,1792,1797
42,37,41,24,39,27,47,53,38,54,52,79,104,152,163,223,246,286,326,373,425,451,519,571,614,681,725,821,860,913,982,1027,1107,1186,1231,1308,1389,1459,1538,1643,1695,1770,1812,1844,1833,1842,1824,1832,1841,1853
51,46,41,52,49,54,44,50,35,46,39,25,40,47,62,23,205,365,517,678,844,1002,1153,1307,1463,1624,1802,1959,2095,2245,2418,2394,2405,2421,2404,2407,2406,2433,2408,2420,2401,2408,2421,2415,2408,2420,2414,2423,2419,2402
48,53,33,72,68,49,78,72,72,40,58,38,70,71,49,53,57,44,47,51,47,41,64,82,63,80,55,52,60,50,57,59,252,417,600,767,961,1119,1298,1487,1659,1838,2004,2185,2379,2562,2722,2904,3097,3268
42,31,33,25,48,24,57,48,44,39,33,36,36,51,32,34,50,18,49,35,36,23,49,79,107,192,215,249,310,366,413,477,535,609,649,717,816,855,951,1024,1088,1190,1256,1339,1446,1548,1607,1717,1828,1919
52,34,26,14,34,55,30,38,38,39,55,33,49,33,34,62,59,40,60,35,61,33,64,33,26,200,375,536,675,870,1046,1199,1367,1550,1686,1863,2033,2196,2353,2544,2723,2886,2865,2867,2865,2870,2866,2852,2876,2855
3075,3076,3077,3078,3086,3101,3076,3067,3085,3109,3061,3080,3075,3050,3070,3080,3081,3068,3041,3071,3062,3065,3062,3098,3077,3077,3120,3082,3051,3077,3078,3074,3056,3078,3074,3084,3095,3108,3074,3082,3064,3066,3056,3069,3050,3069,3051,3064,3080,3074
3904,3870,3924,3902,3925,3865,3889,3875,3904,3875,3860,3863,3883,3864,3905,3857,3899,3871,3876,3915,3897,3886,3888,3891,3924,3882,3865,3900,3894,3875,3899,3883,3874,3897,3918,3902,3881,3889,3894,3890,3870,3899,3893,3898,3896,3888,3887,3904,3872,3895
20,13,17,1,3,24,9,10,18,10,16,14,16,18,14,22,1,20,8,0,16,37,31,17,46,13,11,25,3,191,359,541,722,897,1036,1215,1385,1561,1727,1903,2081,2244,2408,2582,2596,2590,2585,2590,2593,2585
47,37,42,49,52,26,51,66,46,38,30,30,58,37,54,52,43,41,43,53,44,12,44,31,59,29,50,323,622,898,1190,1457,1760,2067,2347,2617,2920,3175,3497,3785,4044,4034,4044,4060,4045,4050,4042,4050,4039,4058
5,14,17,26,25,36,3,18,13,15,15,24,25,31,9,10,56,32,56,97,163,266,344,479,566,704,813,974,1113,1251,1417,1572,1749,1935,2140,2331,2511,2730,2710,2722,2711,2718,2720,2724,2712,2723,2716,2716,2716,2715
48,56,64,60,38,56,92,147,222,317,398,512,613,746,900,1026,1183,1367,1521,1687,1861,2048,2226,2420,2627,2833,3057,3028,3029,3073,3044,3044,3043,3027,3040,3051,3069,3050,3057,3040,3046,3035,3036,3046,3060,3050,3042,3050,3054,3053
67,46,52,48,90,66,77,55,55,45,59,31,74,58,60,79,66,64,53,74,50,56,56,71,56,63,68,64,75,61,63,317,576,828,1094,1357,1592,1856,2101,2373,2630,2895,3158,3153,3153,3148,3153,3143,3134,3152
1918,1917,1898,1910,1878,1896,1902,1888,1913,1912,1902,1908,1894,1940,1889,1898,1904,1944,1926,1927,1912,1888,1918,1908,1916,1906,1892,1903,1914,1939,1917,1910,1919,1898,1891,1909,1879,1907,1916,1913,1912,1914,1937,1908,1896,1889,1906,1914,1907,1905
2620,2607,2632,2596,2630,2599,2589,2627,2597,2616,2615,2631,2603,2619,2620,2607,2601,2623,2607,2614,2640,2622,2592,2601,2587,2590,2615,2600,2602,2608,2587,2618,2608,2599,2593,2609,2589,2583,2632,2607,2591,2607,2620,2598,2624,2613,2622,2626,2608,2632
57,60,53,55,55,64,49,49,44,60,51,53,50,61,55,62,55,60,66,43,60,55,37,51,50,58,42,48,54,49,64,63,69,63,53,55,59,55,51,55,56,49,47,57,48,54,48,49,61,52
30,40,26,36,31,49,21,31,23,33,43,60,0,28,59,113,141,202,256,317,394,437,507,596,688,744,851,950,1015,1126,1224,1323,1418,1515,1658,1772,1865,1994,2082,2113,2117,2114,2094,2081,2100,2092,2120,2104,2119,2085
3194,3240,3222,3228,3228,3239,3231,3227,3221,3230,3224,3210,3208,3254,3227,3211,3260,3219,3235,3216,3233,3235,3208,3216,3220,3241,3223,3220,3223,3212,3242,3210,3219,3228,3214,3212,3253,3240,3233,3219,3228,3220,3236,3198,3212,3223,3185,3235,3235,3221
36,34,19,35,51,47,36,15,58,21,29,86,152,201,274,375,415,537,622,724,823,950,1062,1150,1311,1431,1553,1685,1842,1972,2111,2256,2419,2564,2723,2898,2897,2891,2906,2863,2890,2879,2905,2892,2915,2895,2903,2903,2893,2904
1983,1997,1990,2003,2022,1962,1968,2007,1983,2002,2000,2002,1978,1987,2008,1982,2006,1978,2016,1992,2029,2002,1987,1995,1990,1991,1995,1993,1979,2000,1989,1975,1985,1984,2013,1981,2001,1980,1987,1992,2019,1985,2017,1998,1998,1993,1972,1961,1987,2000
48,33,61,35,45,28,19,33,31,51,54,110,144,185,252,317,386,449,537,671,731,852,985,1034,1148,1265,1371,1512,1640,1746,1896,2019,2152,2288,2422,2579,2714,2877,3042,3190,3324,3353,3333,3339,3339,3348,3337,3345,3342,3326
89,52,73,42,71,91,70,54,35,62,61,93,136,202,213,286,342,401,460,511,592,695,774,855,946,1001,1134,1215,1288,1404,1494,1613,1703,1831,1924,2058,2159,2272,2380,2525,2647,2672,2659,2663,2643,2665,2645,2653,2667,2648
47,10,32,34,46,60,45,56,35,36,18,42,31,37,59,23,40,35,43,17,31,22,38,20,34,41,34,19,41,46,46,28,31,52,101,125,188,243,294,376,432,513,598,689,781,892,977,1101,1181,1269
47,41,65,47,51,39,36,57,53,59,65,54,76,140,228,309,399,554,652,791,965,1089,1270,1421,1578,1772,1964,2152,2357,2557,2792,3023,3234,3473,3439,3446,3456,3435,3450,3439,3461,3466,3452,3454,3465,3460,3445,3456,3446,3440
1,7,17,13,30,9,10,15,3,1,23,9,13,19,13,31,43,2,26,12,261,455,684,920,1132,1361,1585,1824,2003,2245,2456,2697,2713,2686,2702,2684,2684,2688,2718,2693,2690,2695,2703,2690,2686,2710,2704,2695,2683,2713
3935,3970,3966,3933,3958,3925,3923,3964,3936,3939,3941,3939,3927,3954,3951,3945,3963,3942,3945,3954,3941,3933,3938,3935,3940,3962,3930,3967,3923,3973,3948,3929,3933,3955,3940,3953,3936,3951,3948,3942,3943,3953,3955,3940,3932,3954,3941,3936,3929,3972
58,53,71,56,63,53,38,39,46,44,62,31,53,32,41,60,39,53,55,103,141,154,207,272,313,373,430,485,578,607,698,796,875,942,1033,1127,1198,1294,1395,1500,1586,1703,1782,1914,2003,2122,2132,2112,2133,2116
15,39,42,12,33,38,9,22,35,6,28,34,191,359,542,699,851,1030,1200,1371,1532,1709,1888,2031,2214,2373,2544,2716,2904,2881,2882,2879,2890,2887,2878,2863,2895,2878,2899,2885,2895,2884,2879,2894,2895,2905,2874,2892,2881,2898
68,41,26,38,53,43,45,42,36,55,23,24,43,48,55,41,33,46,59,68,44,50,54,40,41,47,39,38,56,45,43,35,60,38,39,47,87,94,116,148,192,222,256,314,341,379,452,498,531,570
42,56,33,32,42,54,38,47,41,55,44,43,18,38,33,170,295,432,561,679,841,963,1076,1222,1340,1464,1619,1746,1875,1993,2126,2272,2385,2392,2400,2393,2412,2399,2390,2384,2412,2384,2397,2392,2405,2399,2415,2413,2413,2392
78,86,88,61,59,63,65,61,62,48,87,45,68,55,55,68,46,60,63,64,46,72,70,82,48,59,69,64,86,118,154,223,265,321,402,484,539,652,761,846,941,1032,1151,1269,1380,1501,1622,1737,1875,2010
32,7,32,3,25,25,42,17,20,4,27,41,12,0,23,29,18,31,25,49,26,32,28,28,26,35,17,25,39,22,71,88,161,274,340,427,527,663,796,871,1026,1189,1299,1484,1608,1778,1978,2133,2307,2514
48,56,39,48,47,37,57,47,62,62,65,31,45,64,58,63,71,51,64,114,190,303,366,495,597,730,839,971,1108,1234,1411,1559,1741,1908,2074,2224,2433,2624,2816,2814,2822,2795,2822,2823,2823,2808,2812,2827,2818,2817
55,47,44,38,30,18,54,46,44,53,17,42,36,30,46,38,19,37,43,42,30,31,52,54,39,48,39,39,45,41,61,38,35,45,39,25,283,506,765,997,1255,1513,1713,1976,2186,2444,2664,2927,3134,3408
3856,3859,3833,3818,3865,3851,3837,3869,3847,3859,3850,3857,3842,3860,3841,3846,3875,3864,3841,3864,3897,3851,3883,3849,3884,3871,3856,3854,3869,3859,3845,3871,3839,3849,3873,3854,3851,3852,3842,3849,3886,3854,3841,3838,3859,3884,3848,3833,3872,3850
20,48,32,23,24,45,27,38,9,140,282,409,534,649,775,902,1003,1125,1259,1400,1508,1620,1763,1868,2001,2117,2261,2258,2238,2243,2257,2267,2250,2238,2246,2236,2251,2248,2266,2257,2275,2254,2261,2244,2249,2254,2289,2263,2265,2252
49,40,30,42,41,44,61,30,47,33,22,51,48,50,41,48,37,36,42,5,49,22,25,39,26,39,20,49,23,37,360,683,1035,1368,1676,2023,2348,2677,2989,3332,3663,3989,4016,3996,4004,4007,4033,4003,4005,4008
2075,2068,2097,2095,2122,2118,2112,2104,2081,2080,2104,2087,2098,2092,2103,2101,2102,2118,2104,2080,2121,2080,2099,2081,2085,2106,2075,2101,2084,2086,2109,2127,2108,2087,2099,2099,2103,2093,2103,2128,2099,2087,2079,2120,2089,2065,2062,2091,2106,2083
41,20,11,40,5,29,11,26,27,35,46,30,34,37,20,27,25,28,20,26,24,38,23,32,24,34,23,48,66,107,180,239,334,480,578,699,837,972,1102,1229,1425,1594,1763,1890,2084,2284,2488,2685,2885,3091
29,19,27,22,22,14,39,24,32,11,14,38,16,23,38,34,26,9,29,19,29,27,29,19,0,28,382,719,1101,1480,1804,2188,2566,2919,3255,3633,3994,3965,3976,3985,3983,3983,3960,4003,3984,3985,3977,3991,3974,3997
37,43,22,46,8,4,6,42,41,12,28,23,17,29,32,28,30,0,34,4,29,40,28,24,161,301,435,581,731,859,981,1140,1250,1393,1517,1664,1804,1962,2098,2242,2363,2474,2503,2510,2510,2476,2486,2508,2519,2518
22,9,0,16,26,11,12,0,0,23,0,0,18,5,0,12,28,0,14,0,17,10,0,40,15,5,8,34,0,2,211,419,634,828,1010,1218,1433,1621,1812,2042,2227,2435,2618,2824,3051,3234,3447,3645,3654,3639
81,50,60,60,48,70,71,69,38,53,76,59,61,71,32,151,224,296,399,457,540,625,711,782,870,954,1063,1115,1211,1278,1372,1432,1516,1542,1538,1500,1533,1513,1526,1504,1533,1518,1530,1508,1541,1535,1524,1503,1517,1518
3386,3365,3377,3382,3379,3382,3386,3382,3390,3370,3396,3372,3405,3393,3392,3366,3381,3373,3373,3365,3375,3398,3393,3374,3390,3356,3375,3373,3371,3385,3354,3375,3364,3366,3378,3378,3383,3395,3393,3370,3374,3398,3378,3411,3382,3392,3357,3364,3379,3402
3228,3242,3249,3242,3229,3262,3258,3253,3234,3241,3242,3240,3199,3249,3231,3224,3212,3247,3259,3240,3233,3248,3236,3244,3252,3250,3254,3266,3222,3244,3246,3240,3228,3224,3252,3233,3250,3238,3226,3241,3216,3235,3223,3238,3232,3252,3214,3213,3252,3222
3216,3206,3233,3224,3242,3202,3211,3243,3250,3217,3224,3250,3229,3208,3228,3253,3221,3236,3233,3206,3209,3236,3218,3207,3194,3210,3214,3238,3230,3208,3212,3239,3245,3260,3222,3244,3231,3226,3225,3247,3234,3213,3223,3219,3205,3241,3238,3216,3219,3241
60,61,61,68,51,75,56,58,64,71,64,63,51,70,72,68,38,55,66,40,66,53,31,47,46,42,54,60,60,51,65,57,79,105,186,232,258,323,354,439,491,537,637,712,804,856,957,1020,1112,1189
2817,2806,2818,2844,2775,2816,2839,2815,2830,2831,2799,2822,2805,2818,2824,2819,2824,2856,2848,2833,2837,2822,2827,2810,2811,2823,2830,2799,2847,2816,2841,2822,2822,2813,2809,2811,2826,2816,2838,2772,2808,2823,2796,2824,2818,2853,2798,2821,2792,2806
7,34,2,14,0,35,0,21,4,10,3,44,20,21,16,34,1,16,10,26,15,18,12,0,0,10,18,21,0,13,44,24,279,559,811,1088,1357,1607,1901,2147,2426,2683,2970,3256,3523,3782,3769,3783,3779,3763
55,20,36,40,44,36,24,46,39,44,29,26,41,28,52,34,47,30,13,57,33,27,33,39,32,47,40,19,59,56,150,221,320,445,552,706,844,1006,1153,1337,1524,1708,1892,2099,2309,2530,2747,2990,3236,3491
66,47,38,45,55,39,61,59,57,32,36,47,28,49,41,30,41,30,58,41,50,53,55,60,98,106,180,276,350,417,534,626,753,860,969,1133,1232,1377,1500,1681,1831,1978,2159,2317,2505,2671,2851,3043,3227,3418
63,60,73,51,52,29,50,57,50,57,51,55,58,56,38,46,60,49,66,63,100,145,213,232,294,387,459,517,616,708,786,895,977,1078,1176,1290,1401,1509,1621,1732,1876,1975,2114,2269,2390,2532,2657,2782,2946,3101
30,42,19,10,31,36,35,48,31,23,12,27,46,23,22,39,30,39,34,20,31,42,55,108,200,300,412,506,658,785,943,1075,1247,1425,1586,1780,1964,2179,2373,2566,2793,3006,3244,3460,3710,3921,3936,3960,3947,3962
51,25,40,23,46,22,51,47,32,33,59,53,64,120,178,265,334,413,514,606,724,856,965,1127,1263,1397,1547,1681,1850,2023,2192,2326,2363,2350,2351,2358,2354,2376,2363,2363,2361,2355,2344,2351,2351,2361,2352,2364,2354,2367
2588,2589,2632,2615,2612,2595,2607,2611,2616,2607,2606,2604,2615,2584,2577,2578,2578,2614,2618,2593,2588,2590,2618,2619,2586,2596,2578,2592,2651,2594,2584,2577,2625,2574,2599,2602,2592,2629,2602,2629,2610,2600,2603,2606,2615,2600,2608,2600,2607,2605
3731,3763,3775,3750,3759,3762,3753,3731,3732,3753,3737,3752,3744,3756,3758,3770,3750,3776,3762,3738,3766,3785,3748,3758,3760,3765,3746,3744,3743,3749,3754,3746,3732,3732,3756,3758,3742,3741,3749,3731,3741,3758,3777,3773,3745,3778,3747,3739,3750,3749
49,57,63,59,37,12,39,51,225,415,606,821,974,1170,1399,1540,1733,1939,2132,2299,2471,2661,2851,3051,3238,3259,3238,3240,3248,3238,3230,3232,3262,3232,3237,3247,3249,3224,3242,3229,3247,3244,3244,3235,3241,3242,3254,3259,3245,3247
6,14,0,34,22,6,12,5,14,6,13,13,29,9,6,1,31,6,14,19,9,31,24,24,23,43,124,136,200,293,364,423,513,583,692,759,891,996,1082,1179,1325,1418,1540,1673,1777,1912,2050,2188,2311,2461
1805,1828,1843,1804,1812,1820,1847,1817,1801,1833,1811,1810,1845,1828,1824,1813,1796,1812,1852,1836,1807,1814,1828,1845,1836,1823,1836,1835,1822,1812,1838,1804,1819,1821,1827,1832,1840,1823,1821,1844,1798,1842,1820,1824,1838,1829,1823,1817,1834,1837
48,46,48,34,31,59,48,44,21,39,24,30,51,35,25,33,58,63,69,118,179,215,251,313,339,407,451,485,541,622,691,741,814,899,981,1033,1094,1174,1250,1308,1414,1499,1584,1673,1757,1826,1952,2032,2132,2229
27,42,16,25,41,21,49,34,30,37,24,34,30,47,29,17,31,25,26,30,20,40,34,20,21,6,35,35,20,37,32,43,8,25,189,322,472,586,729,864,994,1173,1301,1475,1590,1731,1877,2004,2141,2278
3020,3013,3034,3042,3045,3020,3051,3033,3046,3059,3041,3051,3019,3073,3007,3049,3040,3069,3044,3039,3040,3055,3053,3025,3056,3039,3045,3043,3054,3024,3052,3038,3044,3038,3048,3031,3026,3016,3044,3027,3079,3026,3042,3068,3032,3038,3045,3070,3046,3033
44,18,35,47,28,60,51,50,48,36,28,424,785,1149,1514,1890,2236,2599,2956,3335,3689,3679,3702,3709,3720,3710,3678,3709,3687,3693,3695,3693,3686,3693,3690,3713,3700,3716,3717,3716,3677,3712,3705,3701,3701,3708,3695,3718,3707,3688
30,42,19,36,43,21,51,39,35,51,34,35,38,31,28,31,24,30,22,42,49,49,91,155,186,282,340,433,517,600,691,826,912,1013,1162,1258,1376,1532,1648,1812,1934,2060,2216,2379,2542,2693,2873,3024,3027,3008
3708,3709,3713,3723,3712,3721,3716,3745,3721,3729,3736,3727,3721,3731,3730,3730,3725,3738,3720,3718,3723,3729,3720,3730,3728,3725,3725,3732,3729,3749,3720,3726,3718,3698,3724,3717,3749,3744,3729,3722,3717,3711,3719,3733,3748,3715,3691,3706,3754,3721
7,22,48,37,50,32,15,34,20,33,42,21,38,43,20,36,20,27,38,36,29,28,30,23,19,36,24,45,35,28,29,343,675,957,1251,1586,1887,2194,2488,2817,3124,3411,3420,3431,3442,3403,3436,3429,3433,3436
9,12,0,13,22,0,246,480,746,986,1202,1480,1719,1943,2187,2439,2669,2912,3166,3393,3389,3386,3417,3423,3400,3422,3380,3374,3379,3390,3386,3427,3405,3424,3421,3387,3415,3398,3417,3404,3430,3426,3395,3400,3411,3409,3409,3424,3402,3392
28,31,58,17,34,44,49,36,49,38,24,32,29,63,19,47,51,26,34,32,34,57,36,25,26,54,28,38,69,119,180,279,384,477,580,699,876,987,1117,1275,1438,1587,1765,1931,2119,2292,2482,2683,2897,3103
0,17,20,12,0,32,0,36,29,29,9,11,30,26,12,40,21,22,61,103,151,172,257,304,368,462,548,603,692,770,868,943,1026,1121,1211,1338,1411,1520,1636,1765,1899,1979,2102,2240,2363,2479,2599,2605,2603,2579
1781,1816,1815,1796,1812,1807,1804,1774,1779,1814,1786,1801,1804,1791,1826,1786,1793,1808,1828,1774,1778,1792,1795,1817,1806,1763,1774,1806,1804,1789,1796,1809,1807,1778,1810,1817,1818,1789,1793,1818,1776,1793,1803,1756,1779,1806,1809,1791,1810,1806
2602,2592,2577,2599,2589,2587,2609,2575,2593,2599,2578,2578,2601,2599,2584,2587,2625,2577,2602,2585,2562,2592,2575,2579,2541,2603,2579,2596,2601,2601,2591,2584,2577,2579,2614,2572,2607,2601,2609,2595,2604,2599,2598,2587,2595,2599,2598,2620,2605,2592
7,3,17,40,32,2,1,24,2,5,8,30,14,6,29,16,17,0,9,1,23,34,11,1,9,17,11,3,24,11,237,453,672,875,1094,1294,1527,1789,1960,2168,2399,2632,2842,3053,3283,3505,3499,3499,3490,3478
55,40,27,51,48,40,49,47,69,52,62,41,33,48,51,47,82,59,56,52,59,46,38,59,46,42,381,683,981,1316,1638,1953,2282,2588,2889,3204,3544,3823,3844,3818,3833,3842,3821,3850,3838,3843,3847,3837,3882,3862
24,11,17,26,19,28,18,27,12,40,30,66,74,82,146,162,211,226,278,292,367,404,420,461,526,576,628,662,740,780,835,896,955,998,1084,1128,1213,1256,1337,1387,1467,1523,1561,1646,1665,1658,1653,1656,1655,1647
58,47,55,79,42,51,58,74,40,66,57,58,83,95,133,194,234,310,372,428,494,586,672,742,845,917,1036,1155,1229,1328,1462,1570,1709,1793,1941,2050,2163,2309,2295,2298,2295,2294,2287,2291,2297,2297,2287,2310,2289,2307
40,0,17,9,24,7,11,15,19,16,20,36,20,6,11,13,8,0,0,5,4,14,17,0,187,326,479,621,795,946,1116,1277,1417,1552,1732,1892,2067,2218,2370,2373,2336,2346,2356,2380,2355,2352,2359,2375,2386,2353
3460,3459,3465,3470,3454,3474,3467,3463,3487,3487,3478,3476,3473,3461,3471,3473,3476,3477,3448,3468,3455,3482,3465,3447,3477,3484,3476,3467,3462,3472,3452,3459,3470,3478,3457,3450,3459,3462,3485,3480,3495,3481,3474,3488,3478,3459,3476,3450,3477,3465
23,32,19,26,41,30,31,7,14,18,42,69,160,189,271,335,402,483,579,668,769,888,993,1110,1214,1324,1454,1589,1725,1854,1988,2146,2292,2417,2434,2415,2430,2435,2430,2425,2421,2436,2415,2420,2436,2437,2439,2436,2422,2410
3408,3400,3409,3378,3418,3428,3401,3413,3391,3393,3423,3401,3389,3409,3388,3411,3410,3417,3433,3402,3408,3421,3417,3416,3406,3413,3417,3427,3418,3417,3416,3430,3421,3405,3432,3433,3412,3441,3387,3412,3402,3431,3390,3395,3419,3432,3429,3421,3439,3415
24,30,16,16,0,7,24,14,24,2,17,7,19,22,0,15,7,199,373,549,708,914,1080,1264,1425,1615,1785,1973,2145,2329,2512,2699,2880,3061,3210,3237,3250,3214,3235,3231,3214,3219,3226,3242,3217,3226,3228,3221,3204,3225
7,10,26,0,32,5,27,6,10,17,13,8,4,16,11,29,0,19,7,10,7,0,10,22,21,5,23,0,26,61,95,134,191,260,301,356,446,538,582,687,776,848,935,1022,1120,1236,1324,1430,1556,1662
64,39,38,24,29,63,60,43,30,64,46,70,45,52,42,53,66,56,29,18,40,52,52,59,62,70,94,140,181,197,268,349,425,458,550,625,719,794,899,960,1082,1157,1275,1369,1475,1569,1705,1790,1812,1812
0,8,15,32,14,4,3,0,24,20,39,22,0,33,8,185,365,562,759,932,1119,1320,1497,1678,1897,2046,2246,2453,2630,2796,2994,3184,3375,3357,3355,3388,3349,3372,3352,3383,3382,3360,3375,3375,3368,3393,3368,3371,3352,3357
3112,3122,3079,3114,3103,3094,3113,3126,3107,3071,3109,3082,3104,3092,3093,3098,3107,3118,3090,3136,3109,3114,3114,3101,3146,3086,3099,3133,3099,3111,3118,3089,3119,3117,3110,3102,3123,3103,3113,3124,3129,3127,3106,3117,3097,3108,3086,3093,3136,3120
1630,1643,1620,1616,1634,1638,1662,1623,1622,1653,1615,1636,1594,1627,1626,1645,1630,1599,1641,1634,1644,1630,1628,1631,1632,1637,1635,1638,1613,1621,1605,1636,1603,1626,1613,1638,1622,1615,1624,1611,1611,1626,1627,1642,1606,1619,1615,1641,1662,1620
54,37,18,37,39,50,63,48,60,42,14,27,44,32,64,33,45,34,34,41,37,44,38,63,179,340,508,633,778,908,1054,1213,1350,1486,1653,1810,1818,1796,1797,1777,1815,1804,1794,1794,1807,1812,1794,1797,1793,1781
16,35,33,43,30,40,5,21,25,11,32,25,26,21,27,80,92,166,223,296,408,491,586,693,830,939,1058,1207,1345,1489,1627,1802,1957,2108,2284,2453,2616,2801,2987,3131,3353,3523,3557,3543,3524,3554,3548,3559,3551,3543
25,4,17,9,0,2,0,17,130,256,377,501,598,721,832,954,1071,1174,1261,1394,1512,1628,1753,1866,1987,2107,2200,2314,2441,2413,2432,2439,2453,2447,2434,2429,2446,2437,2448,2448,2424,2439,2438,2459,2418,2442,2442,2423,2422,2447
38,27,37,60,41,28,21,48,34,33,41,36,41,41,37,16,40,38,28,34,22,36,30,34,32,46,46,30,31,30,21,12,218,406,555,725,888,1077,1263,1439,1602,1800,1790,1761,1775,1781,1782,1801,1790,1789
62,80,81,65,51,47,53,83,58,39,78,51,53,65,52,59,47,64,76,108,166,200,238,310,392,454,560,620,741,822,931,992,1093,1228,1344,1420,1592,1692,1818,1948,2075,2075,2078,2070,2056,2083,2082,2062,2086,2065
64,49,56,35,59,64,91,57,70,66,42,59,66,34,80,63,43,51,71,84,67,88,65,69,54,79,60,59,60,44,53,276,524,744,977,1219,1421,1673,1900,2145,2351,2580,2817,3046,3277,3526,3741,3975,3969,3984
16,22,8,26,14,27,22,10,20,28,15,28,21,27,19,18,30,23,17,21,15,19,26,18,13,13,19,14,10,11,26,18,19,13,15,15,17,9,25,18,20,24,24,15,22,22,20,25,23,23
31,29,4,37,29,28,19,47,16,156,274,423,531,668,793,928,1045,1159,1331,1449,1554,1699,1838,1964,2061,2208,2329,2461,2609,2584,2571,2573,2603,2591,2579,2570,2581,2573,2590,2586,2609,2561,2593,2601,2618,2602,2594,2594,2605,2601
2022,2024,2021,1997,1995,2012,2037,2010,2014,1997,2043,2024,2028,2004,2017,2003,2014,1996,2034,2048,2029,2017,2039,2012,2015,1997,2018,2029,2011,2007,2016,1959,2012,1996,2005,1977,2042,2030,1999,2033,1990,2019,2012,2030,2009,2019,2039,2027,2011,2033
37,53,40,47,37,54,44,53,32,52,45,49,63,54,62,43,26,38,47,29,32,85,168,235,352,445,580,716,876,1043,1205,1377,1555,1770,1959,2160,2379,2592,2819,3034,3339,3556,3800,3802,3801,3808,3818,3811,3791,3818
0,25,0,11,4,0,22,19,0,18,22,4,15,8,19,57,105,170,282,371,515,630,745,900,1080,1229,1418,1577,1752,1941,2155,2335,2537,2753,2980,3222,3444,3687,3934,3925,3923,3912,3915,3922,3918,3912,3932,3920,3908,3925
41,23,39,46,37,53,36,40,21,52,28,72,104,181,255,316,421,535,624,746,835,985,1126,1258,1401,1546,1700,1877,2057,2209,2371,2564,2741,2909,3101,3103,3114,3099,3118,3125,3097,3086,3107,3126,3101,3081,3109,3117,3117,3113
59,55,65,38,42,72,34,48,38,41,56,38,58,62,48,40,36,67,116,125,162,207,242,275,354,390,442,519,553,638,673,764,827,881,956,1041,1084,1163,1243,1321,1429,1479,1581,1667,1770,1754,1771,1737,1748,1750
1773,1778,1806,1767,1819,1771,1773,1776,1804,1811,1778,1809,1813,1787,1792,1799,1817,1796,1811,1813,1804,1792,1816,1800,1800,1779,1787,1806,1800,1799,1791,1765,1795,1799,1795,1811,1776,1821,1796,1773,1776,1770,1803,1799,1792,1786,1773,1790,1796,1786
2664,2665,2648,2674,2659,2649,2667,2674,2656,2643,2658,2638,2673,2655,2677,2664,2657,2645,2664,2653,2675,2654,2680,2670,2664,2656,2665,2661,2635,2681,2664,2669,2655,2670,2650,2643,2670,2645,2669,2674,2647,2649,2659,2652,2663,2657,2657,2676,2683,2653
0,10,9,15,6,33,8,18,37,18,11,28,21,28,0,32,1,2,5,11,16,22,38,9,0,30,40,84,94,123,142,194,250,267,308,345,399,427,506,544,598,651,718,790,834,916,972,1028,1101,1174
19,52,45,33,44,18,36,19,28,21,36,40,30,16,14,32,40,25,61,103,143,182,261,310,337,421,480,565,621,696,766,831,929,1004,1099,1198,1294,1375,1473,1554,1694,1763,1903,1995,2109,2240,2358,2443,2460,2459
43,49,41,60,39,42,61,49,46,57,96,42,48,59,55,47,50,42,62,64,38,73,99,105,121,157,198,236,238,305,342,411,457,502,543,596,678,732,783,822,906,972,1069,1129,1195,1246,1357,1419,1485,1587
12,25,15,29,22,3,19,29,0,27,8,24,8,16,8,30,63,114,164,273,333,463,604,708,839,988,1130,1295,1434,1633,1804,1971,2185,2374,2563,2780,2966,3182,3398,3408,3420,3392,3411,3425,3411,3434,3401,3398,3415,3417
42,32,47,48,46,24,33,38,39,91,103,132,142,203,199,250,298,351,409,420,470,523,566,629,669,728,795,839,897,940,999,1059,1126,1181,1231,1329,1387,1448,1508,1587,1692,1677,1684,1681,1677,1671,1680,1687,1694,1670
27,37,9,6,7,25,39,8,14,10,19,15,30,24,12,10,15,19,20,8,0,34,24,38,14,11,0,3,26,45,0,209,348,530,698,864,1032,1182,1363,1536,1701,1875,1871,1862,1871,1888,1869,1857,1874,1865
2120,2126,2156,2143,2108,2139,2143,2118,2141,2148,2103,2128,2132,2141,2135,2121,2133,2148,2128,2120,2139,2168,2125,2157,2136,2142,2151,2131,2135,2124,2140,2137,2135,2145,2115,2126,2160,2124,2132,2144,2166,2146,2142,2101,2127,2138,2132,2137,2138,2155
45,42,52,44,45,51,45,50,22,55,23,45,49,73,51,56,57,57,48,38,54,47,60,118,172,255,336,392,513,586,705,811,964,1061,1192,1347,1501,1650,1786,1954,2091,2262,2414,2596,2769,2972,3135,3317,3507,3726
21,18,8,28,19,12,48,12,16,6,16,36,37,40,34,3,5,12,26,5,5,16,20,21,39,49,89,148,201,278,356,445,538,623,739,858,974,1099,1219,1348,1470,1613,1772,1905,2083,2217,2368,2543,2709,2696
20,35,32,38,26,23,41,37,23,31,31,63,106,173,224,310,379,510,593,720,820,947,1069,1196,1331,1470,1623,1774,1926,2091,2272,2418,2613,2768,2772,2768,2751,2782,2771,2775,2787,2778,2783,2781,2780,2778,2775,2774,2766,2772
33,51,38,26,60,40,62,48,37,44,69,42,44,65,61,64,54,46,53,46,44,48,45,48,44,30,24,67,57,53,34,38,51,66,121,152,192,223,289,316,410,457,522,584,636,711,803,860,931,1030
61,68,42,43,34,33,46,50,44,132,237,308,412,506,619,709,826,923,1012,1093,1200,1280,1417,1488,1572,1669,1690,1682,1656,1671,1658,1678,1691,1684,1661,1650,1680,1668,1677,1653,1665,1678,1698,1658,1663,1681,1673,1676,1676,1684
51,33,52,20,37,60,29,23,39,24,6,9,24,39,20,26,34,41,11,36,34,22,15,39,25,20,17,12,32,83,123,158,240,289,347,406,512,569,623,746,825,910,1022,1137,1227,1314,1433,1552,1661,1795
57,48,50,52,45,46,57,47,58,54,41,54,54,53,50,45,59,50,45,53,46,45,48,47,45,55,50,58,45,40,51,62,54,70,52,52,38,53,52,48,50,50,49,63,48,52,48,55,52,49
3564,3566,3592,3608,3576,3564,3574,3578,3600,3573,3550,3594,3578,3575,3567,3579,3583,3605,3578,3569,3559,3592,3574,3577,3587,3555,3588,3569,3572,3587,3577,3575,3579,3616,3593,3578,3567,3586,3571,3578,3561,3562,3585,3576,3591,3559,3583,3584,3555,3571
3691,3684,3729,3684,3700,3706,3673,3700,3693,3733,3685,3695,3689,3734,3721,3692,3689,3702,3700,3697,3683,3705,3712,3719,3730,3714,3717,3726,3726,3715,3699,3699,3709,3708,3745,3684,3705,3702,3699,3709,3690,3717,3713,3705,3694,3675,3724,3704,3703,3717
18,10,15,25,2,29,33,24,21,13,37,30,15,0,24,0,7,30,4,12,35,46,50,78,120,183,222,303,341,402,483,562,615,709,777,888,954,1020,1158,1243,1342,1426,1561,1648,1758,1862,1993,2096,2203,2297
51,34,50,50,45,18,65,38,54,37,51,36,33,42,48,46,30,163,273,348,460,563,674,765,888,995,1079,1202,1295,1412,1530,1601,1728,1725,1731,1719,1710,1729,1745,1725,1724,1724,1719,1726,1730,1730,1731,1720,1708,1725
22,26,59,50,23,31,57,57,73,123,196,236,304,363,443,532,607,722,794,901,994,1092,1222,1315,1415,1580,1693,1677,1687,1700,1676,1700,1705,1698,1682,1702,1701,1695,1685,1693,1689,1691,1673,1703,1707,1705,1695,1703,1695,1705
2832,2827,2816,2820,2793,2803,2844,2815,2831,2819,2818,2849,2802,2814,2806,2827,2799,2831,2837,2860,2815,2772,2824,2849,2820,2813,2820,2837,2825,2824,2799,2824,2838,2797,2803,2816,2807,2840,2813,2841,2823,2827,2796,2794,2810,2836,2838,2825,2824,2812
46,61,58,67,70,54,55,57,59,71,60,57,52,61,79,58,44,51,57,93,130,189,292,374,449,559,671,817,955,1080,1216,1348,1507,1666,1827,2004,2176,2363,2556,2767,2935,3161,3351,3550,3742,3771,3760,3781,3757,3754
3785,3792,3816,3780,3759,3790,3797,3790,3811,3817,3804,3797,3810,3793,3774,3802,3787,3781,3819,3814,3802,3785,3805,3805,3794,3783,3823,3807,3791,3771,3806,3792,3775,3763,3786,3822,3810,3805,3819,3766,3794,3809,3817,3775,3820,3774,3784,3825,3790,3802
2231,2257,2248,2245,2253,2242,2244,2263,2242,2282,2275,2278,2257,2287,2282,2260,2247,2250,2231,2249,2232,2258,2261,2261,2277,2252,2250,2261,2259,2242,2271,2268,2277,2260,2249,2279,2272,2256,2247,2258,2246,2254,2262,2289,2253,2253,2226,2279,2255,2266
54,55,43,38,26,26,22,60,54,51,16,35,62,47,47,34,48,29,36,67,80,148,194,284,357,499,604,718,871,998,1160,1293,1461,1638,1786,1992,2147,2341,2559,2727,2958,3160,3383,3594,3620,3609,3593,3595,3594,3614
49,60,29,71,71,58,65,49,61,20,54,65,36,40,39,65,62,65,40,29,53,53,45,66,58,39,46,50,56,66,47,49,55,36,52,45,58,117,143,188,239,313,368,442,529,630,667,778,889,953
67,33,80,62,64,76,55,35,38,52,58,242,411,576,751,946,1133,1283,1480,1665,1812,1839,1825,1844,1845,1851,1816,1847,1846,1822,1856,1822,1838,1845,1839,1860,1833,1847,1833,1837,1854,1816,1837,1835,1838,1838,1830,1854,1833,1830
5,34,0,15,5,13,16,8,13,0,0,0,12,15,344,674,968,1308,1630,1948,2254,2583,2919,3226,3559,3877,3897,3882,3883,3884,3905,3887,3890,3882,3896,3881,3897,3872,3893,3890,3880,3882,3888,3862,3877,3875,3898,3875,3883,3895
3016,3010,3032,3008,3009,3026,3048,3018,3029,3029,3027,3026,3009,3065,3032,3028,3048,3029,3012,3015,3023,3043,3025,3021,3024,3016,3013,3031,3014,3031,3011,3025,3033,3015,3016,3053,3023,3038,3027,2990,3039,3024,3022,3052,3015,3046,3003,3042,3014,3034
9,33,31,50,24,37,40,32,40,48,30,53,54,51,29,53,41,14,43,60,21,57,87,156,210,284,344,435,536,627,743,838,948,1080,1191,1320,1456,1572,1748,1870,2014,2171,2314,2490,2638,2795,2998,3152,3330,3518
40,29,22,28,27,14,34,38,13,31,12,8,35,4,18,39,20,26,10,15,20,36,33,16,0,176,335,464,637,784,932,1065,1224,1386,1523,1676,1812,1985,2114,2267,2400,2574,2741,2889,3010,3162,3311,3337,3325,3339
50,48,53,65,24,42,32,46,59,84,39,56,58,40,16,52,24,43,36,44,45,40,22,47,55,49,40,243,413,621,802,1010,1191,1373,1552,1768,1925,2135,2300,2508,2701,2899,2876,2876,2858,2880,2906,2894,2882,2893
17,27,13,32,22,10,3,3,9,19,48,83,174,247,338,448,543,674,778,938,1063,1210,1380,1526,1694,1877,2053,2228,2419,2602,2811,2998,3008,2999,3008,3017,3015,3007,3009,3000,3014,3007,3015,3020,3006,2995,2994,3011,3011,3017
48,22,21,29,30,32,36,19,34,34,34,44,20,24,40,14,50,35,44,30,16,29,32,37,19,41,49,78,135,195,279,334,415,483,568,659,753,859,976,1091,1219,1317,1452,1593,1708,1844,1976,2140,2284,2263
2215,2178,2215,2183,2206,2196,2162,2208,2164,2212,2183,2171,2182,2193,2193,2168,2183,2190,2201,2183,2192,2160,2175,2207,2148,2170,2175,2183,2166,2213,2191,2183,2156,2176,2211,2181,2193,2194,2171,2167,2180,2209,2208,2182,2187,2189,2195,2209,2195,2194
0,10,9,8,5,7,7,19,24,3,20,0,13,20,2,0,0,25,1,23,15,14,0,0,13,2,8,31,21,4,3,34,0,33,61,73,114,138,155,226,224,303,322,374,398,468,502,565,624,683
30,11,24,31,10,10,15,17,20,0,8,31,33,24,27,38,15,40,40,3,0,5,2,0,4,24,15,0,21,35,16,0,0,0,5,18,157,299,423,568,701,849,1002,1125,1263,1392,1546,1688,1840,1956
47,11,43,51,28,45,48,36,21,35,50,31,33,41,47,67,22,44,28,33,60,49,44,24,31,34,51,18,32,47,57,56,20,34,46,31,124,153,203,257,351,448,523,616,718,801,925,1048,1196,1293
2733,2730,2723,2712,2736,2731,2720,2749,2732,2728,2747,2753,2721,2723,2718,2728,2716,2725,2735,2711,2727,2751,2744,2744,2711,2749,2716,2736,2735,2732,2703,2751,2731,2730,2736,2753,2744,2740,2727,2738,2731,2727,2729,2733,2711,2717,2751,2749,2774,2736
1582,1612,1608,1617,1606,1613,1605,1609,1601,1602,1583,1620,1600,1598,1585,1597,1573,1607,1607,1601,1598,1595,1603,1608,1599,1620,1600,1588,1617,1584,1595,1618,1639,1592,1589,1598,1632,1602,1624,1580,1604,1607,1606,1608,1612,1596,1591,1601,1607,1609
41,53,50,50,60,40,30,58,50,42,62,60,25,60,45,35,58,72,71,59,46,63,87,124,165,187,259,334,423,479,584,657,736,843,963,1078,1170,1280,1399,1526,1634,1762,1901,2032,2182,2331,2464,2606,2740,2897
37,53,61,21,34,27,42,26,41,53,33,15,33,48,39,52,33,42,53,67,126,125,141,196,248,267,284,343,374,435,483,517,584,629,677,724,771,854,895,946,1025,1078,1123,1189,1267,1328,1358,1453,1537,1587
43,65,38,33,37,45,52,14,53,54,33,35,61,45,62,81,52,47,57,62,55,19,45,50,45,42,25,64,63,205,296,417,536,678,835,928,1054,1172,1318,1453,1548,1678,1819,1930,2048,2207,2304,2472,2570,2570
25,41,45,44,36,3,42,45,39,50,44,47,53,37,29,31,34,25,39,45,14,35,33,27,57,139,211,308,374,456,516,614,690,784,857,971,1035,1120,1199,1265,1362,1434,1523,1594,1665,1765,1764,1762,1738,1765
42,8,42,34,25,24,32,30,23,9,34,206,385,578,743,923,1090,1257,1464,1642,1812,1995,2169,2350,2533,2547,2559,2539,2545,2540,2535,2537,2539,2528,2527,2564,2522,2557,2520,2518,2535,2557,2543,2552,2536,2548,2551,2533,2537,2525
38,40,64,49,44,45,21,37,27,65,74,122,140,216,260,330,378,461,531,583,695,760,834,908,1023,1097,1193,1293,1409,1494,1612,1725,1817,1930,2023,2159,2262,2409,2527,2529,2513,2529,2543,2510,2501,2518,2528,2532,2515,2536
36,42,24,46,25,33,36,48,6,33,42,28,40,31,75,105,204,259,349,446,572,674,836,954,1101,1258,1395,1546,1723,1893,2064,2262,2448,2630,2829,3036,3259,3447,3667,3887,3903,3883,3902,3886,3881,3882,3903,3886,3885,3902
36,38,42,13,36,36,27,39,45,17,37,47,39,33,13,28,40,26,14,13,14,41,25,17,61,135,234,337,443,579,736,872,1037,1203,1391,1591,1770,1980,2162,2422,2624,2863,3110,3345,3339,3369,3353,3362,3347,3351
1608,1623,1564,1594,1597,1577,1561,1603,1587,1576,1580,1604,1601,1579,1581,1607,1576,1588,1597,1596,1593,1617,1560,1607,1619,1576,1583,1571,1594,1606,1596,1609,1619,1585,1604,1608,1582,1598,1588,1603,1599,1626,1612,1569,1620,1609,1645,1570,1566,1601
11,8,28,17,32,31,16,0,29,27,0,0,12,2,0,0,18,10,176,386,545,722,903,1095,1271,1452,1630,1785,1985,2184,2338,2536,2718,2893,3068,3234,3415,3413,3416,3418,3415,3410,3434,3435,3433,3451,3418,3418,3433,3418
17,16,50,22,12,31,28,25,31,15,18,17,0,19,24,35,23,39,61,69,105,160,155,187,235,264,292,354,411,442,488,515,577,630,656,754,788,839,895,959,1041,1097,1153,1187,1249,1323,1400,1448,1534,1618
3489,3473,3451,3423,3460,3470,3463,3428,3488,3453,3478,3464,3480,3439,3444,3446,3470,3456,3466,3472,3434,3465,3468,3446,3458,3459,3455,3487,3454,3483,3441,3458,3466,3440,3439,3480,3440,3467,3469,3459,3478,3474,3449,3442,3481,3449,3485,3466,3450,3447
0,0,3,10,0,17,21,40,15,5,12,20,11,24,36,0,10,17,23,17,0,7,11,216,432,646,856,1081,1312,1482,1692,1923,2137,2348,2564,2790,2776,2782,2782,2788,2782,2764,2779,2788,2781,2801,2788,2771,2775,2787
27,50,53,20,42,39,41,46,50,39,50,38,39,33,52,34,37,41,41,93,73,114,130,185,215,257,298,347,402,465,487,564,603,659,722,769,852,918,972,1062,1126,1183,1280,1344,1427,1487,1594,1657,1765,1813
25,28,47,54,56,47,38,35,3,52,31,62,17,44,20,49,158,272,361,487,585,719,844,938,1050,1154,1268,1367,1504,1614,1719,1713,1721,1740,1731,1710,1726,1719,1715,1707,1708,1707,1708,1726,1727,1709,1713,1735,1716,1711
44,74,64,46,49,39,41,54,64,62,61,61,70,146,210,282,397,478,558,651,709,815,884,958,1041,1156,1204,1304,1378,1452,1553,1625,1633,1627,1643,1638,1636,1596,1645,1643,1649,1629,1630,1622,1648,1647,1630,1634,1623,1646
33,43,43,25,62,28,43,28,31,43,41,36,48,37,50,39,20,32,32,55,23,35,30,44,17,47,149,255,359,471,577,669,783,915,1018,1107,1213,1342,1433,1546,1656,1779,1875,1868,1867,1873,1878,1868,1880,1884
12,29,13,22,31,26,4,2,14,7,9,24,38,36,23,38,31,32,43,19,21,12,26,0,40,25,13,0,23,25,9,13,8,11,22,429,829,1224,1638,2031,2464,2850,3239,3669,4095,4057,4065,4086,4095,4080
2566,2566,2587,2582,2586,2574,2602,2589,2568,2600,2583,2585,2579,2598,2583,2578,2580,2576,2593,2604,2620,2588,2599,2590,2574,2596,2578,2572,2617,2579,2576,2602,2602,2593,2575,2571,2574,2562,2586,2574,2576,2553,2596,2581,2596,2592,2564,2595,2592,2592
2211,2194,2213,2208,2206,2215,2164,2207,2198,2216,2216,2199,2188,2180,2205,2180,2222,2206,2200,2213,2204,2181,2198,2223,2191,2193,2200,2163,2219,2208,2213,2223,2224,2183,2197,2184,2177,2184,2190,2216,2186,2218,2204,2205,2212,2191,2201,2204,2179,2191
1924,1899,1921,1901,1907,1908,1901,1918,1928,1907,1901,1895,1921,1900,1870,1914,1915,1891,1916,1919,1907,1908,1912,1912,1925,1913,1918,1888,1885,1921,1905,1898,1919,1918,1882,1933,1918,1916,1897,1911,1897,1900,1888,1912,1898,1934,1908,1901,1880,1905
46,29,47,25,36,41,21,23,37,28,57,67,43,68,31,35,58,32,26,50,44,43,44,29,85,124,158,175,227,278,326,413,438,513,589,645,697,795,872,976,1035,1128,1231,1308,1374,1494,1586,1669,1769,1883
54,38,44,59,55,65,85,65,57,42,68,65,53,48,61,61,43,49,67,46,49,38,44,51,79,122,165,226,295,395,487,570,662,740,881,1000,1103,1237,1360,1498,1638,1762,1909,2060,2229,2390,2529,2693,2880,3056
44,39,21,22,29,15,50,15,37,14,47,33,35,9,41,54,40,105,161,222,271,344,435,510,602,689,828,927,1039,1178,1271,1398,1517,1680,1807,1959,2108,2237,2390,2571,2720,2895,3055,3213,3396,3566,3756,3743,3751,3745
16,50,3,16,16,27,15,32,26,24,21,20,21,25,27,32,41,24,25,25,27,44,57,87,149,188,228,273,363,372,450,531,600,659,753,795,881,965,1080,1135,1245,1334,1436,1513,1636,1731,1838,1938,2032,2143
20,23,12,19,19,17,156,285,456,597,744,876,1013,1164,1328,1442,1581,1714,1874,2041,2145,2288,2448,2569,2746,2729,2728,2751,2753,2738,2739,2750,2759,2743,2739,2720,2742,2724,2720,2747,2722,2734,2735,2749,2735,2743,2729,2727,2746,2752
3015,3029,3025,3046,3048,3006,3027,3012,3073,3058,3013,2995,3053,3038,3040,3016,3034,3032,2994,3008,3008,3029,3015,3011,3039,3029,3025,3012,3056,3000,3003,3017,3035,3003,3016,3019,3030,3020,3026,3031,3058,3028,3029,3052,3009,3051,3027,3029,3024,3003
54,38,55,52,65,48,63,53,48,54,43,36,60,46,51,39,65,47,53,45,62,63,47,56,66,41,39,51,41,48,80,103,169,180,231,302,334,407,443,517,595,662,724,815,907,949,1047,1134,1192,1287
38,51,49,52,54,49,53,71,41,47,36,61,45,51,50,54,55,48,48,53,47,60,60,47,45,46,55,59,53,63,46,49,49,56,46,54,56,61,49,51,65,63,46,41,58,61,53,60,48,60
63,42,61,54,70,50,49,52,57,50,87,33,50,74,42,47,38,70,54,49,33,67,61,68,52,58,54,53,51,59,50,46,56,71,62,48,45,83,111,159,222,265,317,348,431,468,553,606,676,773
37,38,38,37,40,38,36,36,43,34,35,35,37,40,33,46,44,37,37,47,49,44,35,38,40,41,48,45,37,36,56,36,50,42,41,36,52,38,46,45,41,45,53,40,44,37,25,38,37,51
33,0,17,17,28,20,37,33,23,0,9,0,39,34,15,9,160,277,394,565,643,793,919,1059,1189,1323,1445,1568,1705,1826,1825,1841,1820,1844,1852,1835,1825,1849,1828,1827,1837,1838,1825,1849,1829,1847,1825,1819,1850,1840
0,35,14,17,31,21,14,25,13,23,7,5,13,27,16,12,37,17,33,39,26,19,22,35,34,17,46,34,20,11,43,71,96,145,192,234,299,370,423,516,570,654,720,815,907,982,1084,1170,1267,1366
0,0,7,7,25,5,11,3,22,24,19,9,28,12,21,8,4,10,33,0,20,4,14,21,20,11,17,13,24,18,4,29,31,0,22,20,214,423,592,795,991,1192,1372,1561,1779,1947,2158,2321,2515,2736
1553,1560,1535,1538,1544,1556,1562,1550,1571,1544,1523,1549,1552,1546,1563,1554,1560,1544,1548,1572,1539,1549,1544,1545,1554,1519,1570,1538,1569,1536,1558,1567,1557,1555,1537,1565,1560,1547,1546,1565,1528,1541,1566,1558,1568,1543,1554,1545,1521,1554
41,58,77,51,45,43,48,42,45,44,63,41,44,53,60,51,78,43,66,48,40,66,367,673,997,1298,1610,1933,2225,2538,2856,3155,3459,3482,3469,3467,3465,3462,3454,3467,3476,3453,3497,3461,3455,3437,3480,3478,3464,3454
3904,3903,3903,3945,3913,3900,3870,3876,3920,3914,3940,3887,3913,3910,3891,3901,3912,3906,3883,3885,3913,3914,3899,3910,3877,3913,3892,3931,3897,3911,3885,3886,3937,3912,3911,3910,3901,3911,3904,3890,3932,3903,3899,3899,3905,3894,3910,3919,3910,3929
36,68,66,54,37,52,33,22,54,51,71,103,120,178,213,270,334,397,456,524,619,726,793,895,950,1080,1153,1245,1347,1445,1560,1663,1779,1882,2002,2131,2239,2380,2501,2500,2491,2494,2487,2499,2520,2454,2508,2487,2477,2493
1,28,0,21,2,13,17,22,24,6,0,16,17,16,12,18,10,20,61,127,222,343,470,646,799,960,1176,1353,1565,1756,1987,2239,2464,2720,2979,3254,3530,3800,3817,3809,3793,3814,3816,3820,3824,3816,3819,3787,3793,3797
2591,2586,2601,2590,2605,2538,2590,2558,2576,2577,2592,2564,2570,2591,2567,2586,2582,2557,2596,2581,2576,2596,2570,2553,2586,2584,2606,2563,2588,2565,2601,2571,2587,2601,2584,2584,2576,2585,2596,2578,2551,2593,2577,2567,2572,2601,2578,2584,2578,2588
47,49,29,44,54,41,55,54,63,23,54,364,669,962,1322,1611,1919,2244,2551,2861,3184,3486,3795,3804,3804,3792,3778,3793,3786,3806,3793,3793,3793,3782,3798,3795,3777,3787,3759,3791,3788,3768,3802,3803,3778,3785,3778,3793,3785,3800
10,23,6,6,24,0,3,6,3,0,27,17,16,160,293,420,576,700,830,994,1117,1254,1414,1523,1667,1783,1935,2043,2198,2350,2488,2639,2760,2888,3031,3037,3023,3033,3017,3037,3049,3036,3023,3006,3043,3025,3027,3027,3037,3041
24,36,35,45,32,49,48,47,93,103,148,167,193,264,331,385,442,507,566,634,711,768,844,930,1010,1101,1193,1261,1369,1458,1546,1650,1728,1838,1934,1932,1941,1956,1924,1924,1932,1941,1938,1935,1946,1931,1920,1939,1931,1946
27,37,13,32,0,17,43,33,24,16,18,52,27,2,18,33,19,32,3,18,32,28,10,19,12,31,9,24,25,19,21,35,17,159,295,405,555,728,839,988,1128,1230,1407,1501,1536,1530,1539,1533,1536,1532
24,61,24,28,37,59,96,131,199,273,372,456,565,675,772,958,1081,1237,1391,1504,1662,1838,2018,2200,2385,2571,2757,2955,3148,3348,3353,3360,3382,3363,3360,3363,3366,3350,3358,3359,3362,3359,3371,3356,3354,3357,3357,3366,3366,3366
17,29,41,21,26,30,30,20,53,47,55,7,29,12,47,42,23,23,28,26,17,27,32,26,24,27,28,21,47,45,47,107,134,190,218,271,344,394,465,538,609,694,755,820,910,1019,1106,1186,1276,1371
26,53,31,42,37,33,34,53,42,56,31,44,50,36,39,33,53,41,21,44,22,52,59,43,33,43,20,27,62,115,159,208,279,370,435,535,629,723,832,914,1059,1153,1292,1410,1553,1663,1816,1951,2108,2251
7,23,4,26,10,24,12,5,5,22,0,11,22,21,0,34,12,20,14,19,14,0,40,31,6,25,16,28,0,188,372,553,753,952,1098,1314,1480,1668,1861,2045,2206,2423,2595,2767,2966,3152,3333,3336,3314,3308
29,31,21,0,9,21,31,7,15,29,33,10,8,15,55,96,131,202,322,376,487,582,708,815,914,1063,1204,1309,1457,1600,1763,1905,2060,2249,2414,2583,2744,2930,3114,3302,3305,3320,3309,3285,3301,3341,3327,3321,3316,3303
37,65,60,55,53,48,54,52,44,43,73,50,61,45,25,46,47,189,377,512,676,813,965,1115,1260,1440,1579,1741,1877,2023,2172,2331,2477,2640,2783,2927,2945,2940,2951,2908,2960,2950,2961,2958,2939,2945,2954,2953,2930,2938
44,19,34,22,30,37,42,65,71,78,114,164,190,236,257,302,332,371,414,452,487,565,596,672,692,765,828,868,930,999,1027,1119,1204,1253,1314,1364,1446,1502,1589,1649,1651,1658,1663,1635,1660,1659,1651,1649,1655,1673
44,19,19,38,30,17,25,28,15,53,20,63,132,209,280,380,543,635,771,905,1073,1246,1398,1573,1733,1950,2148,2343,2554,2751,2978,3237,3210,3205,3231,3215,3228,3214,3218,3232,3227,3217,3200,3217,3211,3213,3222,3227,3231,3201
3420,3420,3463,3426,3450,3434,3416,3447,3473,3478,3463,3463,3451,3466,3435,3440,3430,3456,3416,3441,3433,3442,3427,3410,3453,3471,3435,3471,3442,3440,3442,3438,3439,3471,3427,3472,3436,3466,3430,3457,3447,3433,3455,3431,3471,3478,3456,3450,3429,3459
49,36,36,50,22,49,52,63,36,363,685,996,1338,1650,1961,2285,2594,2941,3229,3577,3571,3569,3566,3570,3563,3569,3540,3546,3582,3555,3568,3563,3561,3568,3558,3549,3553,3563,3567,3575,3566,3570,3582,3576,3555,3559,3550,3568,3565,3554
23,36,62,33,31,49,45,52,56,39,47,42,40,45,46,75,52,47,31,66,25,35,51,48,37,31,51,58,49,29,53,37,49,41,38,35,230,414,591,778,967,1151,1343,1528,1697,1882,2074,2235,2459,2613
21,13,18,19,20,41,32,10,22,31,25,3,24,29,50,30,36,38,41,3,24,34,24,11,59,88,144,259,351,429,535,652,799,903,1042,1169,1347,1498,1629,1803,1980,2167,2351,2522,2703,2896,3091,3305,3305,3298
71,49,76,59,49,77,47,35,45,62,43,38,55,45,26,52,57,46,51,52,52,48,51,51,45,30,53,46,54,64,43,51,46,46,259,442,674,858,1094,1302,1503,1712,1925,2132,2343,2559,2736,2934,3174,3406
1781,1791,1779,1760,1784,1776,1799,1800,1759,1784,1807,1751,1798,1765,1776,1779,1788,1808,1767,1767,1777,1779,1758,1819,1785,1783,1773,1781,1773,1774,1795,1773,1753,1805,1769,1761,1798,1761,1776,1772,1778,1803,1758,1786,1795,1781,1794,1769,1754,1797
35,36,30,44,28,45,50,16,14,21,59,23,15,36,123,204,318,373,499,589,679,768,867,964,1017,1149,1241,1310,1420,1513,1580,1681,1703,1703,1690,1699,1714,1715,1688,1690,1694,1676,1680,1690,1693,1671,1693,1685,1685,1685
45,37,39,33,47,60,49,44,29,31,40,37,47,48,51,49,43,45,54,36,36,30,51,65,48,66,44,42,42,20,70,49,229,390,551,733,912,1087,1242,1430,1587,1770,1942,2113,2294,2464,2645,2821,2968,3125
2847,2857,2837,2866,2879,2862,2849,2866,2884,2873,2875,2853,2892,2840,2850,2856,2834,2857,2864,2893,2849,2864,2877,2873,2857,2844,2846,2841,2814,2860,2844,2866,2893,2853,2852,2850,2874,2845,2885,2860,2854,2831,2851,2853,2864,2851,2858,2865,2854,2833
3575,3553,3580,3539,3540,3554,3550,3563,3566,3562,3545,3560,3546,3563,3548,3576,3555,3550,3544,3539,3537,3536,3543,3568,3534,3596,3551,3542,3556,3555,3558,3536,3549,3548,3586,3551,3554,3562,3543,3547,3540,3564,3580,3557,3552,3576,3552,3536,3548,3561
49,52,45,62,53,60,67,51,63,65,70,60,57,81,59,44,54,55,68,83,48,61,60,60,44,54,59,40,71,39,70,49,30,38,62,90,135,142,177,239,270,288,369,374,428,506,566,637,663,743
63,48,29,33,48,53,41,37,37,43,40,73,151,204,313,403,524,636,787,906,1083,1227,1386,1584,1751,1937,2129,2329,2517,2749,2963,3174,3418,3645,3899,3888,3890,3899,3883,3884,3887,3887,3886,3894,3904,3897,3890,3885,3864,3885
33,48,45,52,48,39,59,48,35,49,57,41,63,59,66,49,29,57,59,53,16,34,50,44,68,56,23,52,30,64,45,28,38,52,61,352,670,967,1298,1593,1893,2242,2540,2846,3148,3473,3467,3463,3492,3468
54,37,54,50,48,42,59,47,49,49,34,41,61,46,37,42,41,44,60,32,74,40,39,68,33,31,42,202,362,520,676,844,999,1173,1313,1460,1652,1786,1974,2123,2264,2450,2435,2432,2431,2435,2429,2428,2441,2448
70,48,66,69,85,67,58,52,84,57,61,50,59,56,66,78,75,37,86,46,63,48,52,49,58,215,381,546,672,848,1002,1151,1315,1480,1620,1794,1937,2081,2254,2408,2567,2713,2849,3047,3051,3031,3032,3034,3040,3021
60,54,50,70,51,55,52,55,64,67,65,63,21,50,81,70,57,71,238,432,618,806,995,1164,1360,1534,1693,1896,2099,2286,2460,2651,2814,3031,3173,3378,3556,3743,3916,3945,3943,3936,3943,3950,3913,3919,3929,3932,3934,3935
50,21,36,16,13,34,48,22,56,39,49,19,33,52,46,28,44,25,42,28,97,143,246,339,439,578,715,849,1018,1188,1369,1580,1773,1931,2174,2374,2587,2832,3046,3319,3580,3828,3819,3831,3833,3816,3819,3817,3816,3820
23,20,15,0,0,0,17,30,7,26,10,29,4,7,8,18,13,8,21,4,17,2,21,0,18,22,0,21,26,12,20,5,49,25,0,29,36,101,181,235,309,388,451,527,641,725,821,942,1043,1161
16,37,24,6,36,31,38,25,56,18,22,27,29,20,4,12,52,135,212,314,454,582,732,904,1056,1252,1427,1636,1832,2031,2250,2477,2686,2920,3186,3435,3696,3983,3979,3950,3993,3998,3997,3983,3994,3979,3993,3972,3964,3992
46,48,51,17,24,27,24,24,50,49,62,29,54,16,70,30,46,59,41,38,45,53,47,55,40,58,33,46,19,28,54,40,91,117,151,219,268,340,411,485,526,631,712,806,879,981,1060,1153,1250,1370
3943,3935,3942,3934,3943,3934,3947,3962,3952,3947,3950,3956,3948,3949,3906,3932,3961,3961,3938,3918,3925,3945,3945,3928,3948,3931,3941,3931,3960,3958,3957,3937,3949,3938,3951,3950,3967,3945,3971,3906,3917,3939,3945,3940,3966,3935,3963,3936,3934,3939
33,56,57,51,33,55,81,119,178,277,341,430,531,664,780,875,1017,1155,1285,1437,1550,1755,1915,2060,2242,2433,2601,2790,2968,3163,3381,3554,3771,3976,3999,3976,3977,3978,3992,3970,3983,3993,3973,3995,4002,3974,3969,3975,3982,3983
28,36,22,53,37,33,30,54,8,49,44,35,21,42,43,30,49,42,41,22,14,28,15,59,44,63,42,51,48,212,435,610,816,1027,1213,1417,1611,1821,1995,2206,2413,2614,2801,2979,3185,3385,3587,3794,4005,3978
57,55,56,19,44,58,50,33,49,68,64,57,46,54,53,51,40,54,46,60,43,70,59,44,43,52,231,366,533,684,846,996,1156,1326,1504,1642,1821,1978,2115,2269,2463,2597,2603,2628,2600,2622,2613,2605,2622,2614
11,21,1,44,26,52,13,29,17,42,37,39,26,26,49,39,24,31,27,24,33,12,34,40,19,37,32,41,154,200,288,383,466,549,630,727,828,912,941,1066,1141,1289,1346,1411,1498,1605,1683,1700,1675,1681
50,52,51,54,49,47,48,46,53,36,50,46,47,49,49,52,47,46,45,45,42,57,45,35,46,40,47,44,45,51,49,54,58,49,47,50,42,43,44,46,44,54,51,44,33,47,53,50,47,45
2960,2974,2984,2972,2996,2965,2995,2979,2951,2956,2944,2968,2973,2965,2971,2964,2989,2963,2973,2986,2981,2996,2964,2972,3004,2993,2978,2977,2963,2961,2964,2971,2961,2969,2960,2972,2958,2979,2951,2999,2989,2978,2976,2952,2954,2964,2973,2979,2966,2943
25,29,0,22,23,5,38,20,365,686,999,1325,1669,2006,2317,2657,2968,3315,3643,3982,3967,3987,3982,3977,3990,3985,3969,3974,3976,3979,3976,3962,3986,3993,3971,3986,3972,3985,3969,3953,3947,4001,3976,3981,3966,3956,3980,3972,3972,3971
28,31,36,19,30,31,32,28,26,27,42,37,35,30,27,37,35,27,34,30,28,38,24,41,36,25,43,31,34,28,34,33,29,41,33,35,27,29,29,25,24,28,34,40,23,42,30,32,29,28
0,34,26,38,17,8,236,420,611,837,1027,1229,1403,1620,1809,2046,2234,2439,2624,2807,3047,3234,3435,3614,3835,4033,4039,4039,4032,4020,4011,4032,4031,4048,4020,4033,4043,4036,4024,3997,4042,4040,4055,4024,4035,4024,4014,4025,4029,4031
30,47,39,16,3,20,25,0,11,22,19,21,20,17,21,176,316,473,632,761,919,1095,1233,1387,1530,1702,1845,1995,2148,2140,2164,2170,2154,2147,2156,2172,2130,2157,2143,2146,2160,2164,2143,2165,2141,2150,2124,2141,2140,2145
0,24,0,0,16,1,14,0,4,13,7,27,11,0,11,5,24,18,12,17,0,4,3,0,0,12,1,32,0,7,0,61,93,158,221,262,323,420,493,557,658,750,843,945,1049,1149,1270,1370,1477,1617
3006,3007,3013,3050,3036,3028,3021,3025,3026,2990,3004,3025,3007,3002,3020,3037,3021,3026,3029,3012,3022,3041,3001,3029,3043,3016,3007,3018,3037,3001,3029,3022,3013,3027,3003,3029,3029,3033,3021,3037,3019,3030,3023,3011,3019,3017,3007,2998,3024,3026
39,48,53,45,80,46,44,69,82,40,53,46,74,56,64,48,52,40,61,38,53,34,36,60,60,123,216,284,389,477,556,643,757,810,882,975,1085,1144,1238,1335,1394,1490,1580,1672,1748,1835,1895,1921,1909,1902
30,21,27,28,33,37,41,32,29,37,46,9,41,15,51,21,20,24,27,39,35,48,47,23,39,60,56,52,33,147,251,357,427,578,678,792,893,1001,1100,1194,1314,1425,1515,1644,1744,1862,1953,1960,1961,1959
39,45,40,38,36,37,41,37,39,35,41,42,43,33,39,48,42,41,43,30,48,40,44,32,27,45,25,37,38,46,40,35,43,38,37,35,39,33,43,52,37,33,30,33,22,39,48,43,35,43
21,18,13,24,20,22,0,17,5,4,32,7,24,5,15,7,8,8,4,14,47,58,98,135,148,196,227,259,309,346,382,455,521,550,587,682,723,785,858,903,987,1030,1128,1189,1269,1339,1405,1511,1563,1633
3,15,7,4,3,15,5,13,22,10,3,346,695,1011,1358,1698,2042,2388,2698,3030,3387,3701,3709,3689,3714,3711,3691,3706,3703,3698,3708,3728,3718,3718,3707,3709,3745,3708,3698,3734,3709,3723,3722,3712,3717,3707,3712,3713,3728,3733
48,40,47,52,52,48,47,43,42,43,39,40,49,37,40,57,53,49,44,43,45,42,50,50,52,44,45,44,48,50,43,43,53,51,42,44,46,55,47,40,45,46,65,44,48,50,50,54,51,49
2195,2175,2226,2173,2204,2177,2197,2203,2209,2179,2194,2177,2161,2192,2184,2198,2200,2182,2175,2160,2189,2207,2192,2203,2190,2197,2189,2189,2199,2193,2184,2209,2187,2175,2167,2171,2195,2203,2139,2185,2186,2198,2200,2197,2196,2173,2172,2212,2167,2195
44,72,45,47,49,46,67,69,60,51,30,76,57,54,67,61,46,52,57,56,48,71,46,63,45,53,17,44,51,53,49,33,60,52,89,137,182,235,266,352,406,478,524,630,693,761,866,944,1039,1118
0,26,0,13,3,0,4,0,5,272,528,745,1010,1266,1514,1738,2000,2265,2489,2723,2988,3248,3247,3243,3259,3269,3224,3253,3248,3250,3251,3261,3248,3230,3254,3235,3240,3240,3243,3241,3229,3235,3223,3235,3220,3245,3255,3241,3247,3229
64,70,45,51,61,66,71,56,68,63,54,38,79,49,45,57,57,48,58,52,49,50,62,59,61,65,46,55,62,62,72,56,45,314,560,793,1012,1268,1506,1745,1993,2264,2475,2517,2477,2479,2488,2496,2499,2479
1890,1903,1925,1891,1904,1917,1909,1895,1890,1912,1891,1917,1893,1859,1897,1916,1908,1922,1922,1913,1896,1893,1905,1906,1935,1887,1875,1886,1893,1923,1900,1912,1925,1897,1949,1913,1881,1924,1882,1909,1911,1879,1928,1906,1907,1921,1895,1902,1887,1895
51,33,34,57,60,79,49,56,45,42,50,39,26,28,43,56,41,53,48,75,49,67,46,61,54,79,83,110,140,202,226,277,336,355,425,505,562,628,669,756,838,882,959,1030,1135,1219,1303,1380,1495,1566
3025,3060,3037,3074,3040,3070,3065,3035,3052,3045,3047,3036,3072,3053,3032,3044,3047,3084,3044,3049,3044,3058,3041,3038,3064,3054,3057,3056,3030,3060,3070,3019,3069,3041,3031,3056,3054,3053,3046,3062,3049,3045,3061,3029,3034,3080,3057,3035,3054,3053
1674,1696,1698,1663,1695,1693,1667,1683,1683,1677,1684,1684,1661,1703,1708,1686,1674,1676,1698,1690,1658,1718,1657,1667,1692,1709,1664,1699,1701,1676,1677,1676,1705,1676,1672,1664,1682,1686,1665,1664,1661,1686,1642,1689,1695,1678,1681,1669,1691,1682
22,44,14,1,17,14,20,18,15,13,24,30,27,16,16,1,8,38,30,13,0,24,42,31,12,28,4,19,40,26,6,32,10,28,18,184,364,525,694,834,1042,1190,1344,1523,1690,1863,2007,2181,2203,2183
1987,1984,1970,1970,1989,1989,1966,1976,1993,1976,1959,1971,1968,1973,1956,1976,1988,1967,1969,1988,1998,1961,1999,1997,1959,1983,1971,1952,1974,1970,1966,1987,1983,1956,1968,1982,1997,1993,1996,1993,1978,1955,1999,2002,1981,1954,1981,1967,1956,1980
61,53,57,75,44,29,38,42,53,20,54,71,123,168,257,347,417,540,647,762,869,989,1131,1299,1454,1584,1730,1897,2053,2245,2410,2602,2790,2766,2760,2798,2787,2775,2780,2776,2796,2762,2761,2761,2766,2789,2779,2770,2765,2788
21,24,39,29,20,21,26,17,54,28,26,46,48,41,32,23,36,48,50,58,43,42,45,20,54,38,21,25,25,52,78,92,124,174,208,256,322,374,436,481,553,615,700,766,836,912,978,1080,1150,1249
33,41,17,47,44,48,33,39,33,12,62,46,29,22,10,42,50,32,49,34,26,22,34,47,37,51,56,40,49,308,594,882,1168,1458,1750,2012,2305,2581,2851,3135,3434,3725,4014,4004,3981,3985,4011,4000,3991,3991
3,28,42,27,17,42,32,26,57,53,71,80,158,234,330,424,529,616,735,855,964,1119,1255,1396,1548,1696,1863,2018,2199,2335,2546,2722,2896,3091,3279,3455,3666,3882,3880,3893,3891,3861,3862,3862,3865,3863,3883,3884,3872,3867
20,30,0,19,10,27,39,46,5,27,37,22,25,24,9,9,27,32,35,32,26,34,26,29,30,15,30,36,20,20,31,17,145,209,325,428,522,631,723,836,922,1030,1137,1221,1337,1430,1521,1662,1727,1816
16,17,34,36,9,54,32,20,33,239,424,629,835,1040,1269,1445,1636,1840,2062,2258,2451,2631,2883,3069,3063,3101,3049,3058,3068,3075,3065,3077,3060,3092,3068,3059,3074,3065,3052,3071,3085,3082,3066,3095,3065,3088,3078,3080,3087,3074
11,38,41,27,22,27,30,29,32,30,45,227,414,623,824,997,1224,1429,1620,1806,2034,2222,2423,2637,2812,3021,3211,3416,3607,3620,3612,3616,3599,3626,3614,3602,3623,3634,3603,3620,3620,3620,3606,3621,3615,3620,3622,3608,3593,3603
39,33,28,54,54,73,50,31,49,46,39,43,23,56,291,513,773,1014,1252,1468,1725,1952,2198,2435,2669,2927,2923,2935,2936,2914,2938,2878,2913,2921,2913,2919,2916,2902,2916,2940,2932,2912,2898,2915,2920,2929,2904,2907,2916,2909
1699,1674,1667,1648,1686,1631,1672,1644,1667,1644,1657,1685,1649,1642,1663,1661,1636,1626,1651,1682,1691,1655,1647,1629,1667,1688,1652,1682,1644,1657,1672,1674,1655,1657,1679,1647,1654,1666,1653,1660,1677,1662,1652,1663,1653,1678,1670,1658,1653,1642
2247,2253,2283,2240,2276,2269,2262,2259,2250,2296,2241,2251,2263,2245,2253,2267,2257,2255,2252,2241,2256,2249,2250,2284,2270,2266,2250,2252,2260,2298,2250,2271,2267,2269,2274,2300,2265,2248,2274,2274,2301,2260,2241,2238,2244,2272,2268,2268,2261,2241
55,38,52,58,61,54,63,32,56,65,58,60,38,43,66,53,45,41,44,62,70,54,60,39,50,55,60,26,56,62,61,229,415,607,799,963,1168,1340,1522,1694,1902,2091,2264,2448,2440,2438,2449,2450,2436,2436
34,39,57,34,51,32,40,63,30,213,387,554,697,890,1019,1236,1373,1556,1710,1724,1711,1728,1713,1685,1714,1708,1730,1697,1710,1721,1697,1718,1715,1711,1691,1720,1699,1706,1729,1708,1726,1701,1733,1701,1702,1702,1690,1718,1720,1685
3540,3570,3550,3542,3563,3560,3540,3562,3511,3564,3543,3557,3541,3552,3563,3544,3546,3546,3530,3549,3554,3551,3554,3552,3560,3543,3556,3547,3549,3555,3537,3531,3562,3534,3564,3564,3575,3541,3537,3545,3546,3528,3568,3536,3557,3559,3530,3565,3532,3547
38,37,30,31,41,26,34,28,35,35,28,43,26,29,31,35,47,35,31,39,36,44,35,40,30,32,31,30,40,40,40,33,44,30,34,19,28,34,33,42,29,36,34,30,29,35,25,32,40,41
39,40,67,65,37,32,40,42,63,44,45,50,57,31,70,64,50,38,49,56,292,495,729,932,1164,1386,1633,1862,2083,2292,2532,2746,2970,2983,2988,2974,2967,2956,2943,2975,2971,2941,2974,2958,2958,2964,2959,2971,2971,2990
13,21,16,17,11,20,12,0,26,12,15,5,25,7,9,2,14,10,2,11,12,10,1,13,4,17,8,17,12,12,19,7,5,15,4,7,2,18,5,8,4,9,11,16,4,8,20,18,7,11
3780,3767,3760,3757,3760,3773,3765,3759,3785,3763,3796,3784,3793,3783,3779,3753,3743,3764,3795,3787,3802,3787,3772,3783,3756,3781,3752,3780,3806,3753,3768,3770,3783,3799,3761,3783,3793,3772,3762,3785,3797,3765,3773,3777,3785,3797,3779,3791,3774,3771
41,14,38,42,31,29,55,45,159,268,382,508,603,723,842,969,1067,1190,1276,1424,1524,1649,1755,1893,1978,2113,2098,2108,2119,2098,2106,2116,2099,2093,2087,2116,2098,2092,2102,2102,2109,2100,2098,2093,2101,2087,2094,2099,2073,2100
3640,3656,3641,3627,3666,3660,3647,3660,3643,3659,3668,3683,3675,3659,3631,3656,3641,3662,3660,3636,3643,3676,3653,3661,3658,3665,3635,3645,3661,3680,3664,3664,3658,3646,3669,3655,3672,3670,3683,3664,3639,3632,3649,3628,3645,3639,3674,3665,3651,3661
53,42,43,33,52,67,60,26,37,41,44,38,43,65,52,52,26,44,40,51,77,82,130,159,215,229,304,357,417,498,536,608,696,761,845,925,1037,1092,1189,1279,1384,1492,1595,1701,1790,1887,1984,2114,2224,2321
3329,3322,3299,3339,3309,3299,3316,3298,3333,3306,3313,3331,3312,3300,3333,3311,3306,3321,3316,3305,3334,3331,3320,3323,3333,3324,3330,3296,3322,3307,3347,3362,3318,3333,3317,3334,3303,3342,3295,3318,3303,3305,3317,3319,3323,3316,3318,3344,3308,3338
39,32,60,34,45,53,45,35,63,70,38,37,57,66,32,53,61,57,37,60,72,39,49,55,31,44,56,43,54,47,41,40,46,68,119,157,207,313,368,458,554,643,741,856,984,1078,1219,1337,1475,1592
53,39,60,34,63,42,66,60,53,64,61,63,72,62,76,39,62,56,64,39,91,58,49,51,47,65,123,151,195,261,352,448,500,602,684,794,896,999,1120,1231,1320,1454,1581,1716,1843,2005,2157,2288,2422,2572
10,7,5,15,6,34,25,76,117,163,243,289,387,450,549,621,732,828,948,1023,1136,1246,1359,1498,1620,1767,1882,2052,2159,2329,2446,2448,2456,2440,2464,2440,2443,2451,2462,2451,2455,2444,2445,2452,2460,2448,2449,2418,2439,2451
2605,2608,2570,2596,2596,2597,2621,2622,2599,2602,2591,2570,2607,2590,2612,2604,2607,2607,2590,2607,2607,2618,2612,2621,2599,2622,2634,2580,2609,2602,2581,2599,2582,2583,2621,2618,2629,2602,2630,2619,2592,2621,2607,2610,2592,2607,2632,2641,2631,2631
51,56,32,57,38,43,44,53,65,13,57,16,57,63,42,42,52,42,54,36,92,148,235,360,461,574,729,921,1072,1228,1403,1622,1797,2014,2211,2440,2678,2900,3126,3383,3642,3641,3647,3633,3640,3657,3645,3639,3638,3627
3,26,38,26,34,17,38,23,30,18,52,17,30,12,39,39,33,23,26,16,33,15,15,24,26,23,10,27,22,26,25,132,199,296,392,484,555,669,730,851,975,1032,1118,1232,1314,1401,1495,1598,1667,1778
21,31,29,20,28,21,27,28,23,27,24,44,22,26,26,24,22,25,28,31,18,32,21,40,30,19,25,23,29,27,40,25,26,17,27,26,23,32,18,31,36,29,23,28,30,28,18,31,30,28
46,34,16,42,27,18,24,42,38,57,26,60,44,35,40,24,43,41,36,42,25,46,45,29,28,36,45,178,321,499,623,793,923,1103,1224,1388,1542,1705,1836,2009,2155,2314,2463,2443,2460,2453,2459,2467,2451,2476
43,35,56,55,61,38,63,31,59,61,91,159,201,282,348,404,522,601,718,803,916,1015,1135,1260,1384,1514,1648,1799,1896,2050,2199,2360,2488,2655,2821,2989,2990,2975,3008,2948,2976,2991,2983,2985,2983,2976,2988,2972,2977,2972
2088,2079,2089,2084,2065,2070,2085,2084,2079,2098,2064,2095,2076,2070,2081,2081,2078,2069,2065,2075,2093,2108,2096,2091,2073,2075,2082,2076,2109,2078,2094,2110,2084,2069,2103,2093,2083,2058,2066,2078,2073,2059,2079,2079,2085,2078,2091,2078,2071,2090
70,56,81,59,49,61,49,60,50,74,52,51,52,57,54,59,41,75,59,78,110,157,188,226,265,295,353,409,458,510,598,650,694,776,832,914,1027,1042,1122,1219,1311,1363,1453,1522,1612,1707,1713,1740,1693,1728
42,31,59,18,25,72,39,35,54,32,30,30,65,38,53,71,31,29,27,35,45,27,55,61,117,149,211,239,320,353,410,490,553,587,681,770,855,933,1014,1097,1187,1270,1390,1480,1552,1671,1804,1879,1993,2097
42,12,12,17,0,13,47,4,44,38,8,23,17,17,22,24,1,15,21,20,26,0,7,16,12,4,23,29,26,27,24,24,34,65,95,152,179,255,275,353,448,512,591,656,729,830,891,991,1102,1204
48,52,30,42,39,46,53,16,23,35,58,40,11,41,37,30,48,60,59,56,46,23,61,43,172,288,411,517,629,759,887,977,1132,1220,1374,1485,1591,1713,1838,1968,2059,2199,2311,2433,2559,2672,2675,2674,2675,2685
30,39,6,33,15,0,24,29,35,12,22,35,24,31,25,29,32,35,29,45,19,9,34,31,15,47,78,103,165,215,291,341,418,506,581,660,748,839,962,1048,1144,1249,1361,1481,1608,1731,1843,1980,2082,2218
17,20,25,20,17,11,14,5,5,28,6,0,36,36,123,237,346,476,613,716,832,956,1081,1176,1291,1429,1555,1660,1791,1880,2001,2133,2266,2375,2475,2585,2615,2604,2597,2613,2598,2603,2612,2607,2603,2615,2618,2599,2627,2614
3128,3119,3112,3104,3114,3108,3114,3121,3113,3075,3135,3098,3104,3118,3113,3127,3112,3117,3117,3125,3085,3111,3113,3130,3093,3097,3097,3128,3109,3096,3121,3120,3114,3113,3103,3123,3102,3098,3112,3134,3087,3112,3085,3107,3106,3116,3112,3123,3103,3110
23,19,40,30,47,27,26,16,26,20,37,36,190,357,485,665,822,977,1147,1299,1458,1621,1760,1942,2106,2249,2422,2584,2730,2928,3071,3220,3387,3377,3392,3387,3377,3398,3388,3402,3378,3395,3403,3377,3377,3399,3403,3375,3386,3402
3610,3604,3629,3595,3610,3614,3620,3608,3598,3610,3634,3587,3610,3607,3629,3614,3622,3623,3610,3605,3592,3642,3607,3591,3658,3600,3572,3610,3599,3597,3612,3616,3621,3608,3601,3602,3610,3586,3600,3647,3594,3621,3600,3640,3620,3576,3651,3637,3613,3606
4,9,3,19,24,15,25,19,28,0,30,17,229,457,688,918,1133,1330,1561,1751,1996,2218,2442,2668,2895,3090,3318,3516,3749,3764,3768,3757,3755,3757,3753,3782,3774,3781,3749,3742,3749,3770,3755,3760,3757,3757,3754,3787,3793,3759
3397,3371,3394,3365,3373,3376,3402,3390,3372,3377,3373,3389,3382,3382,3387,3372,3389,3377,3379,3391,3389,3400,3362,3398,3414,3369,3351,3380,3382,3393,3373,3384,3362,3391,3419,3366,3397,3355,3391,3397,3416,3386,3400,3399,3391,3387,3382,3356,3402,3389
12,12,11,7,10,11,13,10,22,2,14,9,10,5,16,13,15,11,8,9,12,0,15,24,12,8,9,14,8,15,8,20,20,8,9,9,9,4,3,17,16,16,9,21,9,15,1,8,9,9
56,54,65,80,75,59,48,64,60,74,55,57,55,78,50,62,43,58,54,61,77,69,81,43,252,410,603,817,986,1158,1355,1541,1708,1903,2097,2264,2460,2630,2826,3010,3216,3379,3569,3757,3932,3929,3928,3933,3915,3918
3906,3885,3896,3941,3906,3887,3927,3932,3921,3909,3903,3912,3930,3906,3898,3919,3908,3881,3904,3916,3936,3905,3891,3917,3894,3913,3919,3895,3905,3884,3935,3920,3915,3899,3926,3906,3917,3901,3912,3896,3929,3913,3915,3933,3919,3927,3947,3908,3900,3876
29,52,33,42,44,23,52,35,52,46,39,64,64,90,119,148,177,234,293,358,427,491,550,637,704,766,871,957,1033,1136,1195,1307,1402,1516,1616,1707,1813,1915,1915,1918,1921,1931,1919,1928,1933,1947,1934,1907,1918,1919
15,36,36,3,37,53,46,66,46,48,45,60,53,15,46,60,22,26,59,35,43,259,505,735,950,1212,1445,1691,1907,2157,2376,2607,2859,3067,3288,3528,3779,3781,3775,3766,3777,3784,3761,3781,3776,3780,3783,3770,3780,3771
1605,1576,1608,1623,1632,1604,1576,1619,1614,1600,1591,1632,1592,1592,1616,1618,1597,1599,1591,1611,1635,1602,1631,1594,1611,1577,1614,1610,1586,1608,1605,1602,1593,1580,1610,1617,1597,1605,1611,1596,1593,1591,1604,1562,1584,1618,1621,1601,1605,1613
3702,3718,3700,3707,3711,3691,3712,3705,3677,3671,3702,3709,3707,3708,3691,3687,3672,3720,3730,3719,3711,3680,3724,3709,3682,3708,3706,3700,3699,3709,3695,3679,3696,3702,3715,3669,3693,3695,3705,3723,3688,3682,3700,3706,3709,3700,3683,3717,3701,3730
3255,3216,3264,3253,3244,3245,3244,3271,3252,3233,3233,3243,3271,3266,3281,3243,3255,3242,3246,3273,3240,3246,3252,3257,3212,3259,3261,3244,3246,3258,3252,3276,3251,3260,3262,3245,3247,3258,3278,3266,3260,3265,3268,3266,3285,3232,3288,3269,3237,3240
1540,1534,1504,1512,1516,1500,1507,1521,1518,1519,1483,1511,1518,1508,1537,1505,1516,1489,1490,1541,1513,1503,1504,1510,1527,1527,1522,1501,1512,1507,1508,1512,1529,1481,1543,1519,1525,1480,1492,1541,1522,1516,1497,1532,1516,1519,1498,1506,1531,1486
36,52,25,18,20,0,21,27,10,34,42,26,22,11,4,16,22,17,29,44,33,8,23,12,36,19,17,25,49,31,17,38,28,6,198,388,587,770,968,1154,1342,1513,1704,1909,2087,2258,2460,2662,2837,3016
33,65,53,31,44,41,92,177,275,389,523,657,804,996,1188,1377,1561,1793,1999,2243,2479,2725,2988,3264,3491,3795,3791,3776,3796,3778,3814,3780,3806,3791,3778,3797,3801,3784,3799,3769,3772,3793,3795,3778,3775,3779,3781,3799,3775,3810
27,32,20,12,17,35,19,46,30,20,29,5,31,29,2,17,40,42,34,35,24,25,81,70,110,180,266,297,396,470,551,641,736,838,959,1040,1150,1276,1366,1523,1635,1788,1901,2022,2172,2281,2452,2576,2757,2885
26,2,16,17,15,14,12,16,37,29,28,11,20,8,21,14,7,17,12,8,21,8,26,17,14,10,4,11,2,18,24,33,0,7,25,0,130,200,298,385,499,579,673,778,869,976,1046,1174,1273,1339
30,33,24,27,22,21,16,33,19,0,17,24,38,28,3,24,24,69,34,12,6,13,19,32,12,35,34,40,18,8,27,31,72,124,189,242,314,389,481,546,650,754,844,919,1043,1153,1258,1388,1500,1628
3943,3967,3922,3916,3939,3931,3958,3966,3930,3953,3944,3922,3941,3961,3969,3976,3949,3976,3941,3961,3981,3938,3930,3952,3936,3949,3928,3937,3955,3931,3950,3971,3953,3962,3964,3958,3937,3915,3930,3938,3948,3965,3945,3936,3938,3953,3954,3951,3956,3959
40,7,21,22,17,9,26,19,4,24,42,13,38,34,13,43,4,29,0,19,12,24,56,96,128,174,232,273,320,398,479,521,604,663,748,836,887,988,1096,1181,1275,1376,1471,1564,1642,1760,1864,1987,2100,2204
74,69,53,53,63,56,38,58,73,76,57,46,63,60,68,47,58,61,58,44,48,61,71,76,118,151,208,279,334,399,522,557,643,732,823,918,1035,1154,1265,1371,1484,1638,1731,1885,1975,2141,2268,2409,2568,2682
17,0,23,3,50,16,39,11,24,0,320,628,923,1221,1518,1833,2123,2423,2749,3048,3344,3342,3341,3333,3347,3331,3339,3339,3347,3331,3330,3357,3323,3342,3337,3321,3316,3334,3331,3340,3361,3333,3324,3316,3344,3331,3333,3345,3340,3333
3226,3237,3228,3200,3246,3255,3209,3233,3238,3266,3259,3226,3241,3240,3205,3231,3212,3229,3215,3243,3253,3224,3220,3193,3269,3240,3222,3240,3230,3220,3251,3247,3229,3238,3233,3230,3222,3202,3253,3234,3221,3229,3233,3239,3208,3244,3216,3258,3257,3235
21,44,40,10,9,28,20,26,16,0,22,25,8,5,24,15,7,28,40,16,33,0,22,20,12,2,18,28,33,9,26,22,4,28,19,139,234,312,443,535,648,745,844,951,1064,1173,1277,1377,1480,1600
30,48,25,36,15,26,33,16,7,18,30,12,31,24,16,37,39,12,34,27,33,24,38,73,53,122,113,149,213,279,330,405,424,508,571,633,701,799,894,957,1044,1105,1202,1279,1374,1477,1570,1674,1666,1651
51,44,39,55,51,52,52,27,48,36,56,41,51,60,54,37,33,37,47,49,76,38,64,29,49,45,43,43,26,57,49,67,115,237,297,373,489,542,642,734,836,924,1006,1093,1159,1233,1336,1421,1520,1494
35,34,64,18,26,37,50,22,27,62,22,67,19,61,50,37,45,363,729,1069,1436,1781,2167,2482,2832,3198,3556,3915,3898,3879,3895,3875,3934,3920,3866,3905,3908,3901,3884,3879,3909,3904,3910,3891,3900,3922,3896,3883,3880,3921
1541,1557,1556,1555,1527,1545,1532,1538,1534,1542,1536,1517,1551,1551,1536,1553,1524,1513,1540,1530,1543,1531,1542,1548,1526,1537,1531,1526,1536,1547,1532,1537,1545,1552,1532,1540,1532,1554,1544,1527,1533,1529,1543,1543,1539,1535,1543,1538,1555,1566
19,14,26,15,0,0,28,36,10,15,0,21,21,0,12,211,384,565,749,916,1129,1308,1491,1666,1866,2050,2220,2390,2611,2782,2766,2791,2776,2775,2745,2770,2792,2757,2778,2785,2748,2787,2789,2777,2756,2784,2784,2787,2758,2779
37,30,14,26,22,14,12,245,469,718,965,1179,1392,1616,1874,2091,2346,2320,2347,2318,2327,2329,2332,2327,2345,2347,2320,2328,2347,2346,2319,2360,2325,2331,2361,2316,2318,2324,2333,2327,2344,2314,2319,2336,2326,2321,2333,2306,2311,2336
2759,2736,2721,2735,2735,2724,2701,2754,2738,2738,2725,2762,2731,2748,2757,2744,2741,2739,2739,2751,2736,2734,2764,2744,2740,2734,2746,2726,2715,2745,2739,2750,2727,2723,2735,2746,2735,2726,2702,2740,2721,2710,2737,2767,2757,2722,2752,2778,2745,2741
11,34,17,22,47,51,25,32,40,30,53,36,23,47,39,24,62,20,30,8,12,30,30,36,31,34,20,23,29,92,143,163,225,275,355,414,463,583,661,739,818,904,1015,1101,1213,1327,1425,1553,1676,1781
13,14,2,12,11,37,21,23,18,21,12,0,18,7,15,13,1,25,24,18,13,34,43,23,1,13,16,26,16,17,35,10,10,207,337,482,646,781,930,1091,1233,1419,1553,1703,1843,1871,1853,1832,1864,1867
2895,2842,2873,2892,2868,2890,2879,2887,2867,2893,2861,2860,2904,2864,2871,2851,2885,2846,2845,2899,2865,2868,2873,2860,2885,2867,2888,2886,2900,2853,2881,2885,2874,2896,2870,2897,2886,2858,2898,2867,2880,2871,2900,2868,2872,2872,2910,2906,2870,2880
21,27,26,20,6,11,21,10,0,6,13,0,11,0,8,12,0,20,14,18,0,34,52,88,117,173,238,293,355,411,484,569,640,721,794,892,983,1081,1161,1260,1392,1470,1577,1690,1672,1671,1681,1690,1654,1691
1971,1953,1961,1958,1951,1941,1942,1938,1951,1966,1958,1940,1962,1940,1957,1935,1946,1948,1938,1965,1950,1928,1952,1982,1954,1940,1950,1946,1962,1974,1961,1916,1968,1959,1962,1950,1943,1968,1976,1938,1943,1954,1982,1971,1939,1955,1947,1947,1964,1955
0,21,18,27,26,23,27,20,37,29,42,10,9,14,7,22,6,27,56,126,183,275,358,484,592,730,891,1010,1193,1319,1501,1688,1856,2058,2240,2422,2632,2846,3067,3278,3534,3510,3500,3502,3509,3519,3498,3509,3515,3505
11,19,4,23,26,16,7,16,23,16,19,40,23,0,23,22,25,5,22,26,2,33,65,68,83,142,164,195,247,303,347,402,481,517,577,619,688,733,826,894,966,1029,1115,1188,1262,1315,1396,1484,1583,1647
1733,1750,1705,1717,1703,1736,1726,1748,1750,1752,1732,1736,1724,1726,1729,1752,1737,1733,1760,1749,1715,1732,1734,1714,1711,1745,1726,1747,1752,1723,1741,1750,1711,1724,1744,1734,1744,1738,1759,1722,1735,1725,1734,1767,1754,1755,1710,1735,1749,1736
24,47,20,9,10,15,11,46,24,32,23,18,21,21,26,36,19,11,24,20,25,15,23,34,26,20,0,8,73,124,188,224,287,360,443,529,636,706,808,904,1014,1106,1223,1346,1461,1592,1715,1845,1961,2083
3326,3279,3300,3306,3277,3309,3288,3301,3317,3271,3276,3311,3302,3301,3296,3332,3295,3305,3294,3316,3311,3304,3270,3281,3304,3311,3296,3323,3318,3324,3325,3288,3306,3271,3283,3311,3290,3319,3289,3283,3278,3281,3324,3319,3313,3326,3275,3317,3314,3322
42,17,28,40,29,54,32,20,10,12,19,26,25,18,11,20,51,52,97,165,242,304,405,506,618,724,854,977,1120,1278,1412,1540,1707,1861,2012,2170,2365,2527,2729,2889,3120,3278,3287,3293,3272,3308,3295,3295,3281,3294
8,23,29,20,17,20,17,35,14,31,13,28,50,25,39,25,33,74,81,106,178,267,316,406,476,555,656,741,862,951,1076,1211,1327,1456,1547,1690,1820,1975,2117,2259,2411,2562,2716,2860,3009,3199,3327,3528,3674,3843
2446,2462,2444,2444,2444,2417,2452,2454,2461,2440,2432,2432,2440,2456,2449,2467,2420,2450,2435,2437,2426,2442,2421,2440,2463,2440,2460,2441,2466,2442,2461,2420,2437,2442,2429,2479,2443,2448,2452,2455,2446,2476,2434,2442,2444,2462,2458,2461,2444,2443
47,47,49,61,63,83,57,58,34,67,37,47,32,198,337,504,651,791,944,1073,1246,1396,1551,1515,1512,1526,1536,1537,1524,1552,1522,1527,1519,1521,1524,1520,1533,1516,1519,1538,1531,1526,1502,1517,1511,1512,1538,1538,1537,1540
53,42,53,37,49,50,61,5,48,40,19,79,59,34,49,62,42,65,83,133,164,227,240,299,360,410,448,501,566,654,719,797,856,930,1004,1102,1204,1281,1382,1458,1554,1670,1756,1881,1946,2027,2148,2277,2356,2482
27,23,21,18,17,26,14,29,17,20,25,16,26,18,17,22,13,34,24,28,22,25,27,16,26,19,12,22,20,32,31,18,27,24,28,16,26,15,23,22,39,18,21,23,28,14,31,15,23,19
2727,2743,2700,2718,2735,2729,2739,2722,2749,2730,2742,2705,2724,2709,2750,2718,2722,2731,2726,2744,2706,2737,2722,2726,2686,2718,2699,2736,2697,2699,2717,2711,2717,2702,2718,2695,2728,2730,2722,2743,2732,2733,2730,2755,2726,2720,2723,2734,2710,2734
49,62,55,62,55,62,44,52,45,61,51,60,64,51,57,57,60,142,272,376,483,588,668,791,869,995,1095,1209,1291,1400,1521,1607,1705,1842,1918,1902,1913,1930,1908,1911,1907,1934,1920,1941,1930,1925,1943,1939,1948,1927
3979,3975,3947,3974,3979,3959,3955,3981,4003,3958,3970,3966,3965,3949,3988,3975,3999,3957,3993,3974,3974,4001,3939,3970,3962,3979,4006,3979,3991,3941,3963,3957,3969,3990,3957,3951,3956,3961,3963,3971,3969,3944,3972,3963,3982,3984,3967,3991,3980,3975
51,33,53,44,42,78,42,46,51,51,61,72,101,148,201,247,310,373,460,521,591,658,793,872,976,1070,1158,1249,1379,1509,1607,1725,1727,1728,1715,1703,1720,1716,1720,1717,1722,1712,1716,1720,1721,1704,1709,1707,1724,1724
2047,2046,2018,2037,2019,2010,2040,2032,2020,2012,2056,2028,2012,2048,2032,2017,2028,2041,2008,2034,2029,2042,2041,2056,2026,2032,2032,2023,2037,2046,2033,2054,2021,2034,2011,2027,2062,2047,2055,2052,2025,2022,2028,2054,2040,2027,2032,2019,2060,2040
1986,1988,2001,1986,1985,1980,1991,2000,1998,1987,2013,2013,1974,1996,1999,1997,1991,1992,1979,1962,1988,1979,2000,2008,1980,2015,1996,1967,1979,1981,1991,1994,1997,2002,2012,2036,1968,1983,1994,1957,2004,1994,1990,1984,1979,1975,2002,1979,1986,2006
23,29,3,21,24,16,24,27,25,28,19,19,7,19,16,26,12,18,20,14,20,14,20,18,24,23,17,14,25,16,23,22,15,24,22,22,18,25,16,12,17,19,25,17,13,17,23,20,12,24
15,1,29,12,15,11,3,16,0,59,104,208,283,390,466,559,631,705,806,891,992,1081,1184,1251,1348,1424,1517,1596,1682,1756,1868,1869,1871,1859,1858,1875,1849,1851,1855,1864,1865,1869,1878,1861,1874,1864,1862,1881,1867,1874
14,38,10,23,29,23,10,11,40,17,9,18,26,40,23,21,38,0,34,26,15,23,9,0,34,15,20,34,16,27,24,36,5,48,65,98,160,215,264,307,394,493,582,607,719,832,935,1015,1115,1216
3212,3242,3229,3234,3251,3232,3236,3234,3219,3226,3262,3219,3228,3242,3225,3230,3227,3263,3243,3224,3238,3236,3229,3246,3251,3253,3242,3230,3210,3244,3248,3238,3226,3225,3234,3218,3222,3237,3223,3208,3212,3226,3192,3210,3232,3224,3237,3217,3219,3208
37,29,33,39,32,70,39,39,18,47,38,19,19,44,53,45,43,37,28,41,36,65,49,24,32,34,38,74,119,169,257,344,425,521,622,730,887,1000,1115,1266,1386,1553,1699,1853,2031,2192,2355,2549,2711,2900
3847,3870,3863,3834,3838,3831,3840,3846,3849,3859,3854,3873,3837,3874,3854,3851,3850,3853,3843,3866,3842,3875,3860,3811,3870,3845,3844,3857,3854,3843,3831,3878,3827,3862,3873,3834,3865,3855,3851,3842,3839,3858,3856,3878,3840,3860,3847,3857,3858,3867
1575,1569,1602,1575,1557,1592,1578,1569,1575,1607,1618,1584,1605,1587,1574,1594,1569,1582,1571,1575,1597,1579,1582,1603,1585,1605,1580,1580,1556,1585,1575,1612,1616,1567,1590,1567,1592,1576,1583,1593,1603,1594,1572,1583,1563,1591,1569,1565,1589,1604
0,18,12,16,6,21,6,33,2,40,12,21,35,114,134,226,290,351,468,546,630,739,853,958,1102,1209,1339,1467,1631,1747,1904,2071,2204,2372,2522,2698,2862,2866,2872,2878,2864,2846,2861,2835,2866,2866,2881,2856,2874,2870
19,8,23,12,6,25,0,21,1,1,15,2,25,38,2,214,383,561,748,926,1133,1289,1478,1663,1857,2036,2213,2421,2574,2588,2595,2598,2619,2618,2594,2614,2591,2581,2613,2607,2590,2601,2577,2596,2582,2595,2597,2600,2587,2620
45,43,42,18,44,47,41,48,35,29,27,49,37,36,52,37,36,59,47,32,45,33,52,40,46,44,133,262,362,495,598,691,776,900,987,1115,1209,1326,1422,1532,1637,1721,1867,1970,2043,2170,2189,2176,2186,2172
33,16,25,29,34,42,34,8,46,2,35,20,21,34,11,3,45,31,24,24,40,40,26,35,32,31,8,26,24,18,40,21,39,24,18,257,475,691,907,1119,1367,1593,1785,2023,2259,2470,2696,2929,3139,3370
25,3,7,30,15,23,8,4,6,0,0,30,11,0,11,10,0,0,0,0,21,33,4,1,49,87,191,273,399,506,656,798,925,1094,1271,1454,1612,1807,2009,2216,2402,2630,2869,3098,3298,3565,3564,3539,3557,3555
17,5,0,16,25,11,13,21,4,18,20,27,0,16,0,0,0,16,0,9,0,0,8,0,27,9,208,409,611,823,1003,1222,1410,1629,1840,2020,2228,2412,2609,2844,3019,3243,3465,3421,3439,3432,3440,3435,3425,3434
22,13,36,5,9,5,15,31,9,115,219,331,443,567,663,768,875,986,1104,1216,1322,1422,1572,1633,1758,1869,1980,2098,2199,2293,2305,2294,2321,2312,2312,2326,2311,2318,2310,2294,2311,2288,2330,2307,2285,2304,2308,2310,2301,2300
30,26,19,6,16,11,16,0,0,0,36,32,15,26,14,5,15,36,10,0,5,20,30,1,12,27,34,13,118,266,377,467,590,696,833,963,1081,1188,1313,1422,1527,1647,1756,1891,1984,2118,2135,2131,2143,2099
20,30,44,33,48,32,26,23,33,25,18,8,20,42,50,32,32,23,25,35,43,29,33,38,38,67,131,182,277,380,495,606,730,866,999,1145,1312,1470,1619,1808,1996,2188,2382,2562,2778,2974,2974,2993,2961,2970
39,61,47,32,32,52,61,48,34,43,28,17,38,33,38,46,41,61,58,40,36,53,39,38,39,66,59,37,53,157,283,366,498,610,727,824,931,1055,1173,1263,1377,1505,1625,1725,1835,1843,1813,1816,1841,1853
29,43,36,53,33,22,29,40,35,38,26,7,18,30,19,43,43,46,44,59,37,21,33,35,192,348,499,653,783,930,1083,1255,1398,1545,1685,1854,1996,2164,2310,2446,2581,2611,2598,2623,2617,2597,2609,2600,2632,2618
3232,3222,3231,3248,3229,3221,3249,3211,3212,3240,3246,3223,3227,3258,3226,3212,3245,3228,3220,3218,3252,3202,3223,3211,3220,3229,3220,3226,3215,3234,3245,3206,3226,3222,3234,3232,3234,3252,3225,3223,3206,3199,3213,3233,3218,3199,3192,3226,3242,3232
2399,2409,2414,2409,2398,2421,2414,2436,2445,2425,2417,2401,2408,2406,2441,2437,2423,2446,2437,2422,2428,2438,2428,2433,2428,2412,2448,2436,2401,2426,2419,2416,2441,2413,2434,2432,2410,2438,2401,2441,2419,2435,2452,2410,2414,2412,2451,2412,2406,2413
11,39,7,37,12,0,21,23,17,22,39,29,38,124,247,362,466,625,714,840,954,1066,1185,1306,1418,1550,1656,1760,1905,1987,2108,2229,2337,2462,2439,2460,2452,2466,2435,2474,2451,2463,2454,2446,2449,2480,2464,2431,2459,2458
2564,2577,2581,2576,2577,2543,2535,2563,2563,2552,2558,2582,2565,2557,2565,2540,2561,2586,2590,2589,2567,2551,2520,2522,2573,2593,2572,2547,2568,2585,2558,2560,2590,2577,2559,2573,2584,2585,2553,2556,2562,2585,2555,2557,2545,2577,2571,2564,2547,2559
45,44,52,34,47,41,57,57,49,35,47,40,50,66,47,48,268,482,699,950,1152,1360,1582,1801,2017,2218,2448,2665,2900,3118,3099,3104,3101,3117,3125,3099,3098,3118,3125,3114,3107,3124,3124,3101,3092,3115,3122,3113,3124,3130
30,45,42,19,40,46,27,47,38,39,30,52,48,42,60,356,637,950,1272,1583,1848,2169,2467,2764,3082,3366,3388,3392,3381,3364,3372,3398,3384,3393,3358,3379,3368,3366,3394,3386,3366,3392,3367,3370,3385,3387,3372,3380,3372,3372
3851,3851,3840,3818,3836,3834,3838,3867,3864,3833,3811,3832,3863,3857,3855,3840,3844,3846,3854,3875,3838,3841,3847,3823,3836,3822,3826,3857,3821,3826,3840,3837,3835,3874,3859,3845,3839,3853,3814,3844,3849,3837,3836,3829,3831,3812,3841,3843,3833,3831
14,23,27,43,34,3,27,34,12,10,12,23,28,33,45,19,53,44,19,16,31,22,31,47,30,23,1,36,26,20,8,14,154,302,436,582,728,839,986,1125,1280,1421,1547,1685,1812,1979,2123,2244,2377,2501
49,48,56,48,60,60,45,54,61,51,57,51,51,57,47,55,60,50,51,61,45,63,47,58,56,55,59,52,55,57,52,55,50,55,50,60,55,49,47,56,57,52,58,64,64,67,50,56,53,50
35,45,32,27,11,26,14,18,30,16,26,74,129,182,244,364,398,479,577,686,781,896,997,1094,1245,1383,1494,1610,1759,1913,2035,2190,2335,2481,2637,2798,2992,3137,3303,3460,3644,3823,3818,3816,3801,3823,3826,3820,3830,3810
65,55,77,55,55,52,59,51,79,49,51,82,111,158,203,281,344,413,487,559,633,752,851,968,1061,1156,1284,1385,1517,1655,1770,1876,2028,2152,2307,2449,2559,2719,2868,3021,3196,3360,3522,3688,3685,3691,3685,3680,3669,3679
18,4,4,21,25,17,12,17,10,11,38,14,12,0,28,35,5,33,16,21,11,16,14,5,39,19,30,0,0,12,5,0,29,24,0,22,45,101,162,223,336,432,532,651,773,918,1040,1164,1359,1500
47,45,33,46,59,43,50,38,42,66,57,34,57,52,38,52,37,38,41,19,46,32,47,53,48,53,59,57,48,42,69,57,105,138,184,226,294,347,412,516,589,682,780,855,942,1049,1118,1243,1372,1450
22,0,5,26,6,0,26,7,16,12,166,318,478,632,782,949,1077,1254,1417,1552,1710,1856,2026,2174,2337,2516,2637,2791,2949,3110,3110,3122,3109,3118,3113,3122,3138,3117,3107,3096,3132,3086,3117,3107,3100,3106,3116,3104,3099,3131
2810,2798,2826,2830,2812,2789,2813,2817,2808,2819,2829,2788,2779,2811,2776,2806,2800,2804,2816,2806,2790,2800,2820,2795,2794,2794,2820,2786,2781,2797,2801,2820,2803,2816,2801,2795,2789,2803,2803,2800,2819,2829,2810,2817,2825,2813,2817,2807,2799,2821
57,56,50,51,71,63,69,58,81,69,55,70,58,58,55,33,61,45,59,82,56,51,48,38,52,39,57,62,37,64,192,357,477,622,785,919,1056,1173,1307,1473,1616,1752,1883,2016,2182,2304,2438,2601,2727,2853
61,56,63,27,70,65,61,18,58,55,42,62,38,86,62,81,133,182,240,300,349,408,476,569,663,732,801,902,994,1076,1174,1290,1401,1486,1592,1727,1851,1957,2072,2191,2314,2447,2587,2703,2715,2726,2717,2691,2713,2707
69,56,55,64,28,64,38,61,44,30,250,453,626,813,1019,1217,1439,1619,1822,2024,2214,2397,2603,2794,2971,3191,3369,3569,3581,3584,3598,3585,3587,3575,3605,3592,3577,3582,3594,3576,3576,3567,3578,3587,3575,3577,3577,3571,3583,3598
22,31,0,16,20,20,21,5,0,0,13,8,11,0,12,21,8,28,10,15,28,12,13,12,44,15,31,17,24,0,23,33,173,325,460,609,735,886,1018,1186,1315,1453,1598,1757,1890,2026,2180,2317,2471,2613
2849,2826,2856,2863,2845,2854,2881,2834,2834,2882,2854,2851,2863,2861,2858,2866,2868,2843,2831,2865,2881,2865,2866,2845,2830,2846,2844,2830,2852,2854,2832,2861,2859,2882,2848,2854,2834,2865,2849,2852,2878,2845,2843,2874,2860,2866,2898,2887,2853,2840
50,45,41,38,45,51,33,61,59,41,57,43,67,68,56,53,53,58,66,42,46,60,71,71,57,41,56,69,64,44,53,62,44,202,352,504,619,758,927,1048,1192,1336,1492,1630,1769,1760,1763,1760,1755,1741
34,30,41,42,36,27,23,47,23,19,50,50,22,37,38,43,48,41,35,36,36,53,40,159,277,397,539,643,785,871,1016,1125,1257,1373,1525,1626,1754,1885,1987,2135,2253,2398,2377,2363,2366,2365,2370,2376,2366,2369
19,0,21,2,13,12,2,12,6,0,15,73,84,140,227,299,357,452,508,603,706,778,904,996,1105,1226,1343,1456,1565,1707,1819,1973,2121,2235,2389,2506,2659,2837,2965,3130,3267,3286,3277,3250,3287,3259,3262,3266,3281,3264
57,46,55,40,70,41,48,135,171,260,304,358,451,516,570,663,712,797,875,926,989,1078,1110,1202,1268,1330,1389,1472,1528,1548,1551,1532,1537,1548,1549,1526,1540,1522,1550,1519,1517,1544,1571,1533,1559,1537,1546,1538,1536,1523
4,14,5,6,35,36,16,0,26,29,9,13,36,32,0,0,28,14,303,552,832,1104,1357,1651,1923,2183,2452,2746,3022,3282,3262,3288,3270,3299,3278,3263,3272,3262,3280,3254,3280,3274,3259,3280,3258,3301,3270,3265,3250,3282
36,40,30,34,67,52,37,37,35,28,61,24,47,208,349,516,702,826,985,1160,1327,1456,1602,1784,1927,2100,2257,2265,2240,2260,2254,2268,2254,2268,2237,2262,2265,2255,2251,2246,2265,2230,2247,2255,2259,2237,2248,2267,2284,2261
32,39,44,33,11,42,48,14,33,50,32,41,47,33,23,39,45,43,39,31,20,45,44,38,35,46,43,36,32,57,63,88,137,197,254,276,349,394,478,557,588,685,749,824,907,1005,1085,1172,1286,1362
27,34,62,42,54,38,40,56,45,41,39,45,36,44,60,52,64,27,41,44,40,54,74,67,41,43,49,53,49,85,98,190,255,331,432,508,618,748,866,984,1097,1246,1418,1552,1710,1880,2044,2172,2356,2533
56,31,45,59,61,60,71,123,169,222,317,369,455,584,670,776,905,1002,1133,1247,1365,1531,1661,1810,1947,2078,2234,2239,2240,2244,2271,2241,2273,2257,2243,2254,2267,2263,2247,2230,2262,2260,2276,2244,2260,2262,2243,2262,2254,2241
2281,2295,2287,2287,2304,2310,2312,2295,2312,2287,2330,2311,2299,2297,2291,2305,2310,2304,2306,2298,2311,2303,2301,2279,2285,2291,2301,2282,2308,2307,2276,2305,2318,2321,2275,2334,2317,2325,2287,2295,2315,2291,2306,2297,2293,2317,2323,2305,2292,2298
1844,1858,1832,1835,1830,1820,1840,1862,1830,1814,1815,1843,1854,1841,1830,1824,1825,1829,1820,1823,1830,1857,1848,1829,1844,1818,1820,1812,1827,1841,1853,1840,1823,1820,1848,1817,1818,1824,1847,1823,1853,1833,1831,1844,1805,1822,1841,1858,1835,1836
19,22,32,20,19,15,19,37,23,1,31,13,36,12,20,3,16,26,7,19,23,410,811,1185,1579,1985,2371,2775,3206,3574,3942,3959,3941,3955,3961,3941,3943,3959,3953,3950,3953,3965,3927,3965,3959,3939,3951,3961,3974,3928
6,15,51,24,54,39,10,30,69,109,179,278,381,475,585,744,851,1005,1164,1285,1484,1648,1785,1983,2174,2356,2557,2767,2975,3174,3383,3613,3618,3620,3624,3632,3601,3626,3623,3617,3618,3613,3612,3618,3597,3605,3620,3627,3597,3622
40,55,18,45,47,58,25,47,42,42,24,31,36,34,63,43,47,62,49,46,31,45,40,30,310,575,855,1142,1399,1670,1949,2195,2465,2741,3022,3276,3573,3797,3837,3812,3824,3819,3807,3828,3816,3837,3823,3830,3815,3814
27,0,21,4,0,5,19,24,12,33,8,30,23,30,2,48,42,35,23,14,3,12,9,11,24,22,0,15,25,10,0,32,13,26,303,580,889,1153,1457,1738,2003,2300,2581,2863,3142,3433,3709,3999,4014,3996
31,19,16,44,48,17,19,0,22,31,10,9,82,115,205,230,300,377,445,531,642,739,809,934,1037,1124,1271,1371,1518,1637,1744,1904,2023,2154,2299,2458,2604,2744,2740,2762,2740,2729,2748,2743,2726,2736,2752,2711,2739,2743
64,43,54,54,49,43,49,27,66,61,48,72,61,68,64,32,40,70,64,38,62,69,77,61,194,387,539,679,873,1021,1160,1336,1515,1653,1798,1976,2121,2280,2447,2605,2773,2779,2790,2740,2761,2769,2736,2750,2764,2764
31,24,43,27,26,17,28,59,40,43,37,47,31,28,53,47,20,35,30,41,15,36,32,35,28,26,26,49,28,21,29,26,41,48,11,23,223,403,571,755,964,1155,1326,1502,1703,1883,2059,2242,2443,2607
54,38,30,19,52,48,52,47,49,39,71,64,115,145,215,257,294,336,404,476,518,605,690,749,813,918,974,1073,1140,1250,1328,1386,1520,1613,1717,1776,1912,2009,2106,2235,2336,2469,2529,2687,2801,2786,2807,2798,2795,2799
3638,3680,3689,3652,3676,3691,3676,3653,3655,3658,3678,3650,3637,3663,3624,3675,3683,3666,3681,3659,3672,3645,3673,3660,3654,3685,3661,3670,3646,3682,3653,3678,3651,3683,3663,3647,3691,3638,3655,3652,3662,3686,3635,3654,3638,3667,3657,3658,3660,3684
49,63,52,63,51,53,50,59,51,153,248,337,419,538,620,714,814,939,1002,1103,1211,1287,1397,1510,1562,1681,1784,1873,1886,1867,1867,1890,1882,1868,1873,1886,1865,1866,1868,1873,1876,1880,1885,1876,1882,1878,1871,1864,1863,1860
67,93,69,50,59,68,73,57,84,61,42,38,77,72,64,71,47,64,67,50,66,75,78,48,48,73,51,60,64,66,277,499,711,961,1152,1397,1629,1838,2061,2292,2498,2725,2943,3154,3165,3177,3170,3173,3177,3143
3849,3856,3873,3878,3854,3858,3846,3863,3866,3854,3859,3842,3850,3872,3865,3858,3898,3849,3824,3871,3859,3853,3866,3852,3849,3838,3878,3840,3842,3862,3854,3870,3839,3860,3847,3877,3854,3841,3855,3857,3852,3883,3860,3859,3848,3851,3861,3861,3892,3869
2876,2844,2873,2863,2858,2851,2868,2871,2853,2876,2856,2845,2870,2829,2870,2855,2849,2842,2856,2834,2875,2880,2850,2865,2863,2837,2878,2854,2858,2872,2864,2864,2824,2877,2849,2855,2830,2885,2862,2843,2858,2841,2880,2865,2873,2853,2844,2849,2866,2874
66,42,50,20,43,44,24,45,187,356,473,614,766,928,1055,1205,1360,1502,1641,1796,1940,2097,2233,2376,2530,2692,2846,2975,3107,3126,3117,3123,3125,3104,3129,3146,3142,3122,3134,3127,3108,3108,3112,3128,3120,3109,3134,3124,3122,3114
16,24,32,32,26,8,41,49,18,26,8,9,32,47,6,32,22,18,42,25,37,29,19,35,1,60,100,206,285,377,491,637,753,913,1079,1218,1404,1561,1756,1969,2129,2347,2544,2763,2964,3204,3442,3668,3662,3702
3,15,10,1,3,0,4,0,0,23,1,15,7,0,8,26,0,18,26,12,21,5,15,2,23,79,151,248,330,414,532,611,735,864,981,1115,1245,1392,1545,1712,1863,2032,2212,2377,2565,2731,2919,3143,3316,3325
30,33,29,30,35,33,41,56,36,50,36,28,56,31,39,43,42,28,42,46,45,41,43,28,21,61,39,16,37,38,235,437,641,858,1074,1293,1480,1694,1911,2120,2339,2545,2752,2947,3152,3364,3582,3776,3998,4012
55,37,54,58,46,41,59,58,38,61,258,492,721,953,1165,1382,1593,1812,2044,2270,2285,2288,2270,2290,2270,2292,2251,2270,2254,2274,2273,2276,2263,2286,2289,2277,2263,2268,2248,2274,2286,2261,2255,2261,2280,2276,2261,2275,2283,2279
42,42,40,48,42,40,42,47,37,39,53,39,53,41,36,53,55,41,51,45,45,46,45,45,45,41,40,38,33,44,39,35,40,41,41,53,41,53,40,47,38,55,52,49,56,50,47,36,30,37
40,36,35,31,58,27,15,50,45,11,24,48,31,43,106,162,251,341,436,518,556,660,735,801,879,968,1049,1131,1195,1265,1341,1445,1522,1515,1520,1518,1525,1509,1519,1496,1506,1478,1498,1506,1501,1504,1512,1507,1512,1494
31,38,46,45,47,58,261,492,699,903,1132,1362,1544,1785,1997,2212,2227,2199,2237,2221,2233,2231,2243,2223,2210,2232,2240,2226,2191,2221,2247,2247,2224,2244,2242,2261,2225,2231,2231,2213,2226,2211,2220,2206,2225,2206,2211,2215,2221,2238
16,25,35,33,48,69,46,35,52,49,48,38,26,55,48,44,45,25,49,55,35,45,56,40,21,45,49,58,29,23,47,29,57,44,174,275,388,499,632,771,886,985,1100,1205,1331,1457,1588,1689,1803,1922
2137,2116,2149,2152,2153,2133,2130,2119,2135,2123,2149,2118,2097,2138,2124,2134,2127,2088,2127,2120,2140,2150,2113,2140,2128,2119,2145,2117,2160,2155,2135,2136,2119,2133,2146,2128,2135,2115,2142,2114,2124,2120,2139,2109,2137,2147,2140,2135,2128,2137
41,46,44,53,65,53,46,78,60,53,49,47,43,38,59,39,42,27,41,41,60,15,55,27,57,41,55,39,67,51,46,22,19,78,29,50,92,150,178,262,295,355,469,540,591,706,787,878,992,1067
23,17,30,11,25,30,20,17,11,22,34,27,15,16,6,19,18,36,10,24,10,7,6,16,18,35,12,28,67,154,241,359,469,615,781,925,1132,1303,1488,1706,1922,2144,2396,2623,2888,3130,3359,3657,3937,3922
42,48,45,52,25,54,50,44,35,60,39,25,62,51,36,63,53,48,25,52,59,40,42,64,55,47,62,43,39,84,99,149,172,216,268,323,363,443,502,550,645,684,751,820,894,1002,1052,1134,1241,1317
46,36,37,27,66,58,43,34,40,38,67,223,429,586,812,963,1180,1347,1532,1715,1886,1908,1878,1907,1895,1895,1911,1913,1893,1888,1896,1902,1912,1886,1909,1912,1909,1919,1897,1875,1887,1893,1881,1885,1893,1895,1884,1908,1893,1897
37,48,45,40,42,73,81,40,36,54,45,39,53,174,312,471,589,711,857,1000,1108,1260,1381,1529,1671,1802,1944,2068,2212,2331,2347,2332,2361,2351,2335,2331,2352,2349,2314,2358,2330,2336,2344,2322,2368,2329,2342,2352,2330,2353
0,30,1,20,8,0,4,11,14,24,14,10,0,17,19,250,451,711,916,1176,1389,1652,1878,2105,2346,2577,2789,3032,3252,3492,3504,3505,3487,3499,3496,3481,3461,3484,3497,3492,3482,3506,3492,3500,3484,3477,3493,3488,3485,3508
51,65,49,57,34,46,54,56,60,57,55,88,64,43,53,54,50,36,75,53,39,43,56,24,48,43,168,303,428,535,641,746,896,1012,1107,1253,1378,1454,1597,1731,1840,1954,2067,2194,2321,2437,2574,2578,2558,2558
1568,1600,1587,1599,1559,1605,1590,1562,1586,1604,1555,1609,1567,1566,1589,1611,1580,1588,1594,1588,1589,1582,1619,1582,1593,1582,1592,1575,1596,1595,1570,1590,1606,1606,1551,1590,1586,1601,1581,1590,1586,1603,1577,1605,1600,1592,1605,1605,1564,1608
13,21,42,53,34,36,43,14,31,15,29,20,47,22,43,27,38,27,35,50,93,142,184,233,306,401,438,516,616,720,788,903,982,1103,1184,1305,1419,1546,1671,1777,1913,2066,2208,2326,2463,2619,2753,2883,3058,3195
24,10,21,24,2,26,8,0,12,17,16,13,15,13,14,4,14,10,11,15,6,17,9,10,13,12,9,14,13,16,10,12,11,9,0,16,14,4,21,3,22,14,9,6,8,7,6,9,9,3
32,37,29,13,36,39,18,54,22,28,51,24,21,5,39,38,22,32,51,41,15,261,466,657,883,1068,1336,1502,1718,1927,2133,2349,2358,2358,2333,2335,2345,2360,2339,2358,2325,2358,2337,2350,2350,2335,2350,2322,2310,2330
30,35,29,25,33,35,31,31,25,32,29,39,21,26,27,39,23,24,24,37,37,34,20,32,20,22,27,32,24,20,26,28,31,14,27,23,22,34,33,23,28,29,23,12,22,23,20,32,19,28
0,4,11,2,16,27,19,19,19,0,0,22,22,20,15,0,31,10,6,13,17,0,159,312,511,639,817,998,1137,1283,1482,1621,1801,1937,2093,2266,2394,2594,2720,2907,3043,3192,3192,3197,3206,3216,3214,3191,3224,3224
0,14,32,9,13,36,11,17,25,0,4,1,22,16,0,31,35,9,10,8,304,604,892,1198,1479,1783,2047,2367,2631,2932,3228,3528,3526,3513,3523,3513,3509,3528,3520,3521,3516,3530,3535,3522,3534,3534,3525,3532,3526,3523
50,41,51,22,36,7,14,43,62,35,34,43,38,44,20,52,36,54,32,63,35,45,31,5,26,26,42,43,60,69,98,156,249,348,435,520,603,730,845,997,1097,1247,1380,1535,1692,1838,1989,2172,2328,2523
63,27,60,41,64,57,49,37,48,59,64,22,37,44,63,129,265,299,380,467,557,654,747,816,898,978,1068,1151,1253,1332,1440,1529,1595,1666,1768,1842,1856,1845,1846,1823,1842,1847,1847,1845,1839,1840,1839,1837,1849,1839
71,39,57,46,51,40,56,67,43,63,69,65,47,52,78,36,50,62,45,43,68,58,43,56,44,49,62,46,47,41,46,44,49,64,80,126,189,252,330,418,498,605,727,823,951,1072,1213,1341,1489,1621
12,18,44,34,7,23,50,100,194,264,368,492,602,716,866,1018,1159,1334,1491,1680,1847,2049,2244,2443,2651,2854,2865,2851,2836,2843,2860,2846,2881,2851,2854,2835,2855,2833,2856,2852,2848,2885,2850,2847,2855,2842,2835,2862,2853,2862
51,70,26,47,57,71,40,75,50,59,42,57,41,59,58,58,64,49,43,50,53,54,39,52,53,26,50,58,68,65,40,63,59,60,47,178,283,404,542,651,761,885,1007,1101,1234,1354,1480,1593,1694,1716
19,20,0,21,22,41,0,22,6,30,72,90,148,142,271,289,331,407,475,549,626,704,785,853,967,1027,1131,1224,1348,1466,1539,1648,1746,1856,1935,2093,2186,2324,2424,2411,2435,2433,2418,2449,2422,2424,2409,2429,2438,2429
1882,1896,1885,1877,1874,1890,1890,1923,1886,1874,1885,1883,1907,1873,1878,1899,1890,1889,1858,1877,1864,1882,1882,1886,1883,1902,1867,1874,1885,1859,1861,1899,1902,1885,1878,1905,1872,1894,1889,1890,1868,1898,1858,1905,1897,1885,1897,1898,1851,1889
1867,1854,1861,1851,1827,1880,1836,1864,1871,1886,1870,1884,1883,1853,1851,1849,1843,1882,1856,1865,1858,1842,1861,1853,1870,1879,1853,1886,1872,1886,1874,1876,1871,1869,1869,1846,1870,1847,1865,1837,1893,1851,1848,1876,1843,1886,1863,1839,1875,1895
3136,3110,3099,3128,3136,3099,3129,3147,3147,3145,3124,3124,3136,3141,3136,3125,3123,3148,3117,3135,3129,3146,3118,3124,3107,3119,3123,3110,3107,3113,3137,3133,3128,3109,3106,3110,3099,3148,3117,3119,3143,3135,3137,3126,3123,3137,3127,3114,3122,3117
13,12,14,7,8,0,8,29,5,27,19,37,41,18,24,0,16,4,30,21,13,198,391,543,742,904,1061,1229,1419,1576,1762,1954,2093,2275,2462,2626,2788,2991,3153,3313,3296,3327,3324,3340,3316,3311,3344,3321,3331,3328
2962,2960,2965,2980,2975,2972,2960,2966,2963,2952,2973,2971,2960,2962,2978,2952,2957,2969,2952,2951,2969,2953,2961,2951,2949,2979,2946,2969,2965,2987,2974,2988,2972,2960,2956,2978,2956,2957,2983,2935,2920,2941,2971,2957,2941,2961,2970,2995,2978,2959
17,27,20,48,21,21,22,15,33,32,12,8,33,36,27,26,22,30,10,21,42,10,34,33,27,14,21,54,10,30,33,340,694,1062,1394,1747,2049,2401,2740,3081,3438,3436,3423,3442,3418,3450,3436,3428,3415,3420
2131,2164,2151,2187,2160,2166,2162,2137,2135,2177,2158,2131,2146,2163,2143,2094,2135,2154,2159,2165,2126,2141,2139,2136,2165,2147,2160,2148,2130,2168,2170,2120,2151,2154,2157,2162,2161,2133,2170,2147,2147,2147,2126,2153,2129,2172,2174,2143,2098,2133
12,6,0,4,0,10,0,31,21,16,14,5,28,100,170,261,368,482,589,701,847,984,1150,1265,1437,1618,1782,1978,2168,2372,2561,2753,2966,3161,3373,3634,3632,3628,3632,3641,3619,3618,3646,3628,3618,3623,3631,3622,3600,3619
39,54,80,69,54,45,42,47,78,59,58,45,41,65,52,57,75,51,61,159,205,287,368,496,608,717,860,1009,1116,1304,1475,1626,1801,1973,2143,2336,2530,2731,2947,3136,3359,3559,3780,4039,4027,4045,4035,4009,4025,4015
27,42,26,43,59,54,40,61,46,52,43,17,45,42,23,29,44,45,50,49,33,50,45,31,29,42,42,57,117,169,259,316,401,512,593,759,857,979,1120,1237,1375,1533,1682,1829,2010,2170,2321,2536,2700,2860
52,80,72,64,68,46,72,37,67,75,72,58,49,246,419,614,783,923,1108,1291,1489,1692,1824,2017,2010,2033,2012,2040,2020,2012,2017,2031,2016,2027,2014,2010,2011,2030,2013,2001,2024,2009,2018,2010,2027,2014,2029,2015,2028,2005
1798,1800,1817,1805,1819,1789,1819,1800,1801,1787,1804,1801,1806,1799,1805,1807,1805,1853,1811,1823,1833,1811,1778,1809,1798,1792,1825,1810,1801,1820,1784,1811,1831,1823,1795,1819,1794,1808,1793,1810,1809,1805,1805,1822,1805,1781,1817,1809,1789,1775
3307,3349,3324,3342,3369,3331,3330,3366,3318,3354,3334,3353,3333,3329,3330,3353,3350,3342,3356,3357,3330,3338,3323,3322,3318,3321,3333,3330,3348,3310,3343,3317,3335,3309,3336,3341,3349,3342,3348,3352,3317,3314,3348,3363,3349,3356,3366,3324,3334,3353
32,2,12,0,28,20,30,27,0,10,20,17,14,26,11,3,0,17,26,31,14,33,34,71,120,140,197,280,319,415,487,553,645,725,807,902,1005,1095,1218,1314,1394,1542,1660,1776,1893,1996,2024,2020,2010,2003
1712,1701,1711,1699,1697,1688,1719,1701,1716,1693,1721,1701,1691,1722,1712,1696,1696,1702,1702,1719,1713,1732,1693,1678,1702,1697,1721,1686,1704,1687,1731,1724,1704,1708,1698,1711,1683,1715,1699,1719,1696,1717,1679,1696,1689,1662,1706,1701,1720,1718
37,23,20,23,35,40,28,39,11,33,40,0,33,35,70,137,185,263,335,409,494,566,669,791,912,1007,1122,1224,1343,1485,1598,1746,1880,2039,2143,2304,2460,2626,2772,2937,2941,2911,2936,2935,2953,2903,2955,2913,2922,2937
28,35,21,48,0,28,42,15,33,0,25,36,34,13,29,15,12,21,27,73,56,102,110,161,208,263,333,390,454,493,584,635,710,784,891,955,1010,1148,1212,1285,1393,1486,1589,1583,1590,1569,1570,1596,1602,1554
3437,3456,3453,3445,3474,3439,3450,3477,3479,3442,3490,3466,3446,3468,3478,3459,3457,3460,3475,3431,3489,3472,3486,3472,3496,3491,3462,3458,3451,3468,3464,3492,3478,3458,3466,3452,3459,3460,3440,3482,3471,3443,3473,3471,3468,3468,3482,3472,3474,3472
31,24,6,9,6,27,11,24,21,33,13,255,505,744,995,1239,1487,1700,1953,2198,2435,2664,2915,2927,2923,2925,2926,2917,2922,2938,2921,2936,2935,2910,2921,2932,2920,2910,2924,2931,2934,2934,2940,2894,2944,2923,2922,2937,2932,2914
2864,2836,2866,2860,2927,2867,2849,2851,2849,2892,2889,2863,2885,2881,2861,2872,2855,2879,2851,2868,2889,2896,2881,2885,2864,2856,2883,2863,2853,2876,2867,2858,2878,2862,2887,2870,2874,2857,2867,2858,2891,2855,2857,2877,2892,2874,2903,2870,2864,2863
19,27,23,26,38,35,25,43,11,34,34,19,25,26,19,26,31,39,2,32,34,46,71,111,175,219,275,317,354,419,496,548,601,686,778,816,914,979,1057,1140,1240,1334,1409,1514,1591,1723,1798,1886,1989,2087
1980,1987,1982,1981,1966,1979,1972,1973,1973,1976,2001,1972,2000,1960,1976,1947,1984,1968,1967,1968,1983,1985,1979,1960,1967,1967,2003,1959,1960,1989,1978,1970,1987,1978,1976,1978,1980,1985,1994,1969,1968,1963,1958,1990,1960,1979,1964,1985,1989,1965
57,60,38,59,46,44,38,46,60,48,57,55,50,64,47,51,36,59,37,21,49,67,43,50,51,51,50,54,65,43,55,71,64,56,92,156,183,232,283,355,410,485,559,631,698,772,897,977,1037,1156
19,45,33,34,24,41,31,46,23,29,56,45,51,61,49,56,37,32,86,131,216,258,340,385,468,549,650,735,827,936,1039,1162,1261,1348,1491,1643,1739,1884,2025,2149,2289,2447,2596,2735,2873,3052,3198,3339,3368,3376
2138,2178,2126,2147,2128,2109,2107,2146,2120,2121,2100,2120,2117,2116,2135,2122,2114,2147,2121,2106,2106,2114,2141,2157,2133,2112,2112,2155,2122,2140,2113,2136,2126,2157,2144,2138,2138,2154,2102,2124,2115,2133,2139,2124,2137,2141,2135,2130,2134,2133
3514,3466,3499,3477,3519,3503,3514,3486,3506,3470,3469,3523,3487,3496,3497,3510,3502,3492,3487,3488,3504,3523,3508,3478,3500,3492,3497,3487,3486,3496,3501,3466,3511,3488,3498,3489,3499,3478,3530,3501,3501,3489,3500,3488,3523,3496,3483,3506,3457,3529
30,29,19,18,28,22,3,10,24,30,0,11,5,7,28,24,9,9,8,14,11,30,42,15,8,19,28,6,13,143,318,431,615,716,896,1017,1154,1315,1465,1577,1742,1888,2010,2172,2295,2447,2586,2718,2870,3008
80,58,71,44,58,67,46,46,70,62,65,46,52,87,55,51,66,57,64,65,95,255,434,646,802,1009,1203,1385,1585,1783,1967,2131,2338,2546,2716,2922,3103,3292,3499,3490,3486,3472,3479,3497,3492,3486,3481,3508,3483,3496
24,8,6,21,35,32,14,19,21,36,65,115,156,208,294,373,458,522,601,696,799,903,995,1123,1199,1330,1443,1563,1673,1666,1687,1690,1686,1701,1682,1665,1654,1672,1667,1676,1704,1658,1681,1677,1665,1668,1688,1689,1657,1682
2402,2423,2412,2422,2401,2402,2408,2396,2424,2411,2425,2418,2431,2420,2415,2412,2398,2416,2382,2391,2415,2426,2424,2419,2409,2381,2390,2417,2415,2433,2402,2398,2402,2426,2397,2390,2397,2427,2419,2388,2401,2417,2436,2411,2392,2419,2419,2391,2373,2404
1841,1801,1823,1838,1833,1837,1819,1794,1826,1795,1800,1809,1850,1832,1847,1815,1830,1827,1832,1825,1840,1820,1813,1801,1801,1821,1802,1805,1800,1805,1826,1831,1814,1802,1818,1810,1829,1822,1807,1840,1834,1787,1825,1807,1789,1814,1861,1806,1829,1792
2654,2708,2635,2672,2664,2661,2643,2681,2682,2662,2673,2669,2665,2667,2669,2673,2683,2699,2653,2689,2701,2661,2665,2690,2691,2674,2694,2685,2667,2664,2664,2707,2663,2692,2658,2647,2684,2667,2676,2668,2666,2687,2648,2678,2665,2661,2666,2675,2692,2678
28,34,21,25,18,47,44,32,25,48,25,46,37,19,45,39,48,37,24,31,26,18,34,20,21,37,34,388,746,1101,1459,1823,2177,2542,2875,3240,3597,3955,3972,3949,3966,3955,3964,3954,3933,3949,3932,3938,3963,3941
3746,3753,3734,3735,3753,3759,3754,3785,3752,3764,3770,3728,3733,3756,3752,3775,3738,3757,3751,3746,3748,3764,3752,3742,3725,3777,3772,3737,3748,3778,3746,3765,3740,3732,3741,3744,3790,3749,3759,3775,3770,3771,3754,3763,3761,3736,3727,3749,3729,3750
1916,1902,1920,1935,1885,1904,1914,1900,1896,1918,1886,1889,1902,1900,1891,1913,1887,1923,1906,1884,1904,1909,1901,1888,1915,1931,1916,1915,1909,1902,1901,1904,1891,1935,1911,1907,1900,1919,1912,1895,1887,1896,1916,1910,1905,1889,1897,1882,1902,1895
53,55,72,48,54,60,66,105,161,227,269,330,420,528,573,677,783,903,990,1085,1210,1318,1421,1578,1717,1832,1966,2099,2249,2388,2533,2541,2549,2550,2542,2553,2557,2548,2546,2541,2547,2543,2544,2573,2545,2543,2551,2564,2549,2513
1766,1746,1752,1777,1783,1766,1746,1755,1750,1758,1742,1761,1749,1729,1729,1752,1751,1767,1760,1735,1775,1758,1758,1762,1782,1759,1748,1771,1740,1767,1759,1769,1760,1785,1751,1767,1749,1759,1758,1771,1783,1745,1759,1767,1775,1746,1754,1775,1762,1744
58,45,33,25,45,27,59,28,41,31,180,324,496,623,765,912,1095,1231,1384,1511,1688,1826,1967,2119,2278,2429,2558,2701,2714,2706,2715,2726,2719,2700,2746,2700,2719,2709,2703,2708,2697,2725,2688,2715,2739,2716,2715,2692,2704,2729
3817,3839,3866,3846,3819,3847,3890,3843,3843,3828,3856,3876,3856,3818,3854,3840,3819,3853,3867,3841,3847,3858,3891,3865,3861,3873,3856,3851,3847,3840,3878,3870,3845,3852,3860,3837,3846,3859,3853,3841,3856,3881,3845,3840,3866,3849,3844,3858,3857,3865
2836,2770,2764,2805,2799,2782,2825,2797,2778,2787,2821,2793,2785,2797,2802,2802,2788,2807,2806,2782,2797,2802,2806,2819,2784,2832,2805,2781,2820,2816,2792,2783,2800,2818,2822,2785,2798,2808,2791,2760,2808,2810,2795,2797,2800,2803,2791,2803,2810,2790
53,64,39,40,86,61,49,47,58,71,81,57,48,54,36,39,55,52,44,49,53,64,55,44,34,71,67,68,58,51,71,54,91,146,230,321,430,536,666,799,951,1098,1276,1436,1615,1791,1997,2158,2406,2587
19,26,21,27,7,29,5,27,26,33,7,29,32,39,20,21,1,12,37,6,19,35,28,23,21,36,8,12,5,40,28,224,385,545,749,910,1085,1264,1436,1615,1782,1981,2149,2324,2490,2660,2841,3037,3188,3399
28,26,26,16,15,37,33,18,20,27,8,14,32,17,15,35,10,17,38,18,16,18,0,22,4,25,18,12,4,15,25,56,73,118,145,209,265,294,366,450,473,553,622,680,739,849,911,1005,1077,1151
3227,3231,3221,3245,3226,3223,3232,3233,3237,3257,3229,3252,3218,3244,3226,3246,3250,3241,3217,3229,3204,3214,3229,3228,3211,3212,3236,3219,3220,3222,3192,3198,3237,3244,3239,3241,3234,3218,3257,3228,3228,3228,3231,3228,3222,3238,3255,3226,3224,3245
27,46,34,13,6,28,21,8,46,48,25,4,16,24,19,14,29,32,0,10,38,31,100,121,170,233,311,356,427,533,603,693,817,904,1015,1099,1222,1364,1465,1568,1717,1853,1967,2123,2242,2415,2566,2689,2834,2979
4011,4010,4015,4022,4028,4021,4065,4053,4039,4047,4041,4035,4026,4025,4037,4022,4039,4012,4059,4036,4012,4014,4024,4016,4044,4032,4006,4047,4032,4021,4046,4038,4052,4031,4033,4017,4017,4008,4036,4038,4035,4050,4021,4020,4040,4033,4066,4029,4076,4026
33,0,13,1,39,24,26,9,9,21,12,0,22,10,0,4,0,24,9,122,176,295,414,460,562,669,766,877,952,1053,1136,1228,1350,1418,1515,1593,1618,1614,1634,1606,1625,1621,1599,1617,1609,1612,1596,1599,1606,1618
20,27,54,51,23,37,38,52,37,37,18,53,33,17,36,26,39,33,59,65,42,29,29,34,40,48,40,207,395,573,747,938,1106,1305,1459,1622,1835,2002,2180,2365,2504,2716,2884,3074,3220,3402,3604,3770,3971,3931
67,34,30,50,37,24,25,42,24,35,46,39,58,54,49,27,58,46,47,37,40,45,60,53,39,64,52,46,74,59,55,28,35,24,56,170,302,406,515,653,762,869,998,1150,1251,1365,1491,1614,1739,1840
3822,3813,3829,3817,3802,3831,3850,3800,3798,3795,3815,3845,3800,3807,3833,3805,3798,3841,3835,3816,3791,3801,3797,3798,3838,3824,3843,3792,3825,3839,3833,3828,3798,3825,3832,3815,3821,3799,3817,3831,3830,3816,3823,3827,3845,3808,3850,3806,3803,3797
8,14,0,17,12,35,11,15,11,10,2,26,27,14,27,10,16,21,15,31,28,34,23,228,402,599,764,968,1152,1334,1516,1712,1881,2073,2286,2491,2652,2842,3035,3210,3227,3233,3232,3238,3220,3216,3236,3242,3239,3233
23,54,43,37,48,56,40,56,43,36,25,68,48,31,43,29,47,14,43,44,40,66,46,23,50,54,46,54,30,33,35,47,40,34,30,76,99,120,138,196,221,266,325,361,404,482,538,565,630,692
3146,3112,3140,3134,3132,3118,3127,3137,3141,3141,3133,3093,3134,3105,3116,3124,3144,3132,3122,3125,3112,3130,3126,3130,3113,3133,3152,3161,3132,3132,3116,3123,3107,3118,3111,3150,3092,3144,3133,3099,3130,3153,3124,3118,3107,3114,3111,3118,3132,3139
50,65,53,50,54,69,41,41,68,65,39,85,25,67,50,57,60,55,45,40,44,47,49,171,307,423,571,676,800,910,1050,1217,1295,1434,1553,1644,1809,1898,2053,2183,2274,2421,2518,2668,2773,2780,2778,2756,2794,2781
21,24,11,19,21,15,15,28,24,13,25,20,27,23,9,19,13,31,17,18,15,20,20,25,18,20,28,13,20,16,29,29,24,28,18,10,18,39,22,17,18,12,16,18,21,23,12,20,12,8
13,10,16,13,13,8,27,14,12,19,24,23,10,9,8,6,8,5,5,19,18,12,23,8,19,7,13,4,14,15,16,11,8,17,13,14,11,25,10,16,14,7,12,8,20,1,8,4,7,17
49,56,31,38,47,33,50,38,43,63,46,60,48,35,44,36,50,47,43,69,65,47,44,42,46,58,58,66,49,50,309,576,833,1091,1361,1611,1853,2130,2409,2645,2910,3183,3422,3691,3666,3702,3694,3694,3706,3693
0,11,0,3,1,13,23,27,8,12,6,30,273,548,769,1047,1324,1573,1854,2098,2373,2627,2906,3144,3416,3424,3413,3418,3418,3404,3392,3422,3425,3419,3410,3421,3435,3401,3415,3402,3427,3417,3419,3400,3413,3404,3405,3420,3410,3417
23,13,39,24,39,42,4,51,35,48,34,39,38,56,58,33,51,23,58,29,27,27,39,30,67,106,158,185,247,291,352,412,482,555,620,699,751,853,920,1008,1111,1195,1297,1385,1472,1577,1707,1788,1898,1996
54,48,31,45,51,45,43,33,39,46,46,34,44,26,58,54,31,35,46,61,33,20,39,69,287,521,749,996,1263,1497,1748,1966,2208,2441,2700,2911,3155,3406,3650,3924,3918,3930,3891,3910,3906,3877,3893,3896,3924,3899
0,23,13,8,15,17,19,6,6,10,14,42,5,15,10,9,8,7,12,15,3,4,19,3,15,18,205,378,562,758,930,1098,1321,1505,1662,1869,2051,2235,2440,2613,2792,2967,3179,3149,3181,3168,3178,3170,3161,3167
17,7,14,21,15,0,15,0,0,4,8,13,5,15,12,18,1,23,9,21,31,16,24,8,21,0,10,0,28,0,25,243,480,725,971,1193,1453,1664,1915,2126,2384,2635,2868,3098,3342,3606,3593,3558,3569,3586
66,61,83,46,43,39,45,65,52,45,32,48,68,45,36,60,27,40,37,46,64,33,46,71,47,51,56,44,73,50,209,381,532,712,877,1048,1204,1362,1534,1709,1866,2029,2203,2355,2504,2685,2847,3016,3152,3357
2749,2751,2744,2774,2769,2735,2744,2781,2729,2757,2754,2740,2748,2751,2750,2741,2729,2748,2741,2767,2750,2734,2736,2766,2739,2745,2738,2739,2749,2747,2739,2766,2739,2767,2737,2754,2726,2785,2742,2759,2745,2741,2758,2776,2728,2730,2745,2750,2765,2756
4,16,10,33,0,21,26,2,11,25,22,0,0,31,14,0,22,20,0,13,9,43,111,176,264,363,487,569,711,856,997,1167,1324,1482,1673,1818,2008,2206,2414,2610,2829,2845,2843,2822,2815,2831,2810,2839,2831,2807
1676,1719,1701,1705,1680,1672,1721,1691,1708,1682,1671,1699,1691,1701,1701,1684,1699,1703,1718,1666,1710,1671,1724,1699,1694,1685,1682,1697,1688,1707,1704,1688,1711,1710,1703,1689,1690,1681,1681,1687,1680,1703,1706,1713,1671,1682,1677,1705,1671,1691
28,29,35,24,39,26,32,37,25,34,55,38,62,46,40,17,37,31,44,31,51,41,29,26,23,34,32,38,31,29,10,39,35,26,35,76,121,229,336,442,569,687,853,1015,1161,1330,1528,1691,1913,2100
1,10,19,36,13,31,27,13,0,2,16,28,20,14,20,12,17,21,18,23,33,16,14,17,11,0,7,3,11,15,2,38,49,72,139,209,217,288,412,468,578,662,756,862,971,1079,1185,1306,1446,1575
2270,2259,2302,2260,2282,2257,2274,2310,2258,2287,2271,2266,2302,2289,2311,2242,2291,2300,2291,2280,2304,2284,2290,2275,2255,2275,2281,2295,2293,2283,2266,2291,2273,2277,2280,2283,2267,2313,2266,2305,2310,2287,2272,2301,2268,2300,2266,2288,2281,2292
1943,1964,1950,1984,1935,1984,1979,1935,1981,1938,1982,1948,2001,1969,1967,1957,1979,1973,1950,1945,1929,1959,1964,1943,1944,1953,1983,1956,1951,1988,1956,1981,1943,1996,1972,1952,1981,1970,1951,1930,1944,1982,1972,1985,1984,1952,1954,1972,1968,1943
1883,1901,1903,1909,1910,1909,1890,1946,1904,1891,1945,1891,1919,1931,1914,1913,1934,1919,1943,1922,1916,1928,1896,1927,1933,1910,1900,1915,1906,1893,1917,1927,1923,1904,1909,1887,1926,1926,1876,1930,1890,1897,1940,1903,1896,1896,1906,1899,1916,1900
51,54,46,48,34,42,58,49,48,23,36,63,67,59,85,41,52,48,51,80,53,79,70,69,40,58,65,60,71,76,66,37,61,39,33,68,87,123,167,249,303,405,464,554,639,759,852,942,1062,1180
39,42,43,36,39,41,39,49,40,27,47,47,31,50,27,51,58,67,71,108,110,159,181,201,259,300,338,379,456,489,540,583,669,704,751,840,887,951,1022,1100,1165,1213,1295,1382,1485,1528,1615,1691,1769,1844
45,44,58,65,67,41,45,32,64,59,77,65,49,56,47,52,56,66,51,64,41,55,68,46,56,81,119,129,210,281,321,427,476,569,656,761,845,935,1049,1164,1273,1390,1512,1630,1759,1892,2039,2150,2294,2427
23,10,0,23,8,41,32,20,21,19,0,16,45,31,55,105,144,159,198,271,316,378,433,517,601,658,739,806,870,985,1054,1141,1235,1351,1420,1510,1611,1624,1633,1612,1631,1593,1627,1614,1619,1616,1609,1599,1618,1608
64,47,42,37,47,39,32,57,62,93,150,220,261,345,420,512,590,686,799,912,1008,1104,1241,1370,1472,1620,1758,1897,2020,2021,2032,2028,2024,2020,2020,2014,2028,2021,2032,2009,2020,1995,2022,2030,2013,2024,2009,2022,2040,2022
40,32,38,62,30,95,34,51,52,42,53,68,125,214,286,370,475,603,704,842,965,1125,1279,1421,1589,1732,1928,2094,2292,2494,2645,2849,3067,3259,3477,3707,3916,3942,3940,3925,3911,3909,3917,3928,3935,3914,3939,3918,3915,3924
2783,2793,2798,2784,2810,2775,2776,2802,2794,2775,2817,2807,2782,2800,2789,2766,2809,2790,2804,2789,2796,2780,2783,2790,2801,2793,2804,2801,2820,2844,2786,2803,2806,2782,2813,2807,2794,2774,2785,2770,2756,2781,2790,2782,2784,2809,2815,2762,2790,2796
2694,2707,2718,2712,2717,2704,2686,2687,2700,2697,2717,2715,2708,2705,2699,2681,2689,2721,2688,2707,2712,2688,2717,2725,2667,2687,2658,2708,2694,2692,2687,2705,2675,2716,2715,2702,2686,2685,2704,2730,2688,2721,2688,2707,2682,2691,2700,2711,2704,2702
36,29,37,29,39,19,17,145,261,377,453,612,720,828,927,1041,1150,1285,1400,1488,1625,1743,1757,1752,1733,1731,1711,1733,1750,1737,1730,1753,1738,1731,1737,1737,1732,1727,1739,1731,1742,1733,1755,1735,1741,1732,1764,1737,1711,1733
3624,3671,3636,3634,3647,3653,3616,3670,3664,3627,3625,3635,3660,3656,3650,3666,3644,3677,3672,3677,3655,3649,3658,3656,3670,3676,3658,3634,3652,3649,3632,3646,3682,3664,3643,3641,3674,3676,3652,3644,3656,3660,3671,3641,3653,3665,3675,3672,3629,3673
10,31,35,52,28,51,35,35,40,49,38,34,20,45,47,53,32,38,39,30,22,42,36,41,29,14,42,40,49,58,57,98,133,200,277,318,421,506,583,696,788,896,1032,1135,1251,1370,1499,1635,1780,1911
24,24,6,21,31,33,36,30,77,139,172,239,316,357,453,552,643,729,860,941,1069,1150,1276,1395,1509,1657,1777,1902,2061,2185,2329,2345,2330,2334,2340,2343,2341,2354,2350,2329,2323,2332,2342,2334,2345,2333,2333,2360,2324,2326
33,53,46,35,52,36,44,54,30,30,39,146,247,333,440,556,678,772,897,987,1091,1162,1319,1414,1514,1605,1738,1844,1949,2043,2155,2265,2250,2244,2268,2261,2265,2264,2241,2264,2243,2270,2275,2253,2262,2263,2254,2274,2241,2260
52,62,53,59,55,67,65,65,84,48,62,79,51,74,80,56,33,53,46,58,51,54,43,38,63,59,47,61,47,49,52,58,50,48,53,54,238,461,640,808,1019,1228,1405,1586,1776,2000,2190,2388,2588,2767
42,2,4,35,38,45,39,37,41,315,573,862,1167,1471,1721,2061,2292,2588,2881,3159,3429,3725,3708,3719,3729,3713,3701,3733,3678,3707,3710,3719,3712,3702,3712,3697,3699,3718,3690,3694,3709,3704,3728,3721,3733,3725,3718,3715,3697,3704
55,47,41,61,42,50,52,42,25,66,53,35,35,50,48,39,35,29,27,45,29,54,72,102,161,207,251,310,416,455,569,636,712,815,935,1052,1126,1249,1373,1513,1597,1739,1840,1986,2114,2267,2399,2536,2702,2818
1719,1692,1719,1712,1721,1712,1727,1700,1715,1700,1721,1723,1747,1736,1723,1716,1729,1724,1748,1719,1704,1730,1725,1728,1733,1720,1733,1693,1701,1744,1707,1719,1718,1726,1711,1723,1695,1753,1692,1717,1704,1705,1683,1716,1730,1705,1723,1694,1723,1739
2485,2456,2473,2458,2511,2476,2465,2511,2489,2475,2502,2480,2476,2467,2499,2467,2480,2500,2465,2470,2485,2452,2470,2500,2477,2473,2468,2491,2469,2481,2484,2459,2485,2488,2455,2477,2455,2457,2474,2483,2482,2461,2483,2495,2462,2498,2477,2461,2471,2489
49,37,53,42,69,68,52,42,58,46,46,49,34,50,41,32,37,26,52,40,57,24,49,43,38,52,43,62,60,33,32,49,55,31,38,139,226,306,408,499,598,685,791,879,948,1058,1141,1235,1341,1423
26,7,13,8,17,21,18,0,12,10,32,38,1,23,19,10,24,26,30,24,20,24,16,29,9,0,18,16,29,24,22,101,184,262,338,440,527,603,700,764,864,944,1017,1087,1207,1269,1369,1435,1517,1607
52,59,47,31,37,52,58,47,44,50,58,50,39,60,51,38,42,46,60,69,20,61,67,45,42,60,45,44,68,208,382,545,738,919,1082,1245,1438,1617,1782,1952,2129,2109,2121,2103,2108,2097,2126,2120,2107,2111
2286,2259,2283,2260,2263,2300,2271,2263,2285,2241,2269,2267,2278,2265,2280,2252,2289,2272,2285,2245,2281,2246,2273,2286,2246,2277,2258,2245,2262,2280,2229,2299,2255,2286,2285,2295,2263,2281,2301,2284,2247,2284,2284,2281,2284,2268,2299,2268,2269,2276
2523,2528,2495,2529,2482,2526,2502,2505,2504,2501,2512,2500,2528,2535,2517,2493,2475,2487,2534,2486,2517,2533,2511,2502,2513,2514,2510,2501,2494,2487,2514,2523,2498,2510,2517,2507,2495,2519,2521,2497,2522,2496,2487,2492,2504,2535,2506,2506,2529,2524
41,52,28,41,62,71,449,836,1237,1649,2018,2411,2857,3247,3643,4037,4000,4021,4024,4009,4021,4021,4042,4034,4020,4018,4029,4033,4032,4011,4019,4043,4021,3988,4049,4018,4047,4023,4034,4043,4036,4017,4025,4017,4000,4024,4029,4017,4039,4044
44,38,20,31,34,60,44,43,15,68,43,34,54,22,44,41,46,40,39,42,40,53,31,48,41,36,50,41,30,19,30,234,442,621,791,1001,1180,1354,1543,1738,1932,2118,2296,2488,2680,2867,3039,3252,3235,3241
1823,1821,1803,1810,1770,1804,1832,1822,1831,1807,1819,1806,1803,1829,1806,1832,1817,1804,1832,1783,1823,1800,1810,1819,1814,1859,1810,1801,1800,1827,1829,1828,1793,1808,1834,1834,1838,1822,1788,1823,1806,1814,1830,1813,1821,1824,1808,1833,1799,1814
40,35,11,47,18,40,33,50,31,53,44,32,52,39,50,36,64,39,41,51,41,45,35,42,51,21,29,65,54,46,40,49,13,176,295,394,530,661,797,893,1049,1156,1276,1420,1541,1672,1774,1922,1908,1923
34,79,78,64,49,31,80,49,63,66,52,56,61,45,45,45,62,308,560,776,1029,1276,1515,1770,2017,2251,2489,2766,2988,3257,3483,3739,3727,3739,3733,3749,3737,3733,3744,3744,3708,3720,3696,3718,3709,3726,3730,3737,3732,3721
30,36,48,42,35,16,49,40,44,25,37,24,27,20,26,28,43,387,714,1039,1395,1725,2043,2391,2759,3077,3416,3416,3421,3430,3413,3444,3402,3421,3430,3391,3413,3451,3423,3419,3439,3417,3432,3428,3428,3421,3413,3417,3415,3415
2014,2026,2014,1994,2024,2040,2032,1987,2019,2016,2028,2028,2020,2044,2028,2040,2038,2032,2033,2011,2025,2033,2048,2035,2035,2027,2054,2032,2018,2032,2037,2022,2045,2021,2056,2022,2003,2008,2024,2016,2050,2041,2055,2044,2039,2040,2017,2035,2010,2034
39,18,28,29,51,20,44,35,46,94,157,233,312,373,484,575,687,771,899,1046,1149,1303,1417,1567,1709,1842,2011,2169,2314,2518,2490,2476,2507,2506,2499,2501,2493,2523,2529,2507,2490,2506,2503,2503,2508,2509,2496,2506,2501,2507
8,31,31,46,38,31,8,27,1,27,26,3,34,37,39,30,41,32,9,14,25,26,31,3,21,23,42,18,26,52,16,166,312,460,604,739,879,1016,1146,1300,1440,1580,1730,1864,2017,2165,2151,2162,2160,2142
12,35,9,17,36,35,42,20,5,29,20,32,36,20,14,40,40,27,6,13,26,33,48,13,18,17,25,36,16,29,40,20,14,12,7,28,180,352,496,663,829,988,1148,1300,1466,1642,1786,1942,1945,1942
3865,3841,3878,3867,3864,3829,3853,3848,3865,3844,3859,3863,3861,3864,3849,3844,3841,3872,3881,3845,3882,3854,3846,3858,3844,3858,3858,3848,3850,3866,3843,3845,3868,3876,3826,3873,3853,3862,3847,3856,3843,3856,3871,3863,3872,3852,3826,3854,3844,3820
35,15,2,20,11,5,5,25,15,25,16,21,15,13,18,0,34,14,33,19,34,35,27,40,12,29,16,26,22,93,159,210,286,379,471,571,683,771,907,1024,1162,1288,1416,1568,1703,1869,2017,2172,2339,2504
3882,3869,3872,3871,3869,3867,3846,3883,3915,3891,3888,3865,3881,3866,3872,3864,3871,3898,3874,3890,3858,3886,3902,3875,3877,3887,3876,3863,3885,3879,3871,3886,3883,3889,3883,3884,3873,3870,3904,3879,3897,3846,3879,3904,3870,3882,3889,3878,3882,3879
45,46,42,66,71,63,67,56,65,61,56,64,54,64,45,49,52,62,61,58,41,43,33,75,51,51,53,47,55,243,495,690,882,1095,1294,1513,1716,1934,2116,2328,2551,2750,2756,2776,2754,2747,2761,2751,2762,2745
3820,3840,3823,3809,3789,3822,3819,3808,3802,3793,3824,3816,3794,3821,3832,3793,3799,3815,3810,3836,3816,3842,3812,3783,3793,3820,3821,3800,3816,3828,3798,3810,3825,3832,3826,3833,3809,3808,3836,3822,3812,3816,3834,3771,3817,3818,3836,3802,3827,3804
3200,3201,3189,3186,3173,3146,3211,3196,3188,3195,3181,3201,3193,3191,3202,3192,3178,3185,3176,3175,3198,3187,3174,3198,3163,3201,3210,3160,3188,3189,3178,3206,3163,3193,3182,3193,3158,3179,3153,3185,3201,3168,3178,3185,3179,3155,3201,3170,3180,3195
26,15,25,23,22,23,24,20,20,25,15,14,23,9,11,32,31,18,27,28,24,21,25,26,25,12,34,36,10,25,34,28,28,13,26,23,26,15,15,21,19,21,19,20,18,21,13,25,23,14
2186,2182,2184,2184,2168,2173,2188,2190,2196,2191,2178,2169,2184,2186,2164,2176,2195,2186,2217,2178,2178,2198,2206,2159,2172,2165,2187,2174,2186,2172,2192,2158,2178,2191,2205,2169,2198,2150,2182,2199,2158,2193,2184,2171,2152,2186,2173,2198,2189,2162
60,67,43,51,35,40,52,26,49,53,44,50,35,45,56,41,37,73,42,30,29,53,56,44,44,33,61,60,28,37,61,24,48,28,42,61,49,117,166,230,344,423,516,585,730,821,952,1070,1209,1324
4083,4073,4057,4051,4046,4046,4057,4054,4093,4054,4065,4036,4063,4079,4095,4037,4051,4060,4076,4016,4059,4073,4044,4080,4080,4060,4077,4059,4070,4060,4070,4062,4068,4059,4070,4038,4070,4059,4070,4037,4057,4039,4049,4070,4076,4060,4046,4059,4038,4062
30,22,25,18,8,5,14,11,25,11,12,21,20,25,25,13,15,32,17,7,12,16,29,39,84,97,117,144,178,224,243,309,370,368,446,493,517,607,672,723,759,828,898,935,1029,1079,1173,1238,1284,1371
3872,3895,3876,3877,3903,3902,3892,3874,3884,3884,3878,3857,3888,3865,3876,3871,3905,3874,3881,3882,3892,3867,3859,3886,3884,3891,3886,3886,3880,3875,3891,3877,3889,3887,3860,3895,3866,3890,3901,3908,3920,3902,3876,3891,3878,3894,3866,3874,3884,3873
60,62,63,52,65,72,31,29,72,58,67,54,66,44,59,38,45,71,46,45,68,351,629,910,1179,1480,1769,2064,2337,2613,2905,3186,3478,3781,4067,4045,4053,4081,4070,4036,4048,4051,4054,4070,4043,4044,4059,4044,4061,4029
2822,2809,2839,2820,2815,2830,2825,2793,2828,2815,2781,2830,2828,2804,2806,2816,2789,2804,2829,2814,2833,2811,2802,2828,2852,2819,2809,2804,2805,2817,2827,2799,2825,2793,2816,2810,2814,2794,2810,2824,2808,2816,2799,2814,2822,2817,2798,2819,2822,2821
19,41,20,40,36,17,29,37,90,131,200,264,335,399,505,601,700,797,902,1024,1155,1278,1401,1527,1667,1766,1950,2090,2256,2389,2559,2687,2871,2848,2884,2851,2885,2863,2857,2864,2870,2872,2870,2878,2869,2859,2871,2858,2871,2889
44,40,47,35,67,36,36,7,42,41,40,25,44,230,437,658,828,1071,1276,1475,1677,1883,2081,2303,2288,2287,2304,2281,2289,2299,2292,2277,2307,2280,2280,2285,2287,2265,2295,2290,2273,2284,2294,2302,2288,2288,2314,2294,2285,2290
36,58,37,39,54,44,51,57,41,56,53,28,14,38,16,41,35,58,236,464,673,875,1101,1318,1498,1717,1943,2155,2338,2558,2768,2999,3187,3389,3641,3815,3840,3841,3825,3818,3834,3815,3819,3819,3855,3836,3841,3823,3816,3821
23,13,41,9,20,9,25,29,11,24,11,20,2,12,25,14,10,19,16,2,15,18,28,8,23,12,10,26,0,17,9,21,116,166,251,340,463,575,700,808,955,1114,1251,1428,1582,1751,1920,2103,2289,2478
2881,2869,2887,2878,2896,2892,2902,2880,2887,2901,2881,2873,2914,2861,2913,2869,2877,2888,2878,2872,2848,2889,2860,2863,2903,2887,2904,2901,2913,2909,2888,2886,2883,2898,2885,2855,2884,2868,2869,2866,2899,2894,2882,2899,2899,2888,2878,2873,2898,2875
2939,2920,2922,2911,2936,2925,2903,2922,2930,2939,2930,2925,2913,2922,2935,2908,2949,2917,2930,2935,2950,2932,2919,2923,2945,2918,2937,2908,2930,2907,2914,2920,2919,2954,2896,2948,2918,2908,2923,2936,2906,2925,2940,2928,2938,2938,2954,2940,2943,2941
24,0,0,15,4,0,0,39,6,0,12,0,4,0,19,10,14,4,6,0,28,8,15,14,9,42,141,225,354,484,614,757,939,1118,1324,1517,1750,1924,2168,2407,2653,2883,3140,3454,3688,3704,3693,3693,3677,3709
50,18,19,47,31,31,42,31,28,16,26,40,23,10,16,23,29,28,25,25,37,22,29,13,29,3,38,63,107,155,219,261,321,381,473,540,633,722,804,886,972,1060,1174,1287,1393,1499,1598,1734,1858,1948
58,42,53,54,69,76,64,75,49,59,48,50,50,52,53,57,62,47,50,50,57,61,44,31,45,52,69,58,57,43,57,53,60,51,52,68,51,60,133,167,182,213,273,296,356,423,442,507,570,641
27,19,31,26,23,20,36,39,27,24,17,23,9,33,11,38,32,0,46,21,22,65,73,128,163,194,249,327,385,471,525,616,714,788,878,966,1054,1170,1255,1374,1460,1594,1692,1811,1919,2053,2143,2296,2415,2563
29,12,9,24,12,26,29,18,27,17,23,21,16,6,14,32,26,10,54,34,28,10,46,42,113,171,237,347,447,538,637,759,892,1042,1167,1318,1469,1626,1792,1965,2108,2314,2510,2701,2875,2896,2877,2902,2875,2888
24,56,25,38,19,44,39,27,9,37,45,4,9,40,46,26,32,26,27,9,25,27,46,36,36,32,18,43,26,20,25,44,267,501,742,1011,1207,1484,1716,1951,2165,2447,2671,2901,3148,3383,3632,3624,3626,3631
17,20,7,23,2,38,23,28,23,25,41,29,10,16,13,36,18,0,25,39,5,0,27,7,22,32,6,25,174,286,410,591,713,874,997,1154,1260,1434,1555,1693,1861,1968,2099,2265,2387,2531,2648,2680,2674,2683
51,50,36,49,34,49,47,37,61,39,43,35,34,41,53,47,47,68,64,30,375,649,978,1287,1588,1907,2240,2509,2823,3142,3442,3771,3750,3752,3770,3748,3757,3756,3763,3767,3769,3761,3759,3767,3760,3779,3757,3761,3764,3770
22,13,0,25,46,19,29,41,44,24,0,32,49,9,8,34,32,25,37,23,22,21,34,30,40,49,39,28,29,37,30,35,36,28,27,216,414,611,794,996,1162,1379,1566,1759,1939,2143,2313,2332,2334,2327
3351,3343,3363,3356,3366,3334,3353,3368,3325,3355,3366,3336,3338,3358,3359,3386,3353,3354,3365,3337,3373,3362,3347,3352,3366,3350,3375,3349,3368,3337,3344,3341,3363,3359,3333,3360,3345,3365,3383,3370,3360,3346,3344,3350,3338,3353,3378,3358,3327,3357
2765,2777,2752,2772,2793,2752,2773,2763,2754,2751,2767,2750,2752,2744,2786,2748,2762,2765,2747,2770,2769,2760,2740,2771,2763,2763,2774,2762,2778,2789,2763,2739,2774,2762,2773,2785,2766,2781,2755,2759,2755,2754,2757,2755,2765,2772,2756,2760,2740,2775
2089,2094,2114,2121,2106,2102,2090,2095,2075,2115,2116,2093,2092,2082,2097,2074,2117,2074,2089,2086,2086,2084,2115,2090,2105,2111,2096,2102,2111,2094,2093,2122,2095,2090,2112,2098,2099,2105,2086,2085,2089,2083,2106,2086,2089,2099,2098,2089,2083,2078
58,27,7,40,42,31,42,48,41,45,19,29,32,24,33,134,229,354,427,528,657,743,849,943,1023,1133,1225,1337,1423,1531,1640,1730,1826,1920,2027,2035,2034,2074,2032,2028,2057,2016,2045,2031,2022,2028,2025,2030,2051,2026
3353,3387,3395,3403,3370,3369,3363,3392,3393,3365,3388,3361,3361,3369,3394,3388,3358,3380,3362,3366,3399,3392,3365,3390,3366,3407,3392,3378,3363,3371,3366,3382,3360,3393,3383,3372,3368,3351,3362,3394,3400,3397,3397,3371,3348,3382,3386,3400,3341,3372
7,7,9,31,18,50,0,28,5,13,16,33,12,34,0,18,12,7,28,0,19,28,14,0,0,32,4,22,39,11,0,21,19,0,216,435,644,859,1076,1305,1496,1710,1938,2140,2363,2578,2791,3008,3231,3439
22,31,55,30,59,46,31,43,42,31,18,28,33,45,59,59,43,40,43,31,42,30,34,34,49,56,36,50,26,65,151,227,324,422,548,724,870,1013,1171,1352,1555,1725,1952,2125,2345,2585,2812,3025,3277,3294
45,67,50,56,65,67,53,85,63,56,62,56,59,50,58,54,63,47,38,47,58,59,65,53,50,61,182,336,456,594,715,867,983,1117,1229,1386,1533,1656,1782,1929,2068,2204,2355,2452,2610,2736,2715,2747,2742,2734
24,7,41,2,2,14,35,0,0,5,0,17,13,20,0,9,19,11,15,32,10,19,44,72,117,159,165,214,293,303,351,441,482,587,611,685,739,819,894,955,1040,1109,1181,1262,1357,1431,1529,1606,1612,1609
23,48,25,51,41,49,37,46,70,49,28,24,52,31,45,57,18,35,223,403,610,777,958,1142,1314,1506,1659,1873,2055,2205,2411,2602,2800,2959,3127,3313,3520,3697,3849,4045,4046,4054,4049,4065,4054,4045,4043,4040,4039,4061
21,16,11,19,32,17,8,24,6,18,22,17,9,33,32,29,8,39,30,36,29,84,142,174,220,312,370,429,520,620,685,787,897,999,1093,1183,1317,1448,1538,1667,1776,1924,2066,2167,2326,2481,2611,2749,2891,3056
2209,2240,2215,2225,2227,2223,2229,2212,2208,2221,2221,2206,2219,2194,2221,2218,2226,2230,2218,2225,2208,2201,2204,2211,2206,2215,2210,2211,2210,2221,2206,2203,2222,2205,2226,2227,2208,2221,2203,2225,2206,2241,2206,2191,2176,2176,2210,2229,2196,2209
8,0,12,0,16,22,8,8,20,2,3,10,149,298,445,607,743,907,1069,1196,1338,1522,1655,1815,1949,2119,2260,2418,2551,2716,2867,2869,2893,2886,2880,2857,2869,2870,2875,2858,2878,2888,2854,2887,2860,2870,2877,2887,2878,2866
14,17,14,22,16,22,18,7,20,33,31,28,17,10,20,28,19,30,37,22,5,23,29,14,17,13,16,21,19,32,25,17,48,35,17,27,159,309,478,597,767,879,1066,1173,1345,1499,1669,1657,1662,1645
57,52,74,65,44,46,45,61,56,55,40,56,43,56,71,45,56,61,39,51,21,25,57,58,55,69,32,49,68,190,349,472,652,797,963,1118,1274,1417,1579,1727,1864,2030,2190,2194,2221,2178,2183,2173,2198,2180
0,17,7,0,0,3,5,123,253,365,486,624,717,852,980,1087,1215,1364,1451,1564,1693,1837,1943,2030,2180,2299,2314,2304,2310,2305,2287,2311,2320,2313,2304,2281,2302,2298,2313,2325,2300,2312,2295,2282,2309,2310,2299,2320,2294,2321
3360,3377,3375,3375,3364,3364,3345,3382,3356,3362,3382,3379,3368,3365,3368,3370,3382,3386,3356,3361,3356,3382,3357,3331,3383,3351,3362,3361,3381,3370,3380,3374,3384,3386,3374,3389,3382,3387,3387,3356,3387,3375,3385,3392,3362,3346,3352,3360,3382,3400
24,17,12,26,29,25,9,26,19,11,18,16,20,21,30,28,10,21,12,6,27,16,25,24,30,24,25,12,21,21,16,17,21,22,20,16,12,22,21,24,21,26,13,24,14,25,23,19,10,17
27,23,21,23,45,34,24,43,32,10,23,31,42,21,37,17,30,14,30,18,26,19,16,31,36,20,26,13,23,41,309,578,845,1126,1436,1720,1989,2298,2556,2820,3106,3427,3676,3666,3662,3677,3659,3686,3688,3677
2330,2320,2349,2333,2342,2316,2322,2317,2321,2305,2308,2337,2314,2331,2331,2293,2350,2333,2321,2323,2336,2311,2335,2299,2300,2325,2333,2308,2320,2342,2324,2319,2324,2344,2319,2355,2303,2334,2332,2317,2329,2303,2319,2298,2343,2311,2324,2323,2339,2317
4028,4043,4041,4061,4033,4016,4040,4041,4025,4006,4025,4025,4056,4025,4003,4019,4022,4023,4027,4032,4036,4031,4032,4039,4033,4031,4026,4015,4028,4045,4033,4033,4030,4039,4014,4026,4019,4035,4031,4035,3998,4032,4031,4035,4030,4029,4031,4026,4049,4024
49,48,34,64,48,39,17,45,27,44,34,36,36,41,36,52,48,44,81,138,189,233,322,367,450,569,647,707,809,921,995,1119,1217,1325,1444,1562,1702,1811,1954,2064,2196,2359,2339,2367,2346,2328,2358,2346,2356,2340
44,39,53,67,70,33,57,62,31,53,54,47,79,167,266,376,500,603,712,815,943,1047,1140,1266,1374,1481,1613,1706,1726,1693,1717,1712,1699,1723,1714,1703,1707,1714,1721,1710,1707,1695,1731,1712,1697,1733,1716,1707,1706,1691
3022,3011,3031,3017,3023,3024,2996,3000,3012,3036,3039,3015,3002,3029,3008,3025,3027,2988,3030,3031,3028,3032,3005,2999,3005,3000,3012,3045,3015,3037,3018,3014,3015,3019,3029,3031,2997,3000,3015,3013,3040,3013,3019,2992,3023,2987,3010,3017,3020,3018
45,46,44,51,44,40,46,45,50,41,47,48,36,46,29,39,33,43,43,53,50,34,32,51,46,43,37,35,44,49,37,49,49,50,43,50,51,52,42,50,55,55,52,46,43,49,43,47,61,49
27,35,47,52,33,69,50,40,25,46,33,61,46,37,37,17,59,351,683,1013,1311,1648,1943,2287,2583,2905,3253,3576,3888,3914,3890,3871,3889,3878,3894,3883,3877,3888,3890,3874,3883,3882,3893,3865,3883,3889,3890,3890,3873,3887
52,55,46,62,48,42,53,48,45,51,57,58,52,48,51,56,56,55,58,44,61,59,45,52,53,53,45,59,44,47,51,55,51,52,46,51,52,42,48,45,52,54,58,53,48,40,44,51,49,51
45,44,45,49,35,28,54,50,43,35,42,79,112,118,172,209,239,301,335,394,433,497,573,631,679,751,792,873,934,1010,1095,1165,1249,1330,1403,1481,1575,1647,1751,1848,1812,1823,1847,1854,1833,1838,1836,1835,1843,1837
2210,2219,2204,2199,2203,2204,2216,2231,2227,2226,2221,2190,2221,2211,2210,2213,2201,2199,2224,2225,2218,2227,2185,2233,2231,2211,2205,2214,2197,2188,2215,2208,2228,2199,2189,2213,2218,2215,2196,2214,2224,2219,2198,2211,2230,2187,2210,2239,2217,2225
8,0,31,36,14,0,13,3,12,93,162,261,340,441,515,605,673,779,846,928,997,1083,1159,1256,1348,1408,1505,1585,1581,1561,1574,1560,1575,1552,1568,1586,1574,1571,1573,1571,1589,1590,1583,1576,1587,1566,1595,1604,1557,1576
24,34,33,30,29,34,30,23,39,29,12,31,32,27,21,40,20,23,21,27,46,20,36,31,23,29,28,34,41,34,37,23,27,32,22,24,22,29,27,28,25,29,21,24,33,27,27,36,34,32
1922,1917,1912,1911,1938,1926,1941,1903,1913,1916,1933,1912,1919,1931,1914,1906,1901,1921,1929,1927,1931,1935,1921,1941,1907,1928,1907,1930,1926,1911,1928,1914,1924,1902,1910,1931,1916,1912,1912,1895,1925,1936,1923,1946,1911,1923,1932,1910,1927,1891
8,5,19,10,17,16,0,30,18,19,1,11,22,24,21,128,220,313,432,531,623,737,835,941,1048,1166,1257,1365,1452,1563,1662,1763,1873,1878,1869,1861,1873,1878,1876,1833,1869,1856,1871,1882,1870,1877,1867,1878,1869,1844
36,23,32,53,42,49,28,34,42,45,59,55,41,63,51,28,40,25,34,31,21,53,37,14,19,163,296,401,497,632,734,883,969,1103,1208,1376,1484,1597,1695,1850,1933,2049,2151,2284,2305,2302,2308,2324,2288,2315
3095,3121,3088,3104,3073,3120,3133,3112,3108,3128,3102,3095,3105,3103,3103,3116,3086,3105,3106,3115,3110,3123,3125,3093,3103,3076,3103,3129,3081,3122,3089,3117,3106,3091,3093,3095,3139,3073,3115,3083,3094,3087,3102,3084,3104,3100,3116,3113,3121,3122
3243,3253,3265,3251,3271,3223,3260,3259,3267,3246,3252,3270,3295,3248,3265,3263,3257,3267,3283,3286,3270,3274,3272,3238,3266,3264,3263,3256,3256,3241,3281,3272,3271,3266,3248,3270,3263,3262,3263,3248,3244,3289,3234,3234,3274,3235,3261,3259,3281,3264
53,65,48,46,54,57,52,59,55,67,52,82,50,48,47,74,57,62,49,81,51,37,49,64,357,656,946,1233,1540,1801,2133,2410,2697,2982,3303,3268,3308,3290,3305,3323,3290,3299,3294,3309,3294,3284,3282,3297,3285,3278
3607,3555,3585,3586,3598,3564,3589,3581,3604,3553,3579,3569,3581,3597,3548,3575,3574,3582,3591,3571,3563,3559,3570,3555,3567,3558,3574,3545,3582,3559,3571,3550,3558,3584,3546,3553,3578,3558,3562,3556,3596,3559,3604,3540,3567,3561,3554,3570,3558,3562
36,31,73,53,34,43,49,47,64,169,268,380,494,599,718,825,936,1053,1164,1284,1391,1493,1607,1739,1829,1973,1968,1955,1974,1940,1952,1956,1956,1947,1938,1959,1960,1963,1942,1945,1958,1958,1933,1981,1973,1954,1951,1950,1954,1960
36,0,0,13,28,21,32,25,0,26,24,40,7,3,6,28,6,27,3,8,11,3,18,0,3,5,13,24,40,8,22,2,174,320,471,619,771,911,1056,1232,1371,1533,1672,1823,1987,2131,2298,2447,2598,2730
3490,3466,3473,3498,3510,3486,3520,3488,3495,3500,3478,3481,3475,3464,3463,3478,3485,3472,3473,3481,3481,3477,3484,3469,3476,3473,3495,3487,3507,3465,3487,3463,3498,3474,3498,3468,3480,3484,3496,3473,3499,3472,3497,3471,3486,3467,3462,3473,3478,3507
3776,3787,3763,3794,3783,3796,3761,3783,3786,3798,3788,3783,3745,3783,3762,3753,3784,3771,3790,3761,3760,3771,3764,3775,3773,3750,3787,3784,3773,3741,3794,3770,3770,3772,3763,3785,3786,3757,3803,3748,3772,3761,3764,3782,3788,3760,3764,3740,3759,3788
11,0,33,4,28,33,0,17,25,13,4,3,6,25,115,181,286,396,497,568,684,775,885,962,1060,1164,1260,1387,1458,1566,1648,1734,1848,1925,2042,2054,2033,2035,2040,2056,2038,2031,2011,2040,2049,2021,2048,2043,2043,2044
2313,2318,2323,2289,2299,2315,2309,2314,2302,2280,2305,2298,2294,2336,2313,2327,2282,2302,2301,2316,2291,2287,2307,2307,2274,2290,2317,2291,2294,2276,2302,2303,2317,2275,2323,2306,2290,2309,2291,2293,2269,2301,2323,2286,2304,2310,2300,2340,2282,2317
33,58,41,27,34,22,21,24,20,17,36,27,38,139,230,361,441,576,673,793,895,983,1118,1215,1316,1420,1504,1509,1542,1535,1514,1516,1539,1530,1531,1537,1543,1515,1529,1540,1535,1536,1532,1505,1515,1515,1518,1505,1518,1508
37,49,17,41,46,44,50,43,36,33,45,17,24,51,17,30,357,649,976,1291,1593,1903,2255,2563,2858,3168,3479,3797,3791,3782,3794,3798,3792,3794,3785,3790,3806,3804,3795,3798,3797,3814,3819,3793,3799,3779,3786,3787,3794,3779
3577,3541,3568,3554,3561,3571,3574,3590,3577,3565,3547,3618,3549,3593,3539,3561,3565,3589,3563,3559,3585,3556,3579,3541,3546,3561,3550,3581,3582,3583,3585,3564,3562,3573,3562,3570,3583,3565,3581,3571,3582,3563,3550,3565,3546,3575,3564,3571,3545,3556
2940,2951,2951,2945,2934,2937,2950,2961,2958,2905,2953,2942,2947,2952,2950,2937,2949,2947,2918,2920,2926,2927,2934,2933,2952,2956,2942,2914,2934,2948,2922,2926,2963,2945,2940,2970,2942,2939,2937,2930,2910,2930,2928,2936,2959,2931,2947,2937,2947,2964
3240,3227,3256,3240,3221,3262,3230,3238,3237,3227,3226,3222,3248,3227,3228,3247,3215,3249,3232,3242,3245,3247,3221,3230,3225,3195,3251,3210,3246,3213,3235,3228,3235,3215,3221,3203,3212,3231,3246,3209,3232,3229,3249,3237,3241,3213,3245,3239,3214,3241
3340,3359,3355,3324,3327,3326,3335,3320,3320,3319,3328,3353,3337,3348,3337,3338,3348,3361,3374,3350,3353,3319,3347,3328,3347,3328,3337,3350,3368,3346,3365,3329,3341,3344,3348,3345,3333,3353,3341,3331,3347,3350,3341,3346,3335,3324,3315,3343,3350,3311
14,44,36,37,28,55,42,20,56,32,43,38,37,31,21,5,13,18,24,20,53,34,25,44,29,53,17,3,43,93,149,215,274,384,479,583,683,797,886,1030,1137,1289,1421,1557,1718,1852,2007,2194,2354,2508
0,2,24,11,31,37,18,27,18,17,32,21,36,94,124,200,281,349,441,540,649,748,864,960,1103,1221,1355,1462,1635,1798,1955,2071,2240,2414,2560,2739,2737,2709,2714,2716,2705,2719,2743,2739,2734,2748,2703,2734,2730,2692
8,23,11,23,23,27,23,289,563,860,1125,1405,1657,1951,2217,2488,2758,3044,3054,3033,3051,3022,3049,3023,3059,3046,3037,3041,3048,3051,3052,3052,3021,3023,3056,3013,3060,3051,3039,3030,3049,3027,3066,3049,3031,3028,3064,3039,3044,3032
14,13,37,8,14,12,13,38,48,33,58,110,176,243,308,403,514,629,734,831,978,1125,1239,1399,1547,1689,1868,2048,2201,2364,2543,2720,2893,3092,3297,3501,3498,3479,3477,3494,3471,3487,3485,3488,3479,3465,3485,3506,3508,3500
42,53,51,64,52,17,66,59,37,63,59,46,53,46,31,49,60,60,78,40,44,67,66,62,50,47,43,49,31,33,59,68,119,192,259,364,447,559,666,779,931,1053,1189,1348,1494,1650,1792,1970,2136,2312
3359,3382,3375,3376,3385,3387,3402,3391,3393,3403,3387,3376,3367,3393,3390,3354,3384,3392,3391,3369,3409,3372,3386,3390,3392,3376,3415,3378,3371,3389,3402,3404,3388,3378,3395,3370,3384,3411,3410,3410,3376,3395,3395,3362,3373,3390,3385,3390,3409,3382
18,5,26,12,33,32,17,27,24,32,26,21,20,10,8,10,20,18,10,28,0,18,4,21,37,1,4,132,232,326,425,546,662,765,863,957,1081,1191,1272,1381,1485,1601,1692,1816,1928,2018,2109,2248,2220,2236
3373,3373,3399,3413,3379,3372,3389,3376,3401,3369,3393,3411,3408,3371,3377,3369,3401,3393,3404,3383,3405,3414,3394,3406,3411,3406,3369,3395,3385,3388,3392,3384,3390,3363,3382,3382,3403,3382,3385,3390,3386,3396,3414,3367,3383,3406,3398,3382,3382,3395
2915,2940,2942,2922,2926,2891,2927,2918,2907,2957,2924,2942,2927,2938,2921,2935,2939,2930,2915,2917,2912,2922,2924,2915,2884,2958,2954,2896,2911,2919,2922,2928,2914,2914,2903,2925,2919,2915,2876,2929,2911,2907,2936,2946,2924,2917,2930,2909,2912,2917
3522,3495,3477,3551,3504,3491,3504,3524,3503,3514,3509,3530,3500,3504,3519,3541,3500,3509,3527,3511,3522,3504,3545,3538,3529,3500,3515,3522,3506,3507,3497,3491,3511,3514,3508,3510,3513,3496,3520,3505,3516,3530,3493,3510,3501,3513,3495,3493,3512,3503
47,42,56,43,26,43,34,33,59,34,39,28,41,46,160,287,380,516,614,694,827,926,1049,1162,1274,1405,1516,1643,1727,1873,1949,2002,1968,1980,1944,1978,1978,1982,1966,1958,1959,1970,1981,1978,1981,1977,1968,1986,1986,1993
3437,3456,3436,3471,3480,3443,3471,3431,3482,3457,3455,3429,3460,3441,3465,3450,3439,3433,3441,3450,3432,3460,3422,3434,3452,3440,3464,3452,3452,3478,3455,3420,3461,3450,3475,3458,3428,3471,3454,3440,3444,3434,3454,3424,3458,3457,3462,3469,3449,3440
3238,3233,3245,3212,3258,3263,3214,3233,3244,3250,3275,3308,3234,3250,3258,3238,3241,3249,3233,3233,3229,3226,3236,3259,3252,3245,3248,3231,3247,3211,3234,3238,3226,3236,3251,3226,3239,3242,3237,3217,3247,3245,3234,3237,3240,3260,3257,3223,3223,3234
3361,3371,3353,3368,3361,3364,3367,3363,3346,3376,3379,3349,3362,3383,3340,3350,3347,3350,3373,3368,3361,3385,3365,3360,3370,3362,3344,3377,3345,3358,3352,3361,3398,3368,3361,3378,3372,3362,3343,3351,3356,3374,3343,3351,3372,3368,3376,3369,3358,3388
3818,3805,3815,3841,3840,3824,3825,3811,3829,3815,3813,3808,3837,3823,3792,3874,3826,3799,3831,3840,3835,3830,3817,3805,3821,3838,3822,3815,3825,3817,3819,3834,3827,3829,3784,3816,3817,3839,3819,3831,3799,3816,3815,3837,3817,3797,3822,3825,3834,3823
22,19,13,20,15,25,19,4,15,17,0,0,9,36,15,17,33,17,8,0,25,22,17,60,98,169,266,352,467,587,707,834,988,1156,1287,1441,1628,1804,1983,2165,2347,2538,2747,2967,3183,3395,3642,3845,3849,3830
15,11,14,31,13,7,21,21,24,25,19,22,0,1,2,18,21,3,5,31,1,2,41,87,208,264,383,482,601,753,872,1051,1204,1343,1535,1713,1910,2072,2274,2491,2698,2914,3142,3368,3370,3352,3360,3366,3357,3351
46,20,34,32,37,49,31,34,103,135,198,257,332,411,477,572,666,772,849,962,1062,1176,1313,1415,1547,1692,1829,1951,2092,2229,2373,2528,2669,2808,2993,2968,2989,2993,2965,2950,2981,2983,2983,2993,2973,2984,2970,2983,2945,2964
2504,2496,2502,2504,2480,2477,2484,2476,2474,2468,2510,2512,2488,2485,2492,2499,2487,2489,2497,2496,2481,2485,2492,2487,2503,2484,2486,2484,2502,2518,2476,2526,2507,2501,2490,2481,2491,2489,2513,2499,2494,2495,2502,2509,2481,2495,2489,2493,2503,2495
0,0,16,24,21,7,16,6,23,19,7,4,12,17,21,5,2,3,31,29,7,27,23,3,26,21,12,14,0,22,14,0,32,28,32,18,35,43,61,94,153,219,244,240,317,339,431,485,545,606
42,44,44,47,56,33,59,52,43,37,68,36,46,68,120,195,280,376,467,563,681,805,937,1083,1203,1350,1528,1699,1880,1998,2196,2370,2581,2785,2964,3162,3380,3566,3780,3790,3781,3803,3783,3793,3761,3774,3791,3783,3755,3782
43,30,54,37,30,32,51,45,39,43,39,64,42,20,26,41,39,55,55,18,17,33,49,52,28,45,111,130,188,230,295,385,469,543,634,733,803,906,1031,1110,1232,1357,1451,1581,1706,1833,1955,2097,2230,2252
1564,1579,1616,1564,1571,1600,1601,1559,1572,1578,1560,1555,1596,1582,1595,1574,1585,1587,1562,1562,1559,1581,1574,1604,1565,1581,1560,1566,1610,1580,1568,1563,1572,1560,1580,1584,1592,1589,1587,1608,1562,1579,1576,1578,1555,1577,1570,1557,1591,1588
11,0,29,18,23,0,10,12,0,14,18,26,6,12,11,26,2,12,10,13,31,11,35,22,7,17,74,138,178,283,374,439,541,628,779,892,1021,1140,1262,1411,1547,1679,1847,2006,2154,2162,2156,2158,2175,2140
43,40,51,37,58,43,20,55,51,44,35,60,23,48,49,54,40,60,43,64,60,48,62,49,48,60,57,52,49,53,61,109,128,139,208,220,286,331,397,445,499,564,605,698,767,839,913,999,1078,1142
19,14,11,7,18,28,17,19,7,24,3,0,8,2,13,98,134,223,282,379,493,627,729,849,984,1116,1254,1399,1582,1701,1869,2021,2225,2379,2553,2735,2941,3135,3304,3523,3737,3893,3916,3934,3926,3934,3916,3934,3926,3929
51,57,46,30,56,49,35,52,52,30,39,54,61,97,132,134,187,263,281,372,406,482,556,622,676,789,861,930,1008,1104,1186,1291,1373,1470,1565,1660,1764,1901,1978,2108,2200,2294,2310,2337,2291,2323,2310,2321,2306,2313
8,0,4,28,20,0,23,9,2,0,0,14,5,30,14,18,2,16,2,7,48,0,18,36,33,193,404,557,776,934,1122,1324,1501,1688,1854,2058,2257,2442,2631,2811,2999,3181,3357,3561,3546,3566,3518,3546,3563,3570
55,47,72,46,36,34,35,27,284,507,761,985,1246,1473,1746,1946,2174,2435,2668,2906,3144,3404,3357,3388,3396,3395,3411,3391,3397,3379,3424,3382,3432,3387,3380,3379,3406,3393,3400,3382,3384,3398,3420,3394,3404,3399,3407,3384,3391,3414
50,52,21,32,30,32,18,31,23,46,51,29,34,15,11,20,25,21,49,27,24,42,36,29,40,18,29,38,10,41,35,2,21,4,23,55,104,121,142,200,243,291,344,402,455,505,589,636,693,760
39,26,37,33,55,56,37,30,33,38,32,23,27,43,50,20,50,41,62,31,41,53,39,34,59,35,46,41,39,67,102,139,165,226,301,357,435,500,575,646,761,869,935,1036,1171,1258,1366,1454,1596,1719
29,45,33,35,23,25,40,27,30,47,32,51,27,64,42,68,11,37,19,13,28,8,45,72,85,155,189,262,331,367,448,524,572,660,764,854,924,1038,1100,1200,1306,1415,1532,1638,1748,1858,1970,2072,2079,2072
3728,3715,3744,3738,3710,3713,3727,3736,3704,3724,3735,3697,3701,3737,3716,3726,3736,3725,3718,3696,3733,3719,3710,3725,3713,3755,3725,3715,3753,3722,3720,3716,3703,3698,3728,3724,3703,3713,3709,3723,3704,3692,3732,3746,3738,3727,3724,3710,3729,3720
23,27,29,24,31,9,7,7,32,26,22,29,11,44,24,39,37,30,43,35,4,23,30,37,37,5,51,8,34,44,14,250,463,690,896,1102,1339,1557,1753,1992,2196,2395,2641,2848,3059,3288,3514,3706,3719,3721
20,37,16,31,34,41,33,34,44,35,29,22,41,102,159,229,322,403,506,597,721,822,947,1095,1219,1378,1514,1669,1808,1997,2118,2311,2483,2487,2488,2494,2477,2472,2493,2465,2495,2469,2493,2487,2495,2461,2470,2480,2481,2489
36,23,61,56,28,29,54,26,46,63,126,213,333,413,550,674,789,944,1085,1267,1454,1614,1795,1965,2212,2373,2621,2832,3042,3250,3502,3752,3755,3740,3749,3768,3738,3748,3760,3733,3754,3744,3745,3729,3774,3732,3736,3741,3755,3736
33,39,49,28,21,41,24,27,35,52,33,22,21,51,50,19,40,21,24,32,44,25,26,33,17,28,35,29,24,59,44,33,20,57,184,326,439,597,713,857,1002,1135,1295,1429,1540,1699,1816,1812,1825,1818
1712,1738,1706,1697,1741,1710,1687,1682,1720,1682,1700,1687,1701,1723,1732,1728,1707,1714,1710,1720,1725,1718,1702,1706,1691,1698,1735,1691,1697,1714,1699,1698,1722,1719,1694,1699,1698,1693,1710,1735,1735,1720,1702,1728,1709,1700,1701,1714,1716,1692
5,0,22,40,7,27,13,29,24,238,460,652,838,1084,1274,1488,1693,1927,2112,2317,2547,2753,2939,3186,3417,3598,3795,3824,3816,3809,3799,3815,3799,3825,3817,3820,3819,3799,3813,3803,3810,3799,3812,3811,3812,3801,3797,3791,3806,3815
3383,3368,3348,3352,3356,3370,3363,3355,3362,3368,3358,3358,3357,3371,3370,3350,3380,3347,3346,3367,3334,3388,3379,3339,3365,3382,3347,3346,3379,3352,3373,3347,3368,3354,3368,3362,3342,3380,3363,3357,3340,3353,3352,3341,3375,3336,3373,3356,3341,3374
1899,1888,1874,1891,1869,1879,1866,1865,1864,1854,1884,1892,1858,1869,1883,1895,1879,1897,1903,1875,1914,1896,1886,1856,1880,1904,1845,1906,1887,1887,1853,1890,1897,1893,1884,1893,1891,1861,1886,1861,1884,1872,1890,1878,1890,1873,1881,1880,1856,1891
26,64,34,68,57,75,58,47,65,51,52,39,38,67,38,60,47,50,37,60,42,38,36,40,39,39,65,25,56,42,55,40,293,525,755,987,1246,1474,1678,1942,2165,2390,2593,2885,3081,3345,3582,3834,4040,4028
28,18,9,18,16,16,37,20,14,2,21,18,21,36,30,0,18,15,17,80,107,179,211,300,372,444,537,613,716,821,894,1022,1126,1253,1345,1485,1604,1739,1865,1978,2119,2266,2413,2545,2714,2841,3014,3159,3324,3488
41,45,49,59,43,45,55,68,37,49,60,29,36,42,42,47,28,48,45,33,29,47,16,25,54,8,34,32,23,35,70,334,628,910,1180,1446,1752,2047,2313,2608,2888,3164,3469,3489,3461,3484,3471,3477,3472,3466
44,34,46,28,43,23,49,34,46,54,41,31,0,39,59,26,13,42,29,32,22,29,39,38,19,34,34,49,28,33,38,331,603,906,1210,1525,1810,2099,2388,2703,3012,3288,3601,3887,3872,3880,3876,3893,3883,3882
2268,2261,2241,2286,2243,2259,2251,2247,2255,2263,2248,2229,2234,2268,2257,2250,2252,2242,2262,2285,2250,2273,2239,2256,2262,2225,2251,2274,2258,2260,2276,2240,2240,2252,2282,2251,2277,2247,2262,2245,2251,2261,2243,2282,2267,2264,2251,2250,2286,2244
2802,2830,2836,2860,2865,2834,2834,2827,2824,2822,2848,2854,2818,2833,2800,2844,2845,2816,2831,2810,2839,2846,2829,2841,2850,2828,2830,2842,2817,2851,2858,2828,2842,2853,2848,2847,2821,2845,2839,2841,2848,2857,2810,2828,2810,2834,2841,2836,2833,2840
27,20,12,15,15,15,15,13,23,26,33,0,0,1,23,25,5,66,124,193,248,300,405,491,569,667,768,879,989,1095,1222,1339,1471,1602,1764,1888,2014,2161,2315,2468,2619,2789,2955,3114,3107,3102,3093,3132,3110,3107
14,35,29,2,32,51,37,13,15,11,29,21,37,30,23,36,40,35,29,33,19,54,35,43,39,25,23,32,46,8,32,43,251,450,645,873,1080,1280,1482,1696,1926,2134,2346,2528,2744,2950,3199,3369,3581,3788
4071,4095,4074,4092,4089,4069,4067,4069,4050,4082,4075,4071,4074,4085,4056,4067,4061,4048,4066,4067,4057,4073,4082,4073,4049,4088,4081,4059,4081,4045,4082,4095,4095,4061,4088,4070,4072,4063,4058,4068,4074,4067,4062,4050,4070,4073,4051,4077,4069,4078
2550,2535,2561,2526,2525,2537,2542,2558,2555,2546,2547,2573,2555,2539,2548,2530,2530,2553,2554,2514,2563,2533,2553,2523,2551,2560,2557,2572,2544,2536,2532,2544,2530,2540,2562,2571,2539,2568,2540,2562,2551,2576,2567,2533,2536,2545,2532,2523,2551,2562
23,25,18,27,35,22,16,20,16,35,30,91,172,240,319,378,456,531,601,671,722,803,876,960,1023,1105,1168,1250,1322,1390,1477,1523,1510,1517,1507,1528,1546,1530,1537,1517,1521,1528,1533,1534,1517,1539,1521,1523,1532,1535
3182,3172,3201,3172,3205,3188,3189,3203,3170,3165,3200,3174,3167,3177,3180,3163,3165,3165,3185,3153,3186,3153,3189,3178,3193,3184,3163,3154,3140,3177,3164,3177,3195,3209,3186,3203,3151,3170,3166,3196,3150,3166,3193,3187,3144,3171,3166,3187,3160,3171
2182,2202,2185,2194,2155,2178,2169,2216,2174,2184,2179,2216,2197,2199,2200,2181,2186,2208,2159,2183,2177,2166,2170,2166,2199,2207,2168,2194,2205,2170,2176,2171,2182,2168,2196,2170,2177,2171,2202,2186,2179,2178,2181,2176,2199,2177,2194,2153,2188,2173
22,0,2,23,25,7,14,10,25,19,38,15,21,37,0,11,30,28,0,20,23,3,8,26,0,18,23,0,25,10,9,16,10,39,11,102,235,354,455,590,695,820,949,1048,1175,1281,1394,1508,1479,1518
2082,2066,2076,2087,2112,2088,2081,2083,2114,2053,2085,2063,2086,2122,2098,2103,2083,2061,2098,2094,2088,2098,2121,2081,2064,2081,2078,2071,2091,2080,2080,2109,2093,2080,2107,2078,2057,2102,2076,2097,2106,2070,2097,2096,2089,2068,2097,2058,2097,2078
1752,1777,1756,1744,1733,1736,1735,1755,1755,1750,1739,1733,1759,1744,1737,1750,1743,1734,1781,1756,1717,1761,1745,1737,1754,1724,1746,1739,1711,1742,1740,1730,1760,1733,1728,1745,1742,1750,1757,1720,1753,1727,1727,1700,1750,1733,1742,1775,1753,1730
34,11,17,5,41,21,0,23,4,27,31,72,101,133,220,303,333,415,466,590,688,757,854,964,1045,1151,1275,1422,1506,1629,1761,1747,1734,1763,1736,1748,1746,1739,1744,1736,1744,1744,1744,1730,1781,1743,1744,1744,1749,1736
2136,2106,2106,2139,2106,2140,2101,2122,2129,2115,2151,2105,2132,2141,2131,2142,2142,2136,2139,2114,2095,2127,2142,2130,2138,2113,2123,2127,2129,2141,2119,2126,2145,2127,2124,2128,2131,2142,2102,2102,2142,2126,2121,2122,2139,2138,2140,2118,2131,2150
66,40,60,45,39,41,38,45,74,44,48,57,72,34,42,56,24,73,45,43,43,63,47,55,64,55,29,62,32,58,65,52,56,60,74,116,158,223,310,390,454,579,670,772,879,998,1131,1249,1364,1514
28,33,17,11,23,30,28,48,39,39,10,27,19,30,29,13,37,50,38,15,39,36,27,33,13,204,392,587,778,980,1167,1379,1556,1736,1922,2121,2317,2502,2693,2887,3084,3269,3448,3654,3848,3833,3852,3835,3819,3844
56,63,41,66,50,71,71,75,55,54,47,61,59,73,91,73,58,52,68,42,60,46,85,60,397,752,1117,1475,1807,2153,2479,2856,3225,3574,3542,3559,3573,3561,3557,3542,3565,3557,3559,3543,3534,3548,3565,3565,3546,3552
4070,4068,4065,4054,4032,4073,4063,4081,4069,4075,4061,4066,4042,4057,4082,4050,4067,4085,4071,4076,4049,4087,4047,4056,4074,4077,4051,4061,4075,4068,4058,4075,4078,4094,4060,4065,4056,4076,4077,4047,4071,4092,4079,4059,4070,4079,4068,4087,4040,4047
43,32,6,25,38,13,36,24,4,35,32,5,23,28,30,13,28,18,16,40,25,36,29,224,394,595,773,962,1115,1307,1470,1663,1860,2046,2233,2396,2582,2777,2941,3132,3152,3129,3146,3118,3133,3155,3126,3138,3126,3151
3956,3975,3988,3976,3964,3949,3926,3941,3980,3947,3975,3984,3958,3955,3950,3943,3941,3964,3946,3948,3949,3957,3934,3957,3943,3939,3929,3941,3956,3952,3953,3971,3960,3955,3943,3940,3966,3965,3946,3955,3977,3960,3936,3943,3962,3953,3971,3969,3956,3964
8,38,16,44,40,12,9,30,37,9,28,19,28,36,30,10,26,41,20,15,22,22,5,19,27,43,36,28,51,104,119,196,264,343,423,532,624,723,832,927,1037,1190,1287,1447,1539,1710,1824,1959,2114,2271
73,65,74,40,48,36,34,53,32,62,51,57,52,62,47,73,43,43,59,52,73,73,53,34,51,47,62,79,69,63,82,71,67,64,234,434,582,769,929,1134,1302,1479,1656,1853,2006,2213,2394,2566,2731,2896
6,29,18,4,11,29,18,10,15,21,4,19,8,215,435,643,846,1070,1270,1478,1663,1891,2110,2316,2513,2738,2927,3142,3344,3561,3759,3769,3762,3744,3788,3769,3759,3759,3754,3764,3749,3734,3773,3764,3759,3759,3736,3749,3763,3756
40,26,26,45,39,49,21,58,44,2,30,33,48,53,36,33,2,19,24,21,240,369,563,731,906,1075,1221,1404,1573,1747,1921,2112,2276,2444,2628,2761,2960,2953,2947,2958,2962,2956,2959,2955,2958,2962,2960,2969,2933,2957
60,3,36,43,36,49,54,58,51,26,64,42,48,45,53,39,54,50,45,50,46,45,39,34,56,49,38,20,53,66,46,365,657,973,1260,1567,1891,2189,2481,2802,3074,3069,3083,3078,3079,3097,3091,3096,3106,3090
43,48,45,50,51,54,44,52,40,44,34,49,43,42,48,44,57,36,52,60,43,50,42,49,44,33,45,39,40,54,48,42,49,37,45,40,48,42,40,39,49,49,51,50,52,37,49,49,49,46
44,59,41,41,57,57,62,31,49,55,50,31,54,57,63,32,81,61,32,37,50,27,58,49,43,44,58,118,207,291,373,495,601,734,847,1009,1156,1287,1455,1652,1813,1973,2152,2355,2561,2749,2963,3178,3413,3607
12,48,40,46,26,0,13,9,49,35,26,10,45,45,33,37,29,11,26,20,21,14,36,31,19,19,31,27,13,34,0,16,33,15,15,31,50,111,177,210,253,304,375,417,506,579,643,747,806,912
0,15,13,4,8,14,22,2,3,23,24,5,25,20,5,19,10,13,27,34,5,27,25,6,18,4,16,0,24,22,22,21,16,36,18,31,24,80,76,107,126,186,206,263,307,347,395,464,488,577
20,14,11,23,23,16,10,2,10,16,13,16,17,16,13,7,16,7,20,18,13,5,9,8,8,21,8,18,18,21,15,9,6,15,14,15,14,12,16,21,13,11,14,14,4,7,14,17,23,9
50,22,65,42,60,54,35,41,66,40,15,20,38,27,269,488,780,1063,1279,1499,1755,1986,2237,2469,2502,2479,2507,2491,2493,2471,2471,2487,2477,2493,2503,2492,2489,2484,2496,2503,2483,2489,2505,2483,2482,2508,2486,2496,2491,2497
57,28,25,7,31,27,25,27,41,21,51,38,108,215,309,404,490,593,672,776,844,924,1056,1117,1214,1310,1394,1487,1581,1671,1691,1678,1681,1666,1676,1674,1696,1685,1677,1697,1697,1667,1688,1687,1661,1663,1666,1674,1701,1704
63,38,56,49,50,26,31,41,50,61,64,49,28,52,38,43,39,56,54,44,32,58,72,82,108,162,213,254,308,350,402,484,543,642,710,781,854,950,1039,1103,1213,1309,1389,1511,1584,1719,1796,1910,2010,2137
17,52,29,32,33,43,37,47,29,13,17,350,666,1003,1307,1623,1946,2264,2570,2869,3246,3553,3543,3532,3542,3536,3560,3533,3538,3565,3530,3530,3544,3550,3536,3535,3520,3540,3509,3549,3531,3532,3537,3518,3533,3558,3534,3554,3531,3540
16,36,12,7,26,27,37,75,95,163,209,252,339,394,475,534,600,706,791,860,961,1055,1157,1244,1382,1489,1597,1692,1827,1929,1936,1934,1944,1921,1934,1927,1937,1951,1947,1926,1925,1926,1954,1963,1929,1955,1931,1936,1926,1936
22,17,9,7,14,13,17,1,13,9,22,17,11,23,12,14,16,20,15,23,12,9,24,13,18,19,27,13,18,10,12,10,20,20,17,10,11,10,17,5,12,6,18,9,26,21,14,17,17,9
50,44,19,52,29,27,24,37,35,52,48,58,38,45,52,40,141,238,335,454,562,662,767,876,956,1059,1183,1261,1372,1472,1561,1706,1795,1910,2000,2095,2198,2302,2307,2319,2307,2308,2276,2333,2301,2309,2304,2324,2310,2296
3078,3085,3062,3080,3057,3100,3033,3047,3047,3072,3054,3050,3053,3048,3073,3043,3060,3056,3073,3069,3058,3050,3040,3064,3070,3021,3063,3077,3041,3065,3041,3067,3026,3067,3056,3071,3066,3028,3091,3066,3054,3078,3057,3058,3051,3083,3061,3058,3046,3078
45,28,41,21,45,24,52,44,33,50,48,17,23,60,36,35,33,19,52,26,57,14,38,28,48,32,53,144,212,294,401,456,562,648,729,813,922,996,1112,1184,1275,1368,1447,1541,1625,1704,1828,1801,1793,1813
3491,3511,3467,3508,3475,3477,3493,3489,3478,3468,3481,3468,3486,3500,3487,3489,3473,3465,3498,3483,3494,3484,3483,3492,3483,3483,3486,3491,3480,3480,3469,3505,3474,3512,3482,3446,3452,3455,3464,3497,3475,3504,3456,3470,3501,3494,3458,3475,3497,3475
61,32,88,37,53,65,51,39,49,63,48,44,86,72,53,43,57,56,59,37,55,50,39,32,53,88,106,123,200,230,295,347,423,498,569,652,736,817,897,1011,1103,1197,1286,1405,1526,1624,1728,1874,1959,2120
43,65,49,52,47,52,37,71,52,48,56,47,38,63,73,57,71,65,46,38,54,52,239,445,608,807,974,1171,1357,1513,1734,1911,2095,2258,2442,2646,2823,3028,3197,3404,3561,3556,3582,3570,3584,3591,3575,3576,3553,3554
2554,2544,2567,2557,2572,2558,2563,2554,2559,2545,2532,2551,2556,2562,2551,2549,2552,2557,2543,2557,2563,2570,2571,2541,2536,2570,2554,2553,2548,2544,2564,2560,2563,2558,2543,2565,2539,2523,2545,2568,2568,2547,2564,2526,2563,2553,2568,2535,2540,2574
57,48,34,46,59,61,44,23,41,41,29,68,44,30,33,63,35,53,42,46,56,47,49,43,45,62,48,35,33,61,49,205,401,582,744,935,1127,1298,1488,1666,1844,2043,2215,2396,2567,2752,2922,3122,3123,3123
42,36,55,40,61,28,37,34,37,44,49,34,35,24,32,52,45,55,25,31,69,48,81,124,169,205,263,328,385,473,545,629,691,782,874,986,1057,1160,1225,1352,1478,1572,1686,1776,1918,2011,2154,2270,2384,2499
37,23,24,7,29,51,22,18,34,26,34,7,53,95,120,198,270,315,429,476,581,659,736,836,965,1067,1206,1315,1427,1536,1668,1793,1913,2076,2181,2214,2217,2224,2199,2202,2203,2198,2189,2202,2206,2209,2203,2203,2226,2221
35,66,55,49,39,58,65,40,53,67,54,67,57,61,56,72,32,60,54,55,46,49,53,25,30,36,39,37,67,28,60,40,58,131,233,313,432,513,597,710,788,872,959,1081,1169,1253,1339,1436,1531,1615
40,32,39,39,32,18,74,55,27,52,43,54,88,93,137,145,205,232,255,315,370,436,503,554,603,646,724,793,886,925,1001,1067,1149,1241,1309,1386,1460,1585,1651,1758,1827,1923,1910,1897,1907,1901,1915,1897,1908,1903
12,14,11,16,13,22,16,0,18,10,5,7,359,677,1056,1372,1718,2039,2401,2726,3066,3416,3738,3751,3739,3749,3742,3774,3744,3745,3761,3736,3744,3757,3782,3746,3746,3739,3747,3754,3752,3750,3753,3741,3729,3755,3751,3754,3758,3732
2239,2246,2254,2266,2224,2227,2224,2241,2235,2223,2245,2233,2252,2249,2232,2238,2228,2218,2252,2225,2245,2262,2256,2222,2210,2254,2210,2244,2261,2267,2246,2241,2290,2260,2259,2251,2250,2248,2211,2249,2251,2237,2265,2212,2248,2211,2271,2242,2247,2249
52,55,27,38,70,47,32,47,58,41,47,59,37,60,58,43,43,26,65,50,43,59,57,49,63,91,91,131,181,207,281,308,352,409,467,529,595,644,727,798,832,936,988,1051,1154,1252,1315,1387,1497,1562
3633,3598,3600,3626,3637,3608,3609,3586,3599,3628,3602,3604,3604,3593,3600,3619,3612,3603,3614,3615,3598,3629,3601,3631,3607,3606,3616,3620,3607,3582,3628,3614,3618,3619,3641,3600,3616,3599,3627,3621,3591,3633,3576,3616,3604,3635,3638,3613,3589,3601
3177,3181,3180,3169,3158,3173,3155,3178,3199,3187,3182,3185,3173,3174,3172,3177,3194,3173,3197,3182,3180,3158,3159,3175,3135,3176,3169,3211,3196,3188,3185,3166,3157,3195,3172,3176,3162,3192,3166,3176,3183,3166,3184,3169,3177,3197,3183,3194,3154,3156
32,28,33,36,29,36,0,14,37,62,63,102,132,182,225,286,331,394,430,523,579,643,754,824,870,968,1049,1145,1247,1323,1426,1509,1649,1710,1808,1925,1941,1899,1913,1907,1891,1923,1904,1933,1925,1918,1913,1909,1936,1907
24,34,37,52,59,65,22,35,45,42,48,49,39,27,42,56,50,43,43,32,39,20,32,47,38,52,44,35,53,25,36,33,41,242,421,641,812,1019,1224,1401,1624,1810,2025,2179,2220,2193,2193,2184,2193,2206
3438,3456,3422,3431,3424,3431,3432,3434,3419,3429,3436,3441,3464,3462,3422,3440,3433,3438,3434,3438,3442,3438,3428,3440,3432,3471,3438,3427,3470,3417,3408,3442,3446,3429,3437,3440,3437,3461,3431,3429,3439,3446,3448,3464,3441,3438,3435,3449,3397,3415
29,14,17,13,2,13,15,12,3,22,15,20,8,27,9,29,0,13,10,30,154,293,439,583,753,856,1011,1162,1311,1433,1596,1732,1860,1861,1854,1843,1871,1878,1882,1872,1860,1862,1854,1855,1843,1888,1867,1882,1886,1839
9,26,38,20,27,13,18,27,220,389,581,778,966,1140,1343,1519,1731,1908,2102,2276,2453,2668,2884,2873,2869,2849,2871,2850,2885,2873,2870,2863,2860,2851,2888,2837,2859,2856,2876,2854,2858,2858,2847,2840,2837,2884,2843,2850,2859,2848
3729,3709,3717,3734,3721,3735,3737,3722,3738,3732,3698,3704,3727,3702,3736,3742,3751,3735,3732,3744,3708,3714,3740,3759,3725,3723,3687,3727,3744,3729,3695,3712,3736,3722,3734,3757,3704,3746,3725,3716,3735,3737,3752,3722,3714,3714,3733,3741,3745,3735
61,54,52,61,63,58,32,70,68,55,50,28,45,51,40,52,68,48,45,87,82,129,151,179,245,290,337,380,438,485,565,617,714,765,834,892,986,1058,1136,1243,1297,1414,1512,1581,1648,1764,1847,1980,2089,2040
31,26,41,39,39,33,36,232,396,595,798,962,1127,1333,1517,1696,1882,2089,2258,2450,2631,2820,3004,3183,3200,3198,3203,3246,3196,3193,3200,3220,3194,3199,3205,3197,3208,3194,3201,3223,3211,3203,3206,3202,3202,3198,3211,3203,3204,3233
2,28,40,27,31,31,32,27,17,34,27,40,44,5,37,0,29,36,18,33,13,340,620,902,1206,1503,1785,2094,2398,2698,3011,3281,3587,3576,3576,3596,3592,3585,3583,3595,3568,3596,3570,3576,3588,3591,3587,3594,3597,3577
3787,3762,3771,3754,3784,3778,3767,3771,3770,3745,3759,3766,3751,3767,3762,3788,3786,3753,3761,3746,3748,3751,3747,3752,3783,3761,3787,3758,3764,3745,3785,3742,3753,3775,3749,3796,3783,3760,3763,3755,3761,3765,3771,3779,3737,3783,3759,3786,3764,3768
2391,2401,2410,2376,2419,2395,2426,2417,2421,2377,2408,2413,2384,2435,2414,2430,2392,2394,2392,2419,2398,2385,2410,2421,2396,2396,2398,2410,2402,2398,2406,2432,2371,2430,2406,2410,2412,2392,2407,2397,2399,2401,2417,2421,2383,2373,2425,2381,2398,2395
72,38,69,67,42,58,58,42,70,66,54,48,52,37,64,55,41,58,54,57,36,65,86,71,47,53,70,51,34,28,71,64,67,178,321,426,577,690,791,926,1082,1192,1327,1446,1564,1702,1818,1954,2101,2067
41,11,38,42,11,24,20,49,22,10,13,159,310,476,639,779,923,1078,1202,1368,1551,1687,1810,1992,2114,2282,2413,2577,2730,2884,3010,3024,3046,3035,3036,3039,3013,3039,3024,3033,3032,3026,3013,3038,3025,3022,3035,3040,3025,3018
61,56,54,46,72,36,87,44,49,60,62,57,57,58,40,48,287,518,775,991,1241,1458,1708,1955,2192,2402,2657,2884,3160,3164,3148,3138,3130,3116,3115,3125,3135,3136,3157,3114,3151,3123,3139,3124,3140,3132,3141,3136,3142,3141
44,40,46,55,46,39,46,48,53,34,57,43,18,65,43,63,46,55,90,120,140,177,248,281,327,387,471,519,593,652,724,806,886,967,1022,1122,1214,1290,1400,1494,1583,1656,1792,1879,1983,1993,1964,2001,1991,2004
40,46,42,33,32,57,38,28,29,64,50,43,50,33,40,37,67,42,70,66,100,131,176,198,221,254,308,375,448,467,545,582,661,686,751,852,909,964,1037,1119,1178,1243,1358,1424,1480,1575,1654,1733,1822,1924
44,42,36,46,50,32,52,61,36,68,47,54,44,51,38,53,125,216,325,455,536,619,722,810,924,1036,1128,1212,1305,1402,1520,1627,1723,1782,1896,1906,1873,1907,1887,1893,1910,1911,1897,1899,1896,1887,1890,1893,1895,1889
36,17,39,30,33,34,46,41,64,38,28,31,43,38,27,35,57,24,52,33,14,37,34,49,54,45,46,30,36,23,22,29,44,21,46,46,77,78,153,204,272,320,442,506,629,727,812,922,1036,1135
16,32,7,24,34,5,32,27,13,21,4,0,8,29,28,0,0,24,10,20,21,12,19,225,391,602,766,961,1169,1312,1550,1697,1871,2096,2292,2471,2645,2840,3016,3028,3032,3014,3033,3029,3023,3035,3044,3039,3043,2993
3081,3058,3043,3092,3092,3066,3095,3056,3053,3090,3078,3109,3100,3074,3059,3118,3051,3073,3090,3083,3080,3084,3083,3102,3078,3081,3104,3059,3049,3063,3082,3067,3082,3067,3073,3067,3075,3096,3120,3054,3063,3044,3116,3067,3112,3071,3046,3075,3063,3074
29,51,40,38,28,25,26,41,29,30,42,50,27,38,36,44,31,24,33,36,29,27,32,31,50,55,36,23,12,22,35,246,415,609,795,1016,1239,1410,1585,1795,1990,1981,2010,2012,2010,2017,1998,2003,1990,1984
28,49,31,14,43,61,51,46,22,41,35,58,33,41,44,37,55,28,29,45,33,46,74,98,161,215,262,316,382,453,551,605,709,768,846,967,1037,1146,1239,1347,1432,1558,1646,1758,1877,1997,2128,2235,2334,2470
36,18,51,31,10,10,28,30,18,17,30,13,7,26,33,31,17,21,25,21,13,22,186,303,469,625,727,876,1021,1146,1300,1426,1574,1714,1852,1983,2146,2265,2418,2577,2572,2555,2551,2554,2570,2577,2575,2581,2564,2563
14,0,13,21,0,26,18,27,16,13,50,26,26,17,30,3,32,19,20,17,12,16,26,21,17,3,10,44,7,50,75,114,194,271,356,438,544,634,748,861,964,1095,1229,1366,1505,1625,1775,1911,2070,2090
31,21,0,5,2,27,16,24,32,19,4,3,29,20,37,21,16,17,9,8,18,0,15,6,19,20,5,7,14,6,0,5,33,33,43,59,81,128,181,245,291,369,453,497,579,678,761,846,929,1016
0,13,33,22,38,13,25,9,23,2,13,25,21,9,24,43,51,78,134,175,236,301,341,415,490,597,626,721,814,884,945,1070,1164,1240,1354,1455,1553,1673,1789,1890,2021,2133,2236,2253,2224,2227,2232,2237,2218,2236
11,57,47,30,49,55,56,42,44,47,27,32,33,26,32,32,21,21,42,37,30,40,44,32,26,29,24,22,45,89,123,181,215,271,351,433,504,593,644,742,852,951,1009,1146,1264,1368,1472,1586,1696,1831
54,30,49,25,30,38,27,21,21,20,23,27,37,43,10,39,37,32,33,27,40,23,34,35,29,50,15,30,39,63,132,206,301,414,538,676,809,956,1125,1287,1463,1677,1839,2046,2244,2456,2669,2899,3134,3356
35,40,23,33,53,18,33,34,27,18,12,43,14,33,9,42,21,29,6,6,45,22,236,444,635,848,1060,1230,1451,1669,1855,2055,2282,2485,2700,2908,3044,3282,3498,3709,3883,3890,3900,3904,3888,3888,3917,3890,3894,3895
14,47,42,13,27,30,21,3,28,49,35,23,14,28,0,15,22,36,7,16,37,16,26,19,35,34,35,31,29,20,28,28,31,86,142,185,231,282,390,420,529,629,684,780,897,991,1110,1214,1329,1432
23,36,46,47,63,50,45,56,34,24,58,52,45,73,24,48,32,54,36,23,40,130,213,344,404,526,606,712,799,885,998,1121,1192,1277,1392,1491,1584,1664,1770,1881,1936,2069,2171,2154,2134,2143,2156,2145,2157,2188
3560,3548,3570,3546,3543,3546,3546,3515,3541,3525,3512,3503,3559,3534,3542,3573,3541,3528,3544,3537,3509,3511,3552,3530,3528,3561,3523,3534,3521,3540,3545,3535,3540,3538,3526,3536,3549,3534,3522,3565,3522,3540,3555,3545,3522,3497,3525,3523,3524,3546
33,34,28,26,61,17,34,69,32,47,30,36,19,51,42,33,29,29,49,99,157,213,291,388,460,564,672,781,875,1012,1131,1236,1398,1542,1695,1821,1973,2134,2287,2470,2606,2771,2984,3136,3284,3315,3309,3319,3326,3321
1847,1850,1857,1854,1863,1861,1869,1864,1821,1818,1857,1842,1823,1866,1852,1859,1829,1841,1860,1817,1820,1850,1888,1880,1859,1833,1840,1831,1848,1829,1851,1811,1834,1852,1839,1848,1844,1847,1849,1849,1828,1848,1837,1843,1833,1892,1844,1834,1847,1824
56,50,42,40,49,46,52,39,49,41,50,29,46,73,50,40,47,31,48,35,27,57,58,119,206,276,373,480,601,710,846,987,1136,1294,1456,1602,1777,1954,2116,2333,2522,2724,2921,3139,3344,3342,3336,3370,3346,3350
28,31,32,61,10,1,30,8,238,399,605,789,987,1160,1338,1539,1701,1889,2087,2275,2475,2651,2849,3033,3228,3407,3601,3582,3582,3577,3594,3584,3571,3618,3576,3623,3605,3594,3587,3593,3623,3598,3598,3600,3584,3587,3613,3604,3589,3591
2543,2530,2550,2562,2551,2508,2535,2543,2543,2524,2505,2538,2533,2555,2535,2529,2543,2541,2550,2556,2564,2570,2539,2544,2547,2571,2564,2570,2544,2542,2560,2532,2541,2551,2536,2534,2550,2549,2519,2525,2539,2549,2542,2543,2538,2573,2544,2547,2524,2558
3463,3451,3436,3442,3474,3435,3443,3464,3452,3460,3460,3443,3417,3452,3450,3462,3462,3457,3438,3432,3446,3429,3477,3471,3435,3435,3454,3441,3458,3448,3485,3455,3420,3443,3473,3456,3455,3425,3451,3455,3440,3443,3464,3450,3446,3449,3465,3458,3447,3453
20,20,34,25,23,30,33,32,30,34,31,24,29,32,23,24,29,32,27,29,13,37,32,32,31,32,36,34,30,32,29,23,24,25,26,26,21,29,32,25,26,32,29,33,32,23,29,31,23,20
35,11,17,32,32,32,44,51,36,43,55,50,34,222,460,626,848,1046,1268,1426,1670,1895,2068,2270,2511,2695,2896,3115,3292,3518,3519,3502,3502,3506,3506,3516,3509,3516,3514,3509,3507,3504,3495,3511,3511,3519,3521,3526,3509,3518
36,18,37,37,38,32,46,23,32,40,27,37,21,53,41,28,125,246,391,482,574,699,812,927,1021,1134,1251,1377,1482,1595,1704,1705,1708,1691,1688,1709,1692,1703,1705,1687,1693,1700,1693,1696,1707,1692,1714,1702,1706,1691
21,26,25,41,24,37,33,35,52,20,39,32,54,48,34,22,39,56,40,32,29,28,20,36,56,20,37,23,32,45,55,281,539,817,1041,1305,1566,1831,2046,2335,2569,2831,3089,3343,3591,3865,3883,3852,3871,3865
20,54,35,45,56,40,62,34,25,56,54,58,61,65,52,45,50,47,41,54,49,61,56,37,33,49,56,55,53,64,28,60,50,41,59,94,148,231,309,417,555,686,838,984,1159,1323,1501,1676,1881,2073
56,46,69,81,56,52,86,57,44,44,49,54,73,49,57,56,48,43,73,63,40,40,34,63,60,55,68,48,73,57,35,28,83,55,78,60,268,407,577,770,945,1141,1317,1501,1670,1855,2017,2212,2399,2564
46,41,62,45,50,17,34,38,69,36,37,40,69,40,57,57,56,39,53,71,51,48,54,116,149,238,276,366,417,513,631,704,801,896,1006,1124,1227,1359,1501,1594,1734,1868,2005,2169,2309,2453,2580,2744,2910,3069
2039,2054,2080,2053,2034,2052,2022,2032,2044,2054,2043,2044,2033,2048,2038,2033,2049,2045,2032,2034,2038,2020,2041,2036,2009,2035,2029,2043,2058,2056,2068,2045,2042,2034,2036,2045,2034,2047,2017,2048,2041,2028,2015,2035,2047,2055,2059,2035,2020,2073
32,26,12,5,4,28,19,3,21,12,15,24,22,0,17,15,32,14,1,10,0,1,0,7,28,32,43,32,81,116,161,223,334,383,443,533,641,718,845,953,1037,1145,1280,1414,1524,1657,1807,1907,2067,2181
50,41,62,40,52,42,64,48,46,49,50,47,50,44,57,48,23,23,53,49,41,64,71,57,31,53,62,52,41,83,138,197,313,401,509,639,777,896,1047,1188,1350,1527,1700,1874,2067,2262,2465,2662,2879,3082
2,5,19,24,32,36,14,18,13,17,14,26,14,17,26,24,9,17,22,18,14,27,20,15,24,17,29,15,43,60,138,214,314,416,532,666,819,999,1119,1301,1492,1689,1869,2071,2278,2498,2732,2967,3177,3416
37,58,90,38,65,65,47,57,55,71,57,50,65,51,54,80,53,55,72,64,44,41,65,71,45,50,42,44,58,62,57,75,121,191,220,285,383,477,542,663,748,860,987,1107,1222,1373,1478,1625,1746,1907
1548,1564,1548,1571,1567,1541,1559,1552,1562,1561,1590,1543,1551,1552,1557,1543,1557,1559,1576,1567,1548,1560,1560,1551,1560,1567,1556,1525,1561,1551,1531,1575,1568,1571,1570,1553,1549,1535,1556,1561,1552,1573,1545,1533,1541,1531,1572,1563,1554,1570
37,15,22,30,27,22,15,33,40,31,30,30,40,10,31,18,51,4,10,53,16,15,164,288,398,518,658,768,886,1033,1160,1270,1399,1536,1654,1763,1908,2036,2148,2282,2423,2412,2415,2390,2398,2402,2410,2414,2421,2415
20,35,48,50,46,46,51,43,59,33,39,58,58,34,56,36,59,105,177,232,292,365,444,545,656,748,836,964,1069,1203,1332,1462,1593,1722,1887,2013,2208,2337,2327,2351,2327,2342,2334,2329,2310,2337,2331,2318,2354,2322
35,64,40,45,38,58,49,49,53,50,20,23,63,39,51,52,47,48,50,62,47,44,58,66,63,65,26,57,49,22,39,34,51,43,54,81,121,138,189,223,241,301,356,404,486,501,577,653,677,785
34,40,46,59,59,35,29,47,40,29,15,18,30,42,57,27,29,37,13,42,27,41,38,39,42,22,48,26,29,9,11,31,16,22,12,62,94,152,162,259,314,426,493,563,641,740,849,945,1069,1154
45,58,32,30,45,45,50,48,47,47,43,25,41,58,45,30,43,49,44,356,666,974,1274,1573,1868,2204,2497,2806,3102,3401,3404,3385,3391,3399,3419,3400,3431,3408,3379,3400,3415,3399,3412,3396,3420,3408,3421,3396,3414,3410
53,46,63,41,37,52,35,45,46,35,54,60,49,49,39,54,55,53,31,33,39,48,52,87,104,146,207,245,333,399,490,583,681,757,846,952,1068,1195,1294,1397,1552,1667,1783,1949,2079,2216,2344,2494,2499,2504
2090,2125,2081,2097,2092,2110,2076,2073,2095,2110,2083,2115,2068,2073,2097,2100,2083,2076,2098,2086,2099,2064,2054,2107,2073,2086,2087,2089,2081,2071,2073,2085,2084,2092,2051,2066,2079,2088,2089,2082,2087,2080,2086,2099,2115,2106,2079,2106,2084,2081
34,36,27,39,28,34,36,22,0,24,28,22,26,27,27,34,35,30,5,10,5,27,27,64,100,178,261,359,474,598,722,820,973,1150,1271,1437,1592,1762,1970,2141,2335,2541,2703,2909,3149,3340,3348,3358,3351,3361
0,16,8,15,48,30,12,44,8,20,0,8,10,25,16,41,34,6,14,101,163,223,314,376,505,606,707,837,955,1088,1226,1368,1515,1670,1808,1968,2136,2303,2474,2474,2491,2474,2494,2470,2492,2493,2516,2504,2466,2483
3,50,31,27,23,28,15,40,22,18,22,3,16,0,0,29,48,27,21,18,16,29,54,79,113,132,169,217,265,311,352,366,409,477,526,584,631,687,734,806,850,937,997,1039,1128,1191,1279,1323,1425,1450
76,87,47,40,35,67,47,49,69,57,72,142,253,342,439,563,641,769,845,944,1035,1126,1240,1329,1429,1524,1533,1530,1547,1516,1535,1556,1559,1526,1523,1539,1534,1539,1529,1546,1531,1536,1519,1541,1529,1545,1548,1562,1530,1518
2668,2690,2668,2693,2664,2676,2693,2677,2682,2681,2692,2690,2685,2682,2694,2683,2695,2668,2694,2687,2692,2684,2695,2679,2655,2722,2690,2685,2681,2698,2691,2693,2689,2673,2701,2705,2692,2698,2692,2696,2657,2677,2693,2685,2688,2685,2697,2702,2669,2680
2050,2078,2082,2049,2066,2088,2054,2068,2058,2097,2065,2066,2050,2076,2041,2077,2052,2072,2060,2080,2060,2076,2092,2085,2085,2078,2094,2088,2099,2069,2088,2103,2094,2075,2035,2055,2065,2077,2069,2078,2094,2047,2060,2081,2080,2072,2095,2058,2069,2064
3724,3726,3752,3737,3725,3719,3750,3708,3759,3729,3750,3706,3729,3760,3728,3732,3756,3735,3717,3729,3723,3736,3747,3759,3737,3758,3726,3719,3710,3733,3720,3759,3724,3764,3747,3731,3762,3728,3728,3734,3752,3745,3718,3751,3729,3731,3737,3738,3742,3723
3149,3175,3154,3167,3169,3158,3175,3170,3180,3157,3163,3163,3163,3170,3137,3157,3181,3137,3168,3151,3149,3172,3147,3208,3171,3157,3148,3172,3188,3155,3174,3161,3162,3182,3170,3178,3181,3137,3161,3185,3149,3201,3158,3157,3160,3144,3159,3160,3159,3181
67,63,55,36,53,54,39,59,80,41,58,50,58,45,79,54,56,63,56,42,78,51,72,59,47,182,295,417,522,641,734,879,955,1083,1204,1308,1416,1549,1651,1774,1876,1995,2012,1997,2000,1986,1989,1976,2001,1993
52,52,54,58,33,55,51,65,67,66,63,46,73,48,170,286,441,526,675,782,907,1013,1142,1250,1375,1513,1598,1744,1857,1951,2081,2222,2196,2221,2202,2247,2229,2203,2226,2218,2212,2210,2211,2215,2227,2209,2249,2208,2242,2226
0,18,16,27,20,17,20,29,9,0,13,27,42,6,20,2,8,15,4,17,5,29,0,24,14,15,6,30,28,56,53,73,107,133,163,203,241,276,308,365,404,409,492,575,597,643,689,714,813,867
3603,3617,3635,3617,3638,3616,3606,3644,3639,3621,3589,3594,3612,3624,3583,3606,3624,3612,3587,3612,3604,3624,3614,3603,3625,3624,3622,3627,3601,3602,3618,3591,3600,3614,3594,3620,3598,3618,3600,3602,3576,3604,3630,3614,3607,3596,3592,3619,3612,3629
0,15,25,14,0,21,9,40,9,8,0,17,26,0,10,21,0,0,14,16,20,13,17,0,6,0,0,14,0,26,20,15,16,7,0,0,172,307,459,607,742,914,1057,1217,1372,1514,1667,1817,1944,2103
28,3,35,27,31,32,21,24,23,33,5,20,6,43,11,42,42,38,30,16,216,415,607,782,959,1171,1326,1495,1696,1905,2096,2085,2077,2070,2082,2076,2086,2098,2076,2091,2087,2060,2062,2088,2084,2101,2079,2064,2074,2086
20,27,9,0,39,32,13,362,725,1116,1425,1826,2146,2539,2873,3222,3589,3588,3592,3581,3588,3572,3577,3575,3579,3603,3578,3574,3578,3566,3594,3591,3593,3580,3585,3584,3582,3561,3583,3588,3597,3584,3602,3566,3589,3594,3588,3580,3554,3584
55,46,43,28,42,50,35,43,40,33,48,34,50,37,36,35,42,49,52,50,33,40,57,61,45,54,51,48,42,58,51,50,56,227,428,616,795,960,1169,1368,1560,1743,1917,2124,2307,2489,2654,2885,3054,3230
64,61,57,43,28,41,33,40,28,48,56,43,26,38,48,54,50,32,39,38,47,64,69,127,152,216,267,348,412,466,533,617,710,771,876,976,1040,1161,1255,1356,1448,1564,1682,1809,1913,2056,2145,2282,2390,2518
3524,3532,3556,3537,3548,3517,3538,3534,3529,3541,3577,3554,3531,3554,3541,3528,3532,3528,3534,3538,3532,3565,3522,3546,3570,3557,3548,3539,3521,3542,3543,3528,3546,3533,3534,3519,3546,3522,3530,3555,3556,3544,3522,3536,3522,3557,3543,3545,3566,3520
2470,2439,2466,2450,2443,2419,2436,2423,2447,2446,2449,2451,2437,2437,2423,2446,2450,2446,2453,2437,2422,2456,2473,2452,2464,2456,2424,2453,2456,2453,2443,2465,2459,2455,2456,2452,2470,2467,2460,2443,2470,2436,2466,2439,2446,2454,2456,2450,2476,2439
39,74,80,54,64,54,49,61,50,349,626,915,1181,1463,1725,2018,2286,2585,2848,3130,3409,3713,3690,3719,3697,3696,3695,3721,3711,3708,3707,3697,3702,3699,3696,3712,3711,3678,3703,3721,3684,3695,3691,3702,3685,3706,3702,3734,3704,3693
63,64,43,45,43,39,64,48,32,51,33,57,37,19,42,50,46,41,38,60,57,49,50,153,238,371,488,585,688,811,921,997,1099,1228,1341,1448,1541,1671,1736,1870,1849,1886,1870,1861,1888,1880,1890,1839,1903,1883
22,49,47,42,51,42,38,49,51,64,49,38,59,22,48,61,41,39,70,62,44,16,55,49,62,46,35,56,29,44,48,82,48,59,53,134,265,336,447,548,642,748,836,945,1045,1140,1232,1310,1434,1512
3506,3514,3518,3508,3502,3513,3506,3479,3518,3507,3491,3507,3507,3500,3544,3514,3515,3508,3466,3526,3501,3519,3485,3502,3514,3495,3463,3504,3495,3483,3508,3518,3495,3512,3515,3505,3490,3509,3499,3484,3500,3500,3488,3497,3492,3489,3497,3498,3522,3508
2682,2654,2654,2688,2671,2670,2676,2679,2705,2679,2680,2677,2665,2645,2684,2674,2688,2670,2653,2662,2689,2683,2667,2659,2668,2672,2684,2693,2669,2701,2687,2671,2666,2652,2647,2675,2702,2714,2670,2659,2681,2674,2637,2644,2699,2667,2668,2690,2663,2676
40,65,74,61,45,47,44,72,65,34,22,42,68,44,55,40,43,32,54,38,39,28,56,41,62,34,66,45,49,45,70,53,52,74,72,106,144,164,192,256,259,294,328,382,435,452,508,542,605,660
61,60,53,52,67,37,58,60,52,29,24,48,37,58,55,29,46,18,54,47,24,62,57,48,64,64,115,129,191,262,333,395,491,553,668,754,856,932,1079,1148,1248,1395,1505,1644,1752,1860,2019,2145,2295,2428
49,23,55,52,46,71,60,23,22,38,198,317,444,572,709,871,988,1129,1257,1390,1522,1655,1788,1922,2076,2178,2332,2445,2615,2745,2834,2867,2869,2872,2865,2874,2860,2864,2891,2872,2866,2863,2854,2885,2848,2864,2865,2872,2870,2857
52,61,56,63,59,48,53,51,57,72,59,48,62,56,64,48,62,55,63,51,50,59,57,67,63,53,52,49,54,52,54,59,54,55,45,58,52,58,47,53,68,56,52,55,57,51,60,64,59,62
9,27,0,14,31,34,34,25,23,202,368,563,734,909,1098,1254,1451,1614,1810,1794,1806,1788,1805,1833,1822,1822,1806,1793,1805,1819,1804,1802,1799,1793,1809,1805,1770,1787,1811,1802,1803,1808,1780,1815,1818,1811,1815,1799,1809,1806
48,31,30,30,31,39,66,101,133,196,246,317,409,493,587,680,737,853,985,1093,1190,1314,1454,1567,1707,1839,1963,2096,2263,2402,2544,2715,2864,2857,2852,2854,2831,2869,2851,2851,2870,2854,2846,2847,2847,2873,2880,2874,2848,2857
40,54,39,48,63,58,38,72,56,50,65,48,31,55,60,61,274,510,717,964,1176,1443,1657,1895,2092,2342,2564,2803,3007,3039,3006,3015,3014,3024,3016,3033,3012,3025,2999,3029,3031,3021,3030,3027,3013,3030,3046,2995,3011,3007
2858,2853,2828,2826,2800,2835,2832,2843,2823,2835,2840,2819,2842,2833,2864,2855,2824,2846,2851,2824,2825,2832,2852,2826,2848,2850,2840,2826,2831,2820,2826,2811,2826,2843,2841,2823,2829,2851,2815,2850,2819,2855,2823,2809,2841,2855,2839,2825,2857,2819
3752,3756,3743,3757,3782,3758,3730,3730,3744,3730,3742,3772,3765,3757,3769,3751,3723,3761,3763,3756,3729,3762,3766,3743,3740,3742,3732,3749,3750,3781,3729,3735,3744,3753,3749,3765,3748,3743,3770,3747,3751,3780,3749,3745,3777,3750,3743,3781,3750,3778
1711,1755,1727,1739,1722,1733,1705,1754,1744,1723,1749,1752,1734,1742,1762,1773,1716,1740,1731,1741,1737,1721,1753,1762,1716,1727,1746,1740,1729,1746,1754,1727,1731,1744,1771,1725,1754,1744,1755,1738,1779,1730,1726,1743,1728,1747,1742,1725,1743,1762
26,43,41,29,53,48,20,39,21,55,50,34,49,7,17,41,66,111,143,232,314,378,458,556,669,773,882,980,1114,1261,1388,1516,1661,1809,1984,2114,2276,2423,2615,2759,2926,3115,3286,3465,3675,3868,4052,4029,4041,4068
12,18,27,8,18,7,1,19,7,0,18,10,31,14,18,0,15,12,26,16,0,21,0,9,21,30,29,3,24,28,25,10,6,244,436,673,883,1098,1324,1544,1752,1989,2188,2405,2612,2616,2633,2625,2634,2637
1668,1657,1648,1662,1667,1654,1690,1659,1651,1665,1639,1664,1674,1682,1674,1682,1648,1682,1674,1648,1667,1638,1675,1648,1656,1653,1663,1663,1672,1668,1681,1659,1674,1689,1677,1671,1665,1677,1641,1657,1661,1701,1664,1663,1662,1665,1664,1675,1702,1669
3483,3490,3515,3480,3482,3485,3494,3489,3510,3504,3508,3490,3492,3478,3494,3498,3487,3460,3509,3479,3500,3488,3488,3457,3474,3458,3499,3500,3509,3490,3481,3458,3468,3481,3466,3497,3521,3498,3500,3499,3494,3467,3492,3487,3508,3482,3470,3480,3483,3477
3055,3045,3042,3015,3018,3034,3065,3038,3040,3025,3045,3044,3028,3044,3050,3038,3033,3040,3054,3061,3048,3023,3048,3030,3043,3051,3039,3043,3037,3033,3052,3051,3036,3029,3035,3048,3065,3045,3052,3049,3042,3046,3033,3038,3059,3035,3037,3041,3046,3041
20,0,20,24,27,22,19,11,15,12,0,37,8,11,11,13,16,15,27,25,26,3,30,78,140,213,280,376,454,571,678,774,892,1029,1152,1285,1438,1545,1702,1857,2023,2158,2337,2503,2663,2825,3038,3173,3371,3586
2528,2539,2505,2494,2516,2501,2522,2500,2491,2497,2519,2488,2497,2485,2523,2504,2475,2508,2499,2509,2504,2522,2495,2530,2513,2518,2506,2511,2489,2546,2496,2506,2471,2500,2501,2503,2529,2478,2525,2493,2507,2505,2511,2524,2519,2521,2506,2500,2508,2494
27,20,12,13,37,41,2,11,32,40,31,23,8,49,25,18,27,22,17,39,47,34,24,19,47,71,94,165,242,303,406,503,577,693,827,938,1070,1199,1339,1468,1625,1789,1945,2124,2260,2442,2629,2815,2986,3177
26,0,2,0,0,13,0,17,20,25,13,13,11,22,9,12,12,14,0,20,2,10,245,443,657,886,1106,1309,1548,1760,1985,2177,2415,2629,2866,3070,3266,3313,3282,3268,3284,3285,3306,3300,3304,3325,3282,3298,3291,3294
42,28,25,31,29,29,16,28,18,59,24,42,30,42,57,113,161,190,230,296,352,418,463,540,634,687,786,843,953,1032,1135,1211,1319,1418,1519,1588,1727,1832,1943,1938,1943,1945,1945,1934,1913,1915,1932,1941,1948,1939
31,9,53,35,12,33,46,24,48,25,24,93,139,206,263,343,410,512,598,709,826,905,1039,1158,1279,1402,1535,1676,1793,1928,2095,2227,2380,2378,2377,2376,2382,2366,2410,2386,2406,2384,2378,2407,2381,2387,2398,2375,2386,2378
3600,3632,3654,3627,3601,3602,3633,3623,3628,3630,3599,3597,3625,3607,3629,3620,3622,3644,3635,3609,3624,3610,3615,3630,3629,3584,3616,3625,3632,3645,3622,3626,3598,3607,3616,3609,3619,3634,3601,3644,3629,3597,3638,3624,3646,3618,3616,3622,3627,3615
62,77,35,55,59,40,50,49,31,60,47,47,63,46,44,46,53,50,82,132,154,228,299,376,451,549,641,731,838,953,1097,1189,1305,1453,1587,1739,1866,1981,2153,2298,2441,2633,2786,2931,2912,2934,2920,2927,2937,2924
18,26,7,33,4,25,20,16,24,31,11,20,20,9,251,544,809,1039,1302,1551,1818,2085,2345,2600,2876,3103,3097,3095,3080,3111,3112,3101,3112,3107,3100,3099,3113,3111,3094,3103,3093,3111,3101,3079,3114,3112,3106,3098,3111,3096
2608,2629,2632,2625,2624,2628,2622,2627,2625,2620,2587,2617,2571,2605,2625,2600,2617,2601,2587,2636,2598,2617,2610,2605,2635,2602,2618,2607,2623,2612,2618,2622,2621,2612,2607,2631,2632,2632,2612,2596,2637,2628,2613,2619,2611,2611,2602,2603,2626,2596
20,26,31,44,31,31,22,46,35,31,44,20,8,230,483,688,934,1155,1408,1622,1845,2053,2302,2285,2295,2306,2320,2290,2277,2281,2303,2294,2297,2289,2292,2284,2293,2292,2294,2281,2287,2290,2288,2299,2293,2272,2306,2297,2285,2290
21,0,44,32,29,29,30,30,41,15,26,14,40,36,0,19,15,41,37,23,29,6,58,86,99,129,168,235,270,324,398,455,487,566,621,704,755,828,881,962,1048,1115,1183,1250,1362,1456,1504,1525,1548,1543
35,0,30,34,40,41,15,17,22,29,93,145,207,294,337,467,557,658,757,883,967,1147,1245,1379,1545,1694,1821,1982,2130,2292,2494,2637,2789,2788,2824,2810,2823,2804,2799,2825,2813,2819,2802,2808,2788,2806,2812,2832,2796,2781
3770,3754,3753,3798,3749,3783,3772,3762,3778,3780,3783,3765,3776,3774,3761,3782,3779,3794,3771,3805,3759,3779,3768,3760,3768,3762,3761,3769,3778,3769,3786,3769,3764,3767,3775,3765,3767,3762,3777,3811,3761,3752,3764,3746,3783,3778,3772,3736,3775,3761
3849,3842,3827,3841,3856,3856,3840,3837,3850,3838,3861,3831,3848,3850,3849,3843,3865,3851,3831,3835,3840,3837,3848,3856,3839,3846,3849,3862,3863,3836,3873,3855,3825,3855,3850,3827,3841,3855,3855,3815,3854,3855,3844,3831,3831,3824,3830,3873,3852,3841
4084,4084,4072,4069,4042,4063,4063,4072,4053,4078,4050,4044,4038,4082,4042,4070,4066,4077,4078,4015,4080,4077,4088,4075,4068,4073,4027,4062,4081,4063,4075,4055,4068,4049,4095,4069,4056,4054,4079,4075,4046,4051,4070,4045,4050,4069,4076,4027,4068,4072
10,5,9,10,14,14,22,9,4,7,13,9,12,11,19,10,11,18,10,16,15,14,7,21,27,14,7,14,19,10,13,16,21,18,18,11,16,9,19,20,17,11,12,24,11,20,16,11,5,15
2878,2905,2912,2908,2880,2914,2892,2892,2883,2892,2927,2931,2883,2898,2902,2884,2883,2882,2910,2877,2904,2880,2904,2915,2910,2922,2897,2868,2894,2916,2904,2922,2890,2886,2892,2917,2880,2886,2889,2891,2910,2884,2923,2911,2910,2907,2888,2889,2863,2892
3560,3545,3553,3556,3557,3552,3543,3569,3545,3571,3583,3560,3594,3557,3576,3532,3585,3549,3543,3554,3566,3561,3568,3543,3576,3542,3582,3569,3570,3564,3561,3549,3567,3554,3574,3549,3562,3561,3556,3556,3565,3557,3535,3554,3569,3544,3549,3555,3566,3577
2427,2441,2433,2409,2429,2436,2437,2429,2431,2428,2426,2413,2429,2428,2433,2414,2437,2424,2403,2430,2415,2421,2421,2428,2426,2428,2409,2433,2435,2434,2418,2435,2415,2410,2412,2403,2426,2445,2424,2451,2450,2416,2441,2403,2388,2448,2407,2418,2433,2431
61,76,48,35,75,54,58,32,42,45,55,46,61,69,73,52,71,65,85,49,38,65,85,76,116,142,172,229,236,302,355,418,468,493,559,642,686,765,828,926,957,1047,1113,1192,1273,1362,1453,1548,1611,1701
4042,4048,4057,4075,4050,4017,4056,4047,4053,4045,4056,4044,4054,4045,4063,4049,4052,4063,4074,4047,4073,4059,4020,4077,4040,4040,4056,4086,4076,4036,4068,4054,4054,4071,4065,4038,4069,4070,4061,4052,4051,4066,4080,4053,4061,4071,4066,4060,4085,4052
7,30,34,35,35,21,30,58,34,32,38,30,38,20,13,370,750,1089,1431,1776,2119,2506,2846,3208,3552,3537,3544,3554,3536,3547,3535,3531,3544,3556,3556,3537,3562,3553,3554,3544,3530,3552,3543,3545,3549,3535,3536,3534,3537,3561
70,62,52,68,61,47,64,71,82,47,52,65,74,98,120,167,219,262,346,376,443,488,557,661,751,798,887,972,1061,1153,1231,1353,1422,1525,1636,1648,1657,1621,1614,1633,1608,1642,1642,1643,1637,1631,1639,1631,1622,1625
41,17,20,0,18,0,12,11,18,17,2,20,7,19,12,7,25,29,5,20,12,9,24,142,261,371,509,632,775,898,1020,1154,1255,1372,1509,1513,1503,1529,1497,1508,1510,1516,1526,1517,1526,1520,1517,1518,1509,1514
35,32,19,39,25,18,42,35,27,11,38,31,1,16,42,24,0,34,19,20,36,6,37,32,27,34,73,115,197,333,449,583,715,862,1037,1205,1365,1572,1774,1997,2215,2418,2654,2909,3121,3395,3638,3635,3622,3607
16,39,42,50,32,11,30,42,18,24,170,309,470,606,739,914,1037,1220,1342,1505,1629,1776,1929,2083,2219,2363,2499,2664,2781,2948,3089,3106,3115,3096,3108,3087,3091,3090,3100,3087,3090,3101,3065,3081,3115,3077,3085,3102,3084,3079
34,36,35,41,41,45,39,39,48,34,38,51,41,35,34,47,37,35,40,44,45,44,44,47,38,49,56,42,44,45,49,42,35,38,39,39,45,45,43,33,43,45,47,32,54,36,48,44,51,30
24,40,31,23,32,45,47,48,32,41,235,413,593,779,981,1167,1347,1566,1754,1952,2131,2333,2509,2700,2688,2707,2703,2680,2704,2682,2697,2698,2692,2696,2687,2686,2697,2704,2683,2709,2685,2674,2690,2692,2707,2685,2697,2690,2717,2709
30,28,22,6,48,16,25,17,28,1,29,19,10,30,37,24,38,29,39,17,27,36,34,47,9,13,20,40,48,31,43,52,69,114,151,202,264,300,337,372,453,523,600,640,691,759,821,924,982,1065
21,0,32,42,17,6,0,5,27,8,58,74,104,145,181,224,284,350,389,469,494,565,626,697,780,838,913,1007,1071,1141,1225,1314,1413,1496,1575,1667,1750,1853,1886,1869,1850,1867,1855,1872,1866,1854,1840,1857,1857,1852
37,38,35,35,47,48,52,45,43,48,32,50,34,33,40,41,42,37,46,28,33,41,44,37,36,31,33,45,37,40,35,48,43,27,39,37,38,39,47,50,46,27,36,41,40,45,39,35,40,42
56,51,39,52,52,53,49,39,60,43,29,45,36,37,61,51,64,74,89,120,168,187,236,270,280,350,427,447,520,568,605,700,725,822,871,924,1001,1046,1112,1191,1284,1361,1447,1514,1581,1605,1599,1599,1594,1598
18,30,50,25,41,46,37,25,40,17,32,44,24,30,33,12,38,20,24,193,381,550,749,929,1125,1311,1462,1655,1848,2005,2186,2386,2559,2752,2923,3099,3262,3477,3638,3630,3644,3611,3656,3644,3659,3631,3658,3612,3643,3637
2834,2821,2822,2783,2807,2828,2833,2810,2841,2823,2833,2847,2816,2833,2855,2818,2819,2832,2795,2817,2819,2812,2826,2804,2835,2835,2822,2809,2864,2829,2835,2823,2811,2811,2840,2801,2811,2843,2808,2811,2831,2835,2822,2825,2804,2810,2819,2844,2818,2834
33,32,32,58,49,44,46,34,58,34,49,44,32,56,46,48,46,43,59,44,51,44,33,26,25,73,73,42,54,39,60,46,77,100,121,222,281,328,408,480,575,662,756,878,970,1053,1182,1299,1404,1556
28,37,11,27,9,22,10,33,32,15,18,21,14,27,13,21,32,9,35,20,2,21,28,8,0,20,17,41,33,18,12,11,39,15,50,41,79,118,181,237,306,385,486,547,640,728,835,930,1053,1162
2821,2878,2866,2845,2835,2846,2857,2826,2845,2839,2817,2865,2836,2851,2868,2821,2854,2833,2818,2826,2847,2842,2860,2856,2853,2814,2852,2841,2840,2847,2846,2857,2813,2836,2856,2829,2822,2871,2853,2827,2845,2840,2838,2850,2824,2858,2839,2832,2862,2831
23,40,22,44,30,18,41,21,50,108,164,218,297,386,493,560,691,795,916,1017,1158,1288,1410,1561,1690,1851,2022,2183,2324,2483,2489,2482,2492,2501,2492,2479,2513,2483,2486,2485,2511,2484,2505,2471,2476,2491,2479,2506,2490,2493
44,4,18,39,36,11,34,14,55,17,30,18,39,35,39,45,11,48,31,38,36,17,35,41,52,94,166,212,327,384,497,575,711,817,947,1070,1175,1351,1473,1613,1758,1915,2091,2249,2422,2600,2774,2774,2772,2764
2068,2049,2076,2061,2051,2054,2047,2052,2054,2040,2084,2050,2068,2048,2092,2092,2078,2067,2067,2067,2078,2073,2092,2063,2066,2076,2076,2089,2080,2051,2055,2079,2073,2050,2055,2050,2074,2059,2060,2070,2078,2064,2078,2064,2056,2046,2066,2048,2052,2083
2895,2925,2894,2898,2931,2895,2911,2920,2906,2897,2899,2900,2880,2908,2871,2909,2885,2912,2900,2920,2907,2916,2897,2902,2898,2901,2906,2901,2896,2883,2916,2897,2888,2902,2919,2907,2904,2920,2915,2907,2919,2888,2923,2896,2917,2873,2913,2874,2892,2880
6,3,7,12,23,33,14,0,9,17,13,10,16,197,413,613,782,1000,1207,1420,1608,1818,2003,1996,2021,1994,2015,2007,1985,2004,2001,2019,2023,2003,2008,2014,2016,2018,2000,2017,2018,1997,2013,2003,2006,2011,2000,2000,2002,2007
13,17,35,41,2,9,16,28,16,0,12,29,31,20,6,22,43,0,28,20,97,219,296,386,502,596,699,778,882,995,1074,1169,1273,1377,1468,1572,1679,1781,1847,1964,2046,2150,2146,2140,2141,2155,2147,2141,2151,2166
26,32,36,12,21,20,34,20,28,29,18,48,5,10,28,0,30,12,22,8,26,24,20,4,18,30,10,28,8,110,182,249,320,386,467,559,624,696,763,841,916,957,1062,1137,1208,1275,1366,1434,1521,1486
8,1,28,14,9,18,30,20,23,9,16,22,16,40,17,31,0,20,18,16,32,248,472,700,953,1171,1394,1631,1840,2079,2316,2537,2753,3007,3247,3459,3677,3696,3671,3678,3670,3702,3696,3684,3696,3692,3705,3720,3691,3692
21,20,52,37,37,38,27,32,42,32,32,23,166,302,438,564,716,831,963,1105,1258,1402,1524,1524,1501,1504,1505,1515,1524,1498,1501,1520,1538,1516,1521,1518,1526,1514,1519,1524,1518,1526,1520,1521,1521,1523,1532,1521,1527,1530
0,23,31,39,53,21,30,46,29,25,23,16,27,32,33,15,19,25,4,33,13,40,44,24,44,31,20,0,26,24,34,25,26,188,364,511,694,854,1015,1201,1336,1487,1675,1656,1687,1693,1681,1688,1680,1682
30,32,38,53,53,63,55,45,64,52,50,38,41,34,31,62,53,53,62,52,60,32,53,58,46,53,45,77,80,131,156,200,221,266,345,392,426,505,563,625,681,780,869,937,995,1095,1169,1230,1331,1431
2574,2573,2603,2620,2564,2600,2576,2610,2603,2569,2584,2588,2573,2531,2579,2591,2575,2573,2584,2565,2578,2558,2580,2558,2593,2589,2562,2563,2559,2593,2580,2566,2564,2583,2561,2569,2563,2592,2582,2574,2597,2604,2589,2575,2592,2546,2554,2573,2594,2602
1653,1616,1629,1630,1651,1635,1631,1637,1644,1661,1628,1654,1644,1654,1616,1650,1658,1644,1653,1644,1644,1634,1620,1639,1640,1630,1660,1614,1624,1657,1610,1623,1632,1641,1664,1615,1630,1645,1641,1631,1639,1652,1647,1626,1629,1616,1663,1643,1642,1632
36,53,40,53,60,52,43,30,40,42,49,32,4,52,45,38,44,46,22,44,41,55,90,151,226,281,370,438,563,657,771,872,949,1088,1216,1344,1495,1620,1761,1908,2059,2192,2357,2507,2664,2833,2845,2835,2852,2850
59,39,63,55,49,56,75,65,58,82,48,60,65,36,61,36,73,58,53,46,55,48,44,44,40,47,62,81,54,57,61,63,214,352,502,654,813,968,1112,1268,1420,1568,1729,1864,2045,2166,2339,2485,2636,2638
38,70,55,55,67,83,57,207,376,519,661,836,998,1144,1317,1457,1645,1792,1923,2062,2228,2403,2577,2714,2861,2863,2866,2846,2871,2842,2886,2853,2873,2872,2847,2878,2848,2860,2859,2865,2860,2885,2873,2861,2876,2858,2861,2847,2846,2849
47,34,61,33,56,66,48,49,54,48,35,35,32,54,16,64,49,7,46,385,743,1090,1452,1784,2114,2478,2840,3184,3517,3536,3517,3517,3519,3537,3538,3523,3507,3536,3521,3523,3520,3514,3509,3534,3559,3513,3527,3534,3492,3527
4,11,16,22,24,2,29,0,345,632,933,1243,1574,1840,2151,2451,2765,3082,3054,3091,3077,3091,3074,3052,3074,3084,3056,3071,3068,3071,3077,3093,3062,3064,3062,3083,3059,3072,3068,3080,3063,3060,3077,3058,3087,3071,3084,3071,3065,3076
3660,3690,3664,3635,3688,3630,3662,3668,3673,3668,3690,3656,3624,3687,3654,3634,3639,3663,3679,3643,3656,3660,3679,3638,3630,3639,3671,3650,3670,3675,3663,3635,3660,3659,3638,3659,3663,3667,3662,3678,3650,3663,3652,3689,3684,3639,3681,3661,3661,3651
3642,3636,3619,3604,3621,3595,3634,3650,3630,3626,3618,3601,3627,3589,3628,3620,3617,3611,3640,3594,3617,3589,3597,3641,3625,3624,3635,3633,3621,3639,3612,3607,3622,3622,3622,3638,3619,3624,3634,3616,3612,3617,3625,3600,3593,3642,3633,3617,3630,3607
41,28,41,62,48,31,80,68,39,56,59,49,56,34,66,51,45,44,37,43,40,56,72,58,41,13,51,46,45,65,70,41,35,52,45,65,93,112,151,207,240,285,320,369,447,488,553,636,702,766
44,40,52,37,52,33,47,73,31,43,35,32,22,36,17,45,29,27,26,41,29,37,33,54,406,738,1097,1455,1802,2168,2541,2912,3219,3592,3599,3584,3599,3556,3602,3584,3568,3603,3595,3589,3579,3591,3588,3582,3570,3592
1606,1612,1608,1608,1629,1622,1613,1621,1616,1586,1609,1606,1611,1601,1594,1582,1576,1605,1620,1564,1607,1601,1618,1617,1596,1609,1601,1596,1584,1610,1616,1609,1634,1616,1606,1613,1613,1596,1601,1590,1605,1625,1596,1586,1623,1623,1610,1585,1597,1589
54,47,62,45,55,40,43,71,57,57,37,24,30,43,37,37,40,53,49,72,57,267,510,727,959,1186,1404,1619,1872,2068,2315,2537,2781,3018,2999,2997,3013,3003,3007,3011,2994,2993,2974,2999,3007,2983,2986,3023,2996,3015
40,41,38,21,46,41,19,28,43,38,16,46,39,64,136,204,306,411,525,659,773,918,1078,1244,1396,1565,1769,1939,2133,2347,2541,2759,2990,3175,3452,3651,3898,3920,3895,3910,3890,3908,3902,3901,3875,3898,3913,3898,3893,3900
22,19,24,2,10,26,25,3,0,20,25,19,30,25,24,14,31,24,22,0,20,24,5,20,10,193,354,538,702,840,1020,1195,1363,1500,1670,1855,2029,2176,2335,2514,2697,2847,3019,3192,3336,3516,3507,3499,3504,3508
23,34,10,35,17,37,24,38,58,40,23,46,36,30,45,41,21,47,28,48,43,28,39,47,32,33,30,48,32,40,32,44,75,125,177,223,296,388,426,525,607,699,788,882,997,1086,1194,1345,1438,1538
16,37,22,17,0,14,20,6,20,0,14,12,11,16,11,8,18,7,8,15,4,29,10,14,16,27,15,15,30,40,82,138,227,318,401,510,609,733,859,963,1084,1224,1399,1525,1705,1857,2013,2190,2353,2557
2215,2231,2218,2225,2208,2227,2233,2238,2202,2245,2251,2231,2247,2242,2231,2238,2230,2230,2229,2236,2206,2241,2211,2248,2214,2235,2222,2226,2236,2211,2226,2222,2234,2254,2231,2256,2245,2216,2229,2223,2219,2209,2246,2226,2258,2235,2224,2244,2230,2249
59,57,81,62,45,76,43,48,60,47,73,53,61,50,53,59,54,62,67,42,46,70,34,63,77,55,55,56,59,56,222,394,551,713,905,1056,1219,1378,1536,1690,1869,2017,2200,2373,2537,2503,2512,2519,2545,2525
2796,2782,2777,2742,2782,2786,2780,2777,2769,2774,2775,2771,2772,2799,2752,2785,2773,2762,2776,2787,2775,2782,2756,2777,2781,2781,2801,2786,2787,2770,2764,2795,2741,2771,2774,2779,2761,2767,2770,2790,2773,2768,2779,2770,2772,2767,2774,2768,2782,2778
40,32,44,40,45,47,41,44,42,52,39,37,47,36,44,40,41,56,49,48,45,37,43,45,43,42,39,43,38,46,29,50,34,35,44,45,54,43,41,43,51,56,40,45,41,41,53,36,27,43
66,26,43,46,23,33,41,60,66,36,47,54,78,59,60,51,45,47,68,48,61,53,69,91,40,38,65,64,51,54,62,53,54,55,66,82,93,141,170,264,351,429,538,651,770,899,982,1118,1273,1415
15,21,42,52,17,23,28,31,1,35,4,21,5,22,33,30,51,102,160,188,253,315,384,437,513,581,672,759,838,898,1018,1112,1205,1307,1407,1498,1633,1622,1619,1645,1644,1615,1635,1624,1634,1619,1622,1625,1616,1631
55,30,49,73,52,51,54,49,56,59,70,78,54,42,69,24,50,58,50,52,58,38,55,37,43,44,43,62,63,30,52,65,42,39,68,107,141,194,250,339,394,469,553,649,721,800,939,1027,1136,1257
3427,3432,3446,3469,3435,3424,3424,3452,3460,3451,3439,3431,3423,3439,3420,3445,3435,3461,3417,3446,3464,3425,3456,3435,3463,3418,3435,3416,3410,3439,3435,3422,3425,3432,3419,3455,3440,3440,3451,3459,3444,3449,3444,3438,3428,3431,3419,3442,3435,3443
3853,3823,3839,3837,3848,3862,3844,3852,3838,3868,3823,3840,3823,3822,3832,3842,3832,3830,3836,3833,3858,3848,3851,3833,3833,3843,3848,3854,3846,3846,3842,3846,3844,3843,3875,3857,3833,3838,3829,3839,3853,3814,3839,3868,3830,3824,3835,3856,3837,3845
24,49,65,45,55,44,14,51,63,52,26,28,56,36,43,38,52,47,57,36,38,33,68,240,453,662,818,1039,1285,1498,1665,1877,2067,2273,2482,2670,2880,3102,3275,3292,3294,3310,3282,3290,3298,3319,3310,3289,3315,3305
28,21,29,47,16,39,25,31,30,93,111,137,161,187,228,258,286,336,380,436,501,540,597,648,699,775,792,851,921,979,1043,1120,1180,1244,1306,1387,1460,1523,1602,1696,1650,1668,1658,1661,1691,1665,1661,1664,1663,1675
0,13,14,21,0,33,24,16,7,17,37,16,33,20,24,32,32,16,21,15,29,22,29,32,27,21,27,14,31,86,157,222,289,379,484,575,690,780,908,1033,1164,1312,1452,1598,1743,1919,2066,2226,2406,2580
1492,1493,1493,1509,1495,1507,1497,1558,1522,1517,1500,1540,1491,1503,1525,1472,1503,1518,1513,1502,1522,1498,1517,1504,1532,1505,1519,1499,1498,1516,1528,1501,1503,1507,1489,1512,1533,1501,1525,1507,1514,1487,1503,1514,1560,1494,1508,1511,1539,1491
24,17,26,34,14,45,14,45,312,566,824,1090,1345,1621,1878,2149,2425,2688,2685,2667,2676,2674,2677,2686,2682,2679,2664,2680,2669,2657,2671,2675,2684,2697,2701,2684,2677,2690,2667,2655,2667,2684,2691,2696,2678,2650,2702,2684,2675,2647
1922,1958,1969,1936,1929,1954,1946,1939,1925,1938,1969,1965,1944,1947,1962,1940,1939,1931,1941,1938,1947,1910,1946,1997,1916,1972,1932,1949,1956,1961,1971,1944,1965,1938,1930,1940,1967,1957,1951,1945,1968,1961,1942,1939,1949,1948,1966,1945,1957,1956
1728,1675,1693,1685,1688,1710,1678,1704,1684,1683,1664,1685,1700,1709,1690,1672,1706,1706,1660,1696,1678,1698,1707,1682,1703,1672,1684,1699,1668,1670,1698,1695,1691,1681,1698,1720,1724,1714,1675,1694,1687,1679,1709,1681,1681,1682,1664,1683,1685,1698
11,12,23,0,11,13,0,26,1,29,7,27,4,26,46,34,36,43,99,122,195,249,307,370,459,515,601,670,765,862,944,1029,1147,1222,1354,1430,1526,1682,1773,1892,2026,2134,2258,2375,2528,2633,2776,2925,3046,3035
71,51,62,67,60,62,52,72,69,54,72,62,66,64,66,55,47,65,54,54,68,77,81,41,64,45,46,45,70,67,54,71,52,56,67,297,581,810,1093,1328,1564,1846,2075,2347,2587,2822,3098,3380,3650,3873
35,0,34,28,22,14,19,9,21,31,31,25,9,12,33,20,39,20,18,2,26,35,17,0,12,8,0,20,181,376,560,728,890,1070,1250,1437,1593,1772,1956,2141,2308,2506,2663,2843,3010,3023,3014,3028,3000,3006
3813,3785,3794,3783,3797,3809,3801,3811,3794,3797,3789,3800,3773,3783,3788,3788,3786,3798,3796,3808,3791,3789,3819,3808,3815,3835,3810,3812,3810,3808,3820,3798,3833,3738,3780,3816,3798,3810,3798,3799,3799,3807,3802,3800,3795,3794,3798,3800,3799,3806
28,30,21,55,48,71,45,52,52,55,43,44,24,39,52,49,46,35,39,48,40,90,151,194,245,331,399,476,573,663,731,858,961,1067,1173,1315,1406,1535,1645,1785,1924,2057,2193,2343,2482,2632,2802,2920,3081,3258
80,59,36,73,51,73,78,66,46,65,61,62,68,73,43,57,60,34,39,60,66,72,62,64,72,41,61,45,52,63,71,45,77,64,72,54,77,129,189,254,327,373,493,578,693,764,882,991,1145,1259
35,53,36,39,50,25,43,23,40,42,65,55,68,285,517,739,960,1169,1402,1622,1843,2080,2302,2291,2306,2290,2297,2294,2301,2315,2317,2302,2304,2289,2289,2301,2294,2303,2312,2264,2282,2310,2286,2279,2316,2303,2316,2292,2282,2288
50,47,39,19,45,74,43,37,25,60,59,43,51,64,55,49,45,16,55,47,44,34,54,44,43,55,53,39,35,38,24,51,319,617,868,1148,1420,1729,1968,2268,2532,2815,3086,3100,3099,3088,3103,3099,3104,3087
51,46,51,54,45,48,71,43,52,55,58,57,50,58,52,53,47,59,56,53,59,50,49,43,47,48,45,49,51,58,63,52,55,56,51,53,52,56,59,39,68,55,41,52,54,49,55,45,46,61
12,38,38,23,8,4,21,17,0,4,39,6,23,3,6,21,0,10,25,9,16,35,38,37,20,29,43,28,142,290,414,537,683,782,917,1037,1169,1312,1425,1557,1700,1829,1969,2091,2214,2351,2452,2463,2471,2480
62,39,69,62,65,52,32,58,35,50,43,62,37,60,285,470,719,892,1104,1333,1552,1775,1969,2166,2398,2613,2831,2841,2821,2845,2837,2816,2836,2812,2828,2822,2856,2834,2834,2840,2822,2835,2825,2843,2836,2821,2824,2844,2832,2826
3424,3410,3419,3429,3425,3440,3428,3442,3448,3429,3422,3433,3419,3406,3435,3395,3434,3420,3422,3404,3435,3425,3437,3433,3447,3459,3419,3437,3429,3414,3453,3429,3456,3437,3434,3404,3431,3402,3397,3455,3441,3408,3437,3429,3432,3424,3429,3426,3412,3438
1614,1619,1615,1613,1597,1610,1610,1618,1622,1611,1615,1637,1606,1643,1622,1624,1629,1622,1634,1635,1627,1607,1614,1611,1594,1629,1609,1608,1625,1601,1610,1614,1592,1611,1625,1629,1624,1635,1614,1579,1621,1611,1621,1624,1662,1605,1625,1633,1636,1618
51,55,46,54,38,46,51,30,24,43,35,41,33,35,25,49,57,54,88,196,227,323,424,509,632,743,874,993,1136,1256,1421,1558,1709,1868,2037,2206,2396,2578,2746,2727,2718,2734,2733,2726,2733,2740,2729,2736,2754,2732
49,52,31,64,59,53,65,32,37,64,58,46,43,47,48,53,66,45,59,40,38,57,74,59,51,60,76,128,159,227,260,316,336,416,489,562,617,689,790,864,968,1040,1129,1209,1318,1416,1503,1615,1727,1794
55,37,60,52,59,74,130,185,259,333,396,486,544,629,689,759,835,905,981,1041,1103,1180,1244,1302,1390,1455,1530,1610,1606,1609,1581,1581,1584,1583,1578,1584,1593,1599,1604,1590,1570,1569,1592,1587,1596,1606,1611,1596,1594,1591
20,34,25,0,27,4,24,22,11,41,28,8,23,30,42,23,29,52,54,38,25,25,45,6,22,24,44,34,35,18,12,39,45,222,446,649,841,1074,1308,1496,1724,1943,2142,2375,2543,2559,2562,2566,2561,2546
2992,2999,2985,3022,3007,3017,3016,2988,3007,2985,3044,3025,3012,3021,3010,2980,3023,2986,3008,3009,3024,2981,2995,2991,3024,3018,2988,2991,3026,3011,2981,3027,2980,3006,3005,3004,2999,3026,2998,3027,3018,3019,3017,3011,3007,3016,3001,2996,3006,3006
29,6,18,29,29,0,15,7,5,16,26,20,11,17,3,14,3,26,41,103,144,185,249,316,388,456,535,596,700,779,856,981,1047,1149,1262,1362,1487,1576,1700,1813,1934,2028,2188,2309,2419,2576,2675,2830,2836,2838
40,50,38,69,69,51,57,60,64,79,58,61,51,67,57,67,62,57,51,58,73,56,77,85,132,204,284,386,478,596,691,853,974,1098,1247,1411,1577,1731,1878,2065,2241,2412,2634,2821,2803,2808,2812,2798,2809,2800
19,21,4,24,7,13,39,21,29,18,18,16,16,33,9,23,21,36,29,18,28,10,17,360,751,1110,1481,1840,2205,2574,2916,3308,3693,3690,3680,3671,3667,3657,3689,3667,3656,3670,3678,3657,3675,3682,3686,3673,3646,3653
9,36,17,30,41,7,26,10,34,38,27,23,24,27,47,25,40,41,8,19,0,33,28,26,39,17,39,51,41,19,16,19,269,510,741,962,1212,1455,1682,1958,2179,2404,2640,2897,3147,3366,3618,3875,3838,3842
2919,2899,2888,2895,2892,2913,2912,2912,2916,2910,2910,2893,2919,2912,2944,2926,2899,2866,2926,2904,2902,2912,2893,2910,2895,2892,2903,2912,2934,2897,2928,2911,2913,2915,2907,2921,2910,2901,2904,2904,2896,2913,2910,2925,2897,2897,2910,2912,2909,2915
17,0,22,17,5,20,0,0,18,0,5,28,25,81,123,204,264,369,420,553,642,745,851,952,1094,1239,1363,1496,1637,1771,1945,2103,2261,2409,2592,2747,2899,3083,3264,3453,3635,3839,3822,3820,3817,3843,3814,3833,3827,3825
68,81,63,81,51,41,56,51,74,40,94,36,60,47,60,78,31,71,64,67,68,71,76,255,428,643,833,1032,1214,1406,1600,1796,2001,1969,1964,1968,1990,1977,1978,2001,1992,1998,1970,1974,1984,1983,1957,2001,1981,1978
44,47,24,29,47,39,47,42,38,28,30,45,46,39,30,49,51,46,42,42,26,49,50,47,29,46,37,38,30,28,28,36,27,33,38,38,37,37,37,35,38,41,31,45,35,29,40,46,28,28
3767,3761,3745,3749,3775,3749,3780,3768,3762,3758,3780,3789,3765,3745,3790,3766,3752,3768,3776,3750,3798,3769,3778,3732,3768,3756,3750,3760,3785,3781,3747,3746,3782,3764,3746,3785,3764,3770,3764,3762,3755,3782,3773,3785,3769,3775,3762,3766,3783,3762
4017,4011,4018,3990,3989,4027,3986,3957,4026,4005,4005,3978,4002,3995,4027,4018,4002,3977,3999,4008,4020,3994,3983,3995,4003,3973,3990,4022,3989,3994,4007,4003,4005,3991,4017,3980,4016,3978,3987,4001,4033,3981,4013,4012,4021,4003,3992,3989,3987,4000
52,35,39,43,42,43,41,44,31,51,42,59,40,49,38,43,36,41,38,45,52,45,60,47,37,57,48,34,42,47,46,47,49,39,46,44,41,48,44,49,44,41,43,47,43,40,43,51,47,45
47,40,54,41,59,49,50,57,60,41,36,51,57,48,58,58,64,52,37,47,56,56,45,50,48,44,53,46,48,43,60,53,51,48,48,57,37,55,47,50,59,62,57,47,45,63,41,44,52,57
55,51,40,51,47,39,40,27,78,47,53,21,60,44,48,45,28,42,31,43,69,48,46,37,53,60,35,169,323,466,597,726,860,994,1129,1279,1432,1568,1703,1837,1973,2111,2242,2366,2520,2626,2772,2910,3093,3076
36,38,42,61,23,39,36,38,28,53,44,38,40,41,46,63,69,57,45,38,52,67,62,55,63,39,48,55,204,330,481,624,794,923,1062,1220,1351,1515,1655,1816,1956,2104,2264,2376,2540,2539,2557,2558,2544,2523
47,42,52,74,56,42,66,54,55,47,57,49,31,57,53,60,39,49,56,41,64,49,45,47,128,228,298,385,437,533,585,682,765,833,923,991,1051,1152,1221,1297,1406,1464,1556,1563,1557,1569,1541,1566,1544,1560
3690,3688,3708,3709,3708,3709,3705,3654,3707,3712,3710,3683,3702,3718,3694,3685,3722,3712,3701,3691,3723,3695,3706,3712,3695,3722,3701,3700,3703,3702,3695,3711,3690,3721,3708,3711,3707,3724,3713,3702,3693,3701,3699,3706,3713,3722,3691,3690,3715,3730
54,47,43,31,50,46,34,45,25,70,45,87,65,29,35,81,129,201,285,380,503,596,735,857,989,1135,1301,1456,1611,1783,1963,2156,2328,2523,2719,2931,3116,3345,3554,3792,4019,3995,4001,4023,4006,3992,4026,4010,4010,4038
34,43,34,40,16,36,46,234,414,604,780,967,1160,1361,1536,1708,1930,2105,2275,2456,2477,2481,2478,2498,2477,2490,2488,2476,2503,2496,2469,2470,2480,2498,2468,2485,2491,2486,2504,2471,2474,2476,2473,2490,2462,2476,2479,2483,2488,2471
58,57,39,63,55,70,79,104,138,172,222,256,310,381,450,499,590,645,729,804,889,972,1071,1161,1244,1347,1471,1538,1645,1745,1880,1882,1859,1876,1881,1886,1853,1854,1864,1846,1862,1884,1865,1878,1871,1856,1843,1876,1872,1886
58,38,61,40,33,61,45,36,33,45,26,39,44,29,68,30,64,42,45,51,39,58,46,44,54,53,70,53,32,50,38,34,57,47,226,407,605,781,957,1146,1306,1496,1681,1848,2065,2204,2391,2566,2748,2967
49,29,15,22,23,37,40,47,47,39,40,44,35,45,47,52,29,11,51,45,22,198,408,572,754,941,1125,1291,1471,1656,1820,2010,2165,2351,2343,2361,2345,2361,2374,2364,2359,2347,2365,2354,2345,2380,2370,2371,2340,2377
0,22,29,28,0,38,43,23,18,0,35,26,14,30,197,382,556,714,894,1054,1225,1415,1565,1744,1939,2109,2101,2107,2088,2112,2072,2105,2091,2087,2095,2079,2099,2092,2120,2089,2074,2109,2079,2097,2102,2100,2106,2112,2092,2098
48,49,57,56,55,24,46,38,58,46,52,49,47,37,44,54,53,46,59,46,346,662,952,1257,1566,1850,2164,2443,2766,3072,3065,3033,3048,3040,3070,3037,3047,3064,3075,3060,3082,3069,3055,3075,3045,3048,3048,3047,3051,3072
46,40,52,40,39,42,62,56,51,39,56,61,60,56,60,72,79,68,66,51,64,79,65,36,50,45,67,49,62,65,125,137,175,236,321,372,459,539,619,689,796,894,986,1100,1190,1284,1420,1530,1647,1794
2366,2348,2370,2354,2377,2371,2348,2360,2384,2358,2364,2338,2356,2393,2365,2368,2370,2331,2363,2365,2375,2367,2343,2374,2365,2400,2363,2378,2353,2384,2350,2355,2366,2386,2349,2351,2364,2345,2376,2345,2379,2405,2359,2379,2380,2376,2352,2362,2377,2365
37,33,37,43,33,27,31,37,31,37,34,29,40,39,38,26,29,40,35,41,31,30,33,36,39,37,39,39,33,44,33,31,38,35,44,35,32,34,38,39,30,37,34,35,35,39,41,37,45,45
46,66,59,36,55,75,71,53,55,45,37,66,48,47,63,49,53,46,37,48,77,53,82,59,63,52,28,47,75,251,469,634,829,1025,1247,1420,1618,1809,2012,2168,2409,2586,2793,2971,3188,3174,3184,3177,3185,3186
33,72,36,53,32,63,72,77,48,66,24,57,43,75,64,47,52,54,63,68,66,59,38,62,68,52,75,161,258,368,467,565,678,790,889,966,1058,1150,1271,1391,1484,1603,1695,1791,1898,1997,2071,2084,2105,2107
0,12,0,38,6,12,19,0,15,23,45,0,10,27,0,11,9,29,23,74,93,125,187,221,243,299,364,406,460,517,552,653,714,796,837,895,954,1041,1113,1196,1285,1364,1439,1494,1604,1693,1775,1862,1879,1874
2727,2711,2733,2716,2703,2719,2717,2736,2723,2729,2715,2699,2697,2745,2694,2729,2721,2719,2717,2705,2734,2723,2719,2698,2689,2746,2712,2723,2731,2708,2742,2727,2679,2687,2705,2708,2721,2724,2727,2729,2741,2744,2727,2703,2707,2686,2696,2726,2728,2745
21,35,20,29,30,19,33,18,30,44,31,30,32,52,37,42,28,26,43,38,44,34,30,39,53,23,61,21,10,26,11,35,46,41,74,77,131,149,179,238,291,317,361,434,488,541,618,664,730,806
4039,4033,4037,4048,4036,4048,4012,4071,4054,4058,4043,4077,4048,4039,4041,4073,4024,4042,4073,4059,4075,4015,4052,4074,4034,4018,4042,4053,4049,4032,4044,4039,4026,4052,4034,4054,4058,4025,4068,4043,4056,4061,4057,4050,4038,4049,4051,4041,4056,4054
28,20,16,22,24,13,22,18,19,0,40,25,0,29,19,32,0,35,43,27,39,12,13,24,16,25,21,13,27,7,19,0,30,30,39,96,181,262,348,454,530,694,787,934,1080,1235,1401,1527,1732,1878
26,64,37,15,40,37,40,46,40,58,32,28,6,32,28,48,43,40,36,53,44,44,26,53,23,28,40,26,36,54,15,56,26,35,45,72,132,194,286,374,468,579,728,851,977,1143,1307,1441,1611,1777
31,50,44,33,20,29,57,26,29,40,41,48,50,46,34,47,48,24,46,58,40,27,31,35,44,42,37,21,34,35,74,136,204,255,344,429,563,665,757,910,1072,1178,1336,1467,1613,1797,1949,2135,2311,2501
56,68,50,51,58,57,199,348,501,659,807,935,1106,1239,1405,1531,1526,1565,1554,1555,1543,1554,1547,1525,1533,1560,1539,1547,1537,1553,1547,1546,1550,1526,1534,1528,1553,1569,1555,1560,1544,1530,1541,1567,1537,1544,1567,1542,1558,1546
51,15,37,31,20,21,24,43,37,58,114,186,285,379,474,583,700,866,1000,1163,1294,1447,1616,1795,1997,2186,2348,2547,2769,2978,3182,3187,3172,3178,3157,3164,3177,3165,3178,3169,3167,3173,3185,3184,3160,3162,3188,3189,3179,3178
0,11,4,5,1,15,0,0,7,28,36,28,4,0,26,54,0,3,0,29,24,239,486,703,927,1166,1417,1654,1889,2114,2355,2582,2830,3064,3266,3285,3303,3291,3308,3279,3275,3307,3310,3300,3282,3300,3296,3289,3286,3305
3279,3295,3293,3283,3304,3312,3305,3292,3276,3257,3271,3311,3298,3306,3284,3284,3295,3288,3278,3290,3296,3298,3300,3303,3308,3311,3301,3287,3293,3302,3279,3278,3275,3290,3289,3267,3272,3285,3289,3283,3301,3324,3293,3296,3296,3282,3290,3272,3329,3304
7,19,26,11,15,25,23,14,16,26,0,11,19,18,10,12,20,26,14,16,20,19,1,0,34,2,18,14,9,26,20,89,126,206,252,366,442,547,647,764,863,1010,1104,1259,1383,1530,1679,1809,1963,2134
29,34,27,27,31,26,52,39,26,29,24,42,34,15,259,500,725,963,1191,1415,1641,1870,2114,2362,2571,2820,3062,3036,3045,3047,3043,3058,3033,3058,3058,3046,3045,3054,3041,3034,3030,3036,3055,3023,3035,3041,3059,3060,3058,3047
35,28,31,19,22,27,26,31,34,19,26,21,32,27,37,15,29,18,28,35,34,28,34,27,30,17,24,27,30,33,27,35,38,27,35,23,25,35,45,25,35,36,21,25,25,31,36,25,33,32
23,29,42,36,21,18,60,94,123,184,221,300,351,450,526,566,670,760,873,970,1024,1174,1286,1390,1500,1589,1719,1877,1994,2121,2236,2367,2531,2662,2787,2938,3064,3199,3391,3543,3528,3513,3546,3532,3523,3528,3541,3547,3532,3531
57,64,59,53,62,58,69,64,54,48,52,54,55,59,42,54,52,66,60,56,63,70,62,61,68,62,62,58,52,53,58,61,63,56,63,56,59,57,59,61,57,76,57,56,56,59,52,59,68,53
36,44,14,39,30,37,20,25,24,10,11,1,15,0,36,16,11,0,38,19,17,22,20,25,7,48,12,32,22,20,28,39,72,128,171,242,315,395,476,580,658,749,882,927,1067,1178,1272,1439,1530,1673
52,57,58,61,65,80,44,57,45,72,69,100,124,178,216,277,347,398,460,514,593,679,773,828,932,997,1110,1179,1287,1396,1461,1602,1725,1831,1916,2036,2138,2261,2391,2500,2505,2511,2513,2507,2524,2496,2504,2500,2525,2510
2865,2875,2878,2893,2851,2866,2874,2879,2879,2904,2880,2862,2866,2908,2875,2859,2863,2880,2852,2881,2869,2858,2878,2872,2880,2873,2882,2873,2879,2875,2848,2887,2885,2861,2884,2886,2853,2849,2873,2864,2884,2880,2867,2884,2875,2873,2876,2874,2871,2871
26,10,16,49,28,33,24,32,32,3,32,20,40,18,26,18,15,33,32,237,444,658,856,1086,1288,1504,1712,1915,2132,2345,2570,2789,2967,3177,3404,3595,3828,3823,3833,3833,3842,3834,3817,3823,3829,3826,3814,3830,3814,3846
35,31,69,74,31,39,49,40,43,35,25,40,36,44,44,38,59,267,449,647,834,1026,1236,1431,1637,1842,2061,2240,2429,2628,2812,3022,3238,3428,3624,3816,4026,4010,4000,4012,4017,4001,4026,4004,4031,4014,4018,4024,4011,4028
11,24,22,29,8,41,23,25,33,6,24,32,27,15,30,29,51,22,28,31,37,25,29,39,50,35,20,16,35,238,421,635,812,1010,1181,1402,1597,1796,1998,2180,2382,2557,2764,2955,3157,3350,3543,3745,3764,3754
3265,3257,3286,3262,3279,3244,3248,3274,3255,3269,3260,3219,3255,3254,3251,3252,3230,3250,3241,3284,3250,3249,3257,3239,3228,3242,3227,3257,3247,3260,3245,3267,3267,3248,3227,3283,3263,3251,3262,3289,3248,3255,3247,3253,3256,3276,3259,3264,3279,3275
3935,3940,3935,3931,3939,3954,3936,3957,3919,3931,3912,3924,3967,3932,3941,3919,3941,3931,3947,3945,3931,3929,3926,3929,3976,3937,3957,3945,3928,3942,3950,3954,3963,3943,3954,3942,3984,3931,3919,3926,3934,3939,3912,3945,3970,3958,3953,3943,3917,3951
2128,2139,2126,2153,2112,2114,2111,2129,2120,2124,2118,2113,2163,2142,2139,2115,2138,2140,2106,2139,2128,2117,2112,2104,2118,2124,2151,2135,2145,2130,2139,2109,2117,2141,2114,2145,2145,2127,2128,2124,2112,2123,2110,2096,2140,2144,2129,2121,2128,2115
3517,3534,3527,3517,3535,3496,3517,3566,3529,3518,3517,3551,3525,3543,3535,3523,3528,3528,3526,3561,3508,3513,3542,3536,3549,3526,3518,3530,3555,3524,3534,3530,3536,3554,3540,3534,3534,3526,3539,3518,3512,3537,3515,3522,3507,3532,3504,3531,3555,3516
34,11,0,24,8,19,12,17,2,24,0,16,6,7,27,0,0,5,29,21,12,31,163,308,445,598,743,905,1023,1163,1335,1460,1609,1768,1906,2030,2202,2354,2495,2634,2770,2942,2928,2943,2918,2918,2925,2939,2935,2917
3299,3277,3290,3304,3279,3290,3273,3304,3270,3270,3307,3294,3277,3288,3302,3293,3307,3277,3302,3282,3297,3264,3285,3315,3277,3279,3309,3275,3293,3313,3272,3261,3271,3286,3302,3300,3309,3285,3301,3274,3294,3302,3279,3272,3304,3276,3269,3272,3306,3293
3808,3831,3847,3826,3801,3820,3825,3815,3809,3817,3812,3796,3785,3800,3793,3827,3808,3813,3797,3815,3826,3825,3793,3852,3812,3807,3828,3835,3810,3831,3782,3815,3830,3821,3822,3848,3819,3818,3818,3799,3817,3811,3807,3829,3832,3798,3816,3806,3800,3838
3868,3879,3879,3897,3866,3890,3861,3881,3863,3857,3895,3899,3889,3880,3865,3875,3892,3858,3885,3883,3889,3867,3869,3843,3868,3887,3865,3890,3855,3887,3887,3891,3890,3856,3861,3846,3872,3875,3885,3881,3872,3884,3857,3858,3891,3830,3878,3851,3911,3881
61,68,65,66,43,60,48,65,46,85,47,34,61,40,39,57,56,38,42,29,50,42,59,45,54,49,52,53,44,83,107,173,236,328,394,475,585,701,765,899,1006,1126,1280,1404,1544,1669,1831,1979,2153,2286
27,31,25,18,17,17,23,12,21,28,24,21,21,23,29,27,18,18,19,27,28,19,21,25,26,21,23,23,33,19,25,19,27,33,18,28,28,22,23,31,28,17,17,14,11,32,30,17,24,31
31,57,29,57,46,56,126,177,254,349,404,491,563,628,685,759,853,915,994,1051,1139,1198,1277,1352,1430,1504,1571,1647,1632,1642,1634,1624,1634,1621,1630,1625,1650,1628,1613,1643,1640,1633,1655,1633,1635,1631,1646,1655,1620,1632
46,47,33,66,69,58,55,42,43,73,61,44,46,27,46,50,42,53,41,44,51,62,59,67,44,82,84,148,168,211,260,322,359,425,489,569,621,715,807,870,930,1035,1107,1210,1279,1393,1518,1595,1697,1801
3448,3454,3463,3466,3429,3440,3459,3465,3454,3440,3463,3430,3461,3446,3452,3435,3429,3462,3442,3468,3448,3446,3453,3447,3464,3446,3413,3449,3445,3461,3491,3451,3448,3465,3453,3442,3449,3453,3449,3457,3478,3472,3439,3444,3434,3452,3455,3449,3448,3438
3757,3755,3715,3779,3729,3727,3760,3757,3739,3753,3732,3758,3754,3777,3745,3750,3773,3723,3729,3770,3762,3738,3779,3745,3757,3730,3760,3766,3767,3723,3756,3748,3743,3777,3765,3758,3752,3756,3732,3735,3737,3752,3733,3754,3729,3743,3739,3765,3734,3757
3370,3388,3381,3347,3358,3364,3367,3395,3383,3357,3370,3362,3356,3374,3392,3366,3352,3386,3352,3387,3369,3378,3377,3378,3386,3381,3399,3380,3360,3361,3390,3363,3372,3380,3379,3373,3377,3382,3358,3351,3386,3373,3363,3387,3373,3373,3381,3355,3359,3364
52,56,53,44,57,38,71,45,81,49,75,34,60,69,39,45,54,241,389,592,748,962,1124,1266,1454,1641,1807,2018,2167,2348,2367,2357,2336,2347,2351,2365,2342,2318,2349,2345,2343,2351,2347,2345,2360,2351,2367,2335,2357,2357
37,29,45,48,50,23,69,50,38,35,33,55,44,44,52,58,30,57,65,61,28,44,27,37,29,55,112,183,259,350,446,568,660,795,905,1036,1174,1311,1451,1618,1804,1965,2136,2304,2509,2669,2876,3050,3061,3081
36,23,23,26,24,15,31,43,23,27,28,5,25,6,24,37,18,35,5,21,2,58,36,33,34,18,7,16,36,0,29,38,17,23,5,46,80,166,249,321,407,514,613,745,865,983,1117,1271,1420,1555
52,57,57,33,55,73,58,54,71,73,59,59,54,38,42,43,56,66,53,65,48,51,65,67,97,113,175,235,287,366,429,502,559,648,712,806,908,996,1081,1200,1310,1404,1507,1590,1721,1841,1954,2087,2203,2363
59,49,67,51,57,31,38,48,54,61,63,48,49,66,34,86,50,95,107,147,187,258,327,389,456,562,660,748,851,960,1040,1163,1264,1404,1491,1644,1735,1883,2022,2139,2270,2415,2573,2736,2852,3005,3179,3180,3185,3181
3171,3193,3205,3220,3195,3208,3189,3180,3193,3153,3203,3176,3191,3193,3204,3185,3175,3181,3186,3180,3218,3200,3173,3185,3164,3196,3181,3183,3188,3184,3199,3181,3187,3177,3191,3170,3210,3198,3186,3214,3172,3194,3196,3177,3197,3178,3185,3181,3215,3196
31,38,38,33,17,23,25,34,36,20,14,37,32,40,34,52,47,52,45,46,41,31,29,38,61,38,182,343,489,649,770,940,1060,1211,1358,1538,1678,1803,1973,2127,2261,2396,2567,2708,2835,2990,3138,3135,3152,3153
1965,1967,1974,2001,1975,1973,1968,1955,1981,1954,1956,1974,1967,1926,1950,1943,1980,1972,1970,1996,1975,1976,1935,1991,1974,1952,2005,1956,1974,1983,1941,1974,1952,1982,1952,1973,1980,1971,1957,1972,1945,1966,1965,1989,1974,1980,1969,1947,1993,1977
0,31,11,20,1,0,5,0,10,24,0,26,12,16,14,3,12,0,7,203,394,602,784,989,1181,1385,1571,1775,1976,2180,2370,2563,2758,2968,3184,3342,3525,3795,3759,3763,3742,3728,3766,3760,3744,3757,3757,3754,3749,3733
2498,2491,2481,2455,2491,2474,2480,2485,2474,2502,2494,2504,2501,2493,2467,2472,2499,2476,2503,2480,2490,2463,2489,2480,2479,2532,2481,2454,2489,2510,2479,2463,2478,2473,2490,2495,2494,2478,2478,2475,2500,2473,2475,2487,2500,2485,2515,2500,2476,2487
3584,3612,3578,3602,3569,3575,3570,3571,3583,3585,3575,3567,3570,3576,3573,3574,3606,3563,3570,3576,3586,3538,3577,3587,3561,3598,3581,3575,3572,3600,3598,3579,3594,3556,3583,3547,3583,3572,3576,3569,3549,3610,3595,3565,3592,3589,3576,3576,3589,3596
55,49,56,52,51,52,56,51,58,62,53,62,58,55,63,46,48,56,54,57,61,57,61,49,55,56,51,62,65,51,54,57,59,53,53,58,44,51,66,44,54,49,50,59,51,59,54,64,59,60
11,25,24,27,18,15,14,34,19,15,63,47,101,122,172,217,259,323,386,445,510,583,630,730,743,845,947,1028,1099,1205,1269,1379,1489,1556,1666,1758,1847,1955,2064,2148,2278,2367,2490,2497,2497,2480,2493,2506,2505,2483
21,16,30,26,28,23,7,18,36,20,30,24,42,23,31,24,31,32,0,44,34,14,37,31,19,32,18,22,12,23,34,67,128,249,355,496,638,788,968,1170,1356,1549,1752,2004,2205,2466,2710,2972,3227,3503
14,31,12,26,33,37,26,25,26,33,45,26,39,28,1,30,2,20,8,16,42,43,20,6,30,29,28,100,203,287,331,430,510,595,695,771,859,912,1001,1088,1153,1250,1348,1428,1501,1557,1662,1778,1758,1740
42,46,54,77,41,29,41,32,55,70,59,35,62,43,63,44,53,46,32,51,54,69,67,41,49,38,44,54,76,45,49,58,58,122,132,216,279,376,432,528,619,720,811,934,1006,1107,1262,1380,1523,1642
21,49,44,52,32,45,15,18,23,27,38,31,12,35,32,57,22,21,37,23,38,40,49,25,15,34,46,28,21,22,61,33,36,32,147,274,404,529,655,768,899,1025,1156,1280,1403,1538,1664,1779,1899,2028
2377,2355,2359,2354,2348,2362,2369,2364,2376,2370,2340,2355,2364,2361,2373,2367,2388,2364,2357,2380,2381,2368,2362,2356,2358,2356,2368,2376,2361,2356,2350,2348,2359,2340,2401,2324,2331,2377,2361,2337,2351,2317,2372,2367,2351,2366,2351,2363,2375,2360
2593,2561,2590,2583,2578,2594,2602,2586,2621,2613,2604,2571,2582,2589,2578,2594,2584,2589,2593,2596,2609,2590,2602,2593,2578,2601,2584,2593,2603,2574,2570,2602,2615,2592,2599,2591,2606,2592,2590,2593,2587,2590,2593,2586,2599,2579,2577,2576,2572,2599
3649,3672,3661,3702,3695,3724,3674,3682,3669,3669,3663,3669,3657,3661,3685,3676,3701,3668,3698,3639,3672,3662,3691,3680,3654,3684,3677,3681,3660,3669,3691,3686,3689,3676,3675,3648,3673,3700,3686,3677,3679,3691,3662,3668,3701,3656,3671,3675,3666,3687
28,0,31,33,15,30,31,9,39,9,26,18,22,38,30,1,19,38,136,263,424,530,660,772,879,1019,1146,1281,1404,1507,1650,1780,1911,2042,2141,2273,2381,2508,2646,2643,2648,2644,2649,2621,2632,2644,2636,2637,2628,2657
1721,1717,1751,1708,1716,1729,1742,1704,1729,1712,1690,1722,1726,1734,1725,1730,1723,1737,1736,1718,1702,1742,1731,1730,1721,1737,1740,1698,1724,1707,1704,1713,1719,1710,1687,1698,1769,1704,1737,1739,1734,1735,1727,1706,1727,1716,1753,1723,1697,1745
16,48,33,71,41,37,39,39,27,27,49,56,29,48,37,29,55,40,52,39,57,125,194,251,344,442,545,683,801,949,1069,1212,1358,1500,1668,1846,2005,2197,2370,2568,2747,2931,3151,3358,3551,3770,3977,3984,3991,3995
17,26,2,7,15,21,19,20,19,0,23,6,30,1,27,0,14,0,20,233,424,630,849,1047,1246,1451,1653,1852,2098,2277,2487,2705,2897,2892,2911,2904,2914,2871,2904,2897,2895,2919,2908,2892,2893,2916,2923,2902,2900,2882
2402,2389,2396,2405,2406,2399,2367,2364,2377,2368,2389,2375,2405,2392,2375,2354,2392,2439,2391,2413,2391,2405,2390,2388,2406,2403,2381,2399,2370,2388,2399,2402,2385,2385,2388,2384,2389,2412,2383,2353,2396,2379,2389,2374,2398,2403,2400,2382,2390,2394
47,55,49,49,42,33,64,46,52,54,60,58,58,43,53,45,59,55,45,59,40,51,41,42,55,52,53,44,41,56,59,49,50,55,38,50,57,53,56,46,40,50,57,55,50,45,50,58,53,45
13,13,0,28,8,2,7,150,284,437,526,663,786,943,1059,1182,1336,1450,1562,1719,1841,1967,1970,1965,1946,1971,1950,1961,1956,1972,1954,1959,1958,1961,1951,1945,1971,1951,1955,1944,1947,1967,1955,1978,1966,1953,1958,1978,1941,1958
30,42,44,29,49,37,32,43,28,145,259,369,494,621,728,842,961,1072,1194,1300,1433,1523,1640,1746,1884,1984,2097,2208,2318,2354,2372,2335,2331,2364,2331,2330,2338,2321,2336,2337,2331,2324,2330,2347,2340,2316,2334,2325,2306,2338
50,30,18,38,36,41,38,45,25,54,27,45,33,56,42,37,43,129,240,326,433,525,632,730,808,907,992,1112,1201,1287,1395,1488,1589,1693,1779,1887,1889,1888,1879,1861,1896,1880,1885,1885,1895,1891,1888,1879,1879,1880
1688,1692,1679,1672,1671,1700,1653,1690,1678,1667,1696,1694,1699,1654,1687,1705,1675,1687,1676,1681,1694,1686,1678,1707,1666,1699,1684,1684,1708,1700,1692,1678,1698,1706,1672,1664,1664,1687,1679,1671,1694,1669,1697,1657,1685,1656,1669,1686,1688,1689
3557,3558,3550,3556,3568,3533,3583,3534,3546,3555,3543,3576,3542,3531,3601,3559,3543,3540,3538,3544,3546,3558,3559,3538,3548,3548,3552,3571,3537,3564,3564,3544,3555,3556,3574,3576,3558,3570,3571,3557,3553,3541,3550,3554,3568,3547,3559,3539,3549,3582
58,32,35,44,72,56,30,33,26,49,44,46,39,37,39,48,43,29,51,45,40,34,79,48,58,53,48,52,56,61,31,135,237,336,440,543,649,742,846,960,1058,1155,1247,1368,1456,1544,1666,1777,1859,1976
1748,1688,1719,1709,1726,1728,1715,1721,1715,1715,1707,1696,1706,1720,1689,1719,1690,1722,1695,1713,1716,1710,1694,1701,1721,1714,1715,1704,1718,1736,1711,1719,1707,1701,1709,1705,1689,1719,1706,1718,1701,1709,1692,1687,1686,1735,1726,1702,1692,1707
2106,2106,2107,2114,2100,2091,2129,2096,2100,2098,2109,2088,2120,2117,2129,2115,2112,2118,2110,2112,2126,2110,2139,2106,2089,2143,2115,2102,2099,2089,2099,2113,2100,2104,2098,2145,2114,2098,2114,2121,2103,2118,2136,2097,2079,2089,2110,2110,2144,2126
44,54,56,41,46,52,44,55,74,33,49,34,58,47,53,39,51,42,31,35,154,281,410,504,625,748,881,986,1088,1218,1341,1449,1575,1656,1780,1925,2031,2028,2045,2046,2037,2029,2036,2040,2016,2026,2052,2061,2058,2014
11,9,6,14,16,10,34,1,11,12,6,24,16,25,23,30,0,29,8,257,564,848,1115,1381,1648,1915,2185,2459,2724,2735,2718,2758,2729,2718,2738,2724,2769,2722,2732,2750,2715,2738,2754,2721,2738,2731,2733,2767,2728,2720
1664,1665,1637,1697,1670,1653,1681,1638,1657,1674,1664,1677,1674,1660,1674,1682,1645,1658,1672,1689,1671,1669,1660,1641,1681,1663,1669,1699,1674,1676,1694,1676,1681,1675,1677,1683,1675,1677,1685,1643,1664,1669,1658,1660,1665,1688,1666,1633,1688,1666
70,59,48,56,100,81,67,62,57,49,76,63,45,73,57,59,56,69,59,60,48,85,63,62,81,111,143,212,263,321,383,464,551,634,745,827,932,1004,1120,1239,1347,1471,1611,1709,1836,1952,2089,2228,2351,2498
15,26,43,60,35,29,58,120,153,226,319,392,473,580,688,802,909,1039,1146,1291,1436,1559,1682,1870,2011,2185,2357,2499,2679,2877,2861,2850,2827,2857,2867,2833,2855,2840,2857,2844,2854,2826,2869,2858,2867,2868,2856,2851,2850,2870
41,32,63,41,38,52,60,25,53,59,118,162,228,310,361,453,543,650,771,867,977,1111,1228,1365,1486,1641,1783,1912,2090,2255,2397,2575,2725,2921,3090,3253,3428,3616,3798,3828,3802,3807,3785,3787,3801,3774,3787,3790,3773,3795
1708,1725,1722,1724,1733,1726,1747,1715,1705,1732,1722,1703,1711,1715,1721,1725,1722,1693,1717,1734,1719,1748,1706,1724,1709,1766,1736,1714,1743,1725,1731,1705,1739,1725,1745,1761,1725,1713,1745,1723,1699,1734,1729,1719,1732,1716,1717,1728,1736,1720
17,40,32,51,33,48,36,31,45,57,30,42,43,42,39,33,36,50,51,130,192,264,392,477,601,705,873,990,1156,1288,1474,1624,1800,1979,2163,2371,2573,2756,2962,3197,3401,3398,3386,3420,3403,3399,3405,3369,3378,3411
28,38,19,50,35,40,26,0,37,19,35,15,19,19,35,16,17,26,23,33,32,49,17,6,4,19,33,28,41,16,180,312,448,603,719,882,1020,1167,1314,1454,1573,1741,1881,2031,2149,2306,2438,2588,2741,2865
7,0,23,0,9,1,23,20,0,319,658,974,1324,1617,1978,2296,2613,2956,3268,3607,3913,3935,3934,3928,3921,3930,3921,3921,3910,3928,3922,3923,3934,3934,3932,3914,3930,3913,3935,3931,3915,3914,3921,3933,3925,3922,3919,3932,3937,3925
4095,4066,4060,4041,4072,4075,4084,4078,4065,4072,4082,4092,4047,4095,4086,4087,4076,4071,4082,4088,4075,4076,4076,4050,4090,4060,4073,4084,4081,4081,4085,4064,4051,4080,4092,4068,4044,4074,4071,4081,4057,4068,4071,4061,4095,4067,4075,4066,4082,4063
6,13,3,21,24,18,24,24,13,0,13,25,19,13,37,54,107,141,195,249,294,347,431,473,560,634,728,795,881,980,1072,1149,1253,1365,1472,1561,1672,1777,1880,2005,2117,2218,2345,2468,2588,2734,2738,2715,2721,2746
26,44,34,19,36,29,27,29,34,58,47,36,16,37,35,40,35,39,30,54,25,36,33,25,36,405,766,1128,1487,1869,2218,2590,2954,3318,3691,4044,4051,4042,4058,4036,4044,4034,4058,4025,4073,4044,4058,4033,4054,4050
18,55,41,37,26,34,50,45,42,25,33,32,39,45,39,37,8,21,38,191,374,555,703,874,1045,1221,1403,1526,1720,1894,2064,2223,2401,2575,2719,2886,3062,3246,3412,3564,3552,3560,3563,3548,3575,3570,3563,3562,3560,3561
2815,2831,2811,2822,2825,2846,2830,2821,2816,2826,2849,2848,2843,2836,2826,2852,2805,2827,2837,2839,2834,2818,2828,2816,2819,2835,2845,2831,2804,2850,2810,2857,2828,2844,2815,2813,2843,2822,2844,2783,2823,2823,2831,2835,2826,2834,2825,2819,2820,2838
46,68,58,50,44,65,47,47,43,35,47,44,60,55,39,51,66,48,26,60,73,86,61,77,44,58,58,64,70,97,148,212,293,353,441,534,612,709,815,924,1011,1150,1249,1386,1494,1650,1769,1927,2069,2207
2584,2608,2607,2589,2567,2571,2594,2573,2578,2536,2568,2563,2572,2563,2603,2586,2572,2590,2576,2592,2550,2585,2570,2584,2565,2555,2562,2575,2592,2576,2611,2591,2558,2620,2584,2588,2592,2585,2557,2608,2575,2589,2584,2564,2581,2571,2576,2568,2598,2583
3634,3627,3628,3619,3641,3632,3644,3636,3647,3632,3613,3637,3647,3615,3651,3629,3625,3622,3638,3608,3620,3656,3653,3654,3650,3630,3608,3633,3637,3609,3647,3627,3650,3650,3609,3631,3671,3626,3666,3673,3629,3648,3634,3630,3651,3612,3618,3645,3660,3627
1686,1671,1678,1673,1676,1675,1690,1691,1671,1660,1672,1676,1673,1702,1659,1666,1662,1647,1678,1676,1689,1672,1688,1671,1668,1697,1661,1664,1687,1694,1705,1657,1663,1682,1674,1683,1686,1702,1702,1679,1668,1647,1684,1681,1687,1678,1691,1686,1698,1673
45,37,48,29,28,35,44,17,39,34,24,26,25,48,39,63,44,42,46,46,44,36,40,31,62,57,144,171,217,289,331,360,469,562,621,711,789,867,975,1033,1159,1246,1368,1480,1556,1690,1812,1917,2016,2157
9,14,40,5,4,35,24,23,2,13,12,10,36,17,29,24,130,184,305,407,503,607,717,795,893,968,1074,1183,1282,1368,1461,1556,1685,1763,1770,1731,1757,1755,1766,1736,1769,1753,1767,1792,1772,1757,1756,1776,1776,1747
14,18,0,28,21,8,23,11,35,39,10,7,6,34,9,10,8,33,11,50,81,175,242,334,452,536,673,744,902,1049,1201,1347,1490,1670,1824,2007,2155,2350,2562,2741,2743,2760,2746,2743,2755,2753,2732,2751,2750,2737
52,57,35,29,17,42,24,61,43,27,37,48,33,31,16,25,42,34,28,48,27,49,6,15,33,18,33,57,42,39,48,33,44,21,45,114,124,156,230,303,363,442,543,628,683,788,907,985,1085,1183
4,43,27,0,38,21,10,34,0,10,13,9,16,8,28,20,22,8,13,22,244,475,676,917,1150,1362,1633,1816,2068,2285,2490,2531,2520,2496,2501,2509,2498,2513,2515,2509,2496,2519,2504,2507,2524,2495,2505,2501,2511,2506
3880,3895,3924,3915,3877,3900,3950,3900,3898,3935,3903,3897,3899,3898,3907,3907,3907,3916,3911,3897,3906,3902,3911,3893,3907,3921,3922,3895,3892,3918,3917,3881,3897,3907,3919,3939,3894,3921,3916,3914,3924,3891,3931,3910,3879,3886,3887,3920,3893,3904
43,71,46,40,65,47,39,51,56,57,40,38,44,42,40,46,37,47,49,41,65,21,44,34,51,63,53,43,231,427,646,825,1003,1197,1394,1568,1741,1947,2120,2299,2492,2679,2886,3056,3254,3433,3666,3815,3825,3831
1783,1753,1763,1766,1769,1764,1758,1797,1784,1783,1793,1776,1759,1767,1780,1755,1795,1804,1788,1769,1771,1757,1748,1773,1767,1799,1745,1765,1781,1772,1809,1752,1783,1778,1777,1804,1763,1785,1784,1784,1782,1791,1788,1768,1759,1778,1774,1788,1770,1773
37,11,24,15,43,10,25,43,11,23,42,41,31,21,38,27,12,20,27,28,41,29,19,16,31,14,39,21,68,73,125,128,143,209,247,272,324,338,416,463,518,586,619,677,729,814,859,949,987,1055
17,34,27,17,6,36,31,0,17,39,25,26,0,36,35,7,26,16,26,11,34,18,6,0,19,40,28,49,8,30,10,52,30,31,25,42,53,76,159,196,231,319,360,464,508,599,656,742,814,925
39,45,54,60,49,59,61,64,44,70,338,610,898,1172,1444,1703,2022,2277,2565,2833,2848,2829,2835,2836,2831,2831,2837,2836,2840,2816,2822,2838,2840,2819,2837,2820,2835,2834,2836,2841,2848,2836,2846,2828,2842,2843,2853,2851,2840,2852
3360,3377,3334,3337,3349,3373,3345,3336,3349,3334,3327,3344,3306,3338,3358,3351,3334,3347,3335,3323,3340,3355,3363,3340,3355,3362,3341,3373,3353,3325,3324,3336,3348,3363,3367,3349,3332,3374,3323,3357,3362,3334,3331,3360,3359,3348,3347,3371,3346,3355
34,40,31,49,56,57,32,78,105,127,167,218,264,309,393,433,499,566,615,705,760,818,914,997,1096,1155,1247,1335,1421,1498,1589,1690,1792,1878,1985,1993,1975,1981,1987,2018,1991,2011,2001,1999,2013,2002,2002,1984,2018,2007
42,59,34,43,48,43,42,63,46,26,51,55,46,55,108,121,203,241,285,360,423,497,559,672,747,844,920,1027,1121,1240,1315,1430,1548,1656,1776,1911,2022,2144,2273,2393,2401,2390,2414,2418,2396,2403,2417,2413,2391,2424
1813,1824,1826,1820,1821,1828,1796,1851,1817,1812,1825,1807,1805,1811,1834,1829,1839,1807,1814,1809,1820,1828,1857,1827,1810,1814,1812,1811,1837,1802,1809,1837,1809,1814,1821,1821,1806,1832,1784,1851,1841,1837,1821,1826,1811,1841,1844,1816,1857,1817
3090,3065,3077,3074,3060,3079,3072,3099,3086,3090,3095,3069,3087,3058,3092,3088,3065,3099,3074,3092,3087,3075,3089,3101,3081,3079,3080,3075,3084,3080,3068,3076,3073,3058,3108,3079,3082,3065,3070,3057,3054,3078,3088,3094,3063,3090,3081,3071,3049,3082
3551,3562,3558,3582,3560,3565,3558,3558,3565,3543,3559,3550,3547,3576,3543,3587,3557,3560,3574,3552,3541,3556,3537,3576,3559,3548,3542,3553,3581,3530,3573,3545,3567,3560,3541,3571,3567,3576,3560,3568,3536,3562,3553,3586,3564,3585,3559,3558,3533,3548
13,23,35,45,42,38,13,53,20,46,27,22,16,25,58,33,33,16,68,150,252,348,461,645,760,970,1164,1345,1568,1760,1982,2211,2448,2694,2914,3200,3463,3768,4033,4014,4020,4016,4042,4005,3998,4011,4022,4021,4022,4031
35,54,56,34,37,56,68,57,54,50,61,77,42,91,48,65,46,72,55,75,118,163,249,321,391,473,590,669,776,900,1017,1121,1266,1398,1571,1653,1831,1955,2140,2276,2438,2599,2784,2776,2758,2777,2799,2753,2766,2775
51,64,74,38,51,68,76,29,60,70,66,45,53,64,46,56,55,58,51,52,61,50,75,67,47,79,183,314,439,557,692,809,951,1076,1199,1317,1423,1570,1720,1828,1957,2072,2210,2200,2220,2197,2203,2205,2217,2195
44,46,36,45,12,47,38,35,46,42,22,46,37,44,61,52,56,43,63,38,40,27,55,12,34,57,47,44,31,49,35,43,52,38,313,590,878,1142,1420,1699,1969,2265,2544,2801,3087,3118,3104,3098,3103,3117
64,26,34,58,58,41,36,46,45,70,158,261,360,507,657,802,977,1144,1332,1545,1761,1943,2190,2397,2648,2902,3139,3404,3674,3706,3703,3691,3669,3684,3679,3685,3700,3680,3707,3676,3676,3696,3686,3669,3678,3668,3668,3681,3714,3687
32,5,29,29,13,36,31,30,20,28,7,24,28,29,41,22,23,20,34,23,9,66,91,125,169,220,260,295,365,410,508,568,617,696,772,835,914,999,1081,1181,1238,1347,1442,1517,1605,1710,1822,1935,2000,2134
7,32,24,4,20,10,42,28,29,27,42,20,34,138,231,332,438,524,651,731,846,962,1064,1148,1252,1349,1455,1562,1668,1780,1866,1990,2078,2184,2182,2169,2172,2188,2186,2181,2184,2180,2189,2181,2212,2196,2163,2180,2180,2182
28,35,32,30,38,25,26,15,24,27,29,32,35,22,30,24,22,31,30,32,33,27,36,24,23,32,31,25,25,32,31,23,26,24,17,38,31,36,28,24,24,24,26,20,27,26,35,33,27,32
2346,2314,2347,2319,2332,2319,2350,2319,2343,2336,2300,2335,2329,2326,2327,2318,2301,2318,2348,2330,2321,2348,2362,2318,2316,2341,2337,2325,2331,2335,2324,2350,2345,2326,2336,2353,2323,2320,2330,2325,2323,2330,2338,2350,2343,2317,2345,2322,2305,2321
34,9,9,25,32,33,0,18,18,33,19,30,28,32,26,30,19,32,37,33,25,25,23,37,25,31,4,24,34,45,38,28,56,125,176,238,327,445,535,663,814,938,1058,1226,1359,1506,1674,1840,2024,2189
22,17,30,11,7,10,0,20,31,1,6,27,27,17,0,29,58,114,141,197,266,339,419,469,573,652,738,836,931,1003,1132,1223,1333,1448,1563,1688,1798,1925,2038,2203,2296,2455,2558,2724,2842,2992,3128,3137,3120,3144
59,47,40,40,20,37,31,28,10,15,41,55,26,53,30,47,81,99,126,194,220,296,330,408,433,507,595,650,722,807,888,958,1046,1156,1202,1287,1384,1487,1591,1691,1797,1887,1997,2096,2207,2315,2426,2552,2658,2658
21,37,38,25,44,58,46,24,17,33,13,36,36,6,37,50,37,44,41,56,61,51,31,5,36,36,32,58,81,86,112,132,162,211,223,279,308,386,410,468,502,576,626,680,732,778,851,898,994,1043
18,18,8,18,22,47,34,43,15,16,10,32,9,29,31,34,50,18,26,27,17,30,29,98,123,179,271,347,434,520,622,697,814,908,1030,1153,1277,1409,1535,1685,1830,1957,2114,2256,2414,2559,2731,2736,2733,2756
21,23,22,24,7,10,23,12,31,20,17,26,35,20,9,4,23,9,22,10,27,24,19,28,13,20,19,15,6,19,11,27,14,18,19,19,24,21,15,15,15,25,28,16,20,29,29,13,18,16
26,29,34,31,29,30,9,51,11,50,30,30,38,17,31,34,18,10,45,45,10,22,17,23,0,39,193,350,517,709,868,1022,1187,1360,1504,1679,1887,2021,2175,2339,2497,2694,2859,3024,3187,3381,3503,3520,3534,3509
28,70,67,38,49,44,40,47,31,68,48,51,23,54,37,49,44,51,46,55,37,38,36,52,30,67,47,29,66,87,107,148,170,198,268,323,360,416,481,516,614,661,726,809,875,972,1024,1098,1173,1294
52,57,59,45,55,46,71,73,51,48,43,33,62,59,52,58,25,59,46,38,40,27,65,55,61,50,53,57,55,137,163,243,318,399,488,617,702,827,914,1008,1163,1276,1422,1586,1718,1859,2015,2176,2308,2491
3872,3853,3865,3851,3852,3859,3855,3854,3852,3869,3840,3872,3864,3854,3873,3845,3848,3864,3863,3880,3869,3884,3894,3852,3862,3866,3870,3854,3844,3844,3854,3869,3849,3877,3844,3874,3864,3861,3852,3872,3833,3867,3834,3871,3859,3847,3860,3859,3868,3880
43,75,72,70,83,62,74,22,91,67,67,78,50,77,48,58,22,75,51,67,31,76,66,60,66,52,67,50,53,57,55,69,64,79,113,172,213,265,368,427,534,614,712,811,932,1028,1149,1270,1404,1524
17,17,21,27,1,3,0,18,15,21,2,0,21,19,29,87,147,219,326,408,541,618,751,868,1001,1145,1296,1452,1597,1741,1912,2098,2273,2438,2643,2623,2635,2645,2628,2633,2621,2632,2629,2617,2619,2623,2623,2594,2618,2627
28,31,36,32,42,26,35,36,35,42,39,24,40,36,35,29,32,33,29,30,34,36,46,34,47,34,32,33,26,31,33,39,24,39,43,31,24,23,23,39,35,35,26,38,30,32,39,36,31,30
2605,2595,2592,2598,2562,2608,2620,2604,2598,2602,2578,2595,2589,2593,2590,2598,2592,2579,2581,2576,2616,2613,2606,2559,2571,2605,2590,2577,2606,2597,2597,2586,2603,2586,2584,2613,2584,2622,2613,2589,2575,2606,2579,2620,2607,2613,2568,2570,2573,2576
22,6,15,0,25,24,16,6,10,18,39,17,17,27,31,8,25,38,37,18,12,10,25,26,12,0,19,6,24,16,18,158,322,493,650,798,945,1107,1258,1421,1539,1723,1852,2015,2177,2334,2479,2475,2485,2487
8,15,23,16,30,12,1,28,13,16,15,31,12,14,2,50,62,113,157,219,307,361,437,522,621,714,775,908,1026,1081,1227,1342,1464,1556,1695,1825,1953,1925,1977,1949,1944,1954,1942,1939,1944,1939,1944,1947,1938,1959
55,49,51,29,45,64,47,39,43,41,50,43,54,54,46,40,52,43,49,45,43,54,47,51,46,45,51,45,43,49,43,54,55,43,40,45,48,43,51,43,47,46,53,48,38,48,52,42,48,53
45,33,44,42,42,39,52,36,40,45,52,35,45,41,56,46,41,35,43,42,28,42,51,46,42,42,40,38,45,40,44,47,33,34,38,40,37,38,37,38,46,39,48,49,46,34,38,47,52,31
45,57,13,57,50,46,38,46,21,66,39,40,48,36,32,47,38,42,45,63,41,34,60,29,97,108,175,230,243,326,357,451,502,574,673,741,824,909,994,1076,1175,1238,1361,1444,1575,1675,1770,1901,2010,2121
36,48,11,26,36,45,38,54,98,107,128,171,209,222,291,316,389,425,464,516,574,644,689,738,825,866,938,1010,1082,1137,1200,1297,1344,1436,1490,1617,1672,1748,1832,1842,1821,1841,1835,1816,1817,1824,1826,1826,1810,1820
26,43,37,46,20,21,25,20,42,25,36,32,38,60,42,47,30,42,56,50,24,36,329,621,934,1224,1503,1810,2106,2410,2687,2995,3300,3600,3895,3882,3895,3892,3883,3887,3886,3898,3877,3880,3898,3862,3896,3879,3875,3874
3907,3904,3942,3913,3910,3879,3898,3912,3923,3888,3901,3914,3902,3936,3901,3888,3896,3902,3882,3905,3879,3914,3915,3892,3905,3888,3926,3908,3874,3929,3898,3911,3899,3885,3924,3910,3912,3889,3902,3872,3899,3882,3893,3899,3915,3895,3877,3910,3914,3916
51,39,32,37,36,34,32,29,46,49,53,35,23,29,45,5,35,39,35,27,21,34,42,32,30,34,31,23,40,197,356,497,693,834,1018,1177,1316,1483,1653,1799,1964,2139,2266,2443,2627,2750,2928,3096,3263,3261
22,15,24,33,21,6,30,35,27,40,21,0,21,24,15,9,3,12,35,38,15,19,17,27,5,2,34,42,131,202,293,419,525,668,800,959,1096,1265,1422,1614,1833,2017,2218,2428,2616,2869,3088,3293,3305,3334
27,23,18,24,14,9,23,30,16,21,27,27,26,16,23,18,16,23,19,24,20,25,29,21,17,29,27,26,21,16,25,22,20,23,20,28,24,32,30,18,14,26,23,29,18,16,25,31,17,22
21,45,32,24,46,45,64,31,47,42,57,63,45,13,43,35,49,36,51,51,57,51,45,45,43,45,43,196,304,442,572,698,807,958,1084,1250,1336,1456,1604,1723,1866,1972,2115,2217,2376,2491,2519,2493,2489,2491
15,42,43,38,18,49,56,64,35,29,39,42,69,17,52,39,43,30,59,44,74,35,45,69,51,38,108,155,255,370,483,608,781,914,1102,1295,1478,1679,1865,2104,2314,2557,2805,3029,3286,3553,3817,4095,4073,4095
30,26,43,10,11,6,50,30,39,30,61,30,33,32,16,11,19,28,24,41,46,24,31,47,25,22,51,30,28,50,81,80,128,201,218,287,339,395,482,529,585,674,726,823,884,973,1055,1148,1228,1346
56,37,15,35,57,22,28,22,16,38,31,21,73,86,136,136,186,227,293,326,394,420,481,559,578,688,720,804,866,939,1010,1092,1159,1260,1323,1380,1472,1585,1671,1762,1830,1928,2021,2133,2113,2125,2119,2105,2120,2103
2507,2501,2506,2493,2496,2486,2545,2511,2501,2529,2505,2495,2521,2531,2509,2518,2537,2501,2516,2530,2546,2508,2549,2493,2542,2509,2501,2533,2505,2537,2548,2516,2474,2524,2545,2496,2499,2523,2498,2496,2539,2513,2529,2508,2513,2511,2497,2497,2524,2511
8,0,0,10,23,11,25,23,14,11,11,27,19,15,30,0,17,43,5,11,10,12,17,10,0,0,14,9,28,18,35,23,49,84,139,205,274,369,457,542,660,754,884,1009,1132,1259,1383,1528,1678,1836
28,27,40,26,58,39,11,56,21,43,25,35,128,231,329,440,548,669,749,869,963,1068,1158,1271,1379,1477,1572,1677,1788,1891,1971,2084,2086,2089,2088,2106,2099,2079,2095,2099,2089,2082,2114,2092,2093,2095,2066,2090,2105,2103
3571,3559,3562,3546,3570,3557,3570,3564,3563,3561,3575,3588,3559,3560,3567,3547,3552,3559,3544,3545,3557,3534,3540,3580,3583,3574,3556,3539,3574,3536,3591,3534,3564,3575,3572,3541,3545,3552,3545,3560,3561,3535,3554,3566,3543,3552,3537,3588,3568,3573
16,8,11,3,14,15,12,7,0,16,9,6,7,12,3,13,9,6,6,13,0,7,14,10,18,11,7,9,11,6,14,21,3,14,6,6,8,7,14,11,9,13,13,10,17,11,23,5,2,12
44,55,56,74,43,59,38,83,66,53,70,49,58,57,41,54,46,56,36,28,30,54,58,39,31,164,301,407,478,620,744,875,981,1094,1221,1300,1435,1558,1682,1807,1900,2023,2128,2272,2353,2485,2590,2593,2620,2597
37,37,28,54,38,59,38,44,62,57,42,26,52,45,34,39,18,57,34,32,36,44,47,30,203,357,503,670,840,981,1158,1303,1474,1649,1803,1982,2101,2268,2432,2422,2445,2428,2444,2444,2434,2426,2473,2452,2431,2433
1538,1535,1520,1516,1522,1496,1569,1530,1528,1548,1531,1554,1546,1546,1537,1553,1525,1546,1522,1540,1545,1545,1566,1535,1566,1529,1537,1548,1552,1526,1525,1543,1518,1538,1540,1550,1509,1534,1564,1507,1554,1528,1533,1552,1557,1538,1520,1529,1560,1553
1763,1756,1754,1744,1738,1758,1749,1747,1740,1744,1738,1759,1789,1775,1755,1752,1751,1774,1761,1750,1721,1775,1747,1762,1764,1737,1714,1742,1752,1732,1739,1751,1720,1766,1762,1757,1756,1743,1740,1735,1767,1757,1743,1756,1737,1747,1763,1729,1742,1754
40,40,51,43,19,51,57,64,74,59,65,64,36,174,281,408,540,634,777,875,1001,1125,1230,1348,1473,1605,1700,1827,1946,2057,2219,2289,2419,2542,2552,2545,2559,2545,2520,2544,2534,2543,2543,2554,2542,2543,2537,2541,2556,2563
15,31,34,17,18,13,36,9,12,25,16,26,24,3,25,41,40,41,30,25,21,37,20,39,37,27,21,35,25,30,30,21,25,39,24,7,191,356,545,749,907,1104,1249,1437,1611,1789,1974,2147,2316,2504
19,34,32,50,46,26,33,42,37,24,36,24,18,46,22,40,36,24,41,43,18,6,44,52,42,22,4,33,40,62,60,90,141,176,227,259,327,400,414,497,566,613,701,745,832,909,985,1074,1155,1223
0,24,11,8,0,4,16,10,16,0,14,3,0,27,19,19,24,7,0,0,14,14,7,6,0,9,0,11,15,27,13,58,115,167,307,394,525,687,806,962,1104,1274,1440,1630,1802,2010,2196,2433,2648,2853
38,39,36,33,40,46,31,38,37,28,37,35,34,45,34,31,40,38,37,41,36,35,32,41,45,50,40,47,33,31,29,36,34,46,34,34,41,43,40,41,41,48,25,33,46,36,41,22,32,25
32,37,12,17,34,3,0,16,0,3,16,5,7,23,6,15,12,9,12,1,13,14,30,34,178,343,511,662,814,967,1098,1288,1453,1593,1738,1903,2060,2230,2237,2237,2239,2214,2219,2222,2210,2211,2217,2224,2232,2219
29,36,26,31,47,33,39,40,41,41,33,35,29,38,26,28,21,33,26,25,30,35,35,30,26,36,30,40,30,32,45,42,33,46,32,34,25,32,34,41,25,40,37,32,21,40,25,36,34,33
3760,3775,3774,3769,3752,3767,3776,3769,3760,3755,3764,3769,3781,3799,3751,3763,3770,3767,3792,3776,3777,3744,3784,3760,3783,3755,3779,3779,3774,3781,3779,3756,3773,3763,3797,3772,3745,3774,3796,3750,3764,3755,3783,3779,3807,3762,3757,3737,3778,3759
45,56,56,42,53,60,52,51,48,54,49,54,55,53,58,53,49,40,48,50,54,40,40,40,50,43,54,49,42,57,51,57,51,60,55,43,48,47,37,56,54,60,41,44,45,60,60,43,53,55
23,38,40,22,22,39,46,46,40,17,38,13,8,38,27,373,705,1082,1378,1733,2052,2399,2727,3076,3426,3420,3431,3391,3424,3431,3414,3406,3419,3416,3416,3395,3411,3414,3428,3418,3415,3396,3388,3405,3406,3411,3411,3424,3406,3407
2979,3019,2976,3039,3024,2988,2988,2996,2990,2992,2988,3014,2978,3007,3014,3023,2990,3010,2987,2995,2989,2974,2995,2993,2982,2989,3008,3011,2987,3030,3022,3000,2999,3010,2981,2988,3019,2993,3014,2988,2974,2994,3040,2993,3003,2983,3020,3006,2999,3001
0,8,28,17,27,27,4,15,26,1,25,28,27,13,5,1,12,7,13,24,37,12,2,24,9,26,34,3,19,16,10,394,783,1165,1567,1968,2336,2721,3103,3519,3885,3883,3882,3908,3899,3890,3896,3892,3905,3879
62,59,40,33,54,57,73,52,40,61,43,61,75,45,30,37,37,38,72,44,51,86,120,157,233,263,337,410,501,591,648,764,873,996,1097,1203,1324,1441,1549,1689,1812,1947,2082,2221,2380,2520,2668,2842,2974,3157
3347,3379,3363,3376,3373,3375,3385,3383,3399,3383,3396,3377,3370,3362,3368,3398,3384,3381,3356,3369,3363,3366,3367,3388,3369,3368,3363,3383,3380,3357,3387,3345,3376,3374,3395,3397,3350,3397,3365,3385,3342,3321,3356,3386,3367,3375,3348,3374,3372,3359
21,16,46,25,53,41,0,23,4,16,27,31,12,40,35,22,30,39,36,87,136,188,249,321,436,493,577,687,794,887,1012,1135,1240,1376,1487,1652,1762,1912,2076,2192,2331,2472,2677,2841,2985,3138,3310,3502,3676,3839
38,47,36,30,41,34,53,8,41,44,35,48,31,160,304,443,581,732,853,994,1117,1258,1392,1557,1677,1789,1946,2101,2234,2334,2510,2630,2758,2904,2881,2891,2892,2907,2909,2897,2905,2927,2924,2900,2906,2909,2905,2918,2893,2911
2822,2799,2798,2811,2824,2809,2831,2807,2801,2799,2799,2804,2805,2791,2776,2795,2803,2812,2801,2791,2813,2816,2798,2813,2823,2795,2821,2824,2818,2831,2803,2825,2811,2787,2788,2805,2781,2797,2798,2811,2793,2797,2796,2825,2800,2829,2793,2806,2780,2814
77,67,64,74,62,55,58,104,176,236,277,355,424,490,612,679,753,847,981,1075,1184,1305,1433,1522,1647,1812,1919,2057,2196,2355,2490,2619,2770,2945,3102,3249,3242,3244,3237,3239,3248,3242,3244,3244,3275,3262,3255,3234,3255,3241
41,34,48,59,31,38,46,43,47,29,32,52,25,28,33,24,42,35,61,62,60,33,40,75,47,112,128,183,214,292,346,377,459,524,584,656,716,811,855,956,1029,1114,1203,1271,1362,1460,1554,1652,1750,1847
4,26,0,23,0,19,14,54,22,13,7,25,35,77,94,168,213,281,318,444,484,609,681,750,847,965,1065,1190,1264,1384,1502,1634,1753,1851,2007,2100,2250,2385,2530,2662,2802,2811,2814,2832,2822,2780,2813,2799,2823,2811
2,0,26,6,0,17,10,23,24,23,22,6,13,36,34,18,22,39,2,29,14,21,5,14,20,6,0,23,24,33,267,517,738,952,1208,1438,1675,1929,2155,2409,2634,2874,3082,3327,3328,3333,3342,3333,3350,3358
42,25,53,50,39,45,37,44,44,59,36,41,49,59,46,63,48,47,30,44,37,52,77,119,168,170,199,226,283,299,363,393,465,504,568,605,659,716,773,845,898,978,1038,1074,1157,1231,1291,1354,1419,1497
32,8,16,19,30,14,32,24,31,23,38,20,16,30,23,23,23,22,30,22,32,24,22,25,24,22,24,26,17,19,18,25,47,19,26,21,7,26,18,26,22,31,28,18,18,22,26,21,16,27
7,36,47,35,38,11,32,42,13,33,38,42,29,21,37,27,39,90,125,206,259,330,407,480,576,675,764,845,992,1057,1215,1316,1435,1551,1704,1818,1977,2097,2242,2385,2545,2537,2555,2534,2541,2539,2550,2531,2546,2543
32,39,52,29,25,41,28,27,44,59,48,52,41,55,39,45,46,28,49,42,35,29,43,46,42,48,28,20,64,31,31,35,77,110,179,228,274,349,388,435,541,605,698,779,877,953,1059,1148,1222,1326
48,31,37,30,21,35,33,31,57,35,44,27,40,33,37,43,50,83,114,126,126,188,184,231,270,304,343,386,432,466,491,546,572,631,667,742,784,850,878,936,997,1043,1122,1175,1218,1302,1327,1400,1492,1532
27,40,48,40,30,32,50,52,34,53,62,43,27,30,34,26,29,232,394,549,757,907,1082,1278,1455,1626,1796,1988,2148,2332,2526,2665,2859,3049,3234,3402,3557,3743,3918,3936,3927,3945,3906,3905,3920,3903,3920,3922,3902,3922
60,32,63,58,54,43,50,55,22,36,48,29,14,41,57,39,45,23,44,29,52,38,28,48,32,31,36,40,64,60,236,413,592,813,983,1147,1363,1532,1713,1866,2045,2265,2447,2623,2809,2818,2810,2810,2809,2798
38,49,37,20,38,55,35,31,40,21,43,50,27,31,20,34,29,42,27,41,37,36,38,35,26,45,46,30,15,31,43,11,33,20,21,29,68,67,101,145,197,244,310,348,413,491,546,649,685,798
2269,2275,2274,2308,2284,2315,2273,2267,2270,2286,2272,2276,2256,2274,2277,2281,2265,2280,2303,2258,2275,2263,2289,2262,2278,2275,2301,2289,2251,2285,2303,2278,2267,2272,2310,2270,2282,2284,2275,2280,2270,2270,2280,2287,2285,2271,2291,2258,2285,2278
37,41,35,22,23,34,23,26,34,11,29,27,33,35,36,30,34,23,31,27,30,33,29,34,29,38,34,27,41,40,28,34,30,31,38,41,44,27,26,37,30,42,28,38,38,33,31,30,24,43
35,4,0,17,20,40,8,29,3,16,12,16,40,241,444,643,859,1090,1262,1480,1712,1891,2121,2119,2104,2115,2128,2124,2121,2133,2108,2127,2116,2132,2116,2131,2139,2115,2119,2121,2128,2130,2110,2121,2120,2129,2108,2122,2105,2101
11,37,13,28,22,29,26,31,0,42,12,45,27,29,67,86,167,237,294,378,506,569,670,791,920,1032,1145,1281,1412,1572,1708,1862,2041,2174,2359,2503,2682,2873,2859,2861,2859,2853,2869,2851,2858,2861,2865,2871,2856,2859
3343,3345,3328,3324,3341,3335,3306,3322,3314,3318,3323,3318,3323,3356,3325,3305,3317,3351,3337,3320,3356,3336,3340,3349,3334,3375,3336,3329,3331,3340,3311,3325,3307,3343,3344,3335,3321,3328,3350,3336,3345,3349,3349,3332,3350,3329,3342,3305,3309,3339
19,11,22,15,12,7,17,10,18,0,10,24,9,0,31,0,27,3,17,36,15,6,21,393,744,1096,1434,1818,2151,2517,2896,3237,3635,3619,3604,3629,3612,3637,3634,3617,3594,3632,3600,3635,3616,3617,3628,3596,3616,3596
2165,2170,2173,2158,2140,2165,2134,2144,2129,2144,2166,2146,2199,2138,2174,2153,2127,2180,2147,2150,2151,2169,2146,2140,2162,2152,2168,2140,2127,2143,2165,2161,2135,2137,2178,2166,2177,2163,2181,2155,2149,2182,2150,2175,2152,2189,2151,2149,2155,2133
70,65,42,61,53,46,62,35,76,60,48,60,47,81,45,76,54,40,67,56,147,259,351,474,566,665,742,858,946,1058,1164,1236,1382,1457,1565,1642,1742,1842,1959,2033,2137,2154,2148,2148,2151,2143,2153,2160,2154,2149
26,23,42,36,13,16,26,28,0,24,34,40,30,21,14,16,21,18,20,14,24,40,61,59,81,108,162,223,302,362,432,503,560,673,731,852,950,1022,1170,1272,1373,1495,1574,1728,1830,1844,1822,1844,1862,1842
0,18,43,23,12,25,22,45,33,37,16,22,46,272,542,781,1052,1301,1583,1827,2086,2363,2605,2878,3115,3387,3641,3644,3640,3647,3651,3650,3640,3650,3648,3635,3654,3642,3642,3666,3654,3640,3660,3646,3664,3659,3650,3661,3671,3648
34,38,30,42,37,32,51,22,30,13,48,31,35,51,51,25,54,48,25,28,45,31,36,37,32,36,28,47,53,50,59,55,87,164,226,289,380,487,581,674,773,900,1012,1131,1263,1403,1525,1668,1819,1990
14,16,31,0,20,10,15,24,29,10,0,30,6,0,35,28,37,0,23,19,0,37,17,25,7,7,12,32,19,0,0,8,1,7,15,59,77,89,137,184,215,246,287,325,371,454,478,530,602,649
10,19,0,26,26,2,6,0,4,30,28,8,24,23,32,16,11,38,13,24,29,14,6,9,13,23,21,29,35,32,63,102,146,182,260,337,414,462,572,624,713,827,897,1003,1101,1211,1304,1428,1517,1632
41,21,22,32,67,38,36,28,22,170,353,500,653,815,981,1099,1258,1414,1583,1718,1878,2010,2039,2025,2064,2045,2024,2029,2027,2048,2025,2023,2040,2014,2008,2031,2035,2043,2034,2035,2042,2014,2057,2014,2028,2029,2037,2022,2026,2046
2567,2569,2586,2585,2593,2584,2591,2577,2574,2599,2565,2576,2572,2551,2584,2600,2566,2583,2589,2615,2589,2572,2604,2582,2603,2574,2587,2576,2582,2594,2591,2573,2572,2587,2572,2592,2559,2617,2598,2583,2578,2576,2567,2594,2590,2576,2573,2570,2543,2585
37,34,28,34,65,41,22,35,31,15,273,516,719,958,1197,1429,1667,1866,2127,2346,2557,2797,3042,3267,3498,3721,3724,3723,3722,3729,3707,3722,3751,3719,3733,3714,3727,3740,3725,3745,3727,3744,3732,3718,3724,3732,3733,3731,3722,3724
21,20,9,32,18,29,26,27,28,36,25,20,45,0,25,22,170,301,448,582,704,843,984,1121,1277,1396,1538,1675,1833,1949,2107,2233,2380,2500,2642,2771,2917,2934,2908,2925,2929,2923,2925,2929,2921,2924,2897,2919,2921,2923
4048,4042,4039,4052,4038,4033,4075,4063,4016,4064,4043,4068,4064,4060,4038,4036,4047,4095,4053,4053,4048,4036,4041,4053,4040,4054,4055,4069,4049,4073,4059,4061,4081,4060,4052,4050,4076,4045,4071,4082,4055,4035,4026,4059,4090,4043,4059,4043,4081,4059
1979,1995,2001,2004,2003,1993,1987,1959,1974,1978,1985,2020,2001,2003,1997,1998,1991,2010,2006,1972,1990,2012,2004,2010,1980,2018,1966,2012,1974,1992,1996,2001,1999,2024,2002,2005,1991,1995,1978,1992,2025,1984,1979,2003,2000,1972,2015,1980,1990,2009
0,0,8,12,20,7,25,28,14,3,9,9,0,19,40,22,0,14,9,14,19,11,3,24,0,1,18,19,28,23,16,21,17,79,124,197,292,363,450,540,657,742,870,982,1106,1255,1377,1524,1649,1798
36,32,37,44,28,22,11,11,23,25,45,19,40,17,35,22,33,0,31,19,23,31,16,33,22,21,12,26,69,136,157,201,255,302,375,477,517,615,682,753,881,959,1051,1158,1237,1331,1448,1548,1685,1805
3375,3391,3386,3399,3400,3406,3417,3386,3421,3398,3399,3368,3410,3415,3394,3402,3381,3406,3386,3383,3393,3379,3365,3385,3383,3397,3395,3396,3411,3386,3401,3391,3386,3415,3418,3400,3382,3413,3412,3409,3400,3400,3377,3385,3388,3396,3403,3406,3396,3423
1899,1898,1903,1890,1901,1902,1884,1895,1901,1913,1895,1903,1914,1874,1914,1875,1902,1887,1892,1911,1882,1882,1893,1883,1884,1880,1883,1875,1902,1896,1897,1889,1918,1880,1867,1876,1897,1885,1890,1873,1883,1895,1888,1904,1901,1890,1915,1910,1895,1920
3299,3294,3288,3279,3292,3291,3279,3271,3303,3304,3299,3266,3291,3285,3238,3279,3291,3314,3266,3249,3301,3282,3299,3280,3265,3263,3292,3327,3290,3291,3295,3281,3271,3291,3289,3272,3301,3299,3322,3293,3299,3263,3296,3277,3314,3300,3311,3289,3306,3298
43,67,42,74,60,38,39,78,73,53,28,64,51,53,55,78,52,61,40,72,130,218,303,416,527,653,758,891,1036,1223,1397,1521,1700,1879,2082,2291,2476,2681,2890,3097,3310,3558,3552,3563,3559,3530,3552,3551,3559,3559
38,33,43,38,50,43,48,42,43,39,44,97,154,233,274,386,446,559,638,736,835,971,1097,1220,1345,1479,1599,1726,1873,2049,2203,2351,2339,2360,2338,2341,2351,2353,2363,2381,2373,2362,2362,2350,2366,2340,2338,2369,2353,2336
49,51,56,50,34,52,52,54,55,36,45,55,40,56,30,60,51,55,52,71,54,80,62,43,43,34,288,536,759,987,1256,1478,1686,1957,2179,2397,2628,2849,3122,3336,3337,3347,3335,3322,3364,3345,3330,3349,3338,3355
40,36,31,40,10,17,28,23,47,21,37,159,262,390,527,632,742,878,994,1129,1249,1368,1467,1608,1743,1850,1981,2093,2208,2339,2451,2583,2701,2695,2692,2724,2724,2715,2687,2709,2716,2704,2713,2671,2685,2717,2709,2720,2698,2691
14,21,18,18,14,16,1,33,11,2,31,21,25,20,15,0,14,15,28,19,8,32,22,26,22,30,21,29,31,15,59,35,10,24,155,324,497,643,776,950,1095,1244,1392,1545,1698,1863,2002,2151,2305,2457
62,67,61,68,41,50,70,58,366,656,964,1236,1543,1843,2158,2459,2758,3045,3055,3034,3039,3058,3039,3059,3042,3025,3045,3062,3044,3063,3050,3054,3052,3042,3054,3044,3042,3051,3052,3054,3061,3039,3041,3048,3063,3028,3034,3035,3034,3065
53,61,59,46,57,57,56,53,57,58,50,56,52,45,50,44,59,56,51,62,54,45,51,63,49,55,58,57,68,46,47,47,52,60,47,60,54,47,43,44,50,52,62,58,48,56,63,65,52,59
68,77,32,84,53,65,65,73,70,68,50,71,54,63,83,51,52,55,48,75,65,56,58,55,69,59,64,54,64,49,72,95,105,133,217,257,303,364,461,528,597,696,780,853,928,1064,1156,1271,1373,1475
55,29,36,26,19,41,52,33,30,37,53,66,97,129,164,209,268,325,343,411,489,535,620,677,736,834,889,980,1042,1144,1220,1299,1380,1454,1566,1649,1642,1654,1641,1661,1638,1654,1643,1664,1647,1669,1656,1645,1618,1657
0,9,24,15,32,14,100,187,276,350,447,536,615,704,769,859,942,1034,1124,1219,1307,1389,1468,1558,1619,1727,1798,1806,1782,1812,1784,1816,1808,1809,1807,1814,1813,1805,1785,1828,1807,1815,1809,1823,1804,1823,1808,1824,1814,1811
3752,3769,3776,3755,3724,3724,3746,3730,3748,3724,3755,3759,3750,3731,3722,3718,3769,3716,3755,3762,3774,3769,3752,3765,3757,3747,3761,3745,3766,3764,3749,3742,3752,3731,3723,3778,3716,3748,3741,3734,3764,3751,3793,3767,3763,3764,3737,3749,3764,3774
38,48,39,26,23,27,25,29,16,15,19,31,20,27,26,23,22,20,12,19,14,21,26,28,43,31,57,121,210,292,399,492,634,801,920,1072,1205,1381,1539,1747,1934,2128,2329,2533,2751,2948,2952,2964,2957,2947
3822,3854,3849,3859,3843,3849,3835,3834,3874,3854,3850,3857,3843,3834,3856,3855,3836,3830,3841,3861,3866,3854,3847,3844,3837,3861,3834,3829,3841,3835,3875,3835,3852,3853,3839,3840,3830,3858,3838,3848,3861,3854,3846,3854,3851,3861,3825,3848,3837,3857
3885,3887,3878,3864,3874,3902,3913,3872,3898,3894,3888,3898,3891,3894,3889,3881,3890,3905,3885,3893,3879,3884,3887,3862,3890,3892,3884,3887,3882,3890,3881,3895,3909,3863,3889,3890,3898,3909,3872,3876,3911,3889,3879,3880,3884,3895,3879,3893,3878,3904
22,18,17,28,10,0,2,2,13,22,31,25,5,21,14,15,29,25,45,15,15,24,5,41,18,6,20,0,29,83,133,175,248,342,399,504,589,696,777,910,1033,1144,1252,1359,1504,1638,1760,1902,2068,2189
2174,2153,2178,2155,2188,2169,2172,2172,2146,2193,2176,2172,2180,2169,2172,2186,2173,2199,2174,2145,2192,2191,2171,2197,2163,2131,2206,2170,2191,2149,2156,2173,2180,2188,2143,2180,2135,2192,2167,2186,2182,2186,2169,2164,2150,2179,2177,2178,2152,2178
11,13,29,23,10,36,27,9,4,14,25,11,50,24,17,41,90,97,124,148,189,230,278,337,365,442,515,565,610,665,739,821,914,968,1047,1143,1211,1289,1395,1462,1552,1647,1755,1828,1802,1853,1847,1819,1850,1812
65,34,45,68,47,59,76,126,186,264,337,425,521,634,727,853,968,1093,1212,1366,1528,1679,1814,1998,2169,2320,2496,2673,2850,3025,3003,3042,3052,3030,3024,3056,3038,3037,3053,3042,3039,3036,3033,3030,3034,3032,3042,3042,3037,3027
38,56,46,58,39,57,79,99,122,178,237,307,387,421,524,596,698,744,862,943,1053,1148,1262,1364,1482,1591,1724,1831,1941,2084,2206,2338,2491,2600,2742,2748,2736,2767,2738,2739,2759,2759,2746,2763,2768,2757,2749,2748,2751,2740
3872,3871,3882,3870,3826,3856,3867,3883,3855,3841,3850,3857,3856,3861,3839,3844,3858,3872,3853,3861,3884,3868,3881,3865,3875,3872,3835,3865,3850,3878,3862,3864,3863,3885,3869,3876,3887,3843,3875,3849,3854,3877,3848,3878,3874,3861,3854,3883,3867,3850
32,37,31,36,50,43,30,22,30,45,34,26,46,19,264,474,694,916,1135,1357,1603,1783,2012,2225,2444,2669,2903,3116,3321,3578,3779,3779,3792,3771,3785,3777,3779,3766,3771,3762,3800,3797,3777,3774,3781,3775,3757,3778,3754,3784
46,61,54,56,45,26,54,44,49,57,61,57,55,54,55,28,52,35,46,57,77,57,52,45,35,59,31,36,50,54,370,666,983,1297,1597,1901,2217,2544,2822,3128,3427,3431,3470,3438,3454,3460,3438,3439,3443,3455
75,70,51,37,45,48,61,60,39,53,50,62,64,64,45,72,53,88,176,258,355,470,605,763,905,1067,1257,1431,1617,1801,2047,2246,2460,2701,2921,3172,3425,3667,3689,3684,3679,3685,3697,3684,3682,3662,3697,3665,3692,3674
43,20,24,18,11,35,30,37,22,37,25,19,35,48,17,32,39,28,30,16,35,25,26,34,19,34,42,26,16,21,35,34,295,540,789,1033,1279,1551,1795,2055,2301,2553,2823,3056,3303,3555,3572,3547,3564,3566
2243,2227,2218,2184,2243,2234,2225,2227,2204,2217,2228,2226,2219,2221,2209,2211,2197,2234,2200,2230,2247,2203,2186,2203,2223,2223,2235,2218,2207,2224,2199,2222,2212,2235,2226,2239,2209,2233,2210,2237,2206,2208,2229,2204,2214,2219,2206,2213,2202,2223
2802,2782,2807,2804,2800,2809,2812,2785,2808,2792,2814,2794,2798,2791,2774,2793,2798,2797,2807,2799,2803,2777,2797,2776,2806,2822,2781,2774,2808,2802,2807,2778,2804,2775,2810,2818,2779,2806,2818,2800,2787,2796,2793,2773,2791,2792,2792,2809,2778,2802
46,44,34,33,57,37,49,47,43,57,36,44,46,36,27,26,30,40,42,25,48,43,33,56,26,268,441,667,848,1063,1318,1509,1688,1921,2105,2325,2527,2747,2942,3155,3151,3139,3172,3138,3165,3145,3158,3140,3159,3152
10,29,45,33,12,33,6,17,12,7,24,19,41,35,29,34,36,14,34,0,25,22,41,33,37,36,90,132,212,273,356,438,535,649,721,861,962,1078,1191,1338,1466,1614,1753,1912,2064,2218,2372,2540,2668,2857
1949,1950,1931,1917,1925,1978,1945,1953,1943,1963,1930,1955,1935,1930,1946,1950,1929,1923,1934,1955,1950,1908,1928,1921,1960,1926,1942,1938,1934,1914,1918,1953,1942,1946,1944,1914,1954,1951,1929,1938,1919,1980,1926,1972,1932,1897,1962,1947,1935,1923
3776,3760,3782,3757,3789,3774,3789,3782,3783,3796,3767,3791,3763,3779,3776,3792,3769,3777,3800,3769,3799,3766,3771,3754,3775,3781,3780,3770,3768,3756,3784,3803,3782,3794,3795,3797,3766,3764,3784,3782,3757,3785,3779,3765,3776,3799,3781,3783,3787,3784
36,30,64,35,31,47,23,61,40,31,57,139,224,348,469,522,629,744,837,935,1056,1117,1235,1356,1447,1533,1634,1643,1640,1643,1650,1661,1645,1635,1655,1671,1643,1619,1644,1635,1650,1669,1653,1681,1661,1675,1665,1640,1647,1651
4,29,35,43,15,27,60,33,15,36,16,20,19,27,41,34,16,48,45,22,43,52,98,143,199,262,332,419,525,622,684,824,901,1011,1158,1279,1392,1530,1660,1805,1960,2077,2208,2373,2530,2673,2848,3018,3174,3198
2624,2624,2641,2631,2651,2623,2642,2610,2614,2608,2603,2624,2630,2633,2606,2629,2639,2621,2633,2635,2636,2647,2646,2626,2616,2635,2598,2630,2618,2638,2635,2608,2631,2633,2631,2618,2599,2625,2623,2617,2640,2608,2603,2645,2590,2629,2646,2629,2623,2612
9,17,28,27,11,20,5,12,11,7,31,59,65,117,188,224,272,334,383,450,517,575,655,723,814,882,947,1054,1144,1227,1327,1440,1516,1625,1697,1826,1898,2034,2128,2268,2373,2479,2610,2717,2717,2709,2695,2703,2728,2702
23,36,26,33,39,25,37,32,28,46,33,30,29,39,30,38,33,40,27,28,32,32,31,49,46,35,36,32,27,32,38,41,39,24,32,25,41,31,33,36,50,35,32,26,42,32,43,40,31,25
3757,3782,3785,3775,3748,3766,3767,3759,3747,3760,3748,3742,3749,3771,3763,3741,3766,3747,3788,3749,3746,3752,3730,3761,3772,3761,3752,3747,3751,3723,3773,3788,3744,3747,3748,3760,3732,3748,3734,3777,3748,3772,3772,3711,3758,3745,3744,3771,3744,3733
46,50,41,30,47,38,66,56,31,54,56,50,52,38,47,35,48,45,31,45,53,161,251,361,459,549,644,755,854,971,1061,1174,1281,1384,1467,1582,1663,1788,1860,1985,2081,2176,2176,2178,2186,2176,2194,2189,2203,2172
1625,1626,1604,1591,1596,1641,1594,1590,1616,1611,1622,1620,1638,1622,1603,1616,1590,1616,1601,1622,1612,1622,1624,1621,1616,1643,1635,1585,1622,1610,1620,1588,1605,1609,1607,1602,1615,1640,1603,1612,1595,1601,1617,1623,1595,1630,1615,1620,1632,1615
13,26,2,9,37,1,18,14,10,18,37,0,12,0,7,231,487,726,949,1202,1421,1649,1917,2148,2367,2607,2833,3069,3327,3314,3331,3313,3311,3279,3313,3308,3322,3284,3331,3324,3314,3294,3285,3316,3325,3314,3325,3330,3311,3331
3379,3377,3361,3375,3358,3358,3367,3399,3387,3351,3358,3360,3369,3352,3370,3365,3396,3358,3355,3366,3377,3378,3385,3413,3396,3363,3361,3354,3359,3416,3353,3377,3377,3384,3350,3376,3387,3362,3354,3368,3371,3344,3386,3378,3374,3399,3342,3363,3361,3378
25,39,31,40,34,46,32,26,19,49,22,45,25,35,71,24,19,21,22,31,26,248,448,663,854,1061,1264,1488,1701,1924,2108,2326,2537,2723,2951,3154,3380,3565,3793,4004,4006,4012,4013,3979,3995,3970,4011,4002,3974,3989
22,42,41,24,43,41,25,42,30,59,68,101,141,198,258,344,421,490,600,691,789,907,995,1130,1244,1385,1487,1621,1748,1877,2039,2198,2347,2483,2626,2802,2954,3117,3316,3292,3281,3288,3277,3280,3276,3287,3288,3283,3287,3273
27,20,30,21,29,30,0,26,38,51,210,468,639,855,1071,1268,1474,1695,1917,2114,2315,2523,2739,2728,2721,2734,2734,2741,2740,2724,2732,2746,2765,2722,2733,2738,2732,2714,2741,2763,2731,2749,2733,2727,2725,2714,2709,2743,2731,2730
2621,2612,2590,2595,2614,2575,2589,2612,2601,2625,2603,2586,2598,2602,2572,2575,2618,2636,2614,2611,2629,2606,2580,2612,2603,2619,2609,2601,2605,2614,2611,2571,2603,2623,2612,2629,2603,2588,2606,2615,2587,2595,2625,2589,2612,2588,2595,2575,2596,2597
35,33,34,28,33,30,32,36,23,33,286,561,812,1099,1392,1604,1877,2172,2399,2693,2943,3227,3457,3726,3989,3988,4014,4001,4000,3991,3991,4012,4002,3983,3992,3997,4013,3997,4001,4009,4013,4011,4001,4017,4017,4011,4016,4017,3999,4035
2285,2286,2271,2303,2273,2293,2276,2266,2275,2284,2254,2272,2249,2265,2239,2267,2296,2263,2286,2274,2262,2299,2296,2261,2269,2258,2272,2286,2284,2284,2298,2272,2276,2284,2260,2300,2274,2279,2290,2276,2285,2264,2294,2301,2266,2264,2235,2248,2273,2289
0,0,11,0,0,26,21,0,25,19,2,14,29,32,10,0,7,13,7,24,10,20,36,10,5,13,0,9,18,0,13,0,4,27,37,27,61,106,123,159,205,216,271,342,399,460,505,540,621,679
52,63,55,53,66,15,27,59,31,55,55,50,52,28,54,48,40,32,25,65,40,44,55,23,45,24,46,69,36,45,86,127,166,216,262,313,371,439,521,568,659,746,834,899,1011,1085,1174,1279,1378,1501
32,22,33,41,32,36,38,38,34,22,32,28,28,30,36,30,28,39,26,39,35,36,30,27,34,37,41,33,20,39,31,32,34,32,37,43,23,28,29,36,37,29,27,29,40,34,40,31,38,21
53,42,56,44,42,22,52,39,93,130,185,265,356,401,469,586,684,813,889,1008,1100,1223,1329,1457,1572,1724,1851,1994,2135,2289,2440,2604,2745,2900,3029,3205,3190,3206,3192,3233,3233,3222,3208,3227,3228,3200,3228,3216,3222,3207
1954,1970,1960,1972,1946,1959,1946,1938,1965,1958,1937,1992,1951,1983,1991,1972,1961,1984,1979,1951,1961,1972,1944,1968,1960,1969,1964,1967,1967,1983,1970,1964,1969,1961,1954,1978,1939,1982,1962,1953,1967,1977,1946,1971,1949,1954,1976,1971,1952,1974
43,26,31,31,21,31,28,32,2,40,21,44,33,26,46,13,28,30,23,31,11,41,47,25,27,41,48,19,7,35,294,564,825,1112,1395,1685,1933,2198,2485,2740,3010,3290,3552,3578,3554,3544,3584,3553,3572,3579
28,31,55,26,44,36,38,29,34,62,107,169,256,303,405,503,600,725,832,959,1069,1223,1350,1500,1624,1793,1968,2110,2291,2450,2630,2818,2984,3173,3374,3376,3380,3367,3354,3373,3352,3342,3376,3370,3359,3371,3385,3358,3391,3362
48,52,51,69,38,54,53,50,65,44,57,64,62,66,73,51,48,55,70,41,67,38,60,51,29,63,41,46,314,561,799,1052,1305,1564,1791,2022,2266,2516,2790,3055,3302,3539,3773,4032,4028,4040,4021,4020,4022,4055
35,55,50,46,37,61,24,44,21,39,55,55,40,219,393,583,773,944,1130,1301,1509,1689,1874,2035,2223,2426,2587,2790,2970,3151,3350,3516,3506,3508,3482,3509,3505,3521,3502,3527,3506,3525,3504,3498,3527,3514,3507,3516,3522,3500
3092,3066,3076,3072,3105,3076,3084,3092,3080,3082,3101,3105,3085,3072,3067,3078,3079,3074,3075,3074,3083,3105,3088,3104,3083,3088,3094,3077,3105,3089,3100,3073,3073,3075,3078,3095,3072,3070,3072,3085,3106,3079,3074,3089,3108,3106,3078,3087,3107,3090
24,27,40,29,28,16,31,24,33,19,20,12,18,30,33,23,22,0,40,29,35,26,24,28,45,37,24,41,22,35,37,60,87,135,183,208,280,331,380,423,498,563,628,687,797,861,918,1030,1100,1188
0,5,23,11,33,21,7,53,95,141,205,299,380,468,580,687,809,914,1053,1173,1309,1450,1585,1738,1908,2077,2216,2403,2567,2738,2734,2749,2736,2727,2736,2756,2714,2753,2729,2733,2737,2712,2737,2726,2761,2753,2717,2712,2747,2725
19,28,16,22,23,28,36,29,39,33,27,27,22,27,19,17,0,6,26,41,13,37,40,91,88,157,224,269,352,423,486,575,672,764,832,949,1042,1165,1287,1369,1457,1591,1695,1828,1958,2081,2061,2085,2079,2082
47,63,46,57,53,49,58,69,70,88,125,181,224,286,338,418,462,546,615,667,768,851,907,1042,1120,1176,1314,1384,1503,1611,1697,1835,1911,2057,2151,2269,2412,2523,2658,2793,2915,2908,2931,2903,2918,2907,2916,2928,2907,2910
21,44,6,1,24,23,24,25,0,8,30,28,16,17,24,225,405,626,806,1021,1225,1425,1623,1846,2027,2234,2435,2660,2832,2840,2854,2850,2841,2856,2859,2843,2849,2845,2849,2842,2844,2833,2827,2846,2852,2827,2870,2829,2882,2847
14,19,1,19,5,14,10,21,18,4,0,14,25,12,9,26,231,426,638,861,1078,1261,1497,1733,1897,2130,2321,2556,2744,2987,3182,3415,3583,3807,3999,4016,4017,4023,4000,4027,3996,3992,4022,4024,4025,4031,4058,4014,4028,4027
56,62,54,47,51,58,53,45,51,50,49,49,44,53,52,63,40,37,51,49,46,46,58,50,52,49,52,53,47,53,41,48,39,54,55,55,47,47,49,44,49,52,50,48,45,55,48,58,47,48
80,34,47,48,60,26,48,187,319,460,596,732,878,986,1145,1278,1402,1562,1697,1847,1967,2118,2228,2376,2539,2675,2810,2950,3050,3080,3086,3069,3069,3070,3084,3065,3062,3052,3076,3066,3094,3039,3074,3069,3074,3069,3086,3047,3068,3072
0,5,3,14,22,14,0,36,0,29,33,24,40,3,17,9,0,96,182,265,357,456,561,639,707,819,900,973,1094,1159,1262,1328,1433,1503,1630,1729,1799,1885,1995,1982,1969,1965,1965,1978,1976,1956,1954,1970,1969,1967
24,0,12,25,24,24,0,45,29,30,19,7,20,28,5,15,78,121,242,314,394,485,591,714,821,926,1068,1195,1320,1472,1639,1775,1948,2112,2257,2429,2641,2829,2999,3178,3343,3569,3752,3758,3752,3753,3750,3768,3768,3740
32,9,23,19,0,26,24,0,14,24,17,0,18,19,40,25,30,13,16,16,18,16,25,36,8,42,38,32,183,339,506,671,823,999,1160,1291,1473,1626,1773,1961,2141,2274,2441,2590,2775,2914,3092,3227,3240,3267
25,28,18,41,9,41,30,18,18,51,30,36,22,28,23,33,34,5,27,27,18,33,18,17,20,37,28,236,438,603,791,982,1169,1371,1573,1767,1947,2141,2329,2519,2716,2918,3117,3293,3302,3288,3310,3298,3288,3302
33,15,22,18,7,23,29,0,30,7,37,4,35,23,56,22,12,13,26,21,37,12,27,16,14,0,31,0,40,7,165,296,452,596,728,868,1034,1148,1312,1435,1584,1718,1888,1995,2157,2303,2426,2576,2719,2872
67,55,73,59,59,39,65,71,72,66,54,34,64,49,64,61,63,57,63,75,51,62,70,65,50,52,59,87,67,53,62,85,59,57,53,125,170,204,249,320,410,474,559,614,739,797,909,993,1110,1197
3658,3667,3663,3645,3668,3659,3672,3654,3673,3663,3666,3640,3654,3635,3662,3647,3661,3649,3686,3662,3636,3674,3651,3637,3671,3661,3656,3644,3655,3646,3657,3662,3654,3648,3666,3664,3651,3677,3676,3661,3655,3671,3672,3671,3682,3627,3661,3663,3645,3670
3170,3178,3172,3193,3181,3188,3168,3183,3178,3189,3183,3191,3190,3172,3187,3191,3197,3179,3199,3200,3200,3165,3191,3176,3186,3182,3184,3167,3187,3172,3169,3199,3177,3178,3165,3186,3184,3162,3166,3197,3186,3194,3189,3183,3193,3190,3175,3168,3165,3192
69,50,69,69,24,41,64,57,66,35,21,32,53,55,41,31,56,37,48,96,172,284,415,547,689,844,1037,1210,1385,1628,1847,2088,2319,2587,2800,3089,3360,3642,3934,3927,3938,3925,3932,3908,3946,3929,3911,3931,3933,3935
29,18,16,35,9,15,15,14,29,10,28,22,17,27,46,28,110,139,190,287,350,446,522,620,725,819,944,1036,1177,1323,1448,1565,1697,1858,1985,1960,1987,1993,1981,1975,1993,2003,1974,1984,1993,2008,1987,1973,1992,1977
80,55,61,56,62,79,55,47,59,34,231,393,588,759,927,1080,1257,1436,1606,1765,1933,2107,2281,2457,2600,2796,2963,3138,3299,3478,3661,3657,3662,3645,3652,3650,3647,3661,3633,3648,3648,3647,3655,3643,3657,3643,3663,3646,3648,3668
43,40,29,28,28,33,29,43,28,30,45,34,38,38,27,40,39,39,31,37,34,36,31,34,41,24,33,39,29,38,38,35,37,45,31,27,33,30,38,33,39,37,31,30,27,42,39,33,39,29
1778,1777,1779,1749,1757,1789,1756,1766,1759,1781,1774,1781,1765,1782,1765,1764,1753,1775,1769,1773,1759,1781,1762,1792,1780,1767,1759,1783,1787,1748,1779,1766,1753,1754,1764,1799,1758,1755,1763,1779,1775,1760,1778,1752,1777,1767,1789,1783,1758,1782
3149,3158,3162,3133,3187,3145,3133,3167,3154,3150,3127,3146,3136,3138,3149,3161,3165,3132,3149,3145,3163,3145,3142,3121,3147,3159,3154,3150,3154,3179,3137,3144,3117,3152,3145,3180,3155,3157,3171,3152,3163,3132,3143,3145,3155,3136,3172,3178,3161,3143
3814,3839,3794,3798,3824,3827,3798,3817,3836,3816,3828,3821,3811,3837,3830,3803,3830,3808,3787,3815,3805,3818,3813,3796,3826,3812,3800,3824,3825,3828,3796,3822,3820,3834,3803,3817,3839,3826,3818,3809,3823,3800,3830,3800,3809,3809,3808,3827,3791,3807
2213,2232,2205,2189,2201,2227,2201,2201,2175,2233,2184,2204,2211,2229,2228,2177,2206,2211,2207,2249,2228,2213,2187,2211,2208,2202,2223,2211,2225,2223,2206,2203,2195,2231,2203,2212,2188,2171,2220,2223,2220,2181,2221,2201,2225,2225,2192,2183,2209,2190
16,22,21,30,27,36,32,29,33,28,36,21,26,31,33,34,39,33,36,46,38,32,24,40,41,37,44,32,33,38,33,47,44,32,24,36,35,36,33,33,28,37,15,33,39,26,37,31,24,19
3725,3696,3716,3706,3699,3745,3695,3730,3716,3707,3738,3725,3702,3671,3712,3678,3724,3724,3711,3727,3728,3709,3698,3735,3739,3702,3691,3689,3688,3707,3715,3709,3706,3722,3732,3696,3719,3706,3704,3722,3714,3679,3698,3698,3696,3688,3716,3730,3694,3728
55,47,25,35,40,29,49,27,30,32,25,56,43,36,41,41,33,52,49,32,39,41,45,65,22,55,14,47,37,37,38,129,214,325,428,519,586,692,768,861,950,1025,1122,1210,1309,1391,1503,1578,1691,1761
1915,1892,1888,1916,1915,1923,1909,1928,1888,1929,1934,1897,1911,1909,1887,1917,1916,1909,1921,1888,1923,1913,1909,1889,1921,1901,1911,1902,1944,1894,1917,1925,1937,1915,1931,1895,1922,1898,1923,1911,1942,1917,1919,1902,1896,1903,1887,1889,1900,1915
3474,3496,3509,3488,3484,3508,3460,3497,3502,3495,3499,3487,3512,3489,3495,3495,3499,3513,3502,3478,3502,3486,3490,3492,3477,3472,3492,3519,3506,3493,3526,3517,3488,3497,3536,3499,3492,3471,3489,3513,3476,3491,3521,3495,3478,3495,3473,3507,3512,3501
24,39,30,41,43,40,42,29,37,18,41,61,42,34,71,48,56,56,44,29,262,519,748,977,1213,1442,1679,1888,2140,2365,2613,2818,3077,3291,3544,3751,4007,3988,4018,4017,3994,3990,4004,4005,4007,3997,4011,4004,4004,3995
2772,2815,2793,2757,2799,2791,2788,2818,2825,2820,2782,2770,2800,2796,2801,2796,2792,2809,2804,2798,2788,2803,2777,2802,2810,2800,2797,2786,2784,2795,2823,2785,2798,2814,2797,2807,2809,2776,2779,2811,2804,2793,2806,2792,2798,2810,2762,2813,2783,2809
36,35,19,40,38,49,26,56,39,34,25,26,28,20,28,29,17,52,19,27,33,29,28,35,20,34,61,33,43,55,21,51,44,53,93,131,182,226,308,382,454,539,614,711,802,902,1014,1130,1219,1315
1807,1834,1823,1818,1826,1804,1784,1797,1807,1824,1839,1841,1830,1823,1834,1806,1814,1814,1831,1821,1815,1819,1822,1788,1809,1813,1835,1811,1823,1806,1809,1787,1830,1811,1848,1803,1837,1846,1791,1833,1838,1842,1798,1831,1826,1830,1830,1821,1823,1827
2706,2698,2689,2714,2696,2691,2710,2723,2723,2723,2690,2727,2712,2691,2706,2719,2706,2682,2682,2740,2708,2709,2702,2717,2691,2709,2708,2716,2712,2694,2676,2732,2693,2700,2709,2684,2708,2698,2700,2692,2670,2719,2703,2709,2719,2708,2706,2729,2683,2709
15,12,0,9,14,0,0,4,25,0,11,0,13,22,3,7,1,15,28,16,0,7,0,7,2,7,7,27,0,27,2,0,203,423,589,811,1044,1214,1434,1644,1819,2038,2226,2484,2655,2648,2641,2645,2653,2634
0,10,7,34,21,3,27,19,41,6,7,24,29,24,15,26,251,434,663,877,1100,1310,1492,1714,1949,2143,2376,2582,2815,3025,3215,3439,3653,3877,3869,3865,3860,3859,3868,3840,3856,3851,3847,3869,3861,3879,3886,3865,3857,3864
44,51,24,47,41,36,28,41,26,45,39,45,54,53,39,51,28,45,57,41,38,30,25,20,29,33,47,42,52,36,40,40,35,56,50,37,64,85,156,208,258,333,399,497,554,679,768,866,963,1104
3379,3360,3366,3356,3348,3389,3382,3371,3353,3378,3348,3356,3400,3375,3339,3365,3367,3352,3335,3348,3355,3345,3357,3364,3348,3387,3334,3366,3379,3341,3358,3399,3372,3379,3358,3344,3356,3389,3342,3375,3366,3344,3366,3359,3349,3360,3357,3368,3360,3381
36,29,33,60,54,63,56,52,51,55,49,39,47,59,51,42,18,45,54,38,246,450,660,883,1096,1317,1520,1714,1933,2148,2354,2555,2754,2784,2761,2735,2755,2765,2758,2772,2744,2765,2736,2762,2794,2754,2767,2732,2758,2776
45,20,35,40,50,21,28,51,28,31,34,19,28,37,36,40,39,33,32,30,48,33,28,36,14,27,32,0,178,288,392,541,666,791,902,1026,1153,1290,1419,1531,1671,1811,1924,1908,1889,1919,1916,1933,1931,1908
2425,2451,2429,2452,2444,2421,2450,2436,2447,2439,2437,2434,2431,2414,2403,2414,2440,2433,2429,2428,2448,2426,2409,2421,2433,2420,2461,2405,2447,2418,2423,2441,2434,2460,2463,2409,2412,2441,2441,2439,2432,2442,2430,2427,2436,2445,2447,2426,2412,2451
29,41,48,62,46,67,55,42,48,47,34,47,40,46,57,43,40,73,47,48,32,51,47,37,64,74,119,188,254,316,412,520,605,691,822,945,1054,1191,1318,1481,1600,1764,1912,2085,2211,2424,2565,2748,2911,3102
67,57,37,67,68,66,59,415,761,1149,1487,1845,2228,2603,2977,3348,3683,4047,4036,4041,4059,4039,4086,4049,4044,4025,4054,4073,4060,4037,4054,4042,4031,4045,4060,4060,4052,4058,4038,4050,4053,4050,4048,4056,4060,4048,4059,4051,4063,4057
38,43,56,55,33,47,43,67,41,64,63,70,53,57,56,57,19,50,83,118,153,194,229,293,354,424,530,580,673,743,843,916,1035,1134,1218,1330,1441,1563,1657,1774,1895,2001,2140,2291,2391,2523,2667,2814,2939,3084
1806,1806,1832,1820,1817,1800,1805,1798,1801,1801,1796,1794,1794,1812,1781,1813,1819,1801,1796,1799,1801,1824,1808,1802,1792,1819,1777,1787,1804,1802,1822,1816,1817,1798,1810,1822,1810,1786,1837,1798,1793,1798,1809,1798,1800,1802,1802,1821,1839,1794
62,27,38,24,49,35,20,25,29,39,68,35,40,36,41,50,55,44,50,58,46,45,35,12,34,54,40,44,42,51,42,44,49,27,46,52,76,100,160,215,265,342,427,515,601,684,789,889,1011,1114
16,32,30,39,11,11,30,179,366,536,684,869,1035,1208,1389,1530,1705,1901,2058,2232,2388,2577,2730,2888,3073,3234,3408,3572,3600,3569,3582,3563,3589,3566,3581,3571,3593,3564,3578,3583,3584,3570,3576,3584,3577,3572,3579,3593,3573,3586
2268,2285,2271,2265,2257,2286,2271,2237,2282,2274,2260,2269,2257,2270,2278,2266,2249,2246,2248,2246,2262,2263,2271,2277,2251,2278,2274,2244,2260,2256,2270,2268,2271,2272,2273,2277,2254,2263,2316,2265,2264,2261,2280,2244,2286,2265,2240,2277,2250,2268
45,61,49,40,35,62,35,45,27,25,58,57,30,32,45,52,54,65,69,52,189,334,504,621,783,919,1066,1218,1359,1521,1636,1797,1950,2089,2218,2385,2516,2665,2800,2944,3109,3115,3105,3113,3095,3109,3118,3113,3109,3096
10,16,16,0,0,5,9,21,27,0,8,33,0,0,24,31,10,15,0,4,0,9,4,1,22,23,18,10,2,11,31,82,120,144,240,232,305,355,391,483,553,610,689,744,823,908,1005,1084,1161,1232
2614,2570,2598,2599,2589,2586,2582,2574,2587,2608,2605,2590,2579,2597,2601,2573,2594,2597,2607,2574,2587,2573,2566,2602,2593,2594,2618,2582,2600,2594,2566,2612,2598,2599,2591,2612,2578,2594,2592,2597,2610,2599,2580,2594,2588,2583,2611,2607,2572,2597
23,7,9,20,19,33,20,5,21,17,33,35,155,303,444,583,743,880,992,1176,1275,1469,1570,1723,1888,1993,2133,2294,2424,2584,2708,2892,3006,3145,3130,3133,3139,3130,3126,3116,3147,3150,3153,3127,3132,3137,3124,3137,3144,3132
2678,2702,2653,2691,2711,2681,2671,2667,2694,2688,2701,2690,2674,2671,2676,2685,2680,2679,2688,2693,2658,2699,2675,2683,2700,2682,2687,2682,2682,2695,2707,2679,2678,2721,2682,2687,2699,2701,2695,2670,2671,2701,2670,2695,2689,2692,2709,2673,2706,2702
2,15,46,31,18,19,25,21,26,24,26,0,30,19,15,24,25,16,22,30,30,16,5,18,17,6,17,79,143,210,259,321,388,488,564,683,761,866,979,1084,1214,1323,1454,1598,1709,1839,1997,2120,2283,2444
2103,2090,2113,2101,2072,2081,2102,2109,2103,2102,2121,2115,2093,2123,2129,2112,2091,2092,2113,2100,2094,2112,2111,2108,2097,2118,2112,2095,2118,2116,2105,2095,2094,2099,2115,2125,2112,2110,2112,2122,2113,2094,2105,2112,2108,2092,2091,2100,2118,2085
44,30,48,65,45,44,37,48,50,55,51,55,46,55,65,44,47,40,58,43,59,53,64,55,50,66,40,34,53,66,125,184,268,348,450,555,670,791,942,1064,1190,1292,1505,1651,1795,1972,2128,2331,2490,2709
27,34,27,49,43,14,11,71,24,36,32,40,44,35,38,45,33,38,48,41,34,46,40,16,52,26,54,76,158,252,378,511,639,802,992,1133,1331,1517,1754,1955,2176,2416,2634,2894,3132,3423,3712,3969,3999,3972
62,60,75,56,38,46,53,51,57,64,42,63,135,254,375,472,592,710,795,917,1020,1129,1233,1352,1422,1568,1651,1763,1849,1952,2078,2101,2097,2074,2086,2083,2072,2076,2089,2063,2108,2096,2095,2077,2079,2085,2074,2086,2076,2086
3808,3798,3796,3809,3774,3769,3801,3825,3820,3791,3790,3806,3763,3816,3797,3772,3784,3795,3811,3825,3806,3802,3797,3799,3787,3786,3787,3790,3771,3791,3783,3802,3812,3794,3825,3809,3793,3813,3796,3777,3788,3783,3792,3791,3785,3779,3791,3769,3782,3787
37,25,48,25,49,42,43,31,21,34,33,15,31,33,38,46,20,22,34,20,7,33,23,62,116,172,264,335,425,503,609,727,849,986,1126,1252,1402,1560,1694,1871,2016,2169,2364,2537,2734,2904,3078,3290,3280,3266
1860,1827,1883,1855,1852,1844,1826,1848,1860,1861,1842,1847,1857,1826,1833,1843,1815,1828,1851,1842,1816,1835,1840,1857,1857,1880,1862,1846,1847,1845,1841,1825,1871,1840,1856,1846,1843,1857,1849,1828,1861,1837,1869,1864,1846,1828,1843,1840,1859,1846
4042,4014,4045,4011,4016,4048,4014,4006,4018,4031,4028,4025,4014,4007,3992,4015,3995,4055,4007,3998,4044,4007,4023,4009,4013,3999,4025,4031,4013,4055,4011,4027,4014,4013,4022,4030,4009,4005,4011,4017,4050,4005,4038,4021,4023,4032,4014,4017,4013,3983
58,26,29,48,53,57,42,49,75,54,65,54,47,36,22,54,41,35,37,65,37,56,36,44,64,89,113,160,204,290,318,358,451,516,584,651,731,795,922,1009,1076,1174,1269,1373,1500,1579,1578,1584,1564,1598
4,11,24,16,14,34,12,6,11,3,10,0,37,21,14,25,0,35,17,6,22,7,6,0,0,13,5,21,3,14,6,4,0,0,92,208,305,409,511,627,733,832,925,1039,1132,1202,1337,1419,1518,1636
24,22,8,32,26,9,34,42,21,10,18,9,21,11,22,66,96,163,223,315,382,493,588,714,817,936,1073,1212,1325,1491,1654,1807,1958,2120,2281,2450,2632,2628,2643,2633,2612,2647,2648,2644,2622,2613,2637,2612,2611,2617
0,8,0,0,9,7,20,2,7,17,11,19,10,11,17,27,5,0,3,5,7,9,7,18,6,9,0,0,13,31,0,0,22,98,184,268,398,504,634,759,884,1060,1215,1395,1576,1751,1939,2138,2350,2540
10,10,3,41,19,17,18,20,20,24,6,13,170,314,494,631,787,919,1118,1254,1423,1567,1755,1903,2065,2209,2370,2509,2668,2654,2682,2694,2679,2667,2682,2679,2670,2661,2666,2674,2686,2676,2676,2660,2652,2697,2674,2678,2667,2702
4043,4095,4090,4095,4095,4095,4064,4071,4088,4088,4087,4066,4095,4095,4088,4076,4085,4080,4078,4095,4070,4095,4079,4094,4095,4090,4095,4081,4084,4089,4083,4095,4095,4086,4066,4095,4085,4095,4093,4077,4063,4091,4075,4070,4082,4094,4095,4092,4094,4095
56,55,47,57,55,45,58,59,69,62,60,71,67,57,56,64,56,47,72,84,56,56,31,58,66,73,65,47,57,81,194,316,458,565,713,831,966,1069,1220,1360,1466,1615,1759,1876,1995,2134,2145,2129,2154,2133
53,40,59,49,51,56,48,41,49,43,49,51,53,49,54,44,52,50,53,60,49,51,48,35,41,55,44,48,50,49,48,49,48,56,51,52,48,47,46,46,48,43,57,53,51,51,49,51,42,50
16,18,21,25,48,36,23,10,10,29,33,17,33,26,37,27,31,31,25,24,32,248,466,699,906,1140,1333,1563,1771,1990,2213,2434,2639,2854,3084,3108,3101,3101,3094,3074,3076,3087,3072,3090,3096,3083,3103,3096,3082,3095
13,16,16,3,16,10,11,29,12,16,8,10,19,7,23,12,13,13,22,30,11,12,15,13,16,11,18,18,12,26,11,21,11,16,17,16,17,6,16,19,9,14,0,12,13,17,12,23,9,16
56,47,59,41,37,54,44,68,45,48,46,60,57,56,73,38,45,40,47,68,54,57,72,53,54,72,54,45,40,49,52,101,137,191,271,333,405,500,567,676,774,860,968,1074,1192,1290,1399,1558,1686,1796
22,17,29,30,35,32,120,214,334,407,539,641,733,836,957,1029,1143,1261,1353,1438,1534,1637,1755,1842,1851,1835,1825,1856,1821,1826,1827,1847,1847,1855,1826,1830,1850,1843,1828,1852,1843,1846,1832,1821,1834,1848,1843,1842,1827,1866
20,20,17,26,24,19,9,2,13,29,30,36,6,40,45,27,298,592,855,1148,1441,1706,2004,2290,2569,2869,3143,3433,3698,3973,3977,3975,3991,3989,3995,3999,3980,3966,4027,3976,3977,4007,3959,3977,3991,3980,3973,4002,3993,4006
33,34,45,47,40,61,53,49,31,49,55,67,51,21,21,46,35,50,45,47,65,70,111,168,229,273,319,412,482,551,619,693,784,876,1003,1082,1181,1290,1390,1498,1617,1710,1845,1969,2083,2196,2339,2441,2584,2712
1927,1933,1898,1902,1922,1900,1913,1933,1914,1901,1940,1932,1899,1904,1906,1888,1917,1895,1930,1931,1916,1929,1908,1924,1904,1924,1914,1912,1919,1924,1887,1909,1891,1940,1904,1892,1910,1940,1920,1909,1907,1896,1898,1926,1890,1925,1897,1911,1893,1911
52,49,47,44,57,45,58,48,52,59,47,52,52,46,51,54,60,47,52,49,51,46,48,59,50,50,44,56,55,50,61,46,43,49,44,51,50,56,47,51,51,54,43,44,46,43,53,53,56,49
31,44,58,46,52,64,38,57,50,60,25,50,51,54,67,54,69,44,67,47,61,70,56,55,72,88,73,52,59,41,57,49,51,253,405,595,760,961,1121,1284,1473,1665,1821,1992,2191,2339,2535,2710,2878,3063
46,37,25,36,23,30,25,13,26,36,16,14,29,47,15,52,8,39,12,9,23,38,28,6,375,692,1010,1341,1683,2023,2358,2671,3030,3349,3666,3653,3663,3687,3684,3675,3704,3682,3668,3644,3693,3689,3685,3672,3671,3668
35,28,12,41,21,44,25,38,13,14,27,52,23,44,46,24,25,19,45,32,12,33,275,510,736,936,1157,1387,1609,1861,2078,2318,2546,2762,2984,3228,3437,3690,3922,3916,3911,3911,3917,3903,3907,3927,3931,3890,3937,3932
2522,2505,2483,2511,2514,2500,2517,2519,2504,2535,2497,2506,2495,2488,2533,2488,2499,2528,2516,2520,2512,2493,2492,2503,2541,2524,2495,2526,2525,2501,2503,2520,2521,2521,2489,2502,2513,2523,2531,2498,2500,2538,2515,2501,2498,2522,2506,2521,2511,2537
0,28,20,40,16,1,22,35,27,0,148,290,434,561,702,852,992,1121,1285,1403,1574,1699,1839,1845,1822,1845,1819,1836,1829,1841,1857,1792,1818,1815,1816,1837,1834,1813,1812,1821,1837,1843,1840,1811,1828,1815,1815,1814,1831,1828
15,42,36,38,39,30,35,35,19,72,38,42,33,39,37,54,33,24,45,8,61,123,150,239,314,424,479,609,706,822,950,1068,1205,1354,1486,1641,1788,1941,2112,2267,2473,2631,2784,2956,3160,3365,3535,3738,3736,3721
51,51,50,49,48,47,54,50,48,56,52,54,47,57,60,59,59,53,51,53,50,46,52,54,57,52,56,56,47,57,50,54,72,51,39,49,55,51,47,49,48,50,51,57,51,56,50,50,43,44
10,0,10,8,25,26,24,15,6,16,1,14,19,19,94,127,210,300,363,492,552,665,773,913,1040,1182,1292,1447,1591,1744,1924,2039,2206,2375,2564,2755,2912,3103,3292,3300,3280,3293,3287,3283,3288,3276,3283,3298,3276,3297
43,60,35,51,26,36,51,39,30,56,38,23,53,30,30,25,33,41,65,101,183,276,337,431,555,675,796,916,1042,1215,1333,1482,1664,1842,1985,2157,2335,2510,2731,2906,2908,2927,2912,2934,2938,2897,2910,2914,2942,2908
0,7,39,1,15,8,5,0,10,9,0,35,57,91,160,216,266,371,422,488,593,667,762,872,978,1093,1177,1276,1402,1526,1633,1774,1904,2049,2152,2308,2442,2532,2714,2880,3014,3015,3026,3006,3017,3022,3013,3012,3030,3011
39,35,42,34,37,40,43,31,58,44,44,57,49,49,55,54,29,50,54,53,39,39,67,56,46,41,35,42,41,36,49,42,8,50,57,49,212,391,564,715,940,1119,1262,1438,1596,1802,1977,2158,2310,2489
27,41,43,22,19,31,3,17,7,21,85,143,186,265,353,414,518,596,732,841,927,1066,1186,1329,1456,1597,1742,1848,2009,2148,2315,2472,2650,2802,3002,2972,2982,2989,2979,2996,2956,3006,2986,3007,2962,2989,2991,2947,3000,2980
55,28,38,61,52,46,35,45,41,39,37,38,47,39,42,29,49,32,41,60,41,33,35,90,114,165,235,305,417,482,610,699,799,932,1042,1177,1327,1455,1569,1750,1887,2046,2208,2368,2547,2720,2888,3065,3079,3087
35,38,35,47,21,38,38,54,25,22,50,0,26,15,44,33,24,48,29,35,61,54,7,27,33,31,29,24,30,9,35,28,21,29,65,81,143,229,297,358,459,548,635,739,847,972,1062,1219,1350,1469
11,25,56,31,26,14,29,32,35,309,609,906,1199,1486,1789,2059,2354,2652,2919,3214,3230,3234,3228,3228,3227,3221,3239,3241,3229,3215,3221,3219,3223,3258,3233,3226,3241,3241,3233,3214,3216,3208,3220,3218,3225,3223,3225,3198,3211,3230
13,22,14,24,22,3,35,2,5,33,63,113,110,169,249,313,389,478,528,626,731,849,950,1080,1154,1290,1406,1536,1676,1778,1941,2048,2199,2347,2497,2644,2771,2934,3118,3097,3125,3123,3119,3106,3108,3116,3091,3102,3106,3109
45,29,54,47,43,41,51,56,59,65,42,33,69,48,43,58,70,44,48,36,39,60,73,55,71,66,64,68,49,32,46,34,48,42,42,50,178,269,424,552,681,805,927,1030,1182,1283,1422,1537,1673,1799
20,23,26,36,14,12,6,41,6,15,18,9,20,26,41,59,131,180,246,311,415,512,592,687,808,904,1055,1159,1266,1383,1516,1670,1813,1969,2097,2225,2390,2570,2711,2852,2869,2885,2873,2874,2873,2862,2873,2879,2852,2838
47,56,62,52,61,49,42,76,60,82,126,168,239,331,427,522,596,725,820,956,1062,1210,1305,1486,1624,1752,1910,2072,2217,2402,2596,2727,2751,2751,2731,2734,2745,2762,2744,2755,2751,2768,2753,2732,2744,2744,2750,2758,2753,2738
50,70,45,63,38,67,60,42,52,70,254,471,695,914,1117,1344,1536,1741,1948,2175,2375,2579,2801,3028,3194,3230,3233,3236,3236,3223,3234,3248,3227,3219,3233,3231,3219,3213,3222,3245,3223,3214,3230,3229,3231,3248,3227,3236,3253,3226
3115,3068,3093,3061,3093,3078,3111,3123,3092,3084,3073,3067,3090,3083,3088,3080,3069,3060,3069,3103,3080,3081,3081,3100,3122,3069,3109,3052,3091,3101,3106,3062,3106,3086,3099,3107,3100,3111,3100,3069,3088,3115,3089,3099,3079,3057,3092,3078,3063,3093
2242,2230,2228,2226,2215,2221,2222,2247,2202,2229,2222,2231,2202,2249,2210,2235,2223,2245,2219,2229,2229,2241,2227,2213,2225,2221,2254,2207,2236,2237,2220,2227,2235,2213,2215,2234,2229,2221,2223,2235,2233,2211,2221,2237,2213,2235,2243,2232,2228,2225
1658,1661,1657,1645,1656,1636,1659,1651,1671,1645,1651,1638,1654,1646,1651,1659,1656,1663,1652,1651,1632,1641,1628,1633,1669,1668,1666,1684,1651,1661,1637,1662,1636,1649,1651,1646,1642,1636,1621,1672,1659,1638,1666,1664,1658,1643,1627,1667,1651,1676
33,33,49,69,38,32,42,24,45,58,63,54,44,40,170,331,466,601,744,912,1015,1160,1298,1423,1567,1747,1847,2004,2121,2270,2414,2570,2688,2703,2695,2662,2703,2688,2683,2698,2689,2669,2678,2707,2690,2681,2690,2692,2693,2696
13,18,25,31,21,38,15,284,506,743,1009,1245,1508,1740,1972,2235,2476,2745,2953,3218,3215,3228,3218,3211,3217,3232,3236,3217,3214,3217,3207,3231,3215,3209,3208,3202,3224,3201,3224,3199,3216,3191,3219,3214,3221,3193,3208,3207,3232,3207
46,42,47,53,47,49,48,46,47,49,52,45,49,54,52,40,50,52,46,44,39,50,36,56,44,48,33,49,51,31,45,48,38,45,47,50,54,53,45,49,44,47,54,36,54,43,39,44,40,47
1906,1887,1920,1912,1912,1921,1921,1915,1921,1919,1904,1910,1918,1930,1933,1910,1923,1925,1914,1917,1914,1925,1889,1901,1928,1915,1910,1887,1899,1909,1928,1939,1910,1945,1901,1939,1895,1920,1931,1943,1910,1933,1938,1921,1927,1914,1927,1923,1912,1917
18,21,30,22,20,37,29,19,39,40,40,22,30,36,44,28,8,233,399,591,766,932,1136,1307,1494,1682,1869,2063,2236,2421,2596,2791,2993,3169,3371,3522,3724,3742,3704,3711,3730,3727,3721,3712,3713,3710,3723,3730,3716,3719
2846,2892,2855,2842,2853,2870,2877,2865,2822,2855,2833,2840,2863,2815,2871,2849,2870,2868,2845,2884,2860,2858,2868,2869,2854,2877,2865,2857,2884,2849,2861,2842,2863,2873,2843,2838,2871,2831,2858,2849,2841,2856,2855,2859,2883,2855,2871,2846,2827,2861
11,36,26,32,29,26,2,11,23,15,18,7,21,22,37,24,17,26,18,23,0,108,200,333,401,472,600,696,792,857,968,1066,1152,1257,1336,1428,1541,1542,1523,1545,1538,1527,1523,1534,1562,1536,1544,1548,1525,1529
0,19,35,40,1,0,31,15,42,29,27,29,43,13,27,37,25,25,24,36,35,19,9,18,27,24,12,23,25,34,63,128,188,219,314,358,457,585,638,713,835,927,1049,1151,1265,1371,1507,1652,1788,1904
57,60,53,69,32,55,41,47,40,46,53,56,34,43,47,52,53,32,44,41,30,68,45,37,69,55,61,61,47,123,185,265,357,447,532,651,796,914,1077,1185,1312,1489,1623,1825,1960,2149,2326,2490,2722,2896
19,23,24,49,37,11,33,31,55,33,50,40,42,19,21,14,45,27,46,27,41,40,27,18,10,59,87,92,126,138,196,194,246,277,330,377,448,464,523,576,664,703,758,819,894,944,1025,1073,1154,1214
34,32,20,17,24,22,27,42,13,29,20,38,42,26,31,48,224,441,647,840,1035,1242,1455,1657,1865,2040,2063,2072,2061,2047,2052,2051,2062,2054,2054,2043,2038,2061,2054,2064,2047,2054,2069,2051,2069,2052,2048,2071,2047,2078
1869,1848,1848,1849,1844,1854,1863,1831,1871,1837,1846,1850,1835,1856,1855,1837,1853,1840,1850,1851,1851,1853,1842,1840,1834,1856,1868,1823,1831,1861,1830,1847,1855,1841,1857,1836,1860,1848,1838,1832,1847,1827,1856,1856,1867,1855,1863,1850,1827,1852
3471,3510,3500,3480,3464,3485,3493,3503,3484,3485,3494,3504,3491,3503,3472,3483,3473,3496,3502,3447,3457,3475,3507,3487,3463,3507,3469,3523,3489,3504,3487,3472,3481,3466,3498,3491,3484,3506,3496,3481,3477,3496,3471,3521,3504,3510,3494,3504,3480,3496
50,64,73,47,28,55,44,73,66,119,143,193,233,335,406,501,571,631,750,855,960,1055,1152,1256,1402,1516,1646,1784,1901,2034,2173,2329,2470,2612,2789,2771,2751,2762,2781,2753,2743,2750,2756,2764,2751,2740,2773,2760,2757,2750
26,55,44,32,22,25,40,24,38,30,32,27,43,39,38,23,43,49,55,23,41,45,27,26,52,42,32,249,454,670,884,1078,1295,1507,1714,1907,2149,2359,2552,2557,2556,2559,2577,2554,2555,2569,2557,2550,2543,2558
32,20,9,29,26,38,40,32,12,33,16,17,23,22,45,29,32,42,9,156,301,437,590,699,872,1008,1140,1274,1399,1579,1683,1815,1967,2101,2214,2364,2527,2652,2805,2923,2923,2928,2906,2935,2932,2898,2952,2932,2930,2939
35,47,56,58,53,55,67,65,66,34,57,67,43,36,80,147,192,279,345,469,547,668,798,925,1051,1190,1329,1508,1641,1810,1977,2149,2307,2500,2692,2865,3070,3264,3482,3684,3880,3882,3896,3902,3886,3904,3903,3897,3899,3893
3409,3394,3418,3398,3402,3403,3374,3411,3386,3374,3362,3416,3368,3393,3378,3416,3370,3390,3395,3415,3423,3392,3410,3402,3406,3409,3400,3394,3423,3415,3411,3408,3411,3398,3405,3401,3407,3405,3380,3431,3427,3381,3413,3403,3423,3392,3405,3420,3417,3400
0,8,24,27,23,11,23,34,116,248,382,503,623,718,842,970,1058,1202,1309,1445,1543,1666,1796,1909,2025,2130,2258,2362,2454,2606,2585,2601,2606,2602,2609,2604,2602,2598,2607,2602,2613,2604,2598,2584,2608,2621,2604,2593,2607,2615
1919,1933,1923,1929,1969,1928,1942,1909,1910,1918,1950,1931,1957,1940,1939,1930,1890,1905,1906,1924,1957,1924,1935,1924,1943,1912,1922,1935,1922,1932,1940,1912,1935,1934,1936,1925,1933,1939,1916,1927,1938,1935,1933,1925,1925,1921,1941,1916,1925,1932
10,47,22,29,12,40,39,7,12,22,33,28,193,351,520,705,883,1068,1229,1404,1585,1755,1909,2092,2266,2434,2627,2796,2801,2777,2785,2769,2792,2773,2788,2777,2810,2768,2784,2801,2784,2794,2781,2793,2792,2781,2757,2813,2785,2799
6,3,26,35,24,27,24,9,22,17,0,11,3,18,23,15,20,28,23,24,10,22,42,22,18,39,11,26,27,32,1,209,374,558,699,873,1031,1202,1371,1567,1711,1879,2069,2250,2403,2575,2761,2911,3097,3254
57,57,51,93,67,58,62,37,67,40,57,58,49,49,48,64,39,74,69,51,35,41,56,31,75,66,51,75,171,272,387,496,597,706,776,907,999,1124,1258,1339,1447,1539,1641,1770,1887,2011,2082,2168,2292,2408
40,39,58,33,25,28,44,68,56,26,51,48,55,38,46,39,11,41,48,64,58,144,258,355,477,608,738,901,1057,1251,1451,1626,1842,2051,2276,2491,2760,2994,3226,3469,3488,3468,3492,3462,3489,3464,3476,3466,3478,3470
0,1,28,25,32,15,9,14,24,100,137,204,269,368,457,562,665,750,889,1009,1135,1297,1429,1544,1719,1854,2001,2174,2328,2503,2675,2844,3024,3050,3032,3033,3039,3023,3030,3046,3057,3035,3014,3014,3039,3033,3032,3066,3022,3025
21,28,35,35,35,39,26,27,29,30,39,31,35,27,38,27,29,30,41,39,33,24,35,37,40,38,26,29,37,36,33,34,30,20,34,41,37,33,29,37,29,47,35,31,39,35,24,31,34,35
3,5,18,9,16,2,37,1,0,14,9,15,0,16,9,17,12,35,52,74,129,200,251,332,430,520,604,691,796,938,1034,1165,1305,1431,1538,1698,1850,1983,2142,2308,2437,2586,2603,2589,2601,2601,2613,2609,2616,2606
6,10,6,0,39,7,7,14,18,2,37,3,36,27,32,4,35,15,35,39,23,47,18,26,11,6,18,44,113,126,170,247,316,382,480,584,659,751,863,990,1094,1180,1325,1446,1581,1709,1865,1990,2140,2260
14,26,10,26,25,5,3,2,0,12,39,12,26,19,3,17,0,24,65,71,98,137,177,228,259,311,356,422,478,511,593,641,711,776,828,902,991,1063,1112,1221,1291,1358,1436,1524,1617,1689,1699,1691,1700,1687
23,46,27,39,38,46,15,28,7,25,21,2,12,16,12,8,18,26,35,20,44,76,84,146,158,215,247,282,339,393,458,484,546,617,677,731,787,853,901,983,1070,1110,1197,1244,1348,1428,1489,1574,1649,1667
51,53,44,46,50,54,59,57,86,36,46,21,44,62,47,39,41,63,58,49,40,178,307,411,559,666,790,926,1059,1180,1294,1430,1546,1687,1791,1898,2045,2157,2271,2411,2399,2427,2412,2414,2416,2412,2385,2424,2438,2430
66,44,59,54,58,51,81,57,51,52,29,43,66,66,143,178,258,321,440,515,622,743,862,968,1096,1221,1366,1498,1649,1795,1989,2135,2314,2311,2334,2299,2313,2315,2323,2337,2305,2318,2311,2305,2300,2323,2311,2310,2280,2316
3801,3799,3793,3811,3805,3818,3780,3813,3788,3787,3795,3813,3773,3810,3801,3800,3806,3804,3789,3798,3800,3797,3817,3824,3812,3811,3794,3821,3823,3794,3792,3816,3797,3838,3802,3780,3821,3784,3816,3814,3781,3789,3814,3826,3808,3798,3813,3823,3798,3801
34,7,34,18,18,24,18,49,38,63,19,25,33,37,61,121,189,256,362,451,542,675,805,913,1082,1209,1370,1510,1674,1817,1998,2190,2379,2534,2735,2933,2933,2932,2943,2926,2940,2944,2938,2950,2943,2964,2927,2938,2949,2946
67,36,27,38,34,40,32,49,57,37,64,53,24,58,40,56,30,46,45,43,39,36,54,29,33,40,46,35,27,47,43,26,61,114,167,219,293,369,418,538,637,760,839,950,1058,1186,1309,1441,1560,1713
62,29,49,43,39,36,46,23,49,305,519,783,1030,1271,1523,1775,2049,2268,2536,2771,3026,3281,3525,3782,4002,4021,4016,4014,4021,4023,4022,4014,4034,4036,4032,4007,3990,4007,4006,4027,4013,4031,4017,4013,4001,4019,4019,4017,4004,4030
36,28,35,31,32,43,38,38,44,37,43,31,35,38,22,39,41,37,34,43,40,28,37,40,42,34,37,40,39,34,37,43,37,42,42,29,31,28,45,39,36,31,28,34,34,30,31,43,32,39
1824,1783,1809,1824,1803,1805,1802,1788,1808,1832,1784,1773,1800,1825,1821,1803,1798,1783,1808,1813,1785,1808,1815,1800,1802,1798,1802,1821,1810,1807,1810,1804,1821,1790,1783,1802,1818,1799,1804,1800,1788,1828,1849,1834,1794,1812,1806,1802,1814,1814
41,60,61,58,60,69,47,62,55,54,70,72,76,65,51,38,165,270,382,470,574,682,778,895,967,1095,1192,1305,1413,1513,1599,1698,1827,1903,2042,2120,2236,2312,2343,2317,2349,2346,2359,2344,2322,2333,2341,2333,2349,2325
0,30,0,24,11,25,8,19,3,12,15,26,25,9,8,17,7,9,10,0,44,11,0,24,12,8,7,4,17,41,101,161,239,307,406,473,538,632,730,835,962,1063,1193,1270,1429,1542,1684,1804,1946,2094
52,27,19,27,39,28,36,44,59,36,21,28,50,11,16,40,149,225,363,483,583,701,805,919,1011,1144,1250,1347,1467,1578,1688,1795,1914,2016,2131,2247,2363,2473,2475,2472,2452,2480,2479,2463,2482,2473,2465,2436,2459,2485
3710,3712,3699,3705,3682,3700,3689,3679,3720,3710,3677,3707,3663,3704,3682,3712,3693,3698,3688,3686,3667,3708,3699,3699,3674,3728,3714,3669,3707,3692,3699,3712,3681,3698,3676,3687,3696,3716,3709,3714,3709,3715,3689,3693,3679,3708,3688,3680,3697,3664
37,59,44,48,46,25,61,50,37,32,65,43,52,48,66,70,98,113,215,266,365,430,493,596,685,765,882,992,1109,1236,1334,1434,1582,1736,1851,1981,2160,2263,2438,2557,2700,2860,3020,3205,3360,3533,3680,3889,3891,3903
38,37,49,56,24,50,43,43,60,24,91,142,225,334,401,531,678,815,950,1097,1270,1436,1608,1787,1993,2193,2361,2590,2810,3033,3276,3491,3721,3980,3974,3969,3985,3968,3980,3971,3979,3959,3970,3981,3996,3955,4000,4000,3978,3997
15,0,11,5,26,20,7,20,8,0,0,18,13,47,3,12,0,18,372,661,983,1331,1640,1966,2300,2641,2927,3253,3263,3268,3250,3256,3261,3257,3270,3259,3269,3263,3259,3285,3254,3261,3268,3241,3273,3252,3265,3258,3255,3254
32,23,30,30,25,27,39,25,25,27,25,31,35,25,21,38,27,16,38,33,36,35,42,20,22,24,23,27,24,19,21,25,33,23,31,19,7,26,23,21,21,22,21,21,18,14,13,41,26,36
49,55,53,59,34,39,45,38,36,33,65,31,58,65,73,46,42,32,41,49,35,47,37,63,45,64,60,81,110,142,210,238,272,334,418,460,546,633,680,742,808,895,983,1061,1136,1248,1326,1426,1505,1597
40,55,63,45,41,37,28,37,50,52,53,56,35,42,36,70,53,61,45,40,42,72,48,33,49,39,41,33,50,46,62,49,45,36,54,203,367,528,711,842,1027,1176,1343,1520,1680,1875,2004,2178,2317,2495
31,35,19,30,36,33,33,24,18,25,41,28,29,38,31,29,32,0,18,15,31,11,42,32,40,33,34,52,35,27,37,33,77,81,135,137,186,235,266,308,369,400,455,534,575,633,718,766,844,899
3990,3982,3978,3943,3963,4003,3974,3959,3980,3974,3958,3957,3964,3960,3970,3965,3958,3951,3961,3953,3939,3985,3956,3968,3945,3961,3953,3972,3944,3943,3959,3960,3968,3945,3983,3941,3923,3977,3967,3943,3937,3949,3963,3953,3950,3974,3953,3952,3969,3959
4,31,32,30,24,0,24,34,59,101,139,162,255,365,418,537,610,704,830,926,1034,1161,1287,1407,1549,1682,1822,1962,2120,2268,2421,2586,2763,2904,3087,3241,3431,3596,3793,3765,3778,3786,3792,3788,3806,3811,3796,3775,3796,3791
1521,1525,1528,1504,1526,1521,1552,1539,1526,1533,1500,1521,1527,1542,1526,1552,1521,1520,1542,1533,1515,1552,1522,1542,1522,1534,1522,1533,1507,1559,1533,1529,1532,1517,1554,1519,1555,1537,1520,1545,1555,1530,1521,1513,1535,1506,1509,1530,1518,1560
31,15,35,21,24,0,36,58,84,120,156,203,275,334,402,472,554,656,729,842,925,1031,1117,1220,1319,1454,1548,1687,1777,1929,2052,2186,2310,2449,2565,2696,2841,2982,2998,2990,2980,2998,2994,3001,2988,2975,2983,2999,3006,2987
18,27,4,27,30,47,24,35,33,18,41,15,28,45,7,31,34,18,22,36,47,56,38,36,16,24,26,33,23,31,44,94,122,161,202,293,360,399,484,538,645,726,797,908,997,1095,1181,1322,1385,1540
4023,4011,4016,4004,4001,4026,3975,4014,4035,4005,4010,3999,4016,4014,4017,4005,4004,4019,4005,4016,4032,3989,3996,4019,4043,4015,4005,4007,4001,4009,4015,4018,4023,4004,3998,4008,4006,4001,4015,3998,3995,4011,4008,4015,4019,3996,4016,4024,3998,4010
3829,3822,3804,3854,3845,3856,3853,3833,3830,3800,3831,3854,3848,3839,3816,3833,3817,3837,3842,3823,3845,3823,3838,3863,3828,3830,3812,3846,3830,3858,3833,3834,3841,3845,3819,3852,3798,3849,3850,3851,3833,3825,3822,3829,3832,3834,3828,3840,3862,3830
2687,2650,2675,2678,2680,2660,2661,2689,2681,2657,2667,2668,2668,2688,2678,2697,2677,2679,2684,2659,2664,2650,2664,2659,2674,2700,2674,2679,2679,2668,2680,2686,2671,2689,2679,2695,2641,2669,2656,2647,2679,2660,2672,2681,2672,2706,2655,2676,2664,2668
1,55,25,23,12,0,19,1,25,0,0,14,10,12,5,13,11,4,0,1,20,14,4,19,0,23,35,20,18,15,14,6,17,24,3,0,11,32,47,82,92,122,160,201,241,247,287,355,349,422
3168,3188,3180,3167,3178,3178,3171,3161,3183,3185,3171,3153,3176,3162,3169,3157,3171,3188,3167,3183,3179,3203,3178,3187,3199,3202,3189,3173,3157,3169,3195,3166,3179,3179,3190,3167,3202,3176,3165,3166,3164,3174,3164,3190,3179,3207,3189,3141,3176,3168
51,43,16,32,40,39,34,41,41,53,55,41,54,34,42,53,31,30,49,49,16,52,40,43,50,64,108,170,215,278,348,447,548,645,740,838,963,1091,1230,1344,1470,1590,1731,1892,2039,2189,2341,2520,2671,2824
45,22,36,27,44,34,26,29,22,26,26,39,44,14,38,29,10,37,39,26,17,27,46,32,44,76,108,160,206,233,291,337,385,443,499,526,623,685,754,837,881,957,1018,1111,1188,1289,1357,1429,1515,1614
35,19,32,26,51,39,46,43,34,45,46,24,32,59,40,35,39,51,39,29,52,24,47,15,34,23,43,20,27,53,38,27,46,48,17,216,428,615,793,986,1183,1360,1549,1770,1936,2134,2309,2485,2700,2883
47,64,45,31,58,41,67,47,57,47,45,61,62,260,455,654,865,1076,1285,1483,1683,1904,2119,2286,2486,2711,2891,3131,3338,3524,3758,3920,3948,3945,3942,3939,3939,3956,3926,3943,3931,3940,3928,3941,3929,3958,3945,3928,3917,3946
26,11,41,38,27,14,34,16,8,39,5,20,13,32,31,28,33,73,131,176,253,321,403,522,602,667,794,907,1034,1136,1269,1418,1519,1636,1778,1946,2062,2059,2083,2068,2058,2067,2052,2054,2086,2074,2075,2085,2071,2053
8,11,15,9,0,17,19,0,23,11,27,16,8,0,10,8,29,19,8,6,0,0,18,5,0,29,45,8,15,32,16,23,25,82,88,139,150,191,238,260,333,369,408,478,547,575,648,680,757,833
45,41,32,38,44,17,29,37,27,33,32,34,46,46,58,88,135,155,214,238,312,359,433,476,540,589,673,753,815,869,969,1027,1098,1192,1275,1361,1451,1544,1626,1715,1813,1903,2011,2113,2218,2326,2316,2324,2294,2312
42,50,34,20,3,23,14,21,24,48,35,44,34,1,33,35,34,17,42,26,30,1,39,35,19,12,7,27,14,44,30,12,34,34,179,338,471,627,771,920,1058,1219,1353,1512,1670,1810,1976,2136,2285,2423
35,38,59,12,38,60,42,34,55,31,44,30,75,107,175,261,344,404,502,629,737,868,991,1106,1259,1414,1552,1675,1879,2024,2196,2374,2528,2704,2886,3078,3270,3281,3262,3291,3277,3304,3258,3259,3272,3283,3248,3289,3252,3275
66,48,56,53,48,64,53,53,66,62,63,51,60,62,51,46,46,47,74,77,48,52,49,60,58,57,55,87,133,193,277,335,436,520,655,751,869,994,1118,1280,1402,1525,1706,1858,2028,2193,2360,2535,2713,2894
45,45,43,41,48,52,41,39,44,44,46,46,58,56,50,42,44,28,45,50,44,41,48,40,26,33,44,50,45,35,46,37,44,46,56,40,48,45,42,30,51,51,52,56,41,41,45,46,49,38
3158,3182,3195,3171,3172,3174,3178,3189,3178,3199,3167,3168,3173,3194,3158,3214,3197,3174,3159,3168,3206,3192,3177,3186,3164,3178,3200,3186,3194,3179,3198,3180,3193,3205,3194,3187,3190,3192,3207,3164,3200,3207,3167,3175,3191,3191,3198,3181,3180,3173
1846,1858,1806,1839,1848,1855,1859,1840,1845,1855,1838,1813,1832,1876,1840,1819,1842,1834,1840,1859,1845,1824,1830,1875,1828,1789,1802,1841,1842,1841,1805,1841,1819,1791,1837,1849,1831,1824,1829,1818,1828,1831,1846,1839,1854,1851,1851,1840,1840,1819
72,60,37,49,42,52,51,68,10,51,69,39,42,47,80,64,95,109,182,227,279,340,420,482,548,615,686,794,881,973,1046,1163,1235,1361,1440,1570,1669,1786,1887,2038,2124,2262,2406,2534,2653,2781,2904,3032,3039,3051
34,3,29,38,34,17,9,27,10,22,53,19,0,20,19,32,22,33,24,21,19,11,7,27,24,6,30,51,90,157,177,235,285,360,436,488,543,625,691,794,856,948,1026,1130,1228,1312,1396,1528,1614,1725
3493,3480,3497,3509,3491,3507,3489,3505,3497,3527,3499,3499,3492,3513,3495,3497,3494,3501,3513,3501,3499,3505,3512,3513,3524,3522,3498,3528,3501,3497,3497,3511,3506,3492,3499,3487,3511,3503,3491,3499,3498,3497,3502,3515,3483,3491,3481,3496,3495,3515
40,40,40,45,69,54,54,52,54,48,51,47,59,44,49,53,39,54,53,58,52,50,63,50,57,46,59,62,84,104,159,154,211,273,308,355,403,469,512,585,611,692,756,833,890,955,1018,1101,1181,1251
1738,1775,1767,1788,1801,1737,1719,1756,1763,1734,1777,1762,1735,1754,1784,1740,1778,1776,1734,1767,1773,1725,1748,1762,1735,1764,1744,1746,1742,1707,1770,1749,1774,1760,1779,1755,1788,1774,1750,1760,1775,1764,1746,1772,1777,1774,1749,1769,1768,1792
23,34,43,48,58,33,51,26,35,31,40,66,65,46,63,40,28,64,62,45,40,78,34,48,42,39,59,61,43,78,120,173,256,292,424,511,616,715,834,975,1096,1242,1377,1516,1652,1802,1970,2111,2286,2460
1939,1960,1935,1955,1920,1929,1938,1925,1917,1920,1909,1936,1925,1937,1934,1922,1963,1959,1922,1959,1915,1974,1961,1912,1926,1948,1938,1942,1940,1909,1959,1928,1957,1945,1946,1953,1944,1915,1927,1945,1937,1924,1910,1938,1938,1935,1925,1945,1942,1942
49,36,46,31,36,19,37,33,36,27,48,40,19,44,36,36,28,29,11,33,32,16,37,28,44,33,31,20,61,6,378,699,1028,1364,1717,2051,2385,2709,3051,3384,3404,3375,3392,3376,3401,3409,3392,3374,3398,3394
23,16,15,2,2,28,30,20,13,29,16,8,28,17,19,0,181,319,480,668,810,962,1110,1241,1434,1591,1744,1907,1889,1881,1853,1889,1896,1896,1911,1894,1918,1901,1887,1917,1889,1905,1885,1886,1907,1905,1910,1897,1881,1895
66,45,49,60,58,55,58,50,55,46,42,73,62,61,63,66,52,33,58,56,38,61,59,68,123,165,212,263,320,418,474,557,676,771,870,953,1070,1159,1263,1359,1511,1641,1746,1890,2002,2157,2290,2433,2582,2724
70,44,35,43,48,64,43,59,59,74,50,57,50,38,46,42,41,62,76,63,71,52,66,249,457,655,885,1089,1278,1481,1697,1895,2109,2307,2522,2722,2954,3134,3327,3356,3347,3318,3342,3326,3353,3343,3348,3333,3335,3337
38,43,50,52,49,66,16,42,37,46,37,244,423,612,808,980,1174,1341,1549,1749,1927,2123,2303,2486,2681,2876,3066,3272,3430,3428,3424,3452,3446,3456,3445,3467,3448,3423,3432,3442,3443,3433,3450,3441,3450,3452,3432,3431,3416,3426
10,8,30,46,15,29,26,38,20,33,22,19,66,23,28,21,17,41,43,36,18,26,6,40,34,41,29,36,47,23,29,47,26,25,39,84,93,117,164,177,227,257,291,355,377,425,469,537,550,615
35,29,48,24,30,40,23,42,36,34,46,95,153,212,263,382,420,500,620,718,837,963,1061,1179,1298,1436,1569,1711,1873,2001,2151,2299,2452,2625,2790,2949,3123,3295,3473,3657,3646,3634,3644,3654,3654,3656,3642,3639,3645,3656
29,46,73,14,40,26,19,23,27,43,190,289,460,596,730,848,987,1126,1249,1384,1544,1684,1810,1948,2095,2199,2361,2525,2498,2493,2487,2493,2505,2473,2491,2480,2494,2506,2482,2479,2483,2486,2492,2503,2499,2505,2484,2494,2480,2480
14,25,16,1,20,27,5,9,0,19,37,21,0,16,16,35,24,12,8,6,13,10,22,35,9,1,3,19,0,15,22,24,77,140,267,378,507,662,823,1016,1201,1438,1630,1876,2081,2322,2613,2840,3142,3425
18,1,8,11,25,14,24,31,10,1,15,0,29,7,20,21,0,3,0,0,29,97,124,188,288,356,454,561,678,775,889,1020,1138,1284,1414,1581,1701,1851,2021,2180,2329,2507,2678,2844,2822,2870,2854,2861,2852,2860
3,45,0,11,1,19,7,23,14,0,13,247,450,668,908,1144,1348,1581,1799,2037,2260,2484,2665,2929,3125,3354,3345,3353,3365,3352,3381,3375,3363,3364,3345,3350,3353,3346,3349,3368,3353,3366,3351,3355,3355,3361,3371,3363,3348,3350
70,61,40,48,46,19,42,21,32,47,60,32,48,41,49,19,60,70,70,38,44,59,63,385,662,989,1330,1613,1983,2277,2595,2918,3253,3228,3257,3232,3217,3233,3222,3251,3230,3230,3249,3224,3245,3216,3212,3214,3230,3240
1,39,25,21,23,37,24,45,32,31,33,23,37,27,31,25,41,57,80,163,221,290,393,511,574,709,834,960,1072,1218,1355,1525,1637,1805,1967,2119,2280,2286,2269,2287,2294,2285,2279,2288,2295,2295,2289,2289,2278,2279
1687,1732,1742,1734,1723,1717,1720,1734,1733,1706,1704,1727,1699,1703,1730,1748,1702,1716,1701,1715,1706,1736,1716,1716,1709,1726,1700,1722,1692,1729,1692,1722,1707,1709,1725,1723,1706,1704,1706,1704,1727,1730,1725,1701,1704,1707,1704,1721,1696,1716
52,68,50,51,53,38,51,52,62,109,151,180,233,331,382,460,553,612,702,794,880,1001,1116,1188,1304,1420,1542,1660,1776,1894,2044,2020,2025,2030,2036,2031,2025,2045,2039,2023,2032,2037,2026,2028,2039,2022,2058,2037,2046,2029
32,37,16,16,44,21,36,46,42,30,41,35,22,24,22,29,18,26,16,28,8,13,15,34,24,16,26,47,7,21,44,78,137,173,255,320,394,480,572,664,776,860,991,1086,1185,1311,1431,1551,1711,1825
2462,2455,2462,2438,2459,2449,2447,2463,2437,2461,2453,2437,2466,2456,2467,2472,2447,2458,2449,2458,2440,2470,2441,2429,2474,2442,2454,2447,2445,2449,2481,2463,2438,2447,2459,2451,2427,2439,2441,2457,2461,2457,2459,2427,2469,2473,2470,2439,2441,2453
46,39,24,49,35,48,33,38,58,45,46,24,43,55,45,45,28,24,55,24,43,44,35,16,23,68,43,9,42,30,36,62,127,203,260,358,450,568,664,797,928,1070,1200,1345,1519,1668,1822,2022,2184,2372
46,62,52,71,70,39,43,54,63,67,45,44,81,45,73,71,309,599,898,1150,1425,1699,1982,2241,2509,2756,3061,3334,3310,3319,3359,3344,3327,3340,3355,3336,3328,3346,3326,3328,3316,3324,3339,3326,3317,3331,3339,3343,3338,3326
53,43,37,43,40,53,58,44,30,65,45,47,47,48,49,36,60,16,42,234,370,546,708,907,1074,1258,1427,1583,1792,1960,2124,2294,2487,2636,2825,2818,2826,2829,2812,2826,2816,2822,2814,2842,2809,2831,2829,2829,2826,2828
46,59,69,39,66,63,61,44,44,76,40,50,29,59,77,70,62,33,60,68,63,39,74,70,145,220,332,389,504,640,758,924,1051,1225,1363,1521,1691,1876,2052,2257,2470,2705,2885,3093,3319,3513,3748,3766,3792,3751
56,52,50,42,50,51,42,39,39,53,128,155,228,330,417,509,604,725,854,990,1122,1248,1395,1545,1680,1848,2006,2155,2340,2519,2689,2860,3047,3240,3444,3636,3832,3860,3825,3859,3851,3853,3861,3827,3858,3844,3826,3869,3852,3871
46,41,30,42,30,54,30,39,38,43,42,35,51,92,124,163,202,267,313,376,416,499,566,613,718,794,886,980,1069,1127,1255,1348,1433,1532,1640,1754,1869,1958,2093,2187,2293,2444,2545,2693,2819,2934,3061,3058,3056,3071
28,44,26,19,5,38,45,48,32,40,33,13,5,40,22,204,365,575,741,932,1115,1266,1422,1628,1802,1979,2172,2345,2529,2725,2892,3065,3232,3245,3256,3227,3251,3235,3240,3267,3244,3246,3255,3247,3261,3230,3246,3221,3228,3238
41,14,11,47,55,22,36,25,22,185,325,466,622,777,923,1070,1207,1373,1508,1669,1823,1954,2113,2234,2405,2556,2696,2718,2694,2675,2690,2684,2699,2688,2691,2693,2689,2689,2695,2711,2699,2682,2699,2700,2710,2701,2688,2695,2692,2694
44,67,75,41,19,62,65,67,46,43,27,44,36,58,39,53,60,45,56,61,61,59,332,671,966,1267,1601,1910,2200,2516,2824,3148,3126,3145,3128,3114,3137,3114,3137,3139,3133,3134,3152,3110,3133,3128,3135,3148,3140,3136
3044,3032,3033,3055,3059,3027,3043,3069,3048,3052,3036,3062,3079,3054,3076,3045,3075,3054,3056,3090,3050,3057,3056,3050,3043,3052,3046,3056,3064,3042,3077,3050,3058,3033,3057,3049,3003,3048,3059,3073,3050,3051,3065,3069,3056,3028,3039,3070,3055,3068
49,47,24,32,41,48,42,38,77,68,107,133,195,228,269,323,397,453,503,571,616,699,762,842,928,1001,1087,1168,1236,1314,1403,1484,1579,1572,1609,1591,1601,1607,1608,1576,1600,1604,1577,1596,1598,1592,1610,1587,1585,1599
53,27,31,42,18,39,37,32,28,33,46,47,44,45,17,39,28,46,26,44,55,51,21,55,52,70,128,185,279,345,464,604,718,837,987,1112,1242,1423,1569,1755,1930,2074,2283,2477,2708,2679,2685,2666,2652,2690
51,58,65,44,41,54,45,56,58,52,58,47,46,34,51,52,67,101,141,165,209,229,256,289,328,369,431,486,519,595,614,697,756,827,856,956,1022,1078,1124,1194,1292,1355,1419,1481,1563,1645,1698,1720,1721,1714
22,54,1,8,24,15,33,4,24,10,4,30,39,41,37,18,34,30,6,175,323,459,600,752,876,1045,1168,1338,1480,1619,1743,1915,2063,2205,2345,2504,2493,2487,2506,2482,2523,2485,2490,2502,2464,2473,2492,2513,2469,2466
17,16,18,10,9,5,16,15,12,19,151,279,420,523,678,782,915,1049,1184,1294,1428,1550,1670,1830,1935,2087,2064,2072,2059,2066,2051,2063,2090,2068,2074,2081,2085,2076,2065,2066,2086,2065,2063,2091,2060,2086,2071,2076,2083,2083
45,27,46,48,46,41,43,53,67,49,39,53,39,248,445,648,844,1040,1242,1416,1617,1833,2011,2213,2426,2593,2787,3001,3175,3416,3587,3590,3570,3601,3584,3568,3602,3569,3583,3588,3603,3604,3581,3584,3588,3575,3588,3575,3566,3593
60,43,48,42,51,46,44,63,45,59,48,76,117,174,265,370,440,557,687,799,900,1011,1168,1340,1492,1658,1797,1969,2144,2304,2494,2671,2887,3073,3070,3077,3073,3076,3079,3074,3061,3063,3057,3058,3059,3095,3091,3074,3066,3049
2809,2812,2822,2824,2822,2773,2821,2798,2815,2823,2831,2811,2784,2804,2780,2804,2784,2816,2804,2813,2798,2798,2806,2806,2819,2806,2821,2841,2777,2818,2805,2818,2809,2783,2785,2824,2799,2795,2807,2821,2809,2805,2833,2799,2828,2828,2811,2814,2802,2806
18,0,4,0,3,24,27,16,21,17,17,0,8,1,4,16,15,10,3,25,31,8,0,4,0,14,11,47,0,45,0,35,10,21,23,23,209,380,610,814,1015,1216,1440,1596,1802,1997,2207,2432,2611,2790
10,0,12,4,11,11,160,271,390,546,659,800,928,1064,1190,1318,1453,1603,1710,1846,1946,2122,2218,2215,2239,2225,2227,2217,2208,2206,2232,2233,2234,2215,2239,2232,2245,2231,2221,2235,2225,2204,2234,2214,2239,2225,2220,2249,2197,2214
4063,4077,4076,4058,4067,4053,4064,4080,4086,4062,4054,4066,4067,4080,4091,4063,4080,4066,4067,4085,4070,4073,4077,4040,4046,4069,4088,4042,4062,4075,4084,4054,4083,4057,4046,4070,4068,4086,4031,4024,4046,4072,4094,4046,4060,4066,4066,4074,4078,4076
3375,3341,3367,3358,3383,3371,3398,3388,3385,3364,3410,3366,3381,3384,3387,3382,3352,3387,3401,3368,3383,3365,3362,3373,3375,3381,3373,3367,3389,3371,3393,3364,3371,3354,3368,3387,3369,3368,3377,3409,3377,3370,3359,3367,3371,3403,3396,3370,3376,3364
1505,1521,1512,1486,1511,1499,1478,1496,1531,1549,1496,1502,1505,1518,1507,1522,1494,1507,1520,1520,1525,1522,1487,1513,1518,1504,1504,1495,1527,1514,1526,1514,1507,1492,1513,1492,1529,1513,1547,1504,1495,1516,1507,1503,1503,1515,1512,1516,1518,1504
56,38,55,47,63,57,68,59,71,51,56,61,62,71,62,47,53,37,87,57,71,71,53,61,64,46,60,64,50,47,43,35,33,51,51,41,169,257,383,501,627,700,821,937,1044,1148,1251,1350,1446,1568
20,26,20,49,11,19,15,32,20,21,2,22,18,24,20,42,29,11,247,412,598,830,1011,1218,1383,1608,1767,2004,2210,2398,2392,2386,2397,2378,2378,2414,2371,2399,2388,2417,2372,2386,2383,2377,2406,2401,2380,2400,2402,2387
2146,2120,2135,2130,2123,2126,2149,2120,2115,2157,2161,2141,2131,2103,2131,2130,2148,2112,2128,2145,2138,2159,2144,2152,2130,2131,2120,2127,2108,2142,2127,2114,2131,2111,2115,2140,2139,2144,2129,2144,2139,2112,2145,2138,2141,2091,2144,2130,2130,2127
3123,3126,3124,3116,3124,3142,3127,3130,3119,3125,3133,3129,3112,3111,3131,3121,3133,3148,3102,3117,3127,3100,3117,3156,3141,3116,3125,3108,3114,3134,3120,3126,3135,3135,3101,3097,3107,3141,3116,3149,3118,3147,3101,3135,3107,3133,3120,3131,3132,3139
35,30,37,29,25,37,36,33,13,28,31,31,17,13,12,40,46,34,45,250,470,697,925,1124,1376,1606,1830,2048,2287,2457,2718,2937,2925,2929,2940,2955,2950,2933,2950,2954,2939,2960,2943,2954,2944,2953,2948,2946,2946,2953
36,62,50,50,29,48,54,39,53,37,21,58,50,26,28,55,41,22,50,50,54,37,35,56,51,40,45,36,36,49,39,36,50,49,27,31,33,68,81,123,162,192,216,270,314,336,384,442,471,539
2185,2159,2184,2216,2212,2187,2187,2173,2170,2178,2198,2192,2181,2185,2168,2200,2172,2173,2184,2188,2194,2173,2204,2187,2171,2190,2170,2178,2188,2198,2206,2193,2197,2195,2171,2198,2203,2191,2212,2186,2193,2168,2184,2178,2179,2198,2205,2189,2209,2179
23,20,1,2,31,38,5,19,24,21,10,12,14,14,21,7,9,17,25,24,14,11,5,0,2,5,3,14,2,43,100,164,209,289,370,462,534,645,768,881,1003,1129,1245,1421,1552,1696,1857,1996,2139,2308
50,64,57,50,52,65,312,457,679,875,1070,1267,1446,1687,1867,2068,2285,2487,2679,2881,3106,3087,3096,3089,3099,3081,3090,3084,3081,3104,3091,3109,3105,3100,3095,3081,3078,3099,3103,3092,3084,3089,3077,3079,3097,3062,3082,3080,3081,3069
48,50,46,53,35,60,43,48,47,37,57,39,46,34,42,77,106,158,256,333,420,513,636,722,831,958,1089,1235,1407,1520,1673,1818,1992,2157,2314,2515,2667,2837,3047,3050,3020,3056,3065,3041,3042,3076,3046,3047,3032,3040
61,61,61,55,48,53,30,42,66,58,43,320,598,846,1107,1383,1651,1909,2180,2435,2692,2717,2723,2697,2708,2689,2734,2708,2704,2693,2722,2707,2714,2707,2731,2705,2696,2730,2724,2710,2712,2704,2699,2692,2696,2701,2711,2699,2734,2718
48,54,58,47,56,19,55,51,57,65,38,35,53,50,58,53,42,40,65,45,44,54,45,57,65,40,61,25,44,51,49,402,705,1024,1370,1697,1992,2312,2657,2974,3306,3635,3951,3942,3961,3943,3942,3952,3959,3947
32,64,37,39,38,33,49,44,44,18,44,19,22,26,42,40,46,55,25,43,33,28,31,31,46,262,488,676,911,1143,1360,1576,1786,1973,2199,2430,2642,2884,3091,3301,3500,3717,3727,3726,3717,3724,3727,3723,3719,3708
42,38,29,31,15,38,32,36,42,39,46,52,36,29,13,34,39,42,24,57,39,16,26,22,4,41,11,237,455,666,872,1108,1301,1517,1751,1969,2195,2387,2598,2577,2614,2587,2582,2598,2607,2607,2607,2622,2622,2598
47,60,59,27,12,2,204,373,528,681,858,1023,1168,1345,1496,1674,1849,2012,2158,2335,2495,2670,2813,2799,2806,2839,2810,2822,2824,2805,2830,2813,2831,2814,2832,2826,2814,2804,2815,2832,2836,2820,2811,2817,2836,2822,2811,2813,2808,2807
3,33,35,28,25,20,19,27,23,30,34,6,14,18,30,5,34,37,17,18,18,30,33,30,32,28,17,40,30,36,17,37,106,156,213,283,385,445,569,670,794,880,1021,1160,1270,1393,1557,1709,1853,1995
61,53,48,49,50,46,52,60,49,58,52,59,46,53,61,63,57,54,56,55,62,51,47,58,55,54,66,50,44,59,51,55,66,43,51,62,63,51,56,58,57,51,55,52,58,47,51,50,57,59
5,31,35,1,7,13,16,48,9,0,30,6,25,32,31,14,7,15,5,14,43,105,183,266,333,424,551,676,773,943,1074,1207,1370,1539,1668,1847,2037,2207,2408,2606,2786,2787,2798,2797,2776,2791,2787,2798,2792,2781
26,35,46,36,71,36,49,29,48,59,44,44,51,39,55,52,58,57,52,44,34,38,48,63,47,37,66,34,29,54,54,34,43,49,53,156,254,376,511,605,728,816,932,1038,1164,1279,1389,1488,1612,1722
2787,2813,2782,2804,2790,2789,2760,2801,2780,2771,2761,2783,2783,2800,2784,2785,2780,2805,2765,2761,2786,2771,2797,2810,2792,2795,2754,2759,2797,2795,2796,2787,2775,2806,2795,2770,2778,2800,2786,2793,2789,2782,2784,2765,2786,2776,2770,2756,2762,2795
5,25,0,4,29,20,7,0,0,23,13,29,39,4,11,13,215,452,659,865,1096,1310,1532,1743,1934,2186,2385,2605,2603,2604,2595,2628,2608,2602,2619,2603,2593,2615,2610,2612,2598,2585,2600,2591,2623,2610,2603,2594,2604,2608
41,24,22,28,17,28,18,36,10,18,40,41,69,76,127,152,193,192,234,252,320,360,412,433,470,540,613,620,700,731,791,864,920,952,1026,1101,1138,1190,1295,1339,1403,1456,1541,1548,1542,1541,1558,1550,1541,1564
0,4,6,13,6,5,10,16,2,0,9,50,23,0,0,8,3,0,32,0,0,0,13,33,30,14,3,19,0,0,0,4,29,0,11,21,51,94,84,135,175,216,237,280,332,361,422,488,520,573
54,62,35,57,34,42,66,40,43,71,42,61,34,50,47,41,42,52,70,52,60,71,53,46,63,65,28,58,49,44,54,83,111,165,214,277,361,410,523,610,724,807,907,1022,1135,1223,1389,1477,1627,1781
3848,3831,3841,3865,3879,3860,3848,3826,3879,3831,3851,3856,3843,3856,3868,3861,3871,3835,3865,3843,3871,3824,3842,3853,3819,3868,3850,3861,3829,3832,3834,3870,3842,3839,3845,3858,3857,3860,3855,3850,3829,3865,3883,3854,3855,3845,3809,3842,3869,3840
34,35,36,42,35,23,44,13,8,40,81,125,148,176,209,275,332,409,441,511,585,660,716,795,884,958,1016,1111,1215,1299,1366,1467,1569,1670,1761,1869,1984,2075,2167,2287,2417,2405,2403,2424,2425,2419,2396,2392,2380,2397
34,46,39,35,35,30,35,36,42,39,34,32,38,27,38,46,38,40,40,31,50,37,39,36,46,31,47,38,36,36,50,30,36,32,29,47,39,33,44,37,36,43,37,34,44,39,44,37,46,40
40,59,39,56,52,28,45,30,19,30,35,18,32,65,42,53,42,53,42,58,59,40,68,136,214,338,459,578,723,863,1032,1203,1399,1565,1773,1963,2158,2397,2598,2842,3075,3304,3550,3792,4071,4087,4095,4074,4066,4062
17,31,24,41,27,39,31,15,33,37,150,301,390,516,647,761,900,1005,1153,1281,1374,1507,1607,1766,1868,2004,2122,2261,2393,2487,2629,2748,2740,2746,2765,2780,2760,2773,2747,2714,2759,2756,2766,2740,2756,2773,2739,2760,2761,2761
3952,3986,3970,3991,3976,3993,3974,3958,3975,3956,3950,3957,4008,3950,3983,3968,3975,3978,3965,3953,3965,3976,3976,3956,3958,3939,3946,3951,3989,3973,3979,3947,3978,3978,3951,3967,3986,3962,3978,3967,3957,3961,3999,4005,3981,3966,3994,3952,3998,3954
3980,3973,3991,3944,3974,3991,3993,3982,3963,3990,4012,3979,3994,4002,4003,3988,4000,3959,3974,3971,3968,3970,3978,4006,3970,3997,4001,3959,3991,3981,3978,3968,3964,3974,3979,3961,3978,3973,3989,3994,4008,3983,3991,3961,3992,3975,3991,3989,3978,3983
8,5,6,13,20,8,0,11,2,14,0,3,26,14,7,0,9,14,16,16,15,10,13,19,11,34,21,24,71,100,162,252,343,455,569,676,822,960,1124,1268,1422,1594,1762,1931,2161,2315,2526,2720,2904,2929
0,8,0,18,22,22,44,21,2,0,23,21,5,4,24,252,495,728,998,1232,1481,1715,1946,2202,2428,2702,2931,3178,3161,3171,3174,3168,3172,3170,3186,3173,3190,3181,3161,3148,3169,3160,3148,3174,3150,3164,3167,3181,3184,3155
3732,3765,3700,3728,3725,3722,3722,3726,3729,3725,3738,3736,3712,3699,3727,3687,3723,3691,3725,3715,3738,3764,3725,3737,3731,3722,3727,3693,3713,3718,3720,3718,3716,3724,3719,3717,3727,3736,3693,3736,3731,3728,3723,3751,3717,3733,3710,3717,3701,3733
2077,2087,2058,2060,2072,2064,2060,2043,2084,2082,2056,2055,2064,2095,2103,2057,2073,2078,2073,2032,2045,2066,2091,2076,2059,2038,2069,2060,2069,2049,2072,2071,2082,2088,2054,2075,2079,2067,2074,2094,2072,2061,2054,2076,2073,2089,2079,2069,2055,2059
49,45,32,39,40,61,44,40,45,65,44,41,37,37,39,148,252,377,492,601,698,815,920,1047,1144,1255,1358,1457,1585,1578,1601,1591,1569,1568,1577,1568,1588,1560,1589,1592,1588,1562,1589,1616,1581,1571,1593,1595,1602,1564
3821,3771,3782,3821,3831,3819,3821,3806,3817,3828,3809,3783,3838,3815,3801,3812,3842,3809,3818,3827,3853,3783,3814,3832,3829,3819,3820,3810,3842,3840,3842,3825,3816,3779,3806,3805,3814,3810,3823,3833,3795,3810,3813,3809,3827,3791,3826,3825,3821,3793
16,29,19,21,24,18,27,27,28,7,20,21,29,28,22,22,34,16,8,16,18,24,18,17,23,30,20,20,32,21,20,25,13,17,18,23,23,28,19,22,20,30,15,23,14,29,26,27,22,15
9,15,1,7,0,18,11,8,8,20,17,22,18,23,0,40,0,8,29,0,6,27,0,0,1,35,16,22,3,34,63,105,139,202,284,342,407,502,587,644,744,834,942,1048,1134,1245,1357,1480,1583,1709
42,37,33,51,47,58,55,38,65,24,45,35,38,48,39,52,44,47,48,45,61,60,32,57,48,100,130,149,213,267,324,382,472,515,593,662,740,829,900,988,1098,1204,1262,1375,1470,1564,1682,1815,1907,2030
0,0,0,18,0,0,28,15,14,15,13,19,20,17,0,0,5,4,25,0,0,0,275,504,795,1042,1305,1575,1800,2080,2304,2569,2857,2843,2814,2841,2854,2845,2837,2867,2836,2831,2832,2821,2832,2819,2826,2831,2839,2833
9,12,32,52,23,45,15,17,14,117,185,292,362,464,550,654,736,825,915,992,1076,1175,1260,1335,1438,1545,1624,1717,1707,1701,1713,1669,1705,1716,1713,1712,1716,1700,1712,1702,1729,1706,1721,1729,1687,1722,1714,1730,1719,1711
1620,1606,1592,1610,1566,1599,1618,1601,1596,1586,1573,1591,1634,1602,1608,1605,1606,1575,1579,1609,1631,1609,1610,1628,1586,1595,1600,1614,1603,1615,1611,1628,1622,1611,1612,1601,1587,1610,1587,1574,1592,1616,1620,1598,1605,1599,1608,1592,1624,1622
39,49,48,56,30,78,60,42,58,54,47,60,41,57,50,64,54,83,46,41,51,53,73,52,44,54,331,570,834,1136,1358,1628,1908,2178,2429,2703,2950,3220,3482,3750,4013,4000,4011,4020,4026,4007,4028,4004,4029,4046
48,23,43,48,39,59,56,45,74,57,76,34,222,389,527,668,840,1016,1192,1369,1503,1667,1828,1841,1835,1844,1832,1839,1815,1852,1819,1824,1855,1840,1838,1834,1845,1831,1829,1834,1827,1814,1804,1848,1833,1811,1823,1817,1846,1838
2775,2770,2745,2737,2758,2763,2757,2784,2775,2763,2751,2767,2761,2769,2768,2778,2752,2781,2746,2778,2801,2754,2761,2778,2763,2748,2779,2762,2779,2771,2777,2744,2766,2750,2786,2750,2747,2738,2773,2767,2755,2798,2759,2749,2785,2769,2779,2786,2792,2755
3444,3420,3451,3441,3433,3416,3427,3413,3440,3420,3446,3398,3406,3423,3411,3455,3412,3407,3438,3414,3446,3428,3406,3447,3426,3430,3409,3432,3452,3423,3412,3428,3420,3452,3395,3406,3461,3429,3444,3419,3428,3428,3428,3422,3421,3413,3449,3422,3436,3440
46,13,19,29,6,22,29,19,28,14,27,38,0,37,25,0,4,23,12,5,10,59,123,177,277,351,447,582,700,809,973,1116,1263,1411,1593,1743,1937,2109,2291,2484,2687,2886,3119,3097,3100,3117,3101,3062,3091,3113
2800,2798,2805,2801,2799,2779,2759,2800,2797,2808,2785,2805,2780,2784,2801,2783,2816,2820,2807,2769,2814,2800,2831,2771,2776,2798,2792,2789,2785,2782,2794,2795,2793,2780,2811,2791,2785,2806,2793,2790,2829,2839,2779,2810,2798,2802,2800,2786,2808,2800
12,45,23,31,35,27,42,40,10,51,40,47,73,137,220,321,407,528,670,785,940,1084,1260,1441,1588,1806,1973,2197,2416,2610,2817,3051,3305,3522,3756,4031,4008,4012,4008,3991,3993,4006,4007,4003,4017,4010,3983,3999,4025,3986
3282,3283,3227,3275,3245,3262,3280,3244,3262,3248,3263,3303,3254,3272,3245,3285,3273,3272,3242,3280,3242,3270,3260,3259,3246,3252,3239,3282,3273,3269,3262,3250,3246,3285,3229,3275,3270,3257,3290,3250,3283,3260,3270,3287,3240,3284,3293,3281,3267,3245
2,11,15,36,31,16,20,8,0,30,24,22,20,11,25,7,29,31,76,152,195,296,407,559,686,831,997,1162,1342,1535,1706,1905,2111,2317,2528,2745,2979,3234,3473,3717,3697,3702,3709,3723,3708,3697,3714,3726,3708,3732
68,47,51,50,31,47,41,39,31,61,34,42,48,48,53,36,40,77,91,173,192,284,333,422,506,606,701,813,915,1019,1124,1248,1376,1529,1647,1795,1910,2074,2214,2362,2511,2653,2841,2965,3163,3318,3332,3330,3317,3312
26,28,33,32,9,8,27,13,11,28,16,41,36,62,131,179,250,346,399,493,597,673,788,910,1024,1114,1248,1370,1505,1659,1776,1943,2068,2218,2378,2539,2671,2842,3023,3179,3366,3522,3690,3692,3685,3678,3698,3665,3696,3708
57,70,77,55,58,50,73,61,42,57,28,62,38,64,67,61,35,63,64,58,72,57,225,402,590,740,933,1110,1322,1456,1634,1787,1968,2162,2336,2475,2673,2840,3040,3209,3386,3549,3714,3919,3908,3889,3882,3920,3902,3899
54,41,55,47,61,42,54,82,133,168,220,261,348,410,506,584,688,765,888,988,1082,1205,1327,1424,1576,1695,1808,1962,2091,2228,2364,2513,2670,2818,2988,3120,3289,3444,3625,3805,3788,3769,3785,3804,3805,3767,3795,3780,3765,3792
12,43,31,40,40,25,32,28,45,33,41,34,34,27,38,49,25,35,29,328,599,883,1149,1445,1707,1995,2282,2564,2872,3131,3404,3685,3701,3702,3708,3701,3687,3692,3695,3694,3691,3702,3693,3697,3681,3680,3695,3693,3710,3684
3353,3329,3373,3370,3365,3370,3330,3387,3379,3333,3375,3358,3371,3364,3396,3324,3384,3352,3332,3349,3371,3349,3375,3365,3354,3337,3385,3356,3339,3351,3368,3354,3368,3348,3341,3377,3341,3347,3369,3336,3371,3355,3376,3371,3370,3345,3374,3357,3346,3358
41,61,75,41,52,50,70,60,41,61,56,79,48,30,283,540,798,1018,1288,1536,1760,2002,2242,2490,2713,2981,3214,3492,3456,3460,3471,3474,3462,3457,3485,3461,3452,3462,3467,3479,3448,3479,3481,3461,3456,3463,3471,3468,3443,3477
19,24,4,43,20,3,28,10,23,0,0,16,2,0,7,0,11,9,19,0,31,11,14,0,0,17,4,0,3,0,0,9,6,19,6,1,40,67,126,157,213,289,368,450,540,608,696,817,900,1002
26,27,26,30,28,30,27,18,28,28,29,24,20,31,26,29,26,27,25,22,30,24,28,30,24,20,42,24,31,39,32,26,27,23,33,31,24,21,20,33,28,29,23,19,33,28,33,25,26,32
1616,1595,1604,1591,1581,1593,1611,1580,1571,1594,1556,1592,1574,1586,1582,1582,1573,1596,1599,1540,1603,1596,1583,1577,1609,1588,1578,1573,1581,1607,1581,1611,1562,1570,1575,1592,1580,1607,1607,1573,1564,1596,1568,1596,1586,1583,1565,1596,1595,1575
3036,3034,3074,3058,3044,3067,3036,3055,3039,3052,3065,3066,3045,3049,3069,3048,3055,3057,3043,3075,3063,3054,3056,3085,3081,3058,3031,3066,3016,3055,3058,3078,3083,3049,3063,3040,3066,3047,3079,3094,3051,3081,3021,3038,3047,3077,3053,3055,3045,3064
18,16,26,24,17,14,22,7,32,28,25,17,33,9,30,6,28,31,24,34,24,15,37,17,10,21,34,49,21,44,81,124,175,220,307,345,426,463,533,597,676,770,836,918,991,1083,1170,1273,1379,1492
33,64,58,25,5,51,35,37,55,44,40,38,69,63,50,52,61,33,25,112,201,289,376,444,543,604,687,783,845,945,1005,1103,1180,1245,1339,1402,1485,1567,1565,1554,1581,1585,1576,1573,1574,1546,1586,1570,1575,1584
26,47,49,43,61,46,66,54,56,59,39,39,67,66,66,62,43,37,34,50,63,52,43,60,23,57,32,78,29,44,41,37,53,44,229,408,581,784,950,1133,1304,1479,1666,1845,2035,2213,2375,2555,2734,2916
55,50,45,60,49,41,53,51,47,34,52,39,56,34,54,50,61,52,33,51,54,48,68,36,212,365,532,711,846,1009,1188,1339,1495,1675,1828,1986,2171,2297,2445,2624,2783,2953,3103,3270,3446,3427,3436,3424,3443,3432
21,20,17,22,20,39,26,35,14,43,115,188,299,416,520,659,787,935,1101,1274,1475,1653,1869,2030,2249,2470,2675,2888,3149,3352,3587,3868,3851,3848,3857,3879,3869,3861,3841,3865,3869,3872,3871,3877,3848,3869,3871,3854,3860,3866
1607,1640,1649,1640,1627,1642,1633,1626,1635,1610,1618,1644,1627,1635,1622,1669,1589,1640,1627,1621,1601,1621,1618,1614,1607,1610,1618,1622,1650,1607,1625,1624,1620,1628,1640,1632,1621,1642,1636,1638,1616,1640,1634,1616,1642,1623,1621,1614,1616,1604
28,29,27,23,31,34,15,35,20,35,30,26,37,35,33,42,34,30,38,44,30,31,30,30,19,28,30,32,39,33,33,36,42,26,35,29,39,35,28,20,31,27,33,28,30,25,33,27,33,23
35,43,40,24,30,33,45,15,42,30,35,40,26,25,28,33,21,26,41,38,32,40,35,29,35,37,19,40,34,32,35,15,36,23,36,28,34,36,37,36,27,34,24,33,21,36,26,36,39,30
3000,2986,2997,2992,2978,2975,2976,2982,2997,2976,2993,2978,2987,2979,3002,3019,2992,3004,2994,3020,2978,3009,2981,2979,2969,2996,2996,2964,3002,2973,3013,3007,2981,2953,2978,2987,2989,2996,2992,2999,2983,2973,2973,2959,2996,2988,2968,3029,2994,2984
2797,2791,2796,2795,2786,2774,2772,2790,2811,2785,2780,2780,2778,2784,2789,2775,2788,2772,2791,2803,2794,2777,2794,2773,2789,2799,2765,2802,2799,2796,2791,2829,2818,2762,2789,2774,2793,2806,2794,2793,2784,2795,2791,2774,2769,2784,2807,2776,2784,2762
3642,3632,3615,3623,3643,3619,3618,3639,3619,3643,3624,3634,3640,3640,3610,3646,3662,3620,3649,3644,3634,3613,3636,3647,3636,3616,3630,3648,3663,3624,3641,3624,3636,3615,3660,3649,3638,3625,3629,3655,3622,3671,3628,3648,3648,3645,3648,3637,3637,3634
31,28,34,3,11,12,174,313,464,612,773,959,1091,1234,1409,1543,1716,1863,1998,2158,2309,2493,2641,2782,2920,3072,3237,3391,3392,3374,3391,3369,3414,3406,3367,3376,3369,3374,3396,3405,3390,3392,3400,3401,3389,3404,3395,3397,3418,3393
43,43,33,59,56,59,38,49,43,76,51,40,44,63,54,40,50,52,49,59,64,60,52,57,37,66,63,72,104,153,196,229,329,397,459,529,619,698,809,900,972,1081,1189,1307,1436,1539,1667,1778,1895,2035
51,58,58,61,44,53,75,60,58,37,47,60,44,58,48,45,60,57,245,419,636,790,978,1159,1374,1540,1732,1918,2117,2113,2118,2117,2109,2105,2124,2123,2119,2108,2098,2094,2111,2107,2103,2105,2110,2085,2132,2088,2115,2101
2294,2292,2314,2316,2289,2317,2279,2336,2284,2301,2311,2269,2298,2308,2306,2306,2294,2310,2295,2311,2289,2306,2300,2299,2283,2284,2325,2317,2321,2293,2281,2301,2323,2316,2286,2308,2296,2310,2296,2303,2304,2296,2311,2304,2300,2314,2289,2283,2312,2317
1681,1704,1712,1695,1687,1682,1697,1698,1685,1708,1708,1695,1697,1722,1700,1699,1721,1703,1684,1697,1668,1694,1700,1677,1714,1719,1697,1709,1691,1709,1681,1683,1723,1707,1674,1682,1695,1692,1694,1690,1704,1702,1716,1678,1687,1697,1713,1717,1696,1697
59,50,80,56,57,87,70,63,66,54,56,59,53,66,49,69,41,57,55,78,72,60,62,72,43,53,37,55,57,85,84,142,166,246,335,436,526,614,730,866,971,1089,1216,1362,1510,1652,1810,1941,2110,2291
32,14,6,15,14,17,18,6,28,13,5,28,1,15,38,114,133,200,302,356,440,560,677,753,887,1013,1122,1276,1387,1553,1691,1839,1997,2133,2285,2480,2665,2832,2963,3175,3175,3178,3155,3172,3170,3154,3177,3152,3171,3172
45,43,45,42,42,39,45,55,43,42,45,34,39,47,49,50,50,44,40,38,38,43,29,43,55,45,36,30,31,37,44,36,37,40,54,52,32,47,52,47,47,47,37,46,38,40,44,47,45,42
36,19,4,0,30,19,30,41,3,33,27,10,10,8,21,20,42,25,43,32,17,17,27,53,27,14,0,16,36,1,26,3,6,35,168,280,466,563,725,847,1016,1159,1287,1408,1566,1702,1860,1982,2123,2260
63,51,63,42,54,48,59,33,47,57,45,67,44,73,324,622,878,1165,1417,1707,1978,2218,2525,2792,3071,3333,3601,3869,3882,3875,3894,3888,3875,3871,3887,3903,3877,3885,3873,3877,3872,3867,3921,3882,3868,3867,3907,3859,3884,3873
2520,2528,2531,2509,2552,2530,2483,2524,2529,2500,2522,2529,2547,2526,2539,2525,2514,2493,2531,2531,2518,2527,2496,2540,2558,2527,2524,2527,2519,2535,2502,2551,2527,2500,2534,2515,2547,2521,2539,2524,2511,2535,2524,2532,2519,2524,2518,2553,2503,2520
21,9,9,16,9,19,0,3,8,30,31,22,17,33,17,13,5,0,20,19,17,12,0,20,4,236,431,633,825,1053,1275,1453,1677,1900,2069,2301,2511,2701,2931,3141,3332,3331,3327,3352,3347,3346,3332,3317,3347,3337
51,56,63,80,75,41,54,60,38,45,59,41,43,61,52,61,71,47,54,48,45,67,58,80,65,45,61,58,46,52,76,103,128,167,228,263,339,402,470,536,616,699,782,865,955,1046,1115,1225,1338,1421
2595,2591,2582,2587,2557,2588,2603,2571,2585,2584,2561,2600,2557,2577,2565,2573,2583,2571,2597,2578,2569,2565,2616,2565,2585,2581,2555,2583,2589,2561,2552,2541,2582,2548,2617,2556,2566,2577,2575,2581,2581,2560,2592,2588,2559,2592,2551,2594,2572,2583
32,19,27,40,41,18,11,21,233,466,668,882,1066,1295,1495,1699,1902,2125,2124,2126,2114,2135,2142,2138,2140,2131,2121,2129,2126,2132,2111,2136,2129,2145,2150,2132,2132,2131,2120,2121,2143,2148,2124,2137,2114,2134,2109,2133,2128,2143
4013,3985,3983,4004,4020,4040,4011,4010,4025,3993,4015,4024,4039,4001,4011,4027,4035,3986,3971,4001,4025,4010,4020,4037,4005,3988,3984,4028,4008,3990,4025,3978,3997,4035,3983,4011,4004,4004,4003,4017,4017,4017,4000,4014,3983,4014,4006,4009,4028,4013
58,24,25,30,42,30,28,36,7,21,30,28,35,22,54,26,21,30,15,59,39,33,57,35,35,39,32,25,24,18,35,37,31,53,36,93,106,134,166,199,238,286,314,353,417,419,462,560,588,638
3045,3045,3060,3038,3057,3049,3060,3048,3054,3037,3030,3069,3053,3040,3036,3053,3041,3061,3059,3068,3032,3052,3070,3017,3070,3052,3046,3064,3051,3055,3037,3061,3041,3063,3054,3035,3042,3069,3052,3034,3059,3026,3039,3053,3080,3069,3050,3029,3063,3031
30,0,14,7,22,18,38,9,0,14,0,17,14,33,36,5,1,20,25,30,30,22,4,13,2,35,29,15,4,13,49,69,89,98,155,196,272,288,357,413,479,521,601,664,739,795,877,955,1035,1096
3406,3398,3432,3406,3431,3422,3423,3434,3433,3429,3404,3401,3393,3421,3426,3398,3402,3431,3404,3411,3393,3421,3413,3413,3408,3393,3425,3403,3385,3398,3423,3451,3443,3420,3432,3411,3415,3392,3392,3408,3417,3416,3388,3396,3400,3409,3414,3387,3416,3455
3814,3824,3839,3798,3807,3824,3806,3842,3836,3797,3770,3828,3819,3792,3837,3834,3826,3812,3824,3800,3834,3832,3826,3819,3819,3810,3818,3809,3828,3834,3815,3829,3816,3832,3812,3809,3835,3804,3807,3821,3806,3827,3799,3815,3808,3846,3818,3828,3819,3819
57,54,58,59,44,64,57,63,43,48,44,50,53,54,63,45,58,58,62,268,491,687,875,1078,1290,1498,1713,1916,2129,2351,2538,2727,2767,2749,2733,2755,2758,2752,2748,2734,2745,2758,2753,2755,2749,2752,2735,2740,2751,2733
45,24,49,45,47,40,46,38,57,29,25,39,49,63,49,32,38,67,52,64,50,49,39,29,55,46,35,28,18,26,25,37,37,59,130,172,228,328,423,529,648,766,907,1008,1173,1329,1437,1626,1755,1925
24,17,27,30,32,39,47,20,45,39,30,22,18,48,26,11,43,30,43,39,203,385,585,739,911,1110,1309,1461,1628,1820,2023,2198,2360,2546,2730,2922,3102,3272,3428,3632,3625,3650,3646,3636,3624,3608,3594,3618,3632,3619
70,58,37,69,67,50,49,65,58,63,36,60,53,68,61,63,31,63,413,797,1162,1517,1898,2284,2612,2998,3346,3722,3714,3718,3717,3712,3715,3714,3703,3700,3735,3724,3729,3695,3710,3713,3714,3723,3684,3721,3699,3718,3719,3751
22,72,45,46,59,54,57,39,37,71,83,41,65,63,46,45,93,171,288,401,537,694,884,1059,1225,1459,1683,1886,2143,2392,2618,2880,3160,3416,3693,3994,4011,4014,3997,4004,3998,3987,4014,4014,3994,4016,3982,3973,4003,3999
2,25,0,14,9,0,15,30,25,0,121,217,333,442,531,647,766,856,973,1093,1219,1314,1404,1503,1655,1765,1877,1875,1856,1847,1866,1843,1850,1850,1853,1831,1830,1851,1845,1852,1841,1861,1854,1858,1851,1859,1857,1856,1866,1867
33,42,44,39,36,53,31,45,54,22,37,51,27,28,26,259,489,717,947,1184,1418,1639,1889,2118,2338,2572,2807,2814,2801,2800,2793,2816,2820,2796,2818,2817,2792,2808,2797,2813,2816,2813,2798,2822,2799,2822,2807,2822,2802,2805
4010,3983,4001,4006,4009,3997,4015,4013,4022,4009,4012,3995,4021,3980,4033,4015,4009,4008,4016,4042,4001,3997,4028,4002,4012,3999,4024,4002,4005,3980,4003,4028,4001,4031,4005,4013,3997,4019,3991,4016,4009,4008,4001,4015,4015,3999,3993,4026,3984,4010
36,34,34,7,44,15,17,24,30,53,44,22,15,27,16,30,35,17,38,41,34,32,25,18,34,15,37,26,22,222,420,596,802,990,1218,1394,1614,1803,1946,1956,1961,1960,1968,2001,1971,1960,1972,1998,1977,1969
20,29,17,46,57,37,48,19,35,169,325,439,591,716,860,992,1140,1243,1402,1540,1673,1805,1951,2097,2230,2217,2228,2226,2222,2226,2213,2215,2194,2210,2230,2229,2205,2232,2245,2192,2204,2246,2236,2217,2228,2246,2225,2225,2238,2235
1519,1523,1521,1531,1508,1530,1532,1508,1542,1496,1506,1506,1523,1515,1493,1503,1487,1522,1511,1515,1512,1534,1515,1528,1536,1515,1517,1523,1507,1528,1535,1492,1535,1544,1507,1520,1498,1549,1507,1534,1519,1542,1500,1518,1492,1529,1521,1500,1514,1514
80,40,53,64,63,71,51,87,72,71,54,49,58,397,717,1019,1382,1694,2012,2337,2660,3015,3314,3676,3985,3992,4010,4005,3981,3994,3986,3997,3987,3986,3992,3979,3956,3985,3993,3986,3970,3986,3967,3979,3969,3976,3971,3976,3993,3971
17,18,14,25,14,0,11,12,32,17,13,26,2,12,7,27,45,27,20,21,28,33,11,16,16,40,34,23,27,19,22,10,36,6,25,327,658,927,1256,1552,1861,2165,2484,2775,3089,3419,3687,4006,3997,3992
45,49,57,28,24,24,39,55,42,25,36,54,30,70,41,24,1,34,37,30,39,43,38,51,49,35,45,58,92,136,189,244,285,380,456,556,640,710,810,901,1031,1127,1234,1346,1480,1568,1699,1840,1955,2098
2444,2458,2467,2443,2434,2456,2443,2468,2445,2470,2447,2435,2435,2423,2423,2445,2457,2445,2459,2488,2447,2440,2440,2460,2466,2443,2463,2468,2455,2468,2448,2481,2450,2457,2467,2448,2461,2453,2460,2468,2455,2448,2448,2446,2471,2464,2435,2465,2459,2431
48,57,81,38,45,58,33,56,59,49,70,68,64,53,60,48,61,79,80,61,59,73,53,46,59,60,45,318,602,856,1124,1351,1629,1867,2130,2410,2680,2940,3174,3454,3713,3727,3711,3705,3716,3719,3708,3702,3705,3705
3465,3475,3471,3458,3482,3456,3469,3466,3466,3470,3494,3493,3451,3505,3483,3514,3464,3483,3471,3449,3475,3479,3487,3473,3482,3473,3452,3481,3474,3479,3473,3452,3442,3468,3474,3474,3467,3485,3480,3479,3491,3487,3496,3478,3475,3470,3480,3482,3479,3478
53,41,35,27,22,23,33,29,38,25,45,38,18,36,43,32,18,32,46,54,21,31,52,30,34,15,46,33,60,65,80,126,173,233,305,316,365,471,552,592,686,751,822,893,998,1065,1140,1252,1348,1436
4045,4034,4017,4020,4022,4033,4040,4030,4016,4059,4024,4051,4036,4040,4023,4039,4031,4045,3998,4033,4006,4023,4056,4016,4027,4007,4050,4036,4019,4049,4050,4044,4013,4042,4039,4033,4037,4028,4026,4017,4038,4025,4024,4008,4014,4010,4008,4017,4025,4045
15,10,16,10,6,25,21,0,13,34,79,100,136,177,242,303,362,434,487,573,639,728,816,919,994,1080,1185,1285,1351,1501,1602,1703,1804,1948,2044,2145,2281,2379,2523,2660,2788,2934,3047,3054,3053,3080,3040,3045,3042,3043
69,46,54,55,53,59,50,55,72,49,67,59,44,100,152,196,265,319,394,475,556,621,746,816,937,1008,1144,1247,1376,1482,1586,1711,1838,1982,2112,2113,2135,2130,2111,2097,2132,2115,2123,2117,2133,2093,2117,2095,2107,2108
47,31,18,23,16,22,14,45,27,37,45,27,6,27,20,30,14,34,170,268,406,523,674,796,920,1049,1159,1293,1431,1537,1685,1797,1928,2078,2185,2300,2432,2431,2438,2441,2439,2440,2453,2461,2449,2456,2435,2424,2455,2434
1742,1778,1756,1762,1744,1773,1751,1755,1760,1744,1751,1755,1768,1754,1749,1748,1739,1783,1763,1782,1739,1757,1769,1774,1769,1731,1755,1748,1749,1752,1746,1742,1778,1762,1784,1751,1759,1781,1765,1772,1737,1751,1764,1768,1754,1769,1794,1735,1753,1762
40,33,26,22,35,33,40,36,8,12,8,17,30,0,28,22,10,14,7,34,18,38,17,31,33,96,120,200,235,313,332,398,454,554,612,695,792,861,940,1044,1124,1221,1308,1437,1521,1649,1715,1835,1936,2059
5,8,18,13,14,39,19,1,6,9,18,5,58,7,18,24,7,27,25,13,9,33,15,25,9,50,72,80,98,137,181,209,248,303,354,379,414,469,500,585,631,697,716,798,853,891,976,1078,1105,1154
3191,3183,3179,3186,3169,3175,3187,3160,3196,3195,3157,3163,3192,3164,3189,3175,3174,3188,3159,3202,3184,3163,3140,3201,3171,3180,3185,3181,3160,3176,3184,3194,3160,3187,3199,3162,3199,3180,3155,3184,3180,3191,3171,3198,3205,3182,3173,3159,3176,3194
49,55,34,39,25,38,52,61,56,45,44,33,33,28,34,53,40,46,30,48,49,53,49,39,31,52,50,29,48,29,16,294,552,786,1032,1293,1551,1791,2054,2301,2555,2539,2578,2558,2564,2564,2544,2590,2555,2550
40,29,39,60,36,15,50,26,48,53,31,38,21,50,24,21,44,39,45,33,20,34,42,32,33,330,628,943,1244,1555,1844,2171,2419,2764,3046,3356,3675,3971,3954,3952,3944,3978,3944,3952,3974,3959,3962,3945,3944,3966
12,17,0,15,32,20,23,14,15,38,18,5,15,17,24,25,17,21,18,0,18,30,14,39,23,17,15,24,37,19,5,50,94,168,259,373,467,587,710,822,959,1127,1273,1429,1594,1771,1962,2143,2332,2509
35,61,35,50,49,70,56,47,37,46,53,69,55,39,59,35,64,35,58,67,59,68,73,44,34,48,50,56,175,298,408,564,636,754,906,1026,1158,1275,1388,1504,1650,1760,1763,1754,1755,1750,1769,1767,1746,1746
59,37,51,49,45,18,41,56,30,49,31,38,35,39,76,33,49,49,47,35,38,42,42,27,54,57,27,30,39,42,199,425,587,788,958,1129,1326,1516,1682,1869,2047,2236,2435,2602,2772,2942,3139,3141,3137,3151
52,45,41,45,46,40,51,56,47,53,54,40,36,44,47,39,55,58,48,41,49,41,53,45,51,52,50,57,48,43,34,33,50,45,42,40,51,41,56,61,41,51,49,41,41,46,40,53,45,40
52,63,51,41,80,63,58,55,40,55,51,72,56,66,65,39,78,62,38,51,66,85,46,51,52,56,50,52,65,59,49,61,81,86,116,149,171,213,288,331,360,418,483,549,633,684,748,827,893,970
32,35,28,23,18,43,29,18,39,35,24,36,23,13,55,26,23,45,186,409,576,753,949,1137,1306,1519,1696,1885,2031,2245,2446,2579,2806,2990,3151,3336,3524,3731,3884,4080,4065,4074,4091,4089,4083,4089,4084,4060,4073,4090
48,31,58,42,36,40,27,22,24,34,38,33,14,38,48,46,28,179,335,484,627,785,912,1081,1222,1383,1552,1651,1846,1975,2116,2258,2417,2580,2563,2574,2557,2572,2547,2551,2562,2574,2581,2527,2556,2557,2568,2560,2554,2554
24,63,42,32,50,49,11,37,54,50,44,26,30,45,54,48,72,19,45,27,68,41,55,46,46,48,36,39,22,180,259,403,508,635,753,879,1000,1081,1233,1335,1459,1560,1714,1813,1942,2044,2043,2062,2074,2064
3,29,14,7,32,32,13,27,18,16,37,31,86,154,212,265,358,459,532,644,739,875,1000,1096,1217,1366,1484,1656,1784,1929,2072,2260,2406,2554,2561,2562,2560,2573,2585,2558,2582,2560,2572,2566,2550,2571,2580,2568,2578,2555
46,56,28,40,32,72,55,70,53,54,39,38,90,166,233,362,490,642,794,969,1101,1286,1497,1676,1909,2124,2340,2597,2837,3083,3340,3611,3872,3869,3870,3864,3851,3864,3866,3890,3863,3877,3872,3891,3876,3866,3875,3886,3900,3868
73,33,46,52,69,64,47,65,64,70,73,32,55,53,29,83,45,81,93,151,203,291,368,440,522,624,736,817,920,1018,1147,1248,1395,1497,1665,1801,1916,2050,2202,2355,2485,2648,2820,2963,3143,3307,3485,3486,3498,3454
58,32,56,50,11,36,24,55,27,30,59,66,30,17,48,50,41,45,48,20,43,52,37,47,40,24,34,55,52,21,44,46,85,134,180,289,356,472,586,698,854,988,1103,1237,1401,1574,1760,1885,2102,2289
46,76,40,47,74,42,50,36,53,42,43,29,29,37,54,43,58,29,316,579,847,1114,1376,1654,1897,2152,2452,2696,2952,3232,3496,3733,3758,3751,3760,3735,3776,3778,3757,3762,3772,3763,3750,3737,3782,3750,3763,3738,3762,3766
28,10,37,37,31,12,24,35,29,24,17,16,40,35,29,17,35,24,18,5,10,166,322,484,641,797,915,1071,1200,1363,1516,1640,1803,1964,2096,2259,2403,2552,2706,2852,2989,2981,2973,2987,3002,3004,3014,2993,2990,2991
1979,1963,1970,1975,1993,1983,1981,1992,1995,1991,2021,1978,1991,1981,1967,1968,1971,1986,1996,1981,1982,1994,1986,1995,1966,1979,1964,1974,1998,1960,1966,2009,1975,1994,1976,1958,1999,1993,2005,2003,1985,2003,1973,1967,1964,1983,1972,1967,1991,1991
36,34,51,36,40,39,36,42,36,33,41,40,35,35,34,40,42,44,37,41,38,34,45,51,41,49,46,40,36,44,41,49,32,39,29,30,42,39,40,56,32,40,41,39,31,43,37,46,43,32
58,38,40,35,43,21,26,31,37,32,40,18,27,32,22,33,28,42,45,355,637,937,1221,1554,1841,2144,2460,2771,3067,3062,3083,3048,3065,3060,3053,3055,3053,3073,3039,3049,3052,3083,3073,3063,3059,3080,3075,3067,3060,3077
4003,3987,4030,4008,4016,4042,4019,4008,4033,4012,4007,4031,4039,4025,4015,4007,4030,3994,4005,4000,3999,4005,4026,4016,4018,4011,3998,4009,4023,4027,4003,4002,4025,4002,4005,4015,4001,3999,3995,4013,3992,4028,4038,3985,3997,4013,4015,4017,4021,4009
6,21,24,30,14,12,10,12,22,9,29,11,21,1,27,19,9,0,18,64,88,141,192,238,307,380,433,501,577,661,761,836,926,1024,1110,1246,1312,1415,1539,1613,1765,1882,1961,2103,2213,2226,2191,2213,2217,2215
23,25,6,12,6,9,14,0,10,22,0,27,16,6,13,11,11,21,35,26,22,13,10,2,44,22,6,42,127,194,293,417,542,671,823,980,1139,1320,1489,1680,1881,2092,2272,2482,2728,2963,3198,3409,3424,3433
24,30,26,29,34,33,22,20,39,28,29,31,32,32,36,16,40,30,19,22,33,31,27,33,29,31,23,32,19,38,36,28,28,36,44,29,25,31,28,23,28,31,22,26,32,22,38,24,33,41
2300,2304,2275,2271,2294,2243,2291,2319,2306,2254,2275,2311,2307,2303,2281,2286,2304,2316,2295,2295,2293,2288,2293,2303,2308,2300,2278,2308,2276,2282,2284,2285,2293,2296,2288,2293,2290,2311,2319,2261,2295,2295,2293,2297,2294,2279,2298,2292,2286,2257
3194,3192,3197,3157,3188,3185,3201,3211,3200,3181,3202,3206,3191,3206,3224,3172,3201,3177,3216,3186,3179,3197,3186,3181,3184,3182,3201,3190,3197,3214,3191,3198,3169,3221,3197,3187,3192,3202,3205,3170,3177,3208,3179,3173,3180,3186,3194,3173,3157,3216
31,25,19,44,14,37,29,47,20,42,24,1,34,28,38,19,41,58,30,56,73,116,217,264,355,467,592,731,853,1002,1127,1306,1449,1622,1782,1990,2169,2375,2546,2774,2981,3183,3396,3630,3854,4081,4095,4092,4094,4095
28,40,21,47,29,38,37,35,28,35,32,39,13,51,37,95,118,187,210,270,304,354,417,469,521,602,648,746,814,878,964,1035,1127,1210,1298,1368,1466,1572,1632,1744,1847,1924,2032,2145,2244,2355,2465,2527,2551,2540
52,53,50,50,45,75,47,57,39,51,56,34,71,50,58,35,53,61,57,61,65,56,53,67,46,72,61,74,57,47,63,39,57,294,519,772,1023,1270,1497,1741,1991,2232,2464,2706,2935,3174,3423,3656,3665,3660
46,40,25,37,20,31,34,33,56,16,21,43,25,40,48,0,26,34,34,14,31,47,36,33,49,42,47,37,67,26,38,14,26,40,30,39,49,66,103,143,187,227,291,342,393,443,536,587,664,751
3459,3423,3456,3460,3449,3469,3462,3453,3457,3482,3454,3447,3475,3457,3466,3450,3463,3491,3469,3483,3434,3474,3418,3487,3440,3474,3491,3461,3460,3465,3495,3461,3458,3456,3489,3448,3470,3446,3448,3484,3463,3454,3477,3474,3473,3470,3467,3485,3476,3445
18,8,1,21,6,5,25,14,8,18,35,20,12,0,18,12,23,14,16,31,21,15,19,18,6,33,28,21,11,19,35,11,7,0,0,28,36,51,80,106,142,188,207,223,257,305,376,401,439,492
23,24,3,40,21,12,18,0,11,53,108,172,279,359,472,605,750,902,1045,1171,1337,1518,1704,1885,2048,2250,2466,2673,2893,3096,3321,3522,3549,3527,3558,3548,3549,3543,3533,3538,3540,3552,3540,3560,3521,3535,3527,3534,3541,3542
50,39,46,41,64,53,28,72,41,29,53,60,53,89,110,142,204,257,322,420,487,563,672,731,844,953,1053,1174,1277,1384,1523,1637,1779,1885,2029,2156,2297,2455,2612,2746,2889,3063,3192,3376,3543,3675,3684,3723,3702,3700
10,22,21,12,25,16,26,22,13,25,34,19,16,0,13,0,0,0,25,9,2,10,0,18,3,19,0,13,128,189,291,402,526,617,688,799,894,992,1092,1195,1289,1376,1468,1582,1684,1777,1764,1776,1782,1790
41,37,41,32,37,26,26,12,13,20,22,32,46,18,22,30,25,23,43,0,0,35,8,12,114,216,308,409,472,555,679,769,854,917,1028,1134,1227,1329,1420,1498,1577,1648,1762,1750,1762,1761,1766,1789,1762,1761
27,45,26,9,41,23,41,24,25,31,73,104,155,193,281,380,468,568,670,765,872,1043,1130,1251,1425,1503,1685,1823,1971,2115,2298,2457,2631,2634,2612,2626,2619,2627,2634,2641,2624,2633,2630,2632,2631,2618,2618,2619,2625,2633
1727,1730,1726,1730,1719,1718,1700,1746,1731,1746,1734,1710,1732,1717,1711,1713,1710,1730,1731,1717,1725,1726,1744,1724,1715,1738,1694,1718,1734,1707,1706,1713,1732,1720,1710,1730,1733,1711,1718,1722,1713,1713,1725,1737,1710,1728,1719,1690,1722,1721
46,52,71,50,63,60,43,78,63,57,56,36,76,49,54,59,67,45,82,59,37,68,72,58,60,74,38,27,65,41,72,38,65,55,98,115,192,274,325,390,492,572,690,818,887,1046,1146,1300,1418,1578
52,57,38,53,53,54,45,40,35,59,51,50,48,47,51,47,57,62,59,57,41,52,44,55,62,52,43,54,51,54,60,51,54,41,49,50,52,54,43,61,52,48,50,62,52,54,47,51,44,53
31,32,37,22,33,36,45,40,0,155,324,457,585,727,893,1017,1154,1296,1430,1565,1708,1853,1986,1992,1977,1961,2001,1985,1985,1986,2017,1992,1986,1977,1991,2004,1979,1985,1983,1979,1981,1964,2018,2000,1981,1990,1981,1976,2003,2002
31,42,48,47,56,60,37,16,38,38,39,21,60,34,44,27,58,45,67,148,184,248,318,438,558,659,778,916,1032,1177,1301,1456,1615,1771,1926,2117,2325,2456,2639,2861,3021,3222,3429,3645,3850,4049,4048,4063,4057,4064
60,55,62,51,62,62,59,64,48,66,56,42,54,56,53,51,57,57,50,63,46,56,57,59,65,51,66,63,59,58,60,55,50,44,51,44,59,62,62,57,48,48,68,55,48,58,59,48,58,58
29,38,24,28,34,22,40,34,28,16,18,29,0,13,45,31,38,37,40,132,260,397,502,631,749,866,998,1122,1214,1353,1463,1578,1689,1821,1922,2053,2071,2052,2073,2061,2056,2075,2052,2046,2067,2063,2063,2017,2034,2062
2201,2189,2198,2185,2190,2178,2142,2221,2154,2199,2192,2184,2197,2208,2211,2175,2194,2177,2205,2166,2200,2188,2186,2164,2184,2234,2176,2186,2188,2180,2209,2171,2205,2189,2185,2191,2219,2189,2205,2202,2190,2196,2198,2201,2183,2162,2196,2219,2205,2194
46,39,42,35,42,34,37,41,36,40,40,38,36,30,42,46,38,36,48,45,34,45,33,42,43,45,47,43,30,34,39,47,42,42,38,38,37,42,40,36,37,38,34,27,34,45,44,39,33,34
17,34,34,36,34,39,46,33,22,46,55,35,22,219,442,656,816,1042,1223,1429,1637,1819,2046,2237,2443,2629,2845,3068,3032,3037,3050,3055,3046,3063,3041,3039,3033,3045,3060,3042,3047,3038,3039,3039,3030,3045,3051,3038,3027,3073
51,62,49,41,30,36,73,62,47,50,40,47,62,30,19,52,31,35,42,47,35,43,52,235,435,670,824,1062,1267,1469,1684,1860,2092,2271,2477,2482,2483,2494,2481,2488,2480,2488,2477,2497,2483,2478,2472,2471,2467,2486
67,43,35,43,60,60,53,45,33,34,47,41,47,41,50,57,53,54,66,56,38,50,181,300,459,583,712,874,987,1118,1234,1369,1512,1676,1807,1931,2063,2185,2327,2439,2595,2740,2868,2883,2854,2858,2834,2869,2851,2863
44,38,45,53,49,51,65,46,30,32,34,40,19,43,25,13,20,32,44,31,44,31,39,53,83,36,53,11,71,97,178,238,295,398,468,562,669,776,897,988,1129,1236,1369,1495,1647,1786,1941,2097,2257,2421
3147,3180,3177,3165,3172,3143,3162,3161,3185,3169,3171,3188,3158,3175,3165,3185,3158,3159,3170,3179,3157,3155,3152,3156,3162,3151,3183,3141,3157,3146,3172,3174,3178,3146,3140,3200,3154,3158,3134,3150,3182,3183,3150,3151,3138,3148,3171,3142,3146,3159
55,41,13,31,39,52,14,40,13,222,451,634,824,1032,1226,1438,1643,1863,2061,2273,2463,2659,2858,2837,2875,2846,2856,2884,2869,2858,2856,2889,2882,2884,2837,2838,2868,2870,2843,2870,2884,2860,2870,2865,2879,2868,2876,2885,2866,2857
46,36,27,32,28,14,43,29,45,47,32,42,31,36,19,59,47,48,42,16,32,221,381,534,717,919,1061,1248,1412,1574,1763,1924,2115,2276,2447,2615,2806,2968,3157,3299,3519,3482,3482,3488,3489,3472,3485,3496,3487,3502
2286,2293,2287,2292,2309,2315,2292,2311,2300,2302,2312,2324,2292,2337,2320,2319,2303,2321,2311,2342,2309,2303,2329,2320,2329,2283,2306,2287,2274,2273,2306,2305,2277,2308,2317,2322,2308,2316,2283,2300,2317,2315,2303,2311,2320,2318,2304,2283,2296,2292
6,5,0,4,24,7,4,27,27,0,23,11,166,320,507,641,784,984,1127,1299,1450,1608,1779,1930,1945,1942,1912,1937,1917,1933,1940,1934,1913,1931,1942,1925,1922,1921,1943,1916,1922,1931,1924,1956,1949,1942,1945,1924,1928,1934
41,32,48,44,43,42,24,44,27,38,46,63,54,37,32,11,51,66,52,38,32,48,50,52,36,47,68,122,158,224,245,308,373,412,504,539,638,708,770,855,901,1016,1088,1193,1296,1379,1473,1563,1655,1777
56,54,39,51,65,42,40,41,33,8,74,37,47,34,59,64,39,48,52,33,52,58,55,38,46,57,48,41,44,46,33,24,55,36,44,57,75,83,108,152,204,251,287,320,393,459,526,563,672,716
2454,2472,2440,2447,2483,2454,2469,2442,2453,2444,2466,2455,2462,2465,2434,2459,2481,2455,2456,2440,2458,2457,2469,2449,2450,2462,2469,2440,2480,2477,2468,2471,2440,2462,2454,2453,2460,2451,2486,2465,2433,2480,2465,2464,2465,2463,2453,2473,2475,2462
54,58,59,50,60,53,68,60,62,54,49,34,69,54,78,61,71,50,57,50,49,54,53,62,64,50,80,30,56,61,67,53,66,374,668,1020,1338,1639,1961,2309,2599,2908,3244,3555,3889,3877,3878,3878,3895,3903
30,30,19,30,23,9,17,23,16,8,25,22,4,17,11,43,20,43,23,138,311,465,584,719,884,1039,1193,1321,1471,1605,1766,1775,1780,1754,1771,1761,1759,1750,1750,1767,1750,1768,1745,1753,1757,1746,1773,1769,1762,1747
39,20,17,16,22,13,21,10,28,39,10,33,42,6,22,11,15,20,42,27,25,19,39,17,25,21,19,29,85,129,173,225,329,384,467,509,647,736,849,933,1006,1155,1289,1399,1511,1652,1782,1872,2029,2167
49,64,40,62,54,53,48,59,50,57,52,38,56,60,46,52,56,57,41,56,46,48,58,62,52,54,56,50,60,55,44,53,52,45,58,41,55,64,46,54,53,53,67,46,42,56,45,47,43,52
3008,3019,3032,3006,3026,3033,3017,3019,2995,3037,3022,3009,3049,2998,3021,3002,2977,3017,3014,3011,3011,3015,3038,3015,3012,3036,3003,3015,2991,3022,3035,3016,3027,3024,3025,3027,3027,3008,3024,3016,3014,3025,3000,3031,3040,3020,3008,3029,3027,3000
3184,3160,3148,3156,3184,3166,3187,3157,3165,3167,3146,3154,3159,3183,3156,3144,3165,3169,3143,3156,3136,3186,3168,3152,3146,3140,3150,3170,3163,3144,3174,3166,3201,3157,3160,3145,3185,3182,3174,3128,3162,3162,3161,3118,3161,3168,3171,3163,3120,3158
40,8,14,20,18,20,37,22,22,21,38,48,95,168,228,283,393,481,605,722,815,921,1067,1196,1337,1466,1642,1770,1939,2085,2237,2430,2579,2775,2954,3145,3108,3146,3112,3135,3128,3138,3147,3130,3144,3126,3126,3098,3150,3136
65,74,47,54,72,61,52,50,42,54,47,64,65,47,46,48,48,68,59,46,64,55,55,57,45,56,20,38,45,45,39,52,154,247,353,436,541,657,742,840,960,1029,1108,1207,1340,1432,1534,1626,1735,1814
20,13,11,26,13,17,119,218,340,459,578,718,817,925,1038,1170,1289,1398,1510,1621,1734,1849,1952,1974,1968,1985,1979,1974,1967,1971,1978,1955,1970,1968,1975,1964,1958,1965,1962,1954,1955,1973,1994,1946,1970,1967,1976,1979,1966,1985
62,53,57,55,57,32,48,58,65,70,129,177,241,327,419,502,583,673,802,921,1042,1164,1301,1420,1555,1696,1859,2004,2146,2317,2479,2668,2823,2796,2821,2833,2825,2810,2807,2852,2838,2815,2831,2821,2830,2845,2850,2827,2824,2811
13,44,54,61,32,33,34,31,233,446,622,800,1043,1202,1426,1610,1813,2025,2218,2431,2405,2388,2398,2421,2426,2396,2388,2427,2403,2416,2405,2416,2412,2400,2395,2415,2391,2404,2406,2429,2402,2410,2392,2396,2406,2389,2417,2427,2405,2409
0,26,28,34,25,19,12,24,19,19,16,243,411,615,860,1088,1261,1482,1691,1893,2086,2287,2271,2297,2287,2305,2292,2279,2283,2306,2294,2274,2301,2299,2293,2292,2286,2295,2300,2290,2276,2287,2288,2278,2295,2312,2276,2294,2284,2285
23,33,54,34,54,53,45,44,30,21,57,58,27,45,51,38,46,39,48,49,400,721,1049,1426,1743,2050,2402,2757,3122,3433,3433,3434,3415,3443,3438,3449,3445,3445,3461,3458,3432,3432,3426,3443,3435,3411,3433,3441,3445,3437
2772,2758,2764,2778,2777,2778,2793,2783,2759,2757,2765,2776,2756,2800,2773,2773,2797,2776,2763,2781,2780,2762,2759,2755,2762,2761,2762,2766,2771,2804,2794,2770,2790,2774,2767,2777,2763,2767,2774,2779,2775,2807,2793,2788,2768,2784,2760,2774,2762,2768
53,68,39,38,54,35,58,36,57,14,48,41,41,35,52,53,29,49,58,56,37,58,42,39,41,35,24,21,44,44,31,49,72,48,245,435,649,831,1058,1247,1469,1644,1845,2033,2237,2237,2254,2255,2242,2252
37,50,36,52,55,41,41,56,41,25,59,68,40,32,58,40,49,35,55,37,37,44,54,68,43,28,55,39,43,36,63,46,34,31,35,447,804,1199,1581,1960,2348,2712,3072,3477,3884,3856,3873,3872,3880,3870
47,48,39,68,54,76,56,67,106,113,160,212,240,270,305,364,420,479,529,580,604,695,758,824,913,980,1032,1112,1179,1258,1342,1398,1504,1563,1652,1746,1829,1831,1829,1809,1830,1836,1823,1816,1839,1818,1822,1821,1819,1826
3876,3855,3880,3880,3864,3854,3899,3847,3900,3880,3893,3889,3885,3889,3883,3876,3871,3881,3868,3882,3903,3891,3876,3862,3903,3879,3855,3841,3866,3872,3871,3868,3876,3889,3894,3872,3883,3879,3883,3863,3887,3878,3887,3891,3864,3909,3876,3883,3871,3878
58,48,55,59,55,48,45,49,65,53,46,40,49,57,42,55,47,43,47,43,48,58,40,51,47,48,38,53,51,50,49,53,53,56,42,44,50,56,59,51,49,51,46,70,44,60,58,49,49,48
63,57,63,65,60,53,54,46,57,58,66,55,57,54,66,69,56,62,61,53,64,68,59,57,63,57,55,62,55,61,53,48,60,64,64,49,51,61,54,65,54,61,61,68,60,68,64,59,58,59
31,4,35,27,30,32,13,0,12,40,44,23,2,0,50,57,106,135,193,225,320,365,414,504,585,657,738,816,895,995,1081,1199,1286,1390,1492,1614,1702,1713,1705,1706,1704,1717,1717,1706,1699,1707,1703,1705,1728,1698
31,15,18,34,28,19,13,26,50,28,20,33,14,40,47,11,45,34,50,20,17,15,37,21,27,22,46,25,68,97,138,171,213,257,319,368,435,486,559,629,691,767,829,903,1008,1094,1150,1250,1337,1423
52,38,30,44,26,36,26,29,30,46,31,21,46,51,45,34,32,46,47,51,41,34,33,45,7,30,38,49,40,26,14,35,276,473,728,943,1183,1412,1643,1869,2104,2364,2566,2793,3033,3282,3515,3511,3501,3488
3941,3971,3930,3935,3942,3956,3938,3914,3935,3959,3935,3928,3972,3932,3959,3918,3960,3959,3969,3918,3935,3952,3950,3930,3946,3916,3933,3941,3970,3946,3951,3946,3928,3949,3942,3945,3951,3962,3941,3949,3940,3964,3933,3929,3917,3949,3956,3956,3949,3967
3985,3965,4006,3972,3960,3996,3982,3961,3968,4012,3975,3993,3982,3980,3978,4023,4002,3991,4015,3994,4013,3993,3990,4006,3994,3984,3987,4029,3977,3988,3986,4007,3991,3966,4009,3979,4007,3971,4001,4003,4003,3972,4022,3980,3993,4002,4006,4014,3977,3985
35,50,50,30,63,35,39,32,22,48,45,41,47,52,36,37,20,44,63,43,40,43,56,15,51,24,36,47,55,52,42,56,51,78,101,120,142,168,216,285,272,339,379,419,459,504,570,621,692,721
84,63,58,57,60,56,65,46,51,66,49,54,69,62,71,56,53,50,57,56,71,87,242,425,613,759,983,1162,1380,1548,1737,1942,2109,2101,2109,2118,2113,2094,2102,2109,2102,2104,2112,2113,2082,2099,2102,2098,2117,2115
40,23,32,34,8,33,21,21,28,28,25,19,32,33,29,21,27,54,73,112,150,193,259,326,342,424,488,552,616,698,782,863,970,1022,1127,1207,1323,1444,1532,1595,1725,1810,1935,2040,2158,2269,2399,2523,2504,2508
0,25,0,0,11,25,0,15,0,26,6,12,25,0,26,1,39,0,16,26,80,166,223,309,397,489,613,714,855,959,1095,1251,1394,1549,1711,1877,2018,2212,2401,2550,2739,2919,3120,3310,3315,3323,3297,3314,3300,3319
3648,3635,3655,3647,3648,3650,3648,3633,3645,3658,3660,3654,3662,3640,3654,3661,3655,3681,3652,3648,3635,3629,3677,3633,3637,3662,3659,3659,3664,3635,3645,3671,3654,3635,3648,3649,3658,3636,3665,3664,3638,3669,3642,3648,3670,3647,3642,3640,3654,3651
49,64,46,52,49,45,64,50,47,44,57,58,57,49,50,52,43,45,63,57,47,45,55,63,50,51,59,48,52,51,43,54,42,49,36,50,58,52,42,59,44,47,59,51,57,51,57,51,50,61
46,13,27,49,21,37,45,37,32,28,41,18,53,30,10,33,34,54,47,48,30,35,38,41,57,0,52,14,51,50,37,44,30,34,49,51,23,109,166,188,250,339,393,493,584,672,765,864,970,1073
3910,3931,3934,3943,3917,3927,3945,3908,3949,3931,3926,3933,3907,3927,3955,3919,3933,3938,3904,3906,3907,3921,3921,3910,3947,3918,3942,3926,3893,3904,3916,3918,3931,3942,3920,3933,3914,3923,3929,3941,3919,3948,3913,3928,3928,3922,3941,3914,3915,3920
59,58,41,46,52,64,63,39,47,44,51,68,44,40,76,42,43,56,55,44,55,56,57,63,60,42,66,62,71,26,32,71,92,131,194,234,301,335,408,481,565,643,709,822,898,995,1084,1173,1291,1373
59,63,66,63,40,54,61,59,55,75,39,33,51,70,39,41,51,46,64,46,51,30,52,48,72,65,55,42,264,469,672,864,1072,1283,1496,1718,1906,2117,2328,2528,2742,2940,3148,3357,3559,3782,3796,3768,3759,3785
3002,3050,3020,3011,3025,3008,3024,3027,3024,2982,2996,2999,3003,2971,2993,2974,3023,3026,3011,2985,2977,3032,3024,2988,2982,2992,3012,3019,3001,3034,3010,3020,3001,3014,2996,3004,2981,2997,3000,3021,2975,3018,3004,2984,2980,2998,3004,2975,3041,3038
45,48,53,34,44,31,14,22,42,100,63,106,130,183,198,258,283,328,364,425,459,529,572,632,692,739,804,881,908,966,1045,1108,1187,1271,1344,1378,1457,1553,1616,1734,1785,1862,1847,1846,1857,1877,1838,1863,1868,1856
2444,2424,2376,2383,2377,2378,2410,2398,2404,2386,2388,2406,2410,2383,2390,2411,2383,2408,2397,2384,2395,2387,2407,2398,2376,2382,2372,2385,2396,2386,2396,2391,2380,2403,2378,2395,2382,2405,2388,2393,2398,2406,2375,2400,2402,2395,2374,2395,2388,2393
8,40,20,0,27,0,0,13,26,18,23,17,27,3,22,0,254,476,708,912,1156,1368,1627,1840,2073,2277,2524,2734,2974,3227,3436,3683,3912,3911,3907,3891,3886,3894,3884,3886,3916,3898,3882,3915,3902,3904,3914,3889,3898,3888
24,53,31,32,17,25,16,44,38,39,59,25,26,34,36,33,20,23,27,18,30,40,33,13,26,60,119,194,281,381,488,610,707,872,998,1139,1332,1468,1647,1813,2028,2195,2383,2603,2798,3006,3235,3461,3668,3677
2025,2003,2024,2026,2055,2024,2002,2003,2060,1988,2017,2031,2019,2024,2048,2015,2036,2015,2019,2017,2024,2028,2030,2037,2039,2036,2024,2025,2017,2010,2024,2021,2027,2032,2026,2010,2020,2003,2043,2036,2036,2041,2008,2034,2021,2025,2029,2017,2013,2034
2,26,29,22,18,16,13,16,28,15,19,2,16,18,29,37,29,14,19,15,25,10,14,23,17,18,20,17,0,26,20,12,185,308,478,642,774,948,1084,1244,1385,1559,1718,1846,2012,2151,2311,2477,2621,2785
43,55,33,59,28,56,44,54,52,54,30,55,64,42,58,72,62,43,32,46,60,165,333,456,593,729,867,1005,1151,1304,1428,1589,1710,1850,1969,2129,2113,2106,2139,2113,2113,2112,2136,2098,2116,2111,2125,2094,2113,2140
3357,3358,3322,3350,3328,3321,3330,3380,3335,3321,3342,3342,3360,3363,3336,3343,3342,3347,3337,3343,3332,3345,3351,3343,3347,3361,3310,3339,3339,3359,3344,3335,3338,3359,3360,3323,3349,3355,3324,3362,3344,3325,3322,3346,3337,3347,3355,3320,3355,3341
22,18,35,9,9,0,35,16,9,39,6,14,12,29,27,21,28,22,24,30,29,22,16,8,23,16,7,5,16,15,27,3,25,9,46,59,65,126,154,173,214,262,279,328,375,418,463,517,581,610
46,68,44,24,5,21,40,21,20,29,6,42,22,13,21,36,38,14,34,23,23,49,297,513,781,1031,1257,1522,1757,2010,2273,2528,2773,2996,3278,3541,3489,3511,3523,3521,3512,3527,3531,3509,3505,3526,3507,3514,3510,3504
3,1,14,0,11,16,15,0,2,6,21,37,21,3,12,19,21,33,0,5,19,21,46,84,157,228,327,430,528,642,776,907,1034,1211,1359,1505,1674,1837,2018,2168,2369,2564,2755,2961,3174,3172,3172,3153,3174,3168
45,50,62,65,39,85,42,57,70,22,64,66,54,48,62,58,56,66,74,42,23,55,53,46,50,63,60,31,219,415,581,760,942,1131,1283,1459,1617,1785,1991,1981,1969,2000,1989,1974,1977,1964,1991,1962,1979,1987
1555,1552,1550,1498,1517,1539,1558,1527,1510,1531,1518,1531,1520,1504,1531,1535,1551,1524,1532,1548,1529,1542,1551,1536,1526,1536,1511,1520,1561,1527,1522,1517,1550,1530,1542,1522,1539,1550,1535,1529,1529,1494,1525,1552,1540,1527,1534,1550,1528,1528
8,0,5,4,2,20,16,0,27,0,269,524,812,1082,1317,1578,1872,2116,2384,2631,2897,3159,3419,3690,3945,3962,3948,3963,3970,3971,3936,3951,3950,3949,3933,3943,3970,3962,3956,3956,3968,3934,3954,3955,3930,3931,3934,3966,3935,3974
3517,3503,3511,3515,3513,3522,3496,3505,3520,3532,3527,3511,3486,3518,3536,3511,3533,3530,3517,3524,3523,3528,3511,3515,3515,3528,3527,3527,3513,3518,3506,3515,3527,3503,3512,3510,3511,3516,3521,3533,3529,3547,3532,3503,3482,3512,3522,3489,3534,3517
51,47,64,47,64,44,34,49,42,49,36,63,59,39,42,69,52,26,67,127,196,283,346,461,572,682,793,911,1047,1176,1357,1461,1633,1795,1948,2129,2306,2484,2672,2867,3045,3243,3444,3673,3856,4095,4095,4091,4095,4095
3286,3272,3258,3306,3260,3290,3274,3281,3267,3278,3281,3272,3293,3316,3264,3267,3291,3239,3287,3274,3294,3280,3276,3267,3290,3282,3267,3296,3308,3271,3273,3313,3256,3268,3301,3275,3275,3279,3287,3275,3275,3275,3285,3262,3304,3273,3279,3273,3293,3293
2855,2860,2889,2877,2862,2876,2864,2890,2874,2899,2902,2871,2866,2876,2884,2870,2860,2864,2891,2898,2875,2881,2876,2884,2860,2869,2893,2891,2914,2883,2884,2871,2883,2857,2868,2875,2871,2875,2891,2871,2900,2867,2861,2847,2898,2878,2872,2878,2865,2900
46,38,53,44,42,26,43,61,46,53,55,58,44,40,38,40,47,56,49,65,31,46,35,34,38,34,53,47,57,40,33,45,51,103,142,188,284,333,411,467,579,656,746,841,948,1031,1156,1257,1390,1492
18,17,3,4,27,32,18,19,34,5,44,83,65,131,155,180,233,257,305,344,392,431,481,517,577,631,703,745,805,869,930,985,1054,1132,1217,1242,1322,1400,1454,1535,1531,1510,1554,1535,1544,1528,1538,1564,1525,1531
48,71,53,62,61,47,58,77,42,68,62,73,74,68,90,114,156,201,266,332,388,463,555,640,736,829,902,1005,1121,1220,1350,1465,1575,1687,1808,1934,2080,2215,2345,2487,2604,2759,2765,2756,2763,2744,2761,2762,2740,2729
4019,4014,4046,4040,4071,4058,4040,4048,4053,4062,4055,4059,4062,4053,4055,4054,4025,4045,4068,4056,4046,4039,4054,4048,4037,4046,4038,4048,4068,4053,4037,4032,4035,4036,4050,4046,4049,4075,4053,4035,4072,4044,4040,4063,4046,4081,4060,4070,4065,4026
3103,3074,3092,3115,3105,3104,3091,3099,3101,3102,3108,3126,3087,3114,3109,3098,3086,3078,3119,3105,3094,3105,3107,3126,3104,3108,3116,3096,3107,3130,3116,3096,3129,3102,3114,3113,3118,3072,3090,3110,3127,3103,3103,3137,3102,3097,3126,3124,3109,3117
21,14,27,13,0,28,23,23,7,9,30,6,17,30,37,27,5,23,16,14,6,1,12,32,6,34,55,68,105,127,182,202,244,320,331,407,454,516,568,638,704,746,827,890,969,1047,1092,1197,1254,1354
33,15,27,42,3,30,1,47,21,17,22,22,27,25,356,690,1015,1337,1673,2020,2336,2661,2985,3322,3657,3664,3644,3630,3667,3673,3658,3648,3656,3638,3685,3641,3653,3652,3663,3646,3651,3646,3666,3662,3622,3644,3630,3646,3627,3664
37,31,29,35,24,35,29,46,29,39,31,265,512,766,987,1227,1473,1715,1970,2184,2433,2688,2955,3183,3426,3668,3918,3898,3893,3909,3895,3906,3920,3901,3896,3906,3896,3911,3906,3904,3910,3918,3932,3891,3903,3924,3932,3909,3888,3911
8,5,30,4,3,18,0,168,374,520,698,865,1040,1193,1368,1557,1718,1873,2042,2217,2389,2572,2751,2917,3085,3249,3435,3429,3432,3417,3431,3425,3405,3416,3424,3406,3419,3428,3410,3426,3426,3415,3414,3417,3411,3437,3417,3431,3441,3427
5,17,0,18,17,16,9,17,1,16,17,4,4,14,0,29,19,7,28,21,10,28,0,29,10,22,0,284,562,851,1132,1441,1727,1995,2290,2574,2848,3141,3127,3124,3123,3114,3124,3126,3138,3142,3130,3150,3123,3144
3652,3625,3629,3621,3643,3624,3617,3632,3678,3623,3607,3634,3622,3616,3618,3654,3636,3634,3643,3612,3669,3635,3641,3629,3659,3611,3638,3644,3618,3638,3635,3640,3609,3623,3635,3628,3616,3629,3628,3616,3641,3615,3656,3637,3616,3624,3610,3656,3624,3605
8,0,25,14,1,33,0,13,48,5,0,11,21,31,28,11,12,5,17,9,23,0,21,36,13,10,1,0,23,17,16,93,171,227,295,371,438,495,583,644,713,791,855,948,996,1079,1175,1185,1276,1345
52,65,47,38,61,61,34,38,38,32,43,38,24,47,43,78,134,139,189,216,300,350,363,410,482,516,572,627,683,743,829,885,951,1014,1104,1170,1253,1332,1395,1468,1544,1654,1723,1794,1884,1987,2067,2082,2084,2078
48,18,45,31,61,51,34,41,34,40,59,89,114,159,200,253,308,367,441,485,581,663,730,800,886,982,1073,1185,1261,1353,1442,1567,1670,1768,1796,1776,1782,1780,1794,1775,1788,1779,1750,1768,1781,1779,1791,1779,1763,1785
19,38,35,49,50,21,18,292,588,861,1119,1421,1694,1976,2294,2531,2822,3099,3390,3680,3697,3647,3633,3665,3651,3694,3647,3664,3652,3668,3670,3645,3664,3658,3670,3661,3667,3682,3669,3642,3652,3668,3674,3663,3660,3661,3671,3661,3667,3668
2129,2121,2123,2109,2157,2159,2111,2156,2128,2142,2139,2101,2107,2104,2124,2169,2129,2156,2157,2136,2131,2120,2134,2141,2129,2136,2155,2118,2134,2146,2119,2122,2154,2141,2136,2125,2118,2142,2109,2131,2154,2095,2149,2117,2102,2132,2142,2135,2131,2144
3327,3311,3313,3326,3342,3284,3321,3280,3279,3294,3322,3297,3318,3285,3324,3314,3320,3274,3299,3308,3302,3306,3290,3268,3322,3308,3305,3287,3304,3282,3300,3307,3297,3302,3300,3306,3291,3308,3301,3308,3323,3321,3301,3289,3317,3313,3304,3308,3307,3291
2917,2885,2940,2909,2903,2907,2909,2933,2915,2913,2919,2897,2914,2908,2917,2917,2909,2923,2926,2914,2898,2892,2917,2886,2901,2926,2929,2907,2905,2932,2884,2919,2932,2925,2893,2896,2890,2898,2921,2904,2919,2903,2892,2896,2890,2907,2911,2933,2915,2901
13,30,10,26,21,34,14,2,18,25,14,42,19,18,25,10,11,50,31,19,25,20,40,0,19,36,7,33,106,94,168,226,299,374,432,518,618,691,803,894,985,1086,1210,1330,1453,1546,1650,1762,1891,2032
38,71,38,34,64,57,43,52,224,357,527,649,852,977,1126,1276,1464,1602,1747,1919,2044,2197,2356,2521,2644,2655,2648,2662,2660,2686,2668,2690,2660,2668,2681,2657,2665,2678,2673,2665,2670,2682,2649,2658,2660,2669,2664,2657,2652,2668
38,45,41,18,7,11,20,21,44,33,121,238,333,394,516,588,687,808,895,998,1110,1195,1280,1368,1483,1565,1671,1767,1878,1982,1953,1988,1965,1988,1977,1971,1957,1962,1970,1968,1962,1970,1972,1974,1962,1977,1945,1955,1970,1968
1982,1987,1965,1961,1976,1982,1936,1984,1966,1977,1960,1985,1964,1976,1952,1960,1957,1947,1966,1967,1944,1986,1958,1923,1978,1979,1973,1957,1961,1977,1995,1947,1949,1978,1953,1951,1932,1954,1979,1960,1945,1971,1966,1961,1992,1968,1984,1982,1946,1949
3007,2968,2982,2996,3003,2994,2985,3012,2964,2990,2977,2990,2975,2983,2959,2991,2987,2969,2999,2976,2987,3010,2985,2973,3003,2979,2983,2968,2980,3000,2968,2970,2946,2965,2971,2959,2973,2963,3003,2971,2990,2969,2990,2996,2976,2976,2966,2974,2979,2964
32,48,62,55,40,71,26,65,46,32,29,371,677,963,1277,1573,1897,2198,2501,2799,3134,3433,3728,4031,4050,4053,4024,4053,4063,4044,4034,4049,4039,4046,4053,4055,4029,4028,4027,4025,4029,4052,4045,4021,4025,4043,4050,4057,4007,4024
53,33,32,54,45,38,42,270,531,788,1030,1257,1508,1740,1962,2216,2452,2689,2943,2950,2929,2941,2929,2937,2923,2950,2933,2919,2927,2945,2937,2928,2939,2943,2951,2926,2935,2952,2957,2927,2928,2930,2937,2933,2928,2931,2913,2903,2961,2930
21,23,26,18,5,13,24,12,18,12,15,18,21,23,16,23,32,25,28,14,29,26,18,18,22,26,15,24,22,24,25,26,15,13,14,13,18,27,16,21,21,11,19,26,26,19,18,21,11,15
1581,1571,1565,1546,1565,1577,1581,1569,1592,1577,1576,1581,1595,1550,1566,1549,1591,1570,1590,1555,1582,1587,1577,1601,1597,1579,1580,1611,1584,1581,1595,1557,1585,1572,1580,1564,1598,1567,1575,1563,1561,1556,1579,1550,1591,1567,1574,1577,1584,1577
30,48,50,38,17,43,29,33,31,54,46,37,54,91,99,159,216,288,340,395,485,550,634,714,792,908,992,1078,1165,1310,1414,1530,1627,1747,1855,1971,2111,2219,2374,2498,2621,2748,2888,3037,3170,3305,3452,3450,3442,3474
25,49,59,47,60,52,37,30,65,65,66,40,60,35,52,56,63,64,35,59,59,55,71,60,312,587,869,1120,1395,1661,1922,2193,2449,2747,2990,3262,3540,3791,4052,4069,4079,4070,4071,4070,4070,4060,4082,4064,4092,4068
1998,1967,2017,1990,1982,2021,2019,1989,2020,2018,1985,1997,2030,2010,1990,1982,2003,1998,2005,2019,2021,2031,1982,2017,2023,1999,2017,1990,2022,2023,2027,2013,2018,2026,1990,1993,2021,2045,1997,2009,1982,1993,1985,1994,1982,2034,2011,2007,2064,2001
20,25,46,33,33,32,45,57,130,171,244,344,419,544,617,762,857,997,1131,1289,1437,1583,1733,1931,2079,2259,2423,2626,2796,3009,3165,3389,3576,3770,3977,3980,3990,4005,4000,3997,3987,3992,4014,4000,3992,4014,3966,3997,4012,3996
53,43,22,17,32,10,22,33,21,51,47,30,27,17,6,27,32,37,44,32,37,52,7,36,45,46,43,26,31,29,20,24,39,119,182,249,314,415,557,665,777,895,1041,1189,1329,1504,1644,1818,1979,2152
56,40,43,30,35,39,61,62,47,66,39,58,41,34,28,62,38,287,507,748,986,1217,1453,1689,1927,2165,2417,2633,2877,3108,3353,3608,3815,4051,4060,4057,4050,4079,4075,4072,4059,4037,4062,4053,4074,4065,4077,4071,4064,4069
33,12,31,7,42,14,33,28,24,29,37,47,47,15,13,36,146,254,365,505,616,736,835,917,1077,1183,1306,1415,1519,1665,1738,1890,1968,2111,2222,2357,2438,2561,2570,2575,2588,2576,2564,2552,2575,2576,2570,2579,2572,2560
24,23,0,5,38,8,10,23,27,17,21,0,0,8,15,23,6,10,13,17,272,541,805,1070,1326,1594,1865,2131,2404,2679,2940,3202,3182,3195,3201,3197,3181,3199,3202,3206,3198,3183,3185,3213,3230,3187,3199,3202,3212,3200
48,52,66,64,55,59,59,57,61,80,51,63,53,67,74,64,59,65,61,73,70,62,67,48,77,78,48,56,53,59,71,65,43,63,79,61,92,150,170,220,253,304,368,432,455,485,562,625,711,762
36,40,60,42,44,49,46,38,35,44,428,811,1213,1612,1977,2373,2743,3140,3535,3914,3929,3934,3925,3921,3927,3929,3911,3931,3910,3919,3927,3921,3930,3910,3929,3925,3934,3915,3925,3936,3940,3918,3913,3945,3924,3899,3919,3927,3908,3895
51,47,76,63,60,77,55,74,64,51,38,178,281,401,513,618,718,827,942,1037,1150,1288,1385,1489,1604,1724,1839,1941,2074,2186,2271,2395,2383,2384,2400,2418,2382,2412,2378,2390,2363,2395,2386,2387,2403,2395,2399,2378,2393,2389
19,24,11,15,20,16,16,19,24,26,22,12,11,34,15,15,18,8,12,21,8,14,10,14,15,23,23,18,16,9,8,19,25,19,18,30,22,10,10,15,11,14,17,10,17,19,31,16,15,29
13,24,24,24,37,19,8,41,21,29,32,13,28,31,34,47,35,8,36,9,109,207,297,381,488,562,674,741,849,964,1026,1135,1185,1302,1404,1481,1588,1670,1695,1653,1667,1678,1675,1664,1658,1679,1657,1690,1662,1671
50,81,49,63,51,68,45,53,38,43,59,58,81,72,46,70,73,48,65,40,69,35,60,39,71,54,54,76,85,59,41,53,252,465,669,856,1057,1270,1451,1669,1859,2074,2271,2459,2669,2856,2842,2818,2839,2856
13,5,10,0,25,5,28,35,0,34,18,267,519,779,1019,1273,1524,1766,2014,2260,2527,2778,3035,3042,3041,3019,3021,3041,3023,3038,3028,3032,3017,3010,3023,3034,3029,3026,3006,3018,3039,3014,3033,3035,3019,3025,3031,3034,3036,2999
35,13,33,20,40,7,4,0,12,16,34,30,26,32,6,14,11,10,25,16,4,28,2,0,210,417,624,824,1041,1236,1454,1633,1851,2054,2270,2472,2671,2871,3081,3263,3452,3680,3723,3673,3699,3693,3677,3701,3691,3687
2522,2561,2517,2551,2568,2534,2512,2550,2551,2548,2511,2529,2526,2538,2539,2542,2555,2550,2520,2524,2539,2526,2522,2515,2550,2527,2533,2544,2552,2527,2523,2547,2523,2536,2539,2518,2529,2537,2512,2507,2551,2542,2501,2554,2534,2548,2537,2509,2523,2538
0,1,2,3,14,1,6,18,21,4,29,1,10,14,15,0,25,12,12,0,1,16,0,0,28,26,11,17,14,8,5,290,555,814,1066,1327,1585,1870,2145,2403,2656,2947,3211,3489,3745,3723,3715,3748,3752,3730
32,33,48,52,25,18,13,60,32,20,0,19,27,39,32,0,48,22,29,248,453,666,874,1080,1276,1503,1691,1906,2099,2317,2512,2720,2729,2700,2742,2707,2721,2736,2722,2723,2735,2738,2729,2715,2729,2744,2741,2737,2711,2721
14,2,13,17,33,18,43,71,126,152,220,284,359,462,514,628,714,818,893,1009,1118,1226,1336,1472,1576,1716,1842,1957,2089,2226,2386,2520,2663,2822,2943,3122,3285,3426,3432,3436,3428,3426,3425,3428,3419,3444,3431,3424,3413,3450
40,38,40,46,55,46,45,52,44,50,39,49,47,57,41,39,51,38,52,43,42,57,45,34,47,43,52,50,56,51,36,41,40,38,44,46,49,45,41,35,49,41,48,46,45,50,43,35,52,39
3755,3773,3771,3807,3798,3783,3784,3784,3786,3749,3779,3776,3761,3782,3776,3797,3773,3785,3766,3771,3769,3783,3783,3790,3769,3777,3769,3777,3767,3758,3774,3786,3757,3768,3744,3782,3758,3788,3738,3776,3773,3768,3768,3779,3771,3786,3750,3771,3800,3756
3227,3222,3229,3249,3228,3239,3233,3227,3240,3231,3230,3247,3273,3234,3234,3233,3230,3227,3217,3237,3232,3226,3234,3226,3209,3243,3212,3235,3239,3206,3225,3228,3260,3242,3247,3216,3221,3238,3234,3200,3218,3204,3228,3260,3228,3228,3204,3245,3217,3243
78,32,60,64,49,43,37,41,43,59,46,59,57,60,55,45,68,37,35,58,65,47,65,34,55,46,53,71,45,69,214,402,570,735,928,1125,1292,1468,1644,1845,2003,2168,2347,2532,2713,2875,2894,2875,2894,2889
45,52,47,47,68,58,62,53,79,42,40,57,63,64,81,54,51,57,34,61,28,38,39,61,58,69,55,51,59,47,33,51,39,48,66,59,71,139,194,307,405,494,625,758,903,1026,1182,1347,1528,1650
3160,3214,3190,3161,3162,3176,3177,3147,3194,3185,3220,3181,3206,3185,3224,3201,3208,3167,3204,3189,3182,3202,3216,3149,3199,3191,3199,3187,3179,3199,3166,3173,3164,3198,3189,3183,3175,3190,3175,3152,3189,3170,3216,3195,3166,3171,3189,3172,3173,3200
54,25,13,11,18,25,17,22,30,30,4,30,0,40,62,68,105,149,219,279,357,416,513,582,673,786,869,961,1055,1166,1267,1349,1490,1633,1726,1880,1988,2121,2271,2377,2511,2661,2794,2943,3086,3089,3086,3097,3121,3113
39,28,60,43,12,47,36,21,59,176,318,453,594,738,868,994,1148,1289,1406,1585,1714,1838,1969,2127,2238,2406,2531,2670,2819,2927,3107,3079,3094,3090,3068,3104,3085,3082,3079,3091,3070,3099,3079,3089,3052,3105,3077,3096,3094,3079
36,48,82,49,51,49,54,45,69,44,80,63,61,67,57,65,39,83,66,72,46,49,39,69,55,73,49,60,67,52,254,425,608,768,983,1131,1343,1519,1707,1890,2084,2260,2456,2635,2805,2997,3162,3342,3532,3720
12,32,15,24,19,15,5,20,27,13,8,15,2,19,11,12,21,2,6,35,0,5,0,14,7,34,6,15,5,0,7,48,83,109,137,188,225,275,335,398,413,496,576,609,694,792,852,917,959,1069
22,31,30,30,50,23,46,36,41,30,37,35,37,31,35,39,26,44,76,105,147,208,270,318,395,462,552,604,705,774,853,955,1047,1155,1251,1359,1467,1559,1665,1774,1887,1905,1885,1892,1905,1883,1905,1888,1913,1881
3261,3233,3250,3232,3242,3216,3233,3240,3259,3237,3236,3244,3250,3259,3264,3229,3220,3242,3247,3247,3244,3222,3243,3239,3237,3227,3232,3226,3251,3274,3259,3262,3255,3290,3254,3266,3245,3239,3256,3259,3251,3238,3239,3272,3263,3229,3237,3244,3223,3234
6,4,11,3,0,2,25,21,10,5,11,11,50,11,20,0,0,17,1,5,3,14,43,0,0,1,157,312,480,639,775,939,1076,1271,1390,1575,1692,1857,2024,2152,2328,2305,2330,2294,2297,2325,2306,2308,2322,2300
15,37,14,35,28,29,18,45,48,5,16,39,29,22,27,4,39,30,8,31,9,14,29,35,11,6,37,212,348,512,648,803,981,1124,1300,1411,1587,1753,1924,2076,2207,2402,2534,2523,2541,2530,2569,2515,2544,2561
20,14,11,0,30,0,4,28,5,27,35,26,0,16,3,19,6,10,14,14,19,26,8,27,178,345,545,697,890,1030,1230,1412,1581,1746,1921,2104,2297,2446,2627,2798,2967,3138,3306,3481,3644,3638,3658,3649,3662,3659
2048,2045,2048,2011,2027,2038,2059,2048,2057,2022,2051,2044,2032,2039,2020,2067,2065,2046,2033,2086,2056,2100,2034,2021,2008,2053,2042,2072,2024,2034,2031,2048,2047,2053,2064,2054,2045,2006,2014,2036,2032,2031,2050,2046,2050,2050,2070,2051,2054,2021
3,0,7,15,59,25,29,25,22,16,6,0,20,22,13,14,21,11,27,0,14,8,34,23,17,27,51,84,148,153,225,268,321,386,442,516,607,645,740,828,915,992,1069,1175,1280,1349,1463,1561,1678,1767
3770,3779,3791,3751,3764,3781,3782,3771,3788,3773,3731,3749,3760,3761,3780,3759,3792,3747,3774,3777,3772,3753,3783,3778,3775,3777,3777,3760,3737,3765,3776,3769,3807,3775,3780,3750,3754,3752,3770,3780,3754,3802,3791,3788,3765,3797,3745,3781,3755,3766
6,37,46,38,25,37,37,20,36,46,36,40,43,29,39,23,14,49,44,39,30,14,36,21,34,33,26,31,28,32,33,49,71,106,199,292,378,483,596,737,851,1007,1152,1315,1473,1641,1792,1988,2200,2377
29,29,28,36,27,38,29,26,31,34,25,21,35,38,33,25,29,22,36,31,32,30,30,31,29,37,21,24,27,28,36,21,33,29,35,32,29,24,32,27,29,34,38,20,34,37,29,23,32,28
3053,3070,3057,3053,3052,3094,3069,3075,3071,3063,3063,3064,3063,3074,3058,3072,3106,3079,3056,3049,3060,3066,3069,3027,3065,3089,3078,3070,3051,3070,3077,3051,3089,3072,3060,3058,3072,3085,3068,3085,3055,3066,3040,3060,3089,3052,3049,3077,3085,3073
6,9,17,23,27,3,11,0,41,70,124,161,222,302,357,431,518,609,721,823,925,1014,1141,1270,1387,1480,1607,1743,1872,2004,2152,2265,2443,2575,2735,2862,3021,3188,3353,3510,3682,3844,4015,4016,4017,4038,3994,4034,4001,4008
10,0,24,9,18,38,29,34,95,138,180,276,349,445,539,631,720,832,970,1076,1190,1342,1437,1572,1695,1871,2025,2143,2320,2489,2642,2791,2967,3164,3312,3484,3677,3856,4050,4053,4086,4052,4061,4075,4077,4095,4071,4073,4070,4070
22,31,0,19,32,3,25,0,22,3,22,36,29,18,16,12,0,17,44,269,494,715,976,1240,1469,1697,1944,2195,2436,2685,2686,2671,2661,2666,2668,2690,2686,2697,2651,2675,2676,2667,2660,2668,2678,2660,2687,2692,2666,2674
39,39,76,59,41,70,61,57,50,34,54,59,49,70,45,66,56,45,68,56,55,53,43,29,52,40,70,60,63,54,183,303,436,574,691,814,941,1067,1209,1301,1436,1569,1700,1840,1953,1957,1959,1942,1953,1953
58,63,71,50,66,55,186,336,480,613,788,918,1057,1199,1357,1486,1633,1790,1922,2052,2209,2216,2206,2183,2204,2192,2196,2201,2205,2216,2210,2221,2211,2206,2204,2210,2210,2179,2218,2210,2184,2207,2212,2195,2204,2205,2222,2187,2217,2209
39,19,37,35,49,30,40,31,33,32,31,47,34,44,31,31,63,34,25,49,25,43,38,25,42,20,34,45,251,428,631,839,1018,1218,1414,1608,1780,1983,2169,2371,2571,2761,2986,3152,3333,3542,3756,3760,3754,3757
62,52,58,48,43,42,44,39,29,51,61,37,24,29,44,21,49,62,44,35,53,53,37,53,41,19,41,39,33,49,39,48,50,43,204,352,505,658,794,961,1119,1257,1429,1585,1577,1587,1563,1579,1577,1566
2749,2762,2745,2756,2803,2766,2740,2769,2752,2743,2744,2782,2773,2735,2755,2763,2752,2772,2774,2744,2759,2781,2759,2762,2746,2782,2762,2741,2760,2755,2739,2767,2762,2746,2762,2743,2731,2764,2750,2737,2724,2720,2737,2759,2765,2750,2777,2750,2767,2759
33,36,42,6,40,34,37,36,20,32,25,23,36,26,55,31,21,44,20,18,38,21,41,21,27,26,19,22,271,499,715,927,1167,1368,1583,1836,2040,2257,2485,2495,2510,2492,2498,2465,2476,2504,2501,2485,2512,2511
50,48,44,40,73,55,56,27,68,45,49,39,46,73,70,51,51,65,65,59,54,41,26,47,81,47,76,100,132,184,232,274,327,387,470,526,609,687,755,842,946,1032,1116,1219,1330,1411,1513,1627,1733,1855
1532,1511,1542,1532,1511,1518,1505,1524,1495,1526,1533,1542,1539,1515,1524,1530,1550,1529,1515,1497,1525,1510,1540,1534,1506,1527,1513,1536,1530,1531,1518,1541,1514,1533,1526,1539,1534,1525,1545,1534,1528,1529,1520,1522,1525,1508,1519,1537,1533,1531
11,0,12,0,28,8,20,19,19,13,11,25,0,62,115,192,298,452,560,700,851,1025,1180,1378,1591,1783,1996,2186,2407,2653,2878,3124,3374,3668,3913,3905,3918,3897,3927,3907,3904,3903,3923,3901,3918,3897,3914,3909,3919,3911
3157,3180,3162,3142,3152,3149,3142,3137,3156,3149,3132,3168,3153,3155,3176,3148,3167,3150,3157,3168,3135,3144,3166,3143,3168,3157,3121,3104,3146,3152,3148,3131,3147,3169,3176,3166,3133,3140,3144,3169,3167,3152,3162,3138,3158,3136,3139,3139,3153,3151
27,22,17,18,27,27,31,43,25,17,8,3,29,32,5,20,28,29,9,23,31,16,17,14,17,11,5,21,46,69,123,127,179,215,274,292,384,419,474,523,604,651,712,793,862,923,1002,1066,1138,1213
2912,2913,2918,2934,2871,2920,2893,2905,2915,2905,2925,2914,2922,2904,2908,2927,2934,2960,2919,2896,2938,2925,2909,2908,2946,2910,2954,2906,2923,2959,2911,2922,2931,2898,2912,2942,2917,2932,2912,2916,2947,2949,2930,2913,2949,2904,2933,2907,2929,2926
38,17,45,40,24,35,55,34,57,49,61,70,51,76,93,135,182,226,272,334,409,506,582,652,752,836,938,1000,1123,1228,1355,1432,1563,1659,1788,1907,2005,2158,2273,2285,2291,2263,2298,2281,2289,2283,2262,2267,2290,2277
34,51,37,32,43,41,56,66,50,44,48,79,145,193,244,320,434,504,608,709,839,944,1073,1222,1313,1471,1635,1782,1925,2071,2240,2416,2575,2749,2949,2948,2925,2931,2940,2951,2922,2939,2955,2933,2938,2929,2946,2929,2936,2939
28,8,20,29,21,32,33,20,13,27,216,402,605,783,1001,1179,1381,1558,1749,1933,2129,2326,2523,2711,2910,3095,3266,3488,3678,3848,3883,3868,3889,3863,3872,3864,3865,3876,3849,3859,3859,3863,3865,3857,3850,3862,3861,3863,3867,3872
14,8,35,9,0,25,10,8,26,16,1,10,18,0,5,14,5,16,1,27,1,19,37,84,136,175,269,346,399,490,615,688,795,918,1028,1151,1240,1389,1531,1645,1796,1941,2090,2227,2381,2538,2700,2866,3014,3198
30,36,37,37,37,34,36,42,29,45,41,30,38,41,28,36,35,32,36,32,44,32,40,26,35,36,34,33,31,40,41,35,29,46,30,27,23,36,34,42,39,37,34,42,47,42,33,40,33,29
32,38,33,54,24,48,49,34,40,46,48,68,39,40,50,32,159,299,437,534,641,792,880,1035,1146,1282,1421,1519,1643,1783,1911,2031,2146,2279,2391,2508,2611,2653,2664,2648,2634,2636,2647,2636,2666,2643,2672,2649,2655,2648
3015,3039,3025,3021,3021,3026,3014,3028,3036,3022,3011,3014,3025,3031,3027,3021,3034,3036,3004,3034,3023,3050,3010,2999,3015,2998,3022,3009,3030,3034,3010,3017,3043,3032,3015,3020,3040,2978,3021,3015,3037,3003,3029,3005,2985,3016,3013,3010,3026,3025
1530,1544,1536,1532,1558,1583,1567,1538,1567,1523,1536,1526,1561,1553,1554,1560,1554,1550,1549,1544,1536,1567,1511,1544,1543,1571,1541,1561,1519,1545,1550,1536,1549,1551,1540,1547,1536,1540,1550,1551,1534,1548,1559,1564,1547,1544,1567,1545,1537,1521
2217,2223,2207,2233,2216,2205,2198,2208,2229,2208,2209,2222,2208,2233,2215,2236,2206,2226,2236,2239,2213,2223,2230,2217,2221,2211,2211,2194,2214,2219,2225,2231,2231,2227,2227,2208,2220,2222,2192,2213,2197,2235,2210,2254,2231,2220,2193,2209,2218,2202
3782,3787,3780,3771,3760,3765,3787,3782,3794,3781,3770,3794,3794,3778,3792,3785,3768,3766,3785,3776,3772,3755,3782,3760,3767,3795,3783,3777,3752,3822,3725,3816,3765,3776,3782,3771,3787,3783,3797,3780,3790,3764,3764,3794,3778,3779,3765,3799,3796,3784
17,10,0,0,12,23,9,0,24,38,15,72,109,152,237,311,379,478,557,660,751,879,971,1079,1224,1327,1448,1577,1728,1865,1978,2136,2260,2420,2575,2712,2879,3052,3227,3361,3562,3551,3534,3559,3532,3567,3538,3552,3541,3565
18,14,26,20,22,22,34,168,288,421,547,671,803,936,1056,1184,1343,1449,1566,1711,1840,1980,2098,2260,2358,2504,2636,2773,2877,2897,2901,2887,2879,2875,2882,2889,2889,2882,2901,2868,2884,2904,2879,2882,2886,2874,2881,2888,2888,2880
46,61,51,73,62,39,58,41,47,42,57,64,39,44,40,57,43,59,3,41,64,28,50,44,46,33,58,32,54,247,431,667,907,1094,1307,1493,1709,1903,2128,2330,2567,2748,2959,3167,3383,3586,3588,3594,3599,3599
3220,3214,3226,3225,3207,3234,3227,3216,3243,3213,3216,3230,3237,3228,3223,3203,3202,3201,3207,3242,3207,3224,3238,3229,3217,3239,3209,3233,3232,3241,3245,3245,3219,3225,3221,3228,3253,3203,3226,3218,3249,3215,3247,3240,3244,3204,3234,3237,3220,3233
1486,1498,1542,1498,1468,1522,1517,1477,1494,1510,1484,1507,1511,1486,1538,1505,1488,1495,1504,1517,1496,1526,1512,1473,1513,1514,1506,1503,1499,1502,1502,1495,1471,1525,1518,1509,1529,1508,1498,1483,1477,1457,1479,1520,1471,1511,1505,1502,1505,1495
1834,1860,1861,1871,1877,1857,1843,1858,1866,1860,1846,1836,1864,1857,1857,1874,1848,1839,1864,1850,1857,1838,1864,1878,1849,1856,1869,1837,1864,1838,1827,1854,1843,1831,1870,1854,1845,1861,1886,1836,1852,1889,1843,1854,1868,1849,1852,1836,1834,1858
35,41,36,43,55,37,56,58,29,49,23,49,26,66,16,33,48,42,63,56,35,58,59,65,92,141,216,262,374,438,512,615,689,798,905,1023,1118,1227,1381,1514,1632,1768,1913,2063,2204,2347,2349,2345,2355,2324
3129,3114,3113,3108,3119,3125,3112,3161,3123,3148,3121,3132,3153,3145,3127,3123,3139,3134,3115,3106,3119,3131,3129,3148,3127,3126,3130,3156,3123,3124,3141,3138,3140,3140,3173,3133,3139,3124,3139,3131,3141,3148,3119,3124,3119,3126,3111,3160,3114,3148
51,31,37,54,0,5,39,34,21,28,42,59,139,162,230,267,368,421,508,603,688,779,858,979,1083,1185,1290,1411,1513,1656,1757,1891,2010,2151,2279,2282,2299,2291,2281,2286,2310,2295,2313,2287,2292,2293,2308,2287,2288,2278
29,63,55,49,44,44,61,34,56,54,55,51,61,56,37,48,51,56,70,58,38,52,72,89,122,132,204,237,279,340,377,455,508,562,642,725,791,853,919,1035,1100,1189,1290,1384,1454,1545,1541,1565,1559,1546
3325,3313,3341,3323,3308,3343,3335,3331,3287,3342,3342,3314,3337,3344,3352,3280,3321,3363,3306,3326,3297,3306,3323,3305,3348,3330,3334,3310,3287,3307,3325,3325,3298,3323,3338,3339,3338,3332,3320,3304,3340,3328,3326,3327,3334,3329,3310,3364,3315,3323
35,49,51,47,56,38,22,34,39,39,36,44,34,29,39,38,29,44,90,125,174,243,288,359,439,525,586,690,765,852,946,1044,1146,1237,1352,1489,1592,1724,1810,1956,2084,2214,2240,2216,2226,2226,2186,2221,2226,2204
48,50,52,14,41,55,57,29,63,31,48,41,40,40,49,50,16,228,423,631,817,1014,1193,1382,1574,1790,1981,2182,2308,2569,2727,2728,2739,2734,2725,2727,2728,2727,2729,2728,2735,2752,2712,2737,2732,2722,2737,2734,2724,2732
62,51,36,55,42,65,54,15,38,39,45,357,631,931,1217,1496,1813,2117,2400,2685,2973,3293,3572,3579,3556,3591,3573,3556,3576,3572,3587,3550,3568,3563,3540,3559,3572,3573,3540,3571,3564,3587,3564,3555,3559,3558,3569,3592,3587,3597
32,22,9,11,15,13,0,21,31,5,5,21,16,15,25,0,22,23,7,19,7,11,30,13,32,18,25,19,25,2,34,20,28,0,109,207,330,402,520,594,718,815,902,1008,1095,1178,1286,1379,1507,1596
2696,2692,2703,2697,2696,2705,2689,2676,2673,2709,2683,2700,2688,2688,2694,2685,2690,2692,2702,2688,2704,2703,2692,2694,2693,2697,2720,2697,2690,2694,2692,2695,2687,2709,2679,2694,2699,2670,2689,2668,2683,2692,2699,2691,2747,2677,2685,2680,2694,2683
3695,3713,3709,3714,3714,3710,3722,3718,3712,3710,3722,3709,3720,3713,3725,3707,3698,3712,3725,3683,3709,3721,3712,3718,3668,3686,3683,3719,3716,3720,3723,3696,3735,3694,3722,3710,3716,3711,3703,3726,3720,3685,3718,3740,3710,3729,3700,3709,3743,3704
48,76,30,72,78,59,56,65,53,196,331,454,545,716,832,961,1100,1217,1348,1451,1603,1736,1867,1846,1854,1867,1848,1864,1848,1859,1850,1870,1864,1862,1873,1858,1861,1873,1838,1857,1853,1866,1874,1870,1868,1875,1866,1871,1857,1882
64,65,69,73,68,66,57,56,51,59,73,40,51,43,38,56,54,56,39,56,67,41,46,35,68,49,85,56,89,125,188,262,350,432,545,658,773,874,1028,1153,1295,1446,1594,1737,1911,2084,2226,2418,2588,2765
35,7,3,26,45,31,35,39,14,37,9,28,17,21,10,25,41,15,16,16,37,15,29,26,45,40,30,196,341,515,651,821,995,1126,1308,1448,1631,1624,1636,1629,1628,1634,1631,1649,1629,1633,1618,1615,1640,1612
0,1,4,8,0,0,8,3,5,10,1,13,10,0,2,8,8,0,9,14,263,464,694,929,1185,1391,1628,1873,2104,2326,2356,2333,2321,2314,2338,2338,2335,2315,2336,2330,2330,2342,2336,2328,2325,2333,2367,2347,2343,2344
28,20,22,25,25,13,21,23,20,13,24,7,28,21,17,28,10,19,36,25,26,11,21,19,17,26,29,23,25,16,16,24,28,17,22,34,11,14,6,14,24,17,20,23,20,22,25,19,25,23
3345,3348,3363,3361,3378,3333,3338,3360,3349,3378,3369,3347,3362,3353,3366,3395,3354,3364,3347,3352,3353,3342,3362,3333,3347,3359,3335,3329,3365,3345,3336,3363,3351,3356,3394,3382,3379,3337,3362,3365,3349,3334,3363,3340,3377,3330,3361,3364,3356,3348
36,50,52,57,42,44,33,47,42,17,35,47,49,49,43,23,39,55,58,12,53,23,41,191,389,546,687,854,1010,1188,1357,1537,1684,1825,2000,2192,2333,2497,2669,2829,2843,2809,2834,2833,2818,2833,2812,2812,2815,2824
20,8,8,20,3,27,14,16,31,36,19,19,49,22,27,29,18,17,37,0,30,0,19,19,24,6,4,10,19,38,19,29,31,12,11,33,389,762,1119,1481,1835,2215,2572,2916,3278,3669,3658,3677,3676,3661
24,61,69,40,43,55,57,54,42,44,52,45,66,48,223,378,500,710,862,1024,1185,1327,1486,1671,1831,1983,2154,2336,2460,2633,2801,2960,3107,3287,3304,3269,3282,3281,3257,3291,3285,3280,3255,3286,3276,3285,3276,3261,3282,3286
