36,24,41,11,23,22,26,48,7,35,3,1060,1683,2242,2754,3233,3649,3640,3664,3658,3650,3661,3643,3647,3642,3644,3646,3657,3649,3643,3669,3650,3639,3657,3640,3654,3670,3661,3680,3666,3629,3661,3640,3654,3652,3636,3653,3662,3650,3646
35,36,38,52,46,56,38,42,32,36,56,39,31,30,59,11,431,695,878,1038,1238,1397,1573,1706,1828,1970,1978,1963,1973,1968,1964,1977,1975,1965,1997,1970,1963,1974,1973,1980,1992,1973,1980,1989,1964,1973,1984,1966,1993,2000
41,39,40,58,50,47,59,43,42,53,61,59,47,23,45,47,42,52,59,49,55,50,57,67,39,30,59,51,54,866,1380,1817,2204,2581,2905,3236,3547,3871,3861,3853,3858,3860,3850,3849,3864,3877,3876,3859,3847,3879
32,25,8,17,0,17,770,1265,1676,2041,2355,2682,2994,3281,3287,3267,3279,3271,3301,3272,3288,3294,3272,3272,3283,3295,3273,3279,3281,3283,3271,3265,3293,3277,3295,3281,3286,3302,3284,3274,3298,3288,3281,3296,3300,3266,3311,3284,3300,3286
51,56,53,67,69,62,70,352,586,760,917,1053,1185,1293,1466,1587,1679,1683,1693,1675,1666,1684,1699,1685,1694,1676,1673,1697,1723,1678,1673,1720,1684,1717,1697,1682,1688,1687,1692,1704,1672,1691,1689,1667,1683,1671,1701,1695,1687,1697
43,40,22,22,36,49,31,25,39,54,39,27,14,3,28,20,13,22,32,11,10,23,32,47,24,12,43,34,39,16,957,1533,2059,2504,2935,3315,3709,4063,4063,4062,4049,4052,4051,4078,4040,4076,4057,4048,4033,4065
54,49,51,62,42,11,56,52,49,56,37,76,69,82,50,44,55,64,61,47,51,69,38,50,64,49,39,70,44,47,50,48,35,63,822,1308,1723,2092,2462,2761,2764,2770,2753,2766,2766,2760,2793,2764,2769,2757
15,30,48,46,17,29,14,15,26,21,33,51,36,33,19,43,33,14,34,39,33,38,43,27,12,14,31,15,22,27,34,42,22,21,28,773,1280,1670,2062,2423,2741,2704,2711,2738,2735,2721,2735,2728,2718,2728
3,8,0,31,37,0,0,689,1104,1461,1815,2110,2398,2651,2955,3164,3407,3435,3436,3405,3423,3423,3417,3432,3418,3420,3421,3428,3430,3416,3411,3411,3430,3417,3437,3405,3424,3413,3409,3402,3416,3412,3425,3420,3427,3422,3427,3438,3425,3427
5,0,19,16,20,21,0,5,0,25,0,1010,1621,2097,2576,3024,3004,3048,3008,3024,3026,3021,3035,3024,3055,3026,3027,3049,2994,3022,3028,2998,3035,3022,3020,3036,3031,3031,3011,3017,3009,3020,3048,3040,3013,3022,3016,3034,3025,3031
44,41,59,64,45,80,40,74,53,52,43,30,1225,1953,2577,3159,3668,3651,3649,3651,3655,3659,3652,3652,3646,3657,3648,3645,3663,3635,3658,3663,3648,3658,3645,3656,3650,3671,3648,3660,3652,3656,3664,3646,3649,3683,3659,3656,3663,3668
71,52,51,77,51,53,40,46,49,47,51,35,51,56,51,45,75,39,39,56,56,43,38,57,422,619,832,1021,1161,1306,1454,1592,1734,1865,1847,1845,1863,1865,1834,1867,1877,1863,1859,1844,1875,1839,1863,1849,1846,1834
22,34,29,20,52,36,60,35,53,1172,1859,2434,2995,3490,3480,3511,3500,3484,3497,3506,3475,3496,3508,3477,3510,3505,3507,3488,3472,3482,3501,3490,3477,3496,3498,3481,3493,3476,3497,3495,3487,3491,3490,3492,3512,3475,3498,3490,3476,3487
17,9,25,23,22,29,31,21,14,26,39,28,42,28,50,6,31,26,13,36,20,38,8,14,32,2,13,38,23,29,588,959,1246,1537,1767,2024,2246,2448,2460,2464,2449,2450,2477,2474,2468,2454,2472,2441,2475,2454
44,23,3,30,29,27,22,30,948,1532,1976,2430,2827,3224,3192,3206,3227,3204,3206,3157,3211,3228,3207,3185,3208,3204,3202,3219,3218,3189,3205,3217,3200,3194,3225,3201,3229,3213,3199,3208,3220,3208,3208,3212,3208,3219,3219,3204,3219,3200
47,52,35,25,39,28,41,56,37,36,26,40,14,22,55,33,22,47,28,16,32,40,34,32,34,28,51,45,537,872,1130,1386,1627,1807,2014,2222,2401,2582,2586,2593,2603,2582,2587,2587,2587,2592,2600,2588,2581,2584
36,14,13,41,18,34,17,31,17,16,5,26,30,24,16,40,28,29,14,42,14,10,17,21,16,22,4,17,22,1039,1646,2163,2646,3096,3541,3936,3942,3928,3953,3931,3957,3957,3955,3912,3947,3963,3931,3956,3953,3915
53,51,75,63,64,33,53,49,66,60,57,44,36,40,53,46,56,62,72,62,67,56,70,74,58,64,80,30,52,48,35,31,45,53,60,54,727,1140,1492,1810,2094,2113,2099,2109,2109,2105,2085,2076,2090,2113
29,10,13,48,20,31,11,38,18,10,12,44,25,31,23,6,27,18,27,27,10,21,24,981,1600,2072,2513,2942,3347,3703,4072,4068,4085,4072,4077,4095,4072,4087,4078,4095,4092,4066,4095,4071,4087,4095,4071,4064,4083,4082
38,37,26,29,53,40,40,35,74,52,50,45,35,78,54,930,1464,1928,2383,2758,3133,3133,3120,3139,3130,3141,3140,3121,3139,3115,3127,3141,3131,3133,3102,3136,3134,3153,3124,3120,3142,3113,3129,3124,3134,3138,3141,3144,3136,3153
14,36,38,60,24,29,47,725,1162,1516,1862,2157,2427,2439,2440,2460,2433,2460,2446,2446,2443,2450,2419,2451,2473,2446,2452,2450,2420,2435,2433,2430,2426,2434,2443,2455,2440,2452,2450,2456,2453,2453,2422,2448,2437,2449,2440,2441,2424,2435
32,27,26,4,26,19,22,40,19,36,20,26,27,20,17,20,9,13,11,714,1169,1550,1889,2188,2211,2226,2215,2199,2212,2225,2190,2236,2209,2223,2195,2201,2229,2193,2207,2202,2211,2217,2213,2212,2210,2195,2203,2203,2213,2202
67,42,26,25,45,46,29,17,1,18,30,54,47,52,50,52,44,41,45,27,38,37,26,39,42,31,33,17,35,47,34,39,0,25,18,667,1045,1361,1680,1962,2233,2479,2710,2922,3143,3144,3162,3173,3165,3158
39,37,53,54,28,35,44,69,39,36,52,39,52,52,35,44,43,47,37,51,54,48,40,49,887,1418,1873,2305,2665,3026,3373,3707,4000,3996,4007,4007,4016,3996,3985,4013,4016,4016,3999,4013,3990,4014,4005,4014,4004,3980
91,49,52,71,46,70,40,48,67,43,91,51,68,48,83,61,68,51,40,60,56,64,56,53,51,76,31,514,830,1072,1293,1514,1711,1712,1711,1711,1703,1722,1723,1724,1698,1704,1691,1713,1720,1717,1718,1708,1710,1710
45,22,16,48,19,28,51,21,17,42,14,26,52,55,45,24,8,25,39,34,1215,1920,2585,3130,3665,3675,3673,3671,3654,3680,3663,3683,3682,3656,3666,3673,3660,3662,3679,3690,3641,3671,3678,3661,3641,3666,3673,3674,3668,3679
10,0,16,3,11,0,24,14,24,0,26,7,345,565,736,934,1041,1188,1316,1442,1559,1688,1700,1692,1701,1702,1700,1679,1711,1702,1674,1686,1714,1715,1693,1695,1693,1691,1680,1714,1697,1682,1702,1711,1718,1689,1696,1682,1680,1705
45,67,64,66,50,68,64,55,60,57,60,62,50,70,54,52,39,63,63,54,62,76,43,76,44,33,74,40,60,43,67,50,47,992,1585,2109,2545,2967,2980,2964,2975,2980,2962,2943,2987,2969,2990,2973,2984,2969
5,44,26,48,17,30,21,25,10,15,17,44,598,955,1258,1526,1799,2054,2255,2269,2287,2270,2257,2272,2275,2281,2283,2284,2273,2279,2289,2286,2271,2268,2274,2272,2286,2276,2308,2276,2281,2276,2282,2262,2281,2261,2266,2241,2273,2269
2,21,20,11,2,17,23,23,16,492,800,1070,1293,1537,1719,1887,2085,2077,2097,2117,2087,2094,2091,2120,2095,2108,2099,2108,2119,2092,2109,2101,2083,2112,2107,2111,2100,2122,2092,2101,2086,2105,2097,2101,2097,2101,2113,2105,2121,2115
8,20,33,40,31,47,12,39,33,17,42,26,31,406,630,838,1043,1195,1352,1512,1646,1647,1649,1654,1666,1629,1656,1667,1643,1642,1658,1671,1649,1662,1645,1640,1659,1663,1648,1641,1663,1647,1651,1662,1669,1669,1641,1656,1656,1641
66,39,34,29,53,50,35,70,790,1279,1680,2012,2353,2671,2978,3251,3542,3784,3796,3801,3822,3809,3796,3796,3782,3807,3821,3808,3805,3832,3814,3803,3769,3804,3803,3808,3818,3809,3811,3831,3798,3796,3810,3801,3800,3805,3807,3804,3807,3786
51,46,49,44,36,56,14,58,61,48,51,58,44,46,43,62,39,53,52,73,68,59,38,63,63,52,40,36,38,54,34,58,55,71,52,588,960,1233,1520,1752,2003,2227,2244,2212,2210,2204,2217,2226,2212,2228
47,72,26,49,10,43,54,51,26,55,40,45,39,49,22,30,45,51,37,55,56,39,44,43,60,48,6,43,46,59,41,423,638,842,1014,1197,1339,1476,1647,1752,1919,1875,1894,1885,1892,1900,1907,1885,1901,1906
19,35,3,5,1,21,21,23,11,24,4,8,25,0,22,17,28,13,23,8,9,46,0,0,32,37,40,25,18,23,18,493,818,1044,1249,1482,1668,1849,2029,2223,2191,2210,2205,2236,2211,2206,2205,2232,2207,2213
47,59,58,67,37,51,49,53,23,56,59,63,67,100,70,53,68,35,63,59,59,59,65,54,71,35,62,59,72,88,40,83,668,1041,1358,1648,1910,2163,2405,2406,2405,2411,2418,2384,2406,2421,2395,2412,2405,2414
21,24,28,13,30,37,25,622,970,1312,1582,1831,2074,2316,2547,2745,2953,2964,2959,2978,2952,2952,2956,2965,2965,2964,2959,2989,2946,2952,2964,2959,2960,2952,2942,2958,2923,2938,2959,2968,2976,2940,2960,2962,2959,2963,2956,2976,2966,2948
14,34,33,24,41,16,38,50,24,25,36,38,25,30,43,11,28,24,23,34,38,18,36,31,34,22,44,13,56,13,24,19,33,37,27,459,740,963,1158,1345,1536,1523,1536,1537,1546,1515,1540,1541,1543,1539
37,39,58,34,52,24,42,63,14,1120,1787,2374,2891,3371,3352,3343,3347,3366,3370,3371,3377,3367,3374,3362,3372,3371,3359,3356,3377,3378,3377,3376,3378,3375,3377,3374,3368,3373,3375,3367,3378,3368,3378,3382,3365,3388,3388,3369,3364,3385
60,65,59,43,57,46,48,56,44,71,44,69,51,57,62,54,44,24,39,60,41,91,40,36,32,58,67,40,63,71,43,51,788,1220,1599,1972,2291,2583,2594,2572,2595,2577,2595,2610,2596,2568,2583,2585,2592,2587
48,58,29,49,21,45,33,48,38,61,47,55,20,34,30,55,34,55,46,29,48,47,44,23,35,959,1521,1980,2445,2867,3210,3222,3206,3224,3243,3215,3226,3236,3231,3218,3237,3229,3236,3222,3233,3217,3227,3229,3247,3242
19,29,46,37,21,26,25,2,23,38,37,32,18,29,17,25,14,35,31,34,33,29,27,21,22,21,50,38,35,434,665,893,1074,1250,1410,1587,1745,1747,1749,1739,1727,1739,1754,1744,1753,1726,1744,1761,1738,1736
61,43,55,60,33,37,50,55,41,43,39,50,41,40,49,41,52,69,60,35,43,75,54,49,761,1231,1612,1973,2280,2582,2866,3158,3140,3144,3152,3136,3135,3134,3145,3147,3145,3144,3143,3135,3135,3160,3162,3147,3147,3140
32,23,57,59,31,32,8,31,41,45,12,52,44,32,32,586,911,1232,1495,1735,1956,2172,2179,2151,2190,2178,2178,2191,2166,2199,2174,2203,2197,2210,2190,2160,2200,2203,2176,2181,2197,2183,2184,2173,2185,2213,2188,2200,2203,2202
26,23,48,33,38,32,42,10,31,35,19,29,16,33,2,28,29,26,18,26,18,24,58,32,31,23,21,18,16,25,13,1,13,28,31,393,667,864,1032,1199,1387,1514,1680,1792,1808,1794,1826,1786,1790,1806
22,7,34,7,37,29,12,19,26,18,18,10,41,25,14,35,18,0,694,1121,1496,1804,2125,2121,2116,2120,2137,2152,2135,2114,2127,2138,2123,2137,2143,2132,2118,2117,2127,2141,2130,2141,2142,2136,2114,2118,2138,2131,2152,2146
49,22,53,38,59,49,46,56,39,37,26,40,52,38,52,57,48,45,47,46,36,57,52,48,44,46,56,73,45,83,782,1248,1638,2020,2348,2653,2956,3258,3269,3238,3282,3244,3242,3275,3265,3241,3258,3261,3277,3258
3,0,13,22,12,0,27,13,38,10,11,28,3,13,28,8,2,0,10,1,0,19,3,11,15,11,6,12,12,20,20,0,17,9,10,475,769,1032,1240,1461,1652,1643,1660,1658,1651,1651,1648,1638,1630,1646
3,16,33,18,0,23,0,28,14,12,10,4,11,6,5,13,0,14,0,6,6,10,0,14,519,864,1113,1368,1583,1822,2017,2222,2401,2389,2404,2395,2411,2415,2402,2394,2395,2387,2403,2410,2404,2440,2399,2386,2417,2386
41,19,15,22,5,10,17,15,0,0,869,1381,1844,2202,2597,2938,2945,2945,2951,2923,2944,2935,2958,2927,2951,2938,2922,2955,2945,2957,2959,2940,2957,2966,2958,2948,2939,2962,2952,2930,2957,2949,2938,2952,2958,2940,2951,2929,2952,2926
62,59,60,46,69,49,51,24,66,20,47,62,23,43,40,62,35,49,56,48,51,966,1514,2022,2437,2887,2869,2850,2858,2833,2861,2864,2860,2835,2826,2845,2870,2863,2833,2848,2830,2831,2839,2844,2836,2818,2858,2849,2871,2852
38,37,31,42,13,29,42,50,28,45,33,42,46,22,32,30,12,34,1103,1745,2300,2810,3285,3274,3288,3280,3289,3297,3289,3278,3264,3297,3293,3282,3302,3277,3275,3272,3298,3300,3290,3282,3283,3281,3280,3302,3297,3288,3267,3298
48,52,41,54,51,37,46,41,37,60,51,49,49,47,51,61,57,62,47,56,38,56,55,70,62,33,49,53,55,1309,2076,2735,3332,3888,3888,3880,3874,3888,3895,3872,3874,3887,3894,3879,3909,3885,3887,3890,3886,3871
64,53,43,40,12,45,37,46,682,1052,1399,1699,1981,2247,2493,2706,2728,2734,2743,2730,2737,2731,2749,2759,2722,2714,2738,2720,2737,2724,2742,2724,2735,2732,2712,2736,2741,2754,2730,2725,2719,2724,2731,2736,2731,2725,2733,2712,2713,2763
22,14,9,17,22,25,0,5,13,29,0,17,22,6,9,15,21,13,18,15,12,6,3,0,36,12,17,782,1254,1654,2017,2369,2666,2999,3288,3265,3300,3279,3257,3290,3279,3270,3277,3288,3293,3289,3300,3268,3288,3301
41,54,49,39,34,26,62,34,27,45,46,21,47,34,32,42,974,1552,2069,2512,2941,3327,3321,3308,3333,3312,3314,3301,3317,3316,3328,3324,3315,3329,3329,3324,3317,3338,3302,3307,3295,3327,3323,3335,3316,3315,3309,3303,3317,3326
41,54,39,53,31,15,46,905,1435,1888,2286,2667,3023,3374,3675,3982,4000,3997,3989,3992,3980,4027,4010,3999,4025,3987,3987,3978,4019,3995,3989,4018,4012,4012,3994,4003,4004,3980,3996,4005,3989,4008,4002,4025,4000,4004,3992,4003,3991,4000
12,8,4,11,14,6,11,23,21,6,29,29,18,788,1279,1680,2067,2411,2740,2742,2723,2731,2733,2731,2716,2717,2724,2705,2741,2727,2744,2711,2715,2723,2724,2716,2748,2721,2726,2738,2732,2742,2739,2724,2730,2731,2732,2713,2751,2711
43,44,27,49,17,35,52,48,35,32,18,32,25,47,29,41,41,25,18,43,18,41,54,31,30,29,31,24,47,44,34,28,718,1100,1472,1780,2082,2090,2072,2098,2086,2098,2082,2097,2084,2091,2087,2083,2074,2084
18,15,36,32,26,18,29,20,36,9,40,21,27,55,43,21,32,28,22,39,44,26,11,13,3,12,1048,1714,2265,2778,3215,3661,4072,4093,4044,4064,4084,4047,4072,4061,4062,4069,4061,4072,4078,4073,4062,4065,4072,4067
22,27,0,19,20,7,17,0,14,21,19,0,5,10,16,19,14,7,18,18,10,16,14,25,8,5,19,0,9,0,3,26,33,8,15,23,894,1490,1969,2393,2812,3191,3548,3892,3889,3865,3892,3886,3876,3908
49,65,67,64,68,63,57,47,76,66,62,737,1170,1507,1818,2131,2413,2683,2956,3191,3192,3192,3198,3193,3184,3190,3197,3195,3212,3184,3206,3183,3218,3196,3211,3183,3193,3204,3192,3191,3221,3216,3214,3192,3199,3192,3191,3178,3196,3187
52,60,58,75,68,55,44,72,52,70,47,65,71,1015,1619,2107,2567,2984,3373,3383,3380,3376,3382,3372,3388,3395,3400,3383,3385,3385,3392,3373,3388,3377,3394,3416,3384,3370,3393,3381,3390,3375,3378,3376,3380,3380,3358,3402,3371,3381
30,14,33,34,17,37,24,24,20,40,39,20,30,28,32,48,30,21,22,17,36,37,21,17,18,15,40,53,25,36,481,773,1030,1246,1443,1650,1827,1995,2159,2171,2156,2157,2169,2171,2162,2180,2163,2145,2157,2167
62,58,82,71,50,41,22,52,704,1099,1443,1752,2041,2292,2560,2801,3041,3050,3026,3050,3056,3068,3053,3057,3056,3044,3051,3045,3057,3066,3054,3052,3052,3046,3051,3074,3060,3044,3078,3061,3033,3055,3035,3058,3059,3050,3059,3071,3061,3077
30,9,28,31,7,3,24,21,3,20,636,1036,1355,1631,1902,2152,2150,2152,2144,2173,2182,2162,2164,2158,2169,2169,2157,2164,2185,2166,2175,2161,2169,2154,2175,2152,2159,2166,2155,2173,2145,2173,2162,2175,2161,2174,2160,2163,2160,2159
53,38,55,64,62,46,59,26,43,40,46,54,53,68,73,73,24,66,37,63,83,66,40,54,39,45,451,700,938,1079,1277,1442,1600,1763,1913,1899,1892,1898,1907,1900,1909,1916,1906,1897,1911,1924,1899,1926,1904,1917
53,61,35,42,57,48,53,45,47,58,39,36,55,34,56,35,1198,1891,2526,3060,3578,4069,4075,4036,4053,4063,4058,4063,4046,4058,4053,4057,4036,4025,4067,4069,4054,4063,4065,4045,4051,4052,4058,4047,4042,4044,4043,4042,4078,4054
0,9,3,0,8,1,10,0,15,9,0,0,0,0,10,17,0,5,12,0,27,608,986,1342,1614,1888,2127,2388,2638,2637,2617,2627,2614,2627,2623,2612,2605,2626,2622,2645,2645,2634,2615,2616,2623,2642,2637,2611,2589,2644
39,43,49,43,17,0,64,34,19,40,30,38,39,38,59,25,22,33,52,39,19,44,17,32,20,33,28,7,30,39,370,570,730,899,1033,1161,1288,1423,1544,1558,1561,1545,1553,1549,1559,1544,1564,1565,1565,1543
13,40,9,25,18,30,28,40,24,29,28,31,1,26,18,14,17,13,28,11,21,13,1076,1715,2299,2792,3255,3219,3231,3254,3245,3251,3247,3244,3254,3237,3252,3281,3249,3265,3257,3238,3245,3253,3244,3249,3254,3232,3249,3245
37,9,16,27,9,12,2,541,907,1166,1469,1667,1920,2124,2332,2526,2732,2751,2733,2732,2742,2731,2722,2737,2720,2724,2737,2710,2733,2731,2725,2733,2742,2709,2739,2744,2733,2713,2737,2709,2715,2745,2726,2704,2734,2726,2723,2734,2703,2721
16,60,46,39,24,32,40,35,36,31,34,43,30,43,12,49,36,37,45,61,54,31,32,32,21,475,771,1026,1229,1420,1632,1805,1813,1812,1804,1798,1775,1806,1788,1799,1807,1800,1792,1792,1834,1774,1824,1803,1793,1793
39,20,20,29,25,29,26,33,35,26,38,30,19,20,16,13,39,37,32,18,33,23,19,12,933,1506,1971,2393,2805,2793,2804,2802,2787,2804,2806,2832,2805,2820,2801,2808,2786,2806,2818,2798,2785,2801,2797,2808,2798,2808
17,16,11,20,9,7,30,0,3,0,25,9,27,12,7,8,27,8,5,0,2,24,44,2,18,21,17,17,21,584,947,1272,1510,1781,1790,1799,1794,1788,1790,1777,1776,1795,1778,1795,1753,1795,1801,1784,1800,1785
57,35,58,46,44,58,55,46,50,70,53,58,83,63,48,72,60,55,48,74,57,61,72,63,57,50,58,891,1354,1829,2183,2574,2875,3240,3553,3549,3530,3545,3547,3557,3548,3553,3545,3538,3564,3522,3565,3559,3553,3525
41,37,27,31,7,14,38,37,29,31,25,19,25,32,20,31,23,15,30,34,26,18,27,30,27,28,17,19,21,1269,2025,2680,3280,3831,3808,3825,3819,3823,3826,3822,3829,3833,3818,3837,3836,3814,3829,3810,3820,3827
44,72,39,30,20,62,37,46,54,47,37,34,45,35,58,74,50,32,20,41,70,67,36,24,35,50,41,53,66,47,955,1484,1970,2407,2807,3182,3541,3542,3532,3526,3536,3554,3532,3554,3520,3541,3531,3531,3525,3540
26,56,44,34,29,39,24,29,16,35,34,42,4,30,14,28,20,24,12,44,43,26,30,31,34,45,686,1130,1462,1764,2065,2348,2641,2877,3122,3131,3151,3126,3137,3117,3131,3109,3153,3133,3114,3124,3155,3154,3130,3127
36,30,50,54,24,32,30,26,54,23,48,46,29,49,50,29,43,50,31,12,65,45,23,37,814,1308,1754,2114,2459,2803,3122,3421,3703,4005,3989,3976,3967,3992,3990,4010,4007,4002,3970,3975,3995,3990,3978,3983,3988,3988
26,28,26,24,17,34,22,29,14,21,10,20,26,32,36,1221,1958,2599,3157,3695,3693,3702,3695,3671,3707,3682,3714,3682,3708,3668,3697,3719,3687,3709,3701,3691,3714,3674,3682,3694,3682,3695,3697,3691,3701,3698,3697,3694,3707,3698
79,73,46,48,58,52,65,36,93,46,76,80,81,478,702,921,1115,1298,1479,1659,1787,1928,2075,2079,2079,2041,2075,2087,2067,2074,2085,2049,2084,2067,2064,2058,2084,2090,2070,2087,2060,2072,2078,2095,2088,2051,2082,2093,2089,2074
30,34,48,45,60,25,43,835,1347,1800,2189,2559,2881,2877,2888,2884,2897,2848,2878,2895,2871,2882,2877,2891,2886,2889,2874,2883,2869,2867,2890,2887,2868,2887,2897,2886,2853,2905,2870,2890,2900,2866,2889,2908,2902,2877,2884,2875,2870,2899
53,34,45,28,37,26,52,32,21,19,43,39,615,959,1278,1518,1764,2011,2253,2463,2669,2859,2867,2843,2877,2859,2872,2869,2887,2873,2889,2859,2864,2869,2885,2868,2848,2850,2856,2841,2864,2848,2859,2865,2870,2880,2881,2846,2844,2872
23,10,19,14,4,25,6,39,4,23,4,26,7,22,8,17,38,32,26,14,0,765,1249,1644,2000,2339,2650,2951,3263,3559,3534,3521,3544,3550,3510,3529,3537,3531,3539,3532,3532,3533,3533,3531,3530,3522,3506,3522,3508,3522
20,56,41,53,41,52,43,72,67,32,53,60,40,641,1010,1349,1654,1932,2171,2407,2652,2858,2871,2865,2864,2854,2868,2832,2872,2853,2870,2857,2870,2863,2847,2874,2857,2870,2864,2868,2849,2848,2872,2845,2864,2863,2885,2866,2859,2877
47,50,42,66,52,64,41,815,1323,1765,2123,2481,2807,3109,3417,3411,3433,3414,3435,3409,3420,3429,3439,3393,3413,3413,3425,3398,3415,3423,3427,3432,3444,3434,3415,3426,3401,3408,3415,3415,3413,3399,3410,3421,3401,3415,3398,3424,3419,3408
47,37,61,61,58,75,597,919,1209,1464,1710,1943,2137,2344,2559,2758,2755,2749,2758,2740,2753,2743,2740,2740,2765,2739,2756,2741,2750,2744,2739,2732,2763,2747,2762,2751,2769,2741,2765,2740,2722,2747,2735,2760,2735,2749,2756,2764,2750,2753
26,50,33,30,33,54,37,757,1185,1543,1898,2227,2512,2761,3061,3289,3566,3555,3556,3560,3557,3554,3561,3548,3552,3564,3563,3564,3538,3561,3541,3554,3558,3558,3568,3569,3574,3567,3547,3576,3549,3571,3552,3536,3559,3573,3567,3546,3550,3569
48,38,44,31,32,25,36,38,51,34,11,46,47,30,818,1294,1689,2022,2420,2703,3038,3330,3326,3317,3331,3314,3339,3304,3318,3305,3316,3339,3307,3331,3307,3294,3322,3334,3341,3323,3337,3331,3322,3309,3308,3316,3317,3307,3312,3328
38,28,30,44,50,38,53,52,56,55,53,19,52,44,55,50,44,65,55,42,62,60,43,23,66,747,1174,1577,1879,2228,2523,2528,2506,2495,2510,2512,2496,2520,2499,2512,2517,2501,2515,2532,2523,2505,2502,2521,2490,2517
18,8,12,5,37,18,38,0,0,2,3,16,18,10,19,20,15,1043,1671,2255,2771,3205,3656,4075,4065,4070,4050,4061,4046,4057,4049,4053,4062,4053,4061,4073,4066,4062,4042,4057,4056,4065,4073,4059,4071,4070,4064,4049,4071,4046
38,42,18,40,17,36,21,0,24,23,26,12,36,44,40,35,44,22,28,50,33,45,1333,2173,2859,3506,4075,4068,4091,4092,4070,4073,4065,4060,4095,4079,4084,4076,4093,4068,4066,4060,4050,4053,4075,4069,4090,4081,4086,4095
54,48,48,36,54,52,60,872,1386,1831,2233,2618,2944,2970,2949,2958,2969,2950,2981,2971,2947,2968,2960,2973,2943,2942,2958,2954,2977,2968,2959,2968,2975,2945,2962,2954,2952,2947,2961,2961,2952,2952,2960,2951,2981,2962,2964,2962,2951,3000
40,52,58,56,63,72,30,60,70,39,54,60,54,53,51,62,59,63,80,60,43,59,58,58,77,59,53,575,884,1191,1446,1657,1654,1666,1650,1635,1662,1649,1663,1653,1634,1644,1674,1655,1667,1667,1659,1652,1651,1674
21,8,5,30,28,22,26,17,21,0,27,39,14,31,10,12,25,5,15,0,14,31,27,18,836,1359,1790,2185,2547,2559,2545,2553,2552,2542,2557,2555,2550,2543,2547,2537,2545,2546,2539,2546,2557,2565,2580,2564,2532,2574
49,57,38,44,66,62,90,36,56,68,48,46,70,50,57,45,68,53,61,51,53,56,57,537,819,1059,1278,1484,1677,1862,2044,2056,2039,2067,2053,2078,2068,2051,2046,2073,2060,2042,2063,2054,2072,2064,2035,2079,2036,2055
0,11,12,21,9,1,16,0,2,17,691,1086,1467,1769,2081,2347,2622,2885,2862,2876,2890,2881,2881,2883,2902,2866,2879,2888,2881,2899,2896,2891,2907,2929,2885,2883,2891,2909,2876,2917,2895,2887,2899,2910,2888,2891,2871,2877,2883,2897
0,15,21,30,15,19,21,8,0,18,728,1161,1543,1882,2221,2523,2494,2515,2491,2522,2508,2519,2503,2491,2521,2498,2491,2517,2503,2498,2502,2514,2496,2516,2528,2505,2513,2513,2513,2490,2522,2517,2498,2487,2532,2506,2515,2496,2510,2495
26,66,54,61,35,59,55,57,26,21,64,35,28,43,46,45,17,21,44,49,25,42,46,18,32,67,47,28,40,46,28,54,39,561,912,1208,1458,1735,1931,1947,1942,1936,1948,1942,1929,1944,1925,1957,1936,1943
0,22,4,22,11,0,0,2,4,427,703,901,1147,1307,1492,1656,1801,1987,2135,2108,2126,2140,2121,2094,2117,2146,2122,2090,2120,2105,2115,2102,2116,2124,2140,2121,2135,2147,2103,2144,2117,2129,2115,2104,2128,2125,2136,2139,2107,2128
54,47,65,53,33,53,38,45,48,62,32,26,50,45,57,57,35,62,27,52,33,46,66,37,37,50,55,873,1390,1833,2230,2598,2937,3273,3585,3891,3905,3897,3884,3913,3901,3911,3901,3899,3896,3878,3887,3895,3899,3915
34,49,48,30,53,41,38,61,48,43,26,36,40,53,358,561,761,909,1064,1184,1323,1453,1565,1580,1582,1557,1550,1567,1575,1578,1565,1560,1573,1557,1571,1556,1572,1555,1600,1585,1553,1576,1564,1577,1572,1595,1569,1578,1571,1580
22,54,26,27,58,48,29,52,41,39,46,59,49,25,799,1271,1664,2019,2368,2678,2974,3260,3547,3546,3522,3565,3527,3520,3542,3532,3540,3537,3550,3550,3555,3553,3533,3536,3550,3524,3552,3531,3534,3545,3537,3536,3540,3545,3532,3520
24,33,44,34,31,10,18,36,34,7,36,39,34,13,996,1595,2138,2594,3020,3430,3801,3787,3795,3818,3818,3824,3815,3801,3818,3840,3809,3831,3817,3803,3813,3787,3798,3805,3810,3802,3812,3807,3806,3799,3797,3793,3792,3806,3805,3814
17,27,4,25,14,14,3,44,39,7,15,12,10,19,3,13,8,23,1,7,856,1409,1866,2271,2673,3012,3355,3668,3672,3671,3699,3677,3687,3698,3672,3698,3685,3685,3686,3688,3690,3682,3666,3685,3682,3685,3674,3687,3696,3683
70,31,48,41,53,45,52,49,74,25,38,48,24,38,64,59,38,46,64,45,64,700,1080,1455,1734,2028,2301,2317,2282,2303,2305,2301,2311,2291,2308,2335,2313,2309,2302,2301,2301,2288,2313,2313,2306,2311,2289,2309,2292,2320
25,22,26,19,9,0,6,14,7,11,11,8,26,12,21,22,15,18,3,25,19,5,28,25,18,9,24,4,0,8,15,41,21,9,16,17,930,1529,2017,2427,2854,3238,3621,3957,3964,3946,3967,3981,3981,3948
35,61,30,44,27,55,56,46,53,37,15,23,48,38,46,31,56,49,33,51,45,25,62,56,32,893,1416,1865,2273,2634,2994,3349,3646,3987,3969,3967,3984,3988,3990,3962,4000,3965,3971,3980,3986,3968,4010,3983,3998,3989
36,0,20,10,13,14,18,15,16,10,15,3,39,16,6,20,30,19,16,33,17,19,9,35,3,431,702,924,1119,1315,1501,1663,1845,1840,1838,1845,1857,1815,1839,1846,1844,1845,1861,1839,1838,1861,1866,1848,1852,1836
34,55,45,61,60,46,40,37,65,24,16,99,40,48,30,43,54,36,61,42,58,39,53,18,47,51,43,52,571,865,1153,1384,1622,1825,2019,2239,2231,2214,2233,2218,2243,2224,2249,2233,2218,2220,2238,2221,2226,2229
33,44,11,33,30,31,24,56,840,1332,1751,2140,2503,2854,3168,3168,3166,3148,3156,3145,3156,3169,3148,3178,3159,3165,3174,3159,3164,3156,3175,3148,3162,3171,3169,3164,3173,3186,3150,3151,3185,3155,3167,3151,3157,3170,3168,3158,3169,3163
55,55,50,39,61,47,61,46,57,26,65,55,60,62,53,56,36,51,60,53,66,52,39,40,42,71,691,1131,1460,1764,2095,2072,2065,2104,2076,2069,2092,2080,2078,2101,2081,2073,2053,2074,2081,2100,2066,2078,2076,2092
35,5,49,52,27,42,40,52,26,24,31,59,33,29,42,34,36,48,61,59,52,47,57,30,53,36,34,31,45,40,54,37,57,48,788,1258,1648,1986,2334,2621,2945,2948,2935,2936,2949,2911,2945,2956,2956,2952
27,0,1,24,1,8,23,0,11,13,19,6,15,1,5,2,3,4,7,25,0,8,12,14,9,3,5,13,7,22,13,0,0,7,1051,1709,2278,2756,3232,3664,3666,3645,3665,3668,3656,3646,3664,3660,3656,3681
50,35,62,41,42,52,51,57,48,36,54,63,670,1050,1397,1701,1952,2245,2486,2724,2722,2721,2714,2709,2724,2718,2739,2710,2728,2721,2726,2732,2728,2711,2733,2709,2731,2721,2741,2732,2731,2718,2736,2725,2722,2728,2714,2726,2707,2724
51,31,48,72,37,26,43,42,55,41,54,21,55,33,48,33,40,47,43,46,38,50,55,41,33,52,34,55,38,40,48,749,1216,1587,1941,2235,2528,2809,3099,3382,3373,3370,3379,3392,3377,3368,3369,3390,3379,3376
5,16,15,12,36,19,7,20,21,15,33,16,34,13,8,13,28,14,1304,2091,2769,3386,3959,3974,3974,3958,3956,3926,3945,3956,3943,3977,3948,3963,3932,3948,3962,3969,3956,3940,3983,3985,3951,3961,3944,3973,3980,3954,3951,3952
20,6,24,32,14,15,1,28,17,15,7,6,20,15,10,32,18,5,30,23,16,17,13,28,20,26,15,41,16,13,25,29,640,1019,1345,1653,1934,1916,1952,1915,1936,1939,1949,1911,1936,1937,1926,1916,1948,1940
33,31,62,48,56,51,56,60,69,43,63,52,74,61,60,52,72,47,44,69,44,79,61,73,64,57,78,62,882,1412,1844,2249,2632,2960,2967,2968,2987,2970,2958,2955,2972,2935,2945,2969,2968,2969,2958,3005,2981,2975
43,64,33,66,38,29,38,68,37,45,27,48,55,38,29,41,60,42,37,42,56,812,1306,1723,2087,2450,2420,2434,2448,2418,2442,2452,2445,2440,2455,2441,2425,2462,2440,2445,2465,2437,2432,2431,2452,2455,2428,2448,2436,2463
0,15,24,31,11,3,15,25,0,13,15,0,7,7,5,14,19,7,13,17,23,0,2,19,6,0,14,7,6,28,25,888,1397,1863,2269,2652,2638,2648,2633,2640,2630,2663,2664,2633,2642,2641,2634,2659,2655,2645
2,11,15,22,23,26,20,7,14,43,26,9,21,0,24,1,0,0,14,17,20,0,475,768,1023,1251,1469,1627,1826,2024,2197,2367,2349,2347,2369,2358,2354,2351,2344,2381,2351,2364,2344,2355,2376,2344,2359,2347,2359,2353
34,76,42,32,48,24,46,50,36,54,70,48,20,45,49,39,61,47,643,1020,1356,1641,1912,2145,2421,2620,2865,3060,3085,3062,3070,3073,3069,3081,3058,3060,3067,3051,3071,3065,3082,3051,3077,3070,3079,3054,3056,3068,3050,3063
30,20,44,50,51,10,22,41,40,50,26,12,37,24,35,35,42,34,29,564,881,1154,1416,1677,1837,2077,2064,2074,2082,2070,2073,2089,2081,2077,2080,2069,2074,2046,2066,2082,2089,2071,2063,2080,2073,2046,2065,2086,2075,2075
24,45,25,2,18,33,24,14,18,24,12,24,16,12,19,7,11,33,0,20,34,4,36,19,38,49,27,23,21,39,6,17,25,14,21,380,611,757,946,1076,1255,1394,1535,1525,1529,1519,1508,1514,1509,1530
50,42,28,33,64,48,55,46,66,56,33,24,34,55,46,45,42,61,48,30,33,850,1374,1802,2169,2564,2881,3215,3213,3228,3224,3240,3223,3234,3218,3238,3224,3234,3248,3229,3222,3223,3232,3230,3231,3207,3235,3228,3227,3227
14,15,0,13,29,13,20,27,14,14,13,23,0,19,4,25,20,16,10,0,3,6,20,17,11,12,458,738,1002,1198,1389,1576,1756,1913,2097,2281,2254,2241,2259,2263,2237,2261,2270,2249,2257,2263,2249,2277,2287,2248
50,41,44,23,55,36,34,31,49,39,58,46,34,41,55,25,67,52,29,36,43,40,29,37,41,14,33,45,59,42,51,416,613,790,963,1129,1266,1401,1537,1649,1769,1804,1791,1815,1802,1787,1785,1791,1780,1779
62,56,61,59,59,53,54,74,81,56,51,50,55,69,48,54,49,56,85,57,34,59,52,65,55,49,47,525,798,1037,1233,1460,1651,1835,1992,2012,1996,2015,2008,2004,2005,2012,2008,1989,2009,1993,2008,1998,1966,2004
28,38,20,38,25,7,4,41,0,33,15,16,20,37,13,13,43,28,14,23,35,1,34,11,17,29,21,19,46,46,570,925,1194,1468,1726,1930,2152,2357,2581,2755,2752,2754,2745,2745,2753,2761,2770,2772,2746,2768
35,29,57,69,49,35,53,37,37,44,47,31,45,54,43,52,30,53,37,25,29,44,30,22,18,42,29,40,30,35,643,977,1291,1575,1843,2111,2323,2561,2769,2998,2968,3006,3008,2961,2994,2984,2982,2976,2973,2964
26,36,43,30,28,26,21,12,18,35,39,5,43,17,28,36,29,7,19,40,0,21,41,50,15,27,1,29,16,17,20,48,806,1271,1686,2031,2376,2666,3010,3276,3292,3280,3281,3269,3295,3280,3289,3271,3306,3272
38,43,40,69,42,46,40,26,53,16,32,11,40,31,50,47,35,69,17,7,59,48,30,31,37,41,53,30,47,23,59,500,783,1025,1255,1470,1652,1663,1653,1646,1647,1636,1635,1660,1597,1641,1656,1650,1654,1650
40,42,17,12,9,30,28,40,26,46,28,11,7,6,39,38,27,13,0,0,15,23,15,32,9,35,18,15,29,57,470,753,999,1192,1413,1634,1744,1767,1787,1795,1776,1775,1790,1772,1781,1771,1772,1789,1770,1794
39,9,40,35,38,15,46,38,29,47,66,35,34,19,66,54,44,49,15,23,53,29,612,965,1257,1564,1832,2066,2318,2512,2746,2949,2957,2940,2969,2957,2946,2943,2935,2910,2932,2951,2938,2940,2939,2973,2937,2950,2946,2925
32,54,43,55,47,38,24,56,65,43,58,44,49,42,36,34,45,63,60,67,53,63,800,1235,1648,1987,2318,2624,2912,3207,3476,3738,3727,3734,3736,3736,3730,3733,3738,3731,3729,3748,3735,3736,3730,3726,3714,3725,3715,3760
34,54,47,44,37,56,49,38,29,27,17,48,16,42,40,34,43,24,58,32,33,49,47,28,17,46,38,20,30,34,18,57,33,35,605,961,1226,1521,1759,2006,2212,2433,2645,2631,2654,2656,2652,2655,2659,2653
64,44,32,31,43,32,26,27,29,41,41,30,44,7,36,34,31,32,37,38,56,62,59,32,19,36,893,1438,1894,2294,2688,3043,3400,3728,3699,3694,3716,3714,3721,3723,3732,3713,3690,3698,3706,3713,3715,3739,3732,3739
5,8,24,25,0,0,11,10,0,7,28,2,17,7,26,8,5,14,13,5,17,26,16,1,32,15,723,1139,1540,1885,2209,2489,2765,3032,3330,3311,3306,3310,3292,3327,3302,3295,3302,3306,3309,3276,3324,3300,3296,3313
53,83,51,60,59,46,36,23,36,34,51,72,1079,1706,2263,2752,3217,3640,4050,4055,4066,4068,4058,4054,4067,4061,4071,4063,4048,4061,4072,4054,4052,4054,4049,4070,4066,4049,4050,4059,4085,4072,4041,4057,4059,4092,4071,4061,4067,4066
10,57,30,31,51,51,23,40,15,27,22,19,14,24,35,17,8,37,58,6,17,26,39,18,30,7,17,24,31,29,36,16,24,17,500,807,1043,1284,1493,1697,1854,2045,2066,2058,2047,2059,2046,2039,2067,2059
35,51,63,61,34,59,552,843,1075,1309,1533,1717,1902,1911,1914,1897,1908,1924,1917,1921,1911,1910,1938,1935,1926,1921,1898,1903,1932,1934,1914,1930,1916,1926,1901,1923,1895,1904,1933,1915,1916,1926,1917,1911,1911,1935,1928,1917,1910,1914
45,5,8,32,46,33,22,25,23,33,36,57,30,33,27,16,42,17,49,28,30,25,35,41,34,6,753,1237,1619,1978,2317,2262,2294,2293,2306,2289,2309,2280,2301,2263,2290,2278,2273,2286,2289,2275,2296,2287,2280,2309
58,26,29,22,37,34,11,17,20,23,12,17,33,26,29,22,38,16,37,11,24,17,19,13,2,26,36,31,18,18,5,28,35,46,21,33,1178,1897,2531,3060,3586,4074,4074,4095,4089,4084,4062,4075,4072,4067
32,17,8,27,20,6,32,16,2,0,25,21,13,32,9,17,13,744,1161,1535,1880,2195,2485,2770,3043,3314,3574,3571,3558,3562,3590,3564,3551,3582,3546,3592,3577,3557,3553,3568,3577,3569,3527,3588,3562,3593,3550,3559,3572,3570
70,57,53,63,37,48,55,82,59,58,74,64,65,62,50,28,50,62,69,77,61,61,54,37,58,708,1104,1475,1788,2067,2362,2616,2877,3112,3351,3335,3332,3322,3333,3329,3357,3341,3354,3349,3351,3341,3355,3348,3352,3352
28,41,12,32,32,28,12,12,26,33,52,51,29,19,43,53,32,40,52,40,1058,1721,2260,2777,3230,3675,4079,4095,4091,4089,4075,4079,4086,4060,4085,4074,4081,4093,4092,4084,4095,4075,4069,4086,4088,4076,4057,4088,4090,4088
30,36,44,19,42,29,41,23,45,16,38,17,17,44,45,34,25,19,5,36,22,22,33,0,36,29,34,41,37,409,629,820,978,1137,1313,1464,1599,1724,1849,1839,1859,1842,1845,1840,1852,1834,1842,1837,1825,1830
69,46,59,58,50,50,80,58,34,57,32,43,28,54,1332,2144,2819,3413,4003,4015,4018,4015,3998,4024,4002,4029,4006,4011,4006,4036,4014,4020,4014,4025,4009,4001,4010,4010,4017,4000,4020,4029,4001,4010,3991,4023,4011,4005,4001,4009
0,24,24,1,18,15,5,17,12,9,0,25,19,17,18,18,15,22,21,7,15,6,380,610,796,957,1113,1265,1427,1548,1715,1818,1815,1830,1808,1803,1808,1806,1808,1830,1804,1798,1806,1808,1790,1817,1812,1823,1802,1840
10,12,0,2,17,7,22,0,22,11,11,38,0,3,6,15,27,3,27,5,0,0,7,0,1003,1631,2157,2631,3114,3110,3093,3093,3114,3084,3093,3107,3102,3102,3111,3106,3080,3092,3100,3120,3118,3066,3101,3099,3113,3106
0,33,15,20,0,15,0,21,18,22,15,23,38,41,28,13,27,5,0,13,24,29,25,719,1164,1549,1906,2209,2237,2212,2210,2215,2213,2204,2207,2204,2213,2214,2235,2213,2211,2228,2202,2198,2209,2195,2234,2215,2214,2226
16,28,22,26,24,24,14,10,0,30,19,935,1510,2015,2450,2833,2865,2835,2843,2862,2855,2852,2858,2877,2861,2853,2861,2870,2866,2870,2857,2871,2864,2863,2854,2869,2844,2872,2864,2844,2845,2866,2846,2852,2892,2840,2869,2855,2874,2849
0,0,19,0,0,0,12,0,23,13,6,23,15,16,2,5,12,0,11,5,12,3,9,0,0,14,23,25,21,7,29,0,11,26,3,9,1319,2151,2858,3492,4067,4054,4078,4060,4059,4053,4071,4064,4064,4049
69,61,23,36,41,41,51,21,55,29,61,38,56,18,51,61,46,22,893,1416,1865,2277,2680,2665,2661,2646,2664,2656,2643,2670,2648,2676,2655,2647,2684,2667,2663,2665,2658,2625,2654,2661,2671,2644,2665,2649,2654,2656,2663,2648
9,13,0,5,2,46,23,26,9,14,12,19,27,31,0,27,2,21,22,15,6,32,43,0,18,32,30,12,3,24,32,1091,1775,2351,2914,3402,3858,3831,3851,3865,3854,3845,3847,3846,3841,3860,3842,3846,3870,3846
5,0,32,35,0,25,6,26,7,17,22,20,50,28,32,31,38,14,13,31,40,3,13,36,9,4,20,26,30,7,23,8,30,27,50,996,1580,2065,2554,2992,2993,3006,2996,2975,3012,2974,2982,2977,2993,2976
64,45,55,58,30,53,36,54,48,53,50,34,64,29,64,64,52,42,62,53,45,31,53,45,30,38,43,48,54,1356,2137,2831,3465,4035,4015,4025,4043,4044,4028,4040,4035,4017,4020,4043,4066,4024,4036,4018,4036,4030
0,56,36,26,44,11,42,34,23,32,33,20,44,0,26,31,34,18,38,33,28,41,27,525,838,1115,1340,1579,1808,1968,2152,2155,2165,2164,2157,2157,2137,2147,2122,2181,2164,2135,2162,2147,2150,2152,2174,2156,2169,2151
14,27,17,37,0,7,11,30,37,31,25,29,32,45,54,18,24,27,19,26,54,28,25,28,0,45,38,49,32,19,338,559,711,881,1024,1170,1283,1396,1522,1646,1675,1619,1640,1646,1647,1638,1652,1637,1644,1648
37,41,38,47,63,77,51,45,807,1301,1684,2078,2415,2756,2741,2734,2738,2734,2706,2725,2750,2724,2735,2717,2739,2724,2728,2738,2730,2745,2704,2722,2729,2705,2743,2722,2740,2726,2724,2717,2721,2718,2732,2738,2741,2729,2731,2751,2728,2734
13,18,31,32,36,28,21,20,19,23,35,26,21,38,21,17,11,34,11,1,29,44,64,12,37,23,16,18,34,12,16,29,23,34,27,747,1185,1586,1930,2233,2558,2527,2527,2518,2519,2522,2553,2526,2562,2528
33,58,42,26,50,43,46,54,42,30,53,46,44,51,50,48,25,43,54,47,59,41,40,51,41,58,26,35,29,25,45,67,42,57,45,984,1543,2050,2467,2906,2908,2898,2908,2898,2903,2901,2907,2902,2900,2905
30,15,43,47,33,31,40,22,52,54,47,39,49,39,56,40,23,46,32,34,36,50,46,49,48,48,64,39,38,36,42,45,26,692,1131,1499,1800,2093,2376,2644,2892,3145,3412,3389,3392,3408,3385,3404,3408,3385
42,22,29,44,46,7,35,34,18,26,20,40,4,48,22,14,51,10,21,44,45,21,25,25,638,1055,1366,1643,1945,2209,2425,2676,2898,3130,3141,3136,3121,3132,3116,3119,3138,3115,3136,3141,3145,3134,3144,3141,3125,3136
23,11,30,20,22,0,7,10,28,360,582,791,937,1094,1246,1407,1540,1538,1530,1523,1524,1543,1530,1531,1518,1552,1533,1536,1522,1542,1529,1540,1524,1522,1537,1549,1524,1530,1516,1508,1530,1546,1530,1543,1551,1529,1549,1540,1527,1530
37,18,17,0,19,33,34,26,13,36,746,1180,1541,1896,2195,2496,2511,2539,2509,2495,2486,2506,2501,2496,2496,2492,2494,2494,2496,2498,2503,2517,2502,2485,2518,2511,2524,2502,2504,2512,2504,2517,2500,2506,2507,2507,2511,2500,2513,2489
36,43,44,47,60,54,60,50,39,27,44,50,43,52,34,55,69,38,479,725,951,1136,1331,1484,1632,1801,1951,2097,2120,2109,2128,2113,2119,2109,2099,2127,2106,2106,2112,2116,2098,2133,2111,2118,2142,2094,2117,2110,2119,2106
46,47,45,80,66,65,41,62,67,60,50,81,60,80,58,69,59,63,84,50,762,1229,1581,1925,2271,2541,2849,2826,2840,2844,2838,2839,2829,2842,2829,2829,2805,2821,2832,2816,2834,2842,2833,2820,2835,2836,2850,2819,2844,2838
30,14,40,0,42,57,19,24,974,1570,2069,2523,2938,3341,3348,3344,3317,3319,3326,3323,3326,3351,3339,3373,3355,3350,3335,3350,3355,3360,3336,3342,3346,3327,3344,3332,3341,3358,3350,3360,3354,3315,3352,3359,3332,3341,3352,3351,3355,3327
27,26,36,54,37,65,36,31,28,5,20,40,33,46,30,40,40,52,18,47,34,35,32,57,18,832,1324,1769,2141,2519,2857,3186,3467,3781,4054,4070,4076,4084,4035,4063,4087,4095,4080,4091,4072,4066,4080,4067,4057,4075
24,23,42,29,38,47,32,45,48,37,46,10,32,40,0,24,39,25,20,35,32,586,897,1192,1451,1694,1944,2140,2345,2550,2747,2731,2739,2729,2733,2727,2718,2760,2743,2751,2725,2746,2732,2724,2722,2741,2757,2746,2758,2730
40,25,39,21,20,55,29,34,37,15,29,35,40,44,32,33,2,25,15,21,34,45,46,28,35,23,761,1210,1626,1983,2296,2608,2920,2924,2912,2925,2921,2919,2924,2921,2938,2916,2915,2934,2941,2919,2937,2894,2940,2913
23,20,16,32,15,33,13,25,35,25,16,14,827,1360,1798,2207,2537,2876,3204,3219,3207,3222,3219,3216,3209,3217,3237,3228,3199,3212,3218,3235,3222,3222,3234,3206,3216,3219,3233,3199,3201,3211,3232,3235,3189,3232,3203,3221,3214,3221
48,39,34,31,24,33,38,30,50,48,26,28,33,41,34,22,28,27,44,33,39,953,1523,2021,2456,2886,2871,2872,2893,2886,2870,2861,2881,2873,2894,2884,2879,2880,2895,2881,2879,2870,2885,2881,2849,2882,2873,2885,2899,2883
39,44,63,56,67,41,48,25,47,37,34,45,47,27,51,916,1473,1942,2376,2751,2769,2753,2752,2760,2759,2775,2782,2765,2774,2772,2771,2750,2769,2741,2752,2754,2778,2759,2765,2775,2773,2760,2770,2753,2785,2774,2773,2735,2756,2771
58,48,48,35,51,39,41,50,54,49,80,48,65,53,56,44,14,48,64,57,70,41,63,43,69,34,42,37,58,58,78,45,46,51,672,1102,1449,1779,2059,2326,2589,2855,2855,2863,2848,2839,2841,2841,2853,2833
0,14,27,31,0,34,33,21,15,46,30,22,23,19,21,30,17,24,50,22,809,1308,1750,2130,2492,2828,3140,3445,3740,3743,3763,3749,3746,3768,3729,3759,3749,3744,3741,3730,3748,3746,3743,3739,3737,3743,3747,3746,3752,3745
53,40,46,55,45,48,39,62,49,56,47,54,38,49,58,41,38,35,39,46,60,46,30,28,32,54,60,49,25,68,49,47,35,64,37,539,841,1128,1386,1585,1797,2001,2212,2203,2205,2203,2214,2196,2217,2201
11,45,37,34,27,25,20,17,1,31,30,18,30,49,10,15,23,18,30,29,25,13,30,13,517,821,1072,1318,1537,1555,1541,1541,1549,1553,1539,1534,1557,1545,1541,1533,1564,1570,1547,1528,1549,1543,1519,1534,1545,1544
19,10,9,32,11,20,20,14,1,0,5,16,1,31,13,3,0,21,27,17,0,10,18,29,27,21,22,14,762,1183,1617,1975,2284,2584,2914,3192,3471,3452,3477,3476,3473,3469,3481,3470,3471,3473,3488,3455,3466,3473
19,31,65,44,59,51,43,56,67,41,38,39,50,38,30,64,50,48,40,54,43,662,1007,1336,1600,1863,2085,2331,2593,2785,2788,2803,2792,2806,2797,2789,2799,2797,2801,2791,2791,2795,2789,2793,2797,2826,2784,2796,2794,2802
24,13,47,24,4,33,32,30,24,33,9,8,36,30,31,25,22,31,16,27,26,24,28,25,0,24,6,27,17,33,11,14,7,13,30,641,1043,1393,1662,1947,2209,2461,2711,2920,3148,3149,3164,3149,3125,3137
43,63,59,26,75,45,71,66,64,72,65,61,51,406,615,742,917,1054,1195,1345,1442,1588,1569,1587,1571,1589,1583,1580,1591,1588,1592,1590,1588,1584,1580,1589,1599,1577,1596,1568,1578,1582,1596,1588,1584,1576,1583,1573,1601,1567
45,54,29,33,30,37,37,44,34,60,14,38,43,22,52,43,69,40,29,48,41,35,29,14,26,30,62,46,33,41,44,32,50,42,13,26,670,1069,1393,1684,1986,2253,2494,2713,2978,3175,3194,3195,3187,3182
53,40,67,53,59,53,16,56,41,45,45,42,60,41,61,56,54,41,67,65,34,37,55,66,52,54,50,52,54,63,63,813,1327,1745,2130,2474,2826,3116,3439,3429,3434,3406,3454,3431,3405,3422,3427,3433,3434,3422
17,21,14,0,5,0,20,2,11,19,11,0,5,0,22,11,0,5,19,1,18,971,1604,2116,2602,3040,3421,3818,3796,3789,3805,3827,3805,3808,3827,3807,3811,3836,3804,3805,3805,3783,3803,3807,3819,3806,3821,3802,3810,3788
46,69,65,44,47,70,55,52,56,60,60,46,43,62,56,63,561,889,1129,1375,1623,1812,1813,1830,1813,1820,1827,1819,1808,1816,1825,1821,1826,1827,1808,1822,1820,1823,1804,1805,1810,1818,1826,1818,1812,1824,1819,1822,1823,1826
14,13,21,24,21,25,9,730,1205,1587,1907,2257,2243,2258,2277,2282,2254,2285,2255,2241,2269,2245,2242,2260,2256,2269,2252,2245,2259,2257,2247,2252,2266,2243,2246,2228,2272,2251,2246,2247,2266,2241,2254,2250,2262,2271,2248,2260,2260,2261
55,34,57,28,57,43,1000,1565,2062,2494,2919,2912,2916,2902,2929,2919,2936,2907,2886,2908,2916,2917,2919,2901,2900,2913,2910,2917,2916,2928,2921,2922,2892,2926,2906,2886,2901,2904,2918,2915,2908,2910,2913,2902,2909,2923,2920,2918,2914,2914
30,39,17,41,39,4,1035,1706,2268,2746,3215,3626,3631,3655,3631,3662,3646,3654,3648,3644,3626,3642,3635,3635,3663,3650,3637,3629,3648,3633,3631,3659,3638,3657,3656,3638,3620,3654,3627,3628,3625,3640,3626,3649,3648,3647,3647,3620,3636,3652
33,71,55,50,35,31,17,52,63,41,29,17,49,27,40,40,33,55,35,25,48,40,49,55,33,55,71,41,38,56,23,43,63,41,28,1155,1823,2429,2958,3438,3916,3919,3913,3931,3924,3903,3905,3920,3923,3940
18,22,33,3,1,29,0,22,22,16,0,10,26,11,15,11,6,14,9,10,2,14,28,5,1,18,18,24,3,29,733,1176,1527,1853,2147,2442,2720,3006,3256,3253,3238,3251,3230,3243,3269,3262,3258,3251,3229,3232
19,8,41,1,18,28,28,35,17,30,9,23,29,38,19,11,34,6,28,19,25,29,28,26,13,34,16,18,29,5,39,27,6,29,452,752,998,1197,1387,1564,1754,1902,2087,2250,2233,2243,2234,2243,2231,2251
51,55,51,48,51,33,59,49,37,65,37,52,57,68,742,1180,1538,1843,2182,2468,2752,2722,2741,2720,2732,2734,2731,2721,2719,2739,2726,2722,2716,2711,2718,2761,2742,2741,2701,2736,2706,2728,2742,2744,2730,2753,2735,2728,2727,2739
27,41,32,49,50,5,39,59,60,36,41,26,28,50,47,45,43,20,69,40,593,916,1227,1474,1714,1925,2180,2182,2167,2194,2178,2167,2161,2174,2167,2184,2174,2152,2156,2176,2178,2178,2148,2158,2176,2188,2180,2168,2181,2153
20,10,6,19,20,15,24,40,13,10,29,15,37,27,25,36,17,10,5,19,41,25,26,23,41,20,37,7,35,28,6,28,18,542,853,1148,1404,1642,1870,2051,2244,2464,2442,2443,2428,2464,2445,2442,2449,2437
24,14,25,41,50,41,38,14,6,17,43,23,32,33,45,12,24,39,23,27,20,10,26,14,14,13,35,30,0,14,4,789,1283,1669,2042,2404,2690,3012,3313,3309,3304,3305,3334,3316,3318,3325,3296,3319,3301,3308
20,38,20,30,17,43,47,47,61,42,38,40,39,57,38,43,45,52,45,59,30,58,29,38,52,38,47,37,36,28,33,46,558,886,1128,1373,1622,1603,1619,1610,1604,1584,1597,1589,1613,1601,1600,1614,1622,1601
41,34,58,29,53,42,36,47,37,40,50,55,44,1127,1834,2417,2937,3438,3429,3432,3432,3418,3425,3418,3414,3422,3428,3422,3421,3409,3419,3412,3432,3412,3440,3431,3415,3418,3407,3402,3433,3394,3444,3430,3433,3431,3422,3408,3421,3426
28,36,15,9,15,16,18,16,0,23,35,9,9,14,691,1088,1437,1785,2050,2309,2594,2814,3066,3086,3069,3083,3090,3098,3104,3081,3079,3071,3092,3082,3070,3085,3084,3082,3080,3084,3108,3069,3082,3087,3084,3073,3079,3091,3102,3102
9,22,12,8,4,16,574,946,1247,1510,1790,1782,1769,1795,1774,1776,1777,1776,1784,1771,1764,1782,1803,1775,1770,1742,1746,1764,1784,1790,1766,1776,1785,1758,1775,1773,1773,1769,1761,1772,1766,1764,1763,1782,1782,1786,1791,1776,1773,1779
43,42,31,23,25,7,36,34,15,21,27,24,34,26,14,32,27,41,9,0,9,15,49,20,992,1602,2100,2577,2992,3421,3808,3820,3796,3792,3801,3775,3810,3818,3817,3824,3805,3811,3786,3823,3812,3783,3821,3791,3797,3809
28,9,18,43,23,22,43,31,0,35,27,0,22,33,36,35,25,32,460,740,993,1203,1403,1578,1768,1775,1760,1762,1779,1773,1760,1788,1748,1767,1762,1762,1754,1775,1749,1768,1778,1766,1763,1754,1788,1747,1755,1768,1770,1784
36,64,26,48,61,29,32,35,34,31,39,54,45,53,43,46,1143,1820,2421,2959,3487,3459,3467,3458,3442,3455,3451,3468,3457,3487,3458,3471,3465,3479,3466,3444,3472,3477,3447,3448,3482,3483,3461,3477,3456,3473,3492,3465,3472,3452
24,26,10,12,46,27,27,27,17,41,10,10,24,26,26,21,37,44,33,20,14,27,842,1409,1857,2265,2629,2633,2618,2624,2626,2615,2613,2637,2625,2603,2619,2623,2644,2647,2631,2634,2623,2610,2620,2618,2632,2623,2612,2639
26,48,76,65,48,31,44,22,51,69,40,56,40,61,44,43,53,28,44,45,40,53,35,33,51,64,43,43,23,65,45,39,32,44,813,1310,1738,2116,2457,2775,3097,3410,3405,3380,3406,3387,3402,3380,3386,3374
10,22,20,15,47,35,3,21,0,14,23,24,9,9,34,21,16,7,30,9,6,12,34,10,8,3,6,29,8,21,38,791,1278,1722,2067,2420,2754,3063,3336,3640,3639,3664,3648,3614,3640,3651,3627,3641,3633,3633
51,10,25,35,23,33,31,23,13,37,36,984,1625,2147,2616,3059,3460,3866,3859,3867,3886,3865,3856,3869,3846,3879,3826,3879,3867,3855,3878,3885,3855,3869,3848,3881,3877,3888,3851,3857,3870,3847,3844,3874,3874,3885,3876,3857,3860,3863
59,47,41,29,36,55,43,39,25,31,49,18,59,23,11,700,1085,1420,1720,2014,2293,2517,2767,2978,3238,3239,3224,3243,3229,3244,3236,3238,3238,3237,3227,3244,3226,3214,3257,3239,3217,3237,3220,3230,3231,3219,3225,3238,3221,3221
19,17,0,0,3,23,28,8,15,940,1525,2000,2448,2872,3264,3601,3968,3968,3990,3988,4009,3960,4005,3999,3997,3983,3989,4003,3995,3996,3983,3989,3988,3997,3992,3963,3982,3967,3966,3979,4008,3960,3998,3986,3982,3988,3969,4002,3972,3959
27,14,30,31,17,30,30,14,4,11,31,35,20,29,8,11,17,33,27,30,24,33,22,9,24,18,14,27,19,33,11,15,22,25,10,18,992,1585,2126,2592,3034,3407,3417,3420,3395,3412,3385,3395,3415,3425
33,48,22,22,38,9,33,31,46,41,19,22,662,1045,1352,1681,1951,2201,2214,2209,2209,2199,2206,2215,2208,2198,2204,2217,2211,2192,2228,2213,2207,2225,2205,2212,2202,2209,2223,2211,2222,2218,2217,2204,2198,2211,2189,2200,2202,2221
27,14,18,0,0,15,0,8,25,8,12,4,1243,2002,2655,3256,3819,3779,3782,3774,3773,3793,3795,3799,3784,3776,3793,3801,3802,3782,3776,3805,3804,3794,3814,3788,3803,3809,3799,3796,3786,3786,3828,3794,3807,3816,3776,3802,3796,3791
34,35,33,36,2,51,26,36,43,45,35,58,26,41,33,41,36,37,483,746,957,1189,1372,1538,1735,1893,2053,2076,2041,2054,2042,2056,2037,2048,2049,2043,2039,2049,2036,2039,2025,2023,2059,2058,2049,2052,2047,2069,2036,2057
25,40,9,44,12,25,14,18,27,18,42,31,25,0,16,18,3,13,31,514,798,1068,1301,1502,1708,1916,2104,2285,2277,2265,2308,2279,2296,2268,2274,2271,2270,2255,2269,2270,2255,2285,2287,2268,2273,2269,2290,2265,2259,2294
11,7,27,7,24,22,11,29,5,25,17,38,22,10,25,9,821,1308,1740,2147,2480,2816,3148,3457,3746,3761,3738,3756,3759,3767,3733,3737,3735,3752,3739,3741,3743,3748,3730,3744,3747,3759,3748,3758,3743,3743,3753,3746,3763,3757
22,13,7,18,22,27,17,26,34,10,8,28,17,17,6,12,27,28,26,48,48,0,11,0,16,14,36,24,23,24,12,24,11,23,384,622,809,1002,1158,1299,1436,1586,1576,1591,1595,1581,1580,1592,1571,1591
44,65,62,25,55,70,51,58,85,35,49,70,39,50,69,67,53,70,44,62,47,58,51,70,37,48,51,59,58,464,698,929,1112,1286,1464,1615,1605,1631,1632,1593,1608,1621,1627,1632,1637,1640,1621,1615,1614,1605
26,40,56,39,38,54,434,651,878,1052,1242,1405,1563,1698,1842,1990,2009,1972,1997,1992,1995,2003,1971,1977,1967,1987,1981,1982,1982,2010,1977,1980,1973,1998,1999,2005,1998,1983,1993,1978,1967,2010,1987,1981,1994,1978,1978,1965,1982,1984
48,53,74,25,70,41,41,27,33,64,762,1210,1600,1919,2247,2553,2846,3103,3402,3369,3381,3396,3367,3386,3364,3376,3375,3407,3408,3383,3370,3394,3391,3374,3370,3400,3391,3367,3385,3379,3376,3383,3399,3371,3393,3376,3393,3394,3403,3382
26,29,25,17,14,34,21,15,7,44,29,20,29,13,16,33,10,9,41,11,15,997,1659,2151,2650,3092,3490,3491,3505,3475,3508,3472,3496,3513,3493,3480,3494,3508,3515,3494,3500,3478,3482,3502,3499,3491,3481,3502,3504,3492
44,41,74,52,52,53,76,52,49,58,36,49,65,34,58,47,50,39,52,44,34,43,43,56,35,35,55,53,62,75,14,57,42,48,838,1310,1737,2104,2439,2784,3075,3373,3654,3660,3655,3651,3658,3646,3664,3639
23,38,42,34,46,32,52,46,43,27,36,29,29,46,55,31,39,36,30,36,24,51,49,6,51,31,741,1184,1560,1859,2196,2501,2483,2503,2488,2471,2486,2450,2465,2481,2462,2473,2485,2481,2456,2486,2480,2473,2507,2477
48,58,57,40,22,37,61,37,39,42,29,19,54,41,1353,2146,2857,3464,4067,4073,4058,4054,4069,4054,4052,4054,4048,4053,4065,4044,4082,4056,4062,4045,4058,4039,4058,4066,4076,4059,4042,4069,4053,4051,4061,4059,4052,4039,4053,4046
44,58,46,30,26,42,36,31,43,47,51,27,1180,1870,2457,3020,3531,4039,3983,3994,4025,4003,4002,4001,4008,3991,4006,4000,4007,4006,4001,4002,4000,3991,3998,3982,3992,3997,4000,4007,3997,4004,4004,4002,3990,4002,3990,4015,3998,4005
63,51,62,89,67,57,46,75,45,50,47,66,59,44,45,51,58,56,56,59,59,66,57,29,976,1565,2057,2517,2933,3310,3311,3297,3313,3317,3321,3296,3306,3320,3331,3280,3309,3322,3307,3317,3317,3340,3303,3311,3319,3323
25,36,24,2,36,15,21,45,42,12,41,14,16,4,40,23,45,36,40,36,18,48,46,49,27,31,19,865,1359,1789,2182,2553,2559,2536,2545,2569,2540,2566,2557,2544,2539,2548,2541,2549,2553,2557,2560,2554,2565,2566
2,25,9,48,27,21,5,6,11,29,30,37,28,37,22,24,16,41,25,21,38,25,18,25,16,30,25,2,20,27,1180,1889,2509,3126,3606,3601,3615,3617,3642,3614,3611,3624,3601,3627,3617,3606,3612,3573,3617,3603
10,20,44,28,15,44,43,13,40,28,32,35,19,29,37,20,28,26,28,18,40,54,42,19,5,914,1457,1959,2392,2769,3117,3135,3135,3130,3147,3134,3152,3143,3147,3146,3155,3129,3133,3133,3128,3143,3143,3149,3144,3142
38,43,49,52,4,29,28,19,58,39,32,45,50,38,21,21,40,32,37,28,671,1058,1427,1758,2014,2299,2576,2789,3045,3029,3028,3028,3046,3032,3045,3035,3029,3019,3034,3019,3029,3028,3031,3033,3041,3022,3047,3014,3027,3049
42,54,43,69,52,69,67,50,58,70,71,55,62,897,1434,1847,2263,2607,2965,3320,3615,3942,3936,3928,3935,3941,3934,3929,3922,3936,3920,3919,3925,3923,3920,3944,3934,3922,3916,3918,3939,3911,3939,3936,3936,3935,3933,3939,3913,3961
66,92,70,52,73,69,40,47,60,61,58,58,51,63,55,51,60,62,66,67,55,48,56,51,57,70,58,56,59,56,37,64,62,71,709,1116,1448,1795,2063,2355,2338,2332,2337,2347,2312,2310,2323,2345,2354,2344
31,20,25,18,31,10,22,10,26,0,6,30,11,18,11,32,726,1182,1567,1932,2214,2242,2217,2227,2242,2227,2242,2238,2240,2227,2238,2229,2248,2234,2250,2235,2246,2238,2236,2247,2233,2238,2214,2252,2225,2251,2225,2233,2232,2241
60,81,58,51,61,51,70,48,65,37,60,47,68,44,48,73,70,63,57,65,51,76,69,53,48,44,61,62,53,55,525,794,1026,1264,1465,1623,1838,2015,2181,2345,2352,2354,2338,2340,2355,2352,2384,2363,2348,2330
16,13,11,6,1,24,11,14,3,13,28,2,16,18,1,10,25,23,1,11,3,26,9,0,0,14,32,0,22,13,11,22,0,8,375,650,841,1045,1213,1365,1516,1673,1807,1804,1801,1812,1780,1803,1807,1812
57,53,49,49,73,63,57,52,69,34,32,22,20,22,38,46,47,916,1460,1939,2388,2780,2768,2768,2763,2756,2764,2770,2744,2798,2727,2783,2761,2770,2749,2772,2754,2750,2768,2758,2773,2765,2760,2790,2745,2762,2770,2767,2753,2750
77,69,72,54,63,86,62,52,56,59,29,61,61,84,44,61,1014,1590,2085,2539,2963,2957,2973,2959,2970,2961,2952,2957,2947,2948,2953,2962,2970,2981,2971,2976,2989,2947,2969,2971,2977,2974,2963,2967,2976,2968,2947,2984,2971,2953
15,27,0,28,24,29,784,1221,1647,1979,2333,2314,2337,2325,2335,2343,2332,2326,2326,2326,2333,2322,2321,2315,2325,2337,2324,2345,2322,2320,2341,2350,2332,2335,2342,2333,2335,2328,2337,2337,2319,2317,2321,2318,2333,2322,2337,2339,2338,2341
12,13,14,18,13,19,44,7,0,25,11,0,5,6,12,19,13,7,23,10,10,16,7,22,1,12,16,19,0,0,518,807,1058,1289,1517,1715,1876,2104,2099,2111,2086,2091,2091,2104,2098,2088,2086,2083,2094,2104
6,36,12,45,28,29,31,32,14,19,14,12,25,24,5,30,13,348,557,738,879,1036,1197,1321,1433,1544,1583,1574,1544,1542,1567,1573,1573,1557,1558,1563,1546,1575,1551,1571,1551,1574,1578,1569,1593,1579,1548,1562,1566,1541
36,59,38,63,44,67,71,45,71,42,51,52,45,45,46,62,58,49,65,25,61,40,61,50,41,66,66,62,34,51,42,601,911,1211,1483,1728,1952,2182,2160,2154,2174,2163,2178,2189,2174,2181,2164,2186,2162,2196
9,17,34,55,52,45,57,46,46,67,32,38,44,51,65,18,37,43,29,44,923,1434,1892,2366,2731,2723,2726,2735,2736,2731,2727,2729,2730,2712,2717,2724,2713,2754,2722,2727,2753,2729,2724,2753,2727,2737,2722,2691,2725,2734
25,31,4,24,0,55,46,36,25,0,20,41,12,23,18,7,47,56,5,16,26,1171,1886,2507,3070,3583,4081,4066,4069,4061,4048,4050,4063,4082,4091,4065,4069,4059,4047,4063,4085,4067,4075,4082,4047,4045,4065,4076,4047,4072
5,0,29,16,6,12,13,27,23,26,19,16,36,359,567,735,920,1068,1212,1339,1490,1630,1760,1729,1737,1721,1760,1744,1767,1738,1739,1755,1752,1759,1736,1749,1760,1745,1723,1727,1749,1742,1733,1728,1745,1754,1754,1750,1758,1725
56,40,58,29,70,68,52,76,44,61,52,67,52,65,46,61,24,53,33,47,43,61,64,60,80,56,23,52,68,58,33,54,1078,1748,2243,2767,3229,3643,3649,3649,3650,3671,3622,3656,3658,3662,3658,3647,3633,3651
57,56,63,75,57,94,75,71,66,60,64,48,50,61,54,76,75,51,56,72,57,54,48,60,58,85,52,71,44,73,32,77,31,69,699,1110,1451,1748,2075,2307,2576,2819,3050,3024,3077,3074,3064,3059,3024,3057
53,39,69,48,41,70,46,40,44,71,55,40,60,60,55,699,1131,1485,1798,2098,2354,2352,2354,2370,2371,2376,2369,2380,2368,2397,2396,2372,2363,2394,2353,2376,2378,2375,2377,2390,2376,2361,2384,2366,2385,2376,2373,2378,2374,2376
13,35,0,16,32,0,27,39,22,9,3,4,12,1,18,12,12,1,13,3,0,387,625,858,1021,1184,1355,1518,1532,1528,1514,1530,1512,1522,1517,1523,1519,1513,1518,1539,1530,1517,1509,1497,1521,1522,1522,1516,1534,1518
25,16,10,23,50,29,23,25,22,41,44,17,20,17,16,7,22,32,22,24,399,616,814,1006,1183,1336,1480,1613,1755,1881,1887,1870,1878,1864,1865,1860,1861,1873,1891,1869,1891,1877,1869,1882,1866,1886,1878,1883,1878,1889
0,33,0,8,11,7,28,18,8,15,9,830,1339,1799,2184,2544,2529,2500,2518,2530,2535,2506,2536,2523,2529,2519,2520,2502,2520,2520,2517,2529,2496,2514,2523,2531,2525,2507,2531,2517,2505,2511,2516,2523,2523,2529,2547,2525,2514,2519
50,48,38,30,39,60,43,37,47,42,39,53,55,50,42,46,23,28,50,25,44,33,20,43,18,38,32,45,43,21,19,27,56,55,41,474,796,1023,1237,1439,1635,1831,1820,1823,1807,1819,1824,1819,1828,1794
41,28,81,45,64,34,43,52,82,57,24,770,1228,1621,1953,2271,2593,2888,3125,3145,3111,3147,3122,3135,3152,3135,3127,3154,3107,3151,3123,3145,3116,3150,3142,3142,3149,3116,3141,3154,3123,3127,3123,3136,3126,3149,3145,3141,3144,3129
41,73,63,26,71,54,51,41,66,39,31,58,56,63,37,69,63,61,66,50,57,63,34,58,66,64,41,67,57,58,22,59,59,1169,1877,2475,3025,3511,3987,3975,3952,3957,3957,4002,3973,3954,3968,3993,3971,3956
1,18,13,1,30,39,5,22,0,0,16,36,9,25,6,20,4,30,13,18,2,14,0,13,15,11,12,28,18,10,0,0,8,3,406,679,920,1096,1284,1468,1612,1780,1937,2080,2065,2073,2053,2062,2070,2072
61,41,36,51,64,66,32,41,45,50,59,47,51,32,46,57,529,825,1080,1308,1518,1736,1908,2087,2251,2458,2428,2446,2424,2465,2449,2446,2455,2441,2457,2446,2452,2454,2445,2461,2419,2433,2462,2443,2439,2439,2442,2445,2446,2438
41,46,44,27,27,45,21,15,39,626,1003,1317,1605,1900,2121,2335,2352,2362,2346,2364,2339,2349,2349,2377,2344,2369,2359,2348,2384,2346,2378,2353,2373,2384,2358,2363,2367,2361,2361,2375,2362,2359,2361,2375,2327,2343,2349,2353,2348,2353
9,4,22,18,6,4,0,3,12,3,0,20,13,0,6,6,30,16,2,11,26,0,9,8,4,0,1130,1798,2374,2884,3390,3374,3370,3380,3389,3361,3384,3394,3378,3365,3367,3381,3370,3384,3377,3394,3380,3377,3408,3378
16,39,25,47,34,44,40,35,46,49,44,27,43,45,27,46,54,47,43,54,64,821,1303,1706,2083,2446,2729,3073,3347,3649,3647,3645,3659,3647,3657,3642,3650,3667,3649,3653,3648,3661,3619,3654,3634,3653,3635,3655,3639,3644
32,23,30,29,37,44,37,23,9,39,29,3,24,14,7,23,31,39,34,36,32,23,31,34,30,30,23,28,45,53,50,37,641,976,1320,1613,1840,2105,2106,2115,2100,2092,2116,2112,2114,2090,2117,2125,2116,2112
37,18,14,12,6,21,23,36,13,17,19,41,20,42,37,28,33,26,518,825,1086,1331,1559,1770,1964,2137,2306,2484,2486,2479,2479,2482,2488,2496,2481,2473,2496,2480,2478,2479,2472,2485,2494,2496,2465,2487,2503,2478,2472,2494
36,39,51,59,38,46,29,30,33,34,52,42,31,59,29,31,50,47,49,51,41,50,41,41,37,26,39,35,42,35,51,33,1335,2154,2847,3483,4048,4043,4041,4033,4058,4061,4057,4043,4059,4058,4057,4061,4054,4040
41,61,64,64,51,42,63,52,57,62,53,48,39,68,43,62,40,68,46,58,38,63,66,62,64,76,42,1131,1796,2373,2882,3336,3350,3348,3342,3347,3351,3334,3349,3343,3350,3360,3331,3351,3340,3360,3362,3327,3367,3359
30,58,48,65,61,46,41,29,13,41,51,48,30,73,49,42,46,55,51,53,50,41,39,44,24,72,44,76,33,46,1131,1841,2439,2965,3445,3907,3895,3909,3927,3912,3900,3916,3916,3928,3908,3918,3909,3898,3905,3926
37,25,14,29,27,46,64,40,32,39,27,43,49,21,22,28,40,26,42,790,1241,1627,2004,2324,2657,2928,2978,2959,2938,2970,2955,2954,2938,2951,2941,2960,2965,2960,2942,2956,2940,2929,2934,2950,2958,2940,2946,2946,2940,2944
9,3,31,18,37,21,27,24,16,15,18,17,22,46,44,31,41,25,3,0,36,30,36,24,18,13,33,982,1539,2061,2510,2932,3313,3695,4044,4043,4061,4073,4066,4070,4074,4060,4068,4068,4078,4060,4053,4061,4059,4059
19,25,18,37,30,6,39,25,24,5,36,40,31,23,44,28,19,15,30,16,15,27,34,19,12,26,17,19,43,23,28,26,0,6,683,1109,1438,1751,2062,2322,2581,2841,3094,3321,3327,3321,3300,3324,3324,3326
23,26,38,16,48,55,29,42,45,23,39,55,29,30,24,38,44,28,23,45,28,25,36,25,19,46,39,4,456,720,956,1173,1335,1507,1685,1700,1685,1676,1665,1712,1687,1684,1668,1673,1694,1680,1669,1686,1705,1692
64,49,55,58,54,46,39,43,65,55,58,66,59,46,774,1222,1608,1956,2275,2576,2858,3151,3119,3131,3130,3124,3135,3142,3118,3126,3148,3155,3159,3138,3127,3128,3145,3122,3137,3137,3136,3138,3134,3132,3135,3159,3119,3131,3134,3128
47,35,58,42,42,27,33,40,39,50,48,53,53,31,62,47,37,44,70,53,32,50,41,53,1298,2133,2802,3416,3976,3980,3989,3994,4001,3989,3979,3980,3992,3985,3986,3990,3996,4000,3972,4008,3997,3989,4000,3959,3993,3971
37,43,28,43,11,21,29,0,21,36,25,780,1258,1660,2028,2373,2672,2989,3259,3576,3830,3845,3819,3826,3847,3822,3822,3848,3813,3846,3819,3850,3825,3799,3843,3786,3838,3819,3818,3839,3831,3833,3813,3823,3850,3830,3833,3850,3845,3837
23,15,1,6,13,15,27,1,7,1,7,14,0,0,19,20,0,0,14,14,19,17,18,33,15,28,11,14,37,5,18,665,1105,1459,1776,2052,2090,2087,2081,2065,2080,2079,2071,2089,2107,2067,2064,2074,2076,2079
36,53,32,16,36,8,18,48,21,11,49,28,1146,1840,2418,2977,3439,3917,3929,3909,3922,3928,3914,3912,3921,3927,3936,3946,3916,3936,3909,3914,3921,3919,3915,3903,3915,3918,3928,3917,3914,3922,3921,3915,3922,3919,3928,3920,3905,3923
15,21,0,52,26,18,19,34,13,33,29,4,18,32,9,20,13,15,0,22,0,4,30,31,0,0,8,33,919,1459,1944,2381,2736,3132,3500,3466,3479,3459,3495,3472,3462,3469,3485,3481,3459,3500,3480,3466,3500,3485
16,20,37,22,8,15,15,40,3,2,8,23,25,10,0,12,32,10,19,39,13,42,24,13,27,20,33,27,14,14,21,0,841,1381,1798,2201,2585,2944,3270,3257,3251,3278,3254,3255,3263,3269,3267,3251,3277,3295
10,26,14,25,32,0,9,8,0,12,10,13,36,25,30,27,0,29,39,0,33,535,868,1149,1390,1605,1832,2050,2237,2447,2650,2665,2634,2638,2645,2631,2635,2641,2632,2638,2657,2652,2647,2636,2637,2633,2635,2641,2642,2649
32,31,37,27,41,17,44,970,1551,2027,2492,2905,3299,3648,3658,3667,3660,3630,3660,3654,3676,3666,3660,3656,3693,3654,3670,3632,3671,3654,3678,3647,3633,3663,3658,3646,3661,3642,3649,3668,3639,3671,3663,3671,3651,3670,3640,3662,3647,3652
34,36,25,41,40,28,12,49,38,46,41,28,33,27,28,10,28,31,18,14,13,14,45,476,744,988,1205,1411,1615,1765,1939,2095,2122,2093,2119,2110,2112,2127,2105,2107,2126,2095,2114,2121,2111,2110,2103,2112,2104,2111
41,31,53,39,44,39,541,851,1107,1349,1555,1741,1960,2151,2336,2526,2496,2495,2498,2528,2495,2509,2489,2509,2496,2492,2510,2518,2517,2512,2513,2511,2490,2479,2503,2506,2502,2526,2507,2485,2490,2490,2499,2496,2516,2497,2504,2518,2493,2502
15,9,34,0,0,0,39,15,6,8,0,0,27,26,4,18,8,14,0,8,0,9,21,23,0,9,10,0,11,893,1458,1914,2323,2744,3087,3439,3798,3811,3785,3780,3788,3794,3783,3778,3794,3787,3790,3791,3785,3805
58,61,53,79,37,48,66,60,45,61,62,40,58,43,61,37,84,39,44,52,54,75,41,53,68,58,1080,1727,2276,2767,3247,3676,4092,4064,4094,4057,4088,4063,4077,4081,4077,4082,4068,4095,4075,4065,4066,4070,4095,4066
9,11,0,17,14,11,11,20,19,10,19,0,4,22,9,0,13,0,0,14,22,9,38,23,13,30,24,419,605,822,1017,1170,1326,1494,1635,1772,1885,1914,1905,1928,1906,1896,1891,1923,1913,1891,1929,1908,1910,1882
55,47,66,45,56,39,59,540,839,1097,1348,1556,1554,1542,1526,1547,1511,1530,1544,1553,1541,1552,1531,1524,1529,1544,1553,1536,1542,1553,1521,1541,1540,1529,1552,1552,1551,1541,1563,1550,1554,1522,1567,1527,1558,1551,1540,1550,1565,1564
44,27,38,55,35,39,69,53,65,65,29,50,40,58,40,36,48,57,30,26,41,65,41,60,28,73,34,34,49,65,61,48,52,54,1089,1700,2246,2738,3183,3639,3612,3629,3612,3611,3620,3640,3624,3646,3627,3614
72,39,44,64,72,65,71,53,52,64,49,42,63,59,64,46,51,82,52,63,53,67,67,67,50,75,50,44,831,1316,1726,2083,2413,2762,3068,3370,3651,3656,3641,3660,3656,3654,3655,3661,3641,3647,3649,3648,3672,3657
18,35,22,6,13,28,23,20,29,18,44,13,30,20,12,20,33,20,12,24,26,28,41,25,19,7,9,32,27,26,25,28,19,39,759,1238,1634,2009,2336,2649,2943,3207,3491,3493,3532,3531,3488,3511,3515,3501
25,9,17,31,19,20,18,10,23,0,26,1052,1676,2229,2714,3171,3601,3588,3625,3595,3605,3609,3606,3594,3599,3605,3600,3582,3612,3590,3621,3609,3594,3600,3602,3619,3619,3622,3591,3584,3591,3597,3596,3620,3596,3602,3574,3588,3617,3607
57,44,57,43,47,37,42,71,47,56,33,40,61,808,1300,1737,2093,2421,2789,3050,3355,3359,3376,3346,3351,3379,3379,3373,3387,3331,3361,3371,3365,3340,3360,3337,3367,3355,3369,3354,3349,3342,3373,3355,3356,3351,3345,3388,3363,3345
40,32,22,32,24,6,29,35,47,36,12,23,37,0,21,36,18,33,26,30,13,13,1209,1916,2535,3092,3598,4095,4095,4095,4072,4095,4095,4064,4095,4095,4095,4083,4071,4075,4095,4095,4095,4076,4095,4080,4094,4075,4078,4084
41,45,49,48,37,45,50,49,43,45,23,48,51,31,40,43,775,1191,1578,1941,2264,2555,2850,3138,3143,3128,3140,3148,3117,3136,3143,3142,3112,3127,3112,3147,3147,3111,3125,3130,3119,3113,3117,3113,3109,3128,3101,3102,3122,3123
29,43,39,30,44,50,64,46,81,40,43,41,49,59,46,50,41,55,26,45,30,45,48,437,684,900,1089,1256,1439,1594,1719,1869,1881,1876,1868,1874,1883,1881,1889,1880,1870,1888,1882,1857,1873,1862,1898,1863,1894,1866
45,30,45,60,32,63,27,41,37,47,43,53,43,63,43,36,42,57,54,45,58,60,49,50,23,58,518,814,1062,1278,1491,1683,1893,2054,2235,2420,2416,2416,2395,2399,2425,2429,2395,2402,2396,2437,2445,2428,2420,2397
15,13,14,8,0,13,1,25,0,9,6,19,46,0,43,2,17,0,9,7,15,9,20,19,8,29,7,0,9,531,861,1176,1417,1651,1889,2087,2303,2502,2675,2688,2692,2693,2699,2688,2687,2696,2670,2678,2674,2665
73,53,46,47,67,46,56,26,37,53,56,68,55,75,49,43,70,55,76,56,65,65,48,72,58,56,64,65,73,821,1286,1709,2077,2409,2759,2736,2773,2749,2740,2750,2758,2737,2747,2759,2731,2755,2753,2758,2744,2762
9,18,0,36,39,14,21,16,546,889,1152,1425,1683,1913,2118,2313,2525,2540,2529,2504,2537,2528,2521,2536,2521,2509,2496,2515,2527,2531,2523,2525,2524,2523,2516,2527,2516,2528,2517,2536,2514,2519,2507,2525,2521,2514,2520,2520,2519,2515
16,18,19,53,18,20,41,730,1188,1557,1896,2211,2514,2784,3061,3331,3317,3306,3311,3314,3303,3314,3302,3307,3329,3320,3326,3343,3310,3306,3305,3323,3329,3333,3328,3337,3309,3320,3336,3304,3330,3332,3310,3316,3334,3310,3337,3321,3292,3331
19,0,23,35,2,25,24,6,39,47,38,42,0,1024,1634,2159,2634,3092,3052,3079,3081,3051,3068,3066,3084,3094,3092,3073,3086,3083,3076,3090,3088,3085,3084,3081,3098,3061,3058,3101,3073,3075,3082,3079,3087,3079,3063,3056,3071,3077
59,66,64,74,52,42,56,36,66,70,46,53,55,80,74,66,49,71,58,53,766,1179,1524,1850,2156,2468,2461,2445,2440,2462,2453,2442,2453,2431,2436,2487,2471,2440,2452,2451,2455,2472,2451,2463,2447,2452,2449,2477,2452,2452
24,43,12,10,11,31,41,13,57,39,14,37,6,18,18,35,35,25,33,22,40,22,17,15,16,40,11,13,29,24,26,18,462,721,967,1191,1383,1563,1753,1750,1742,1711,1747,1723,1741,1742,1720,1755,1731,1735
79,64,60,37,69,27,57,47,64,42,36,37,52,60,61,69,52,63,971,1522,2013,2451,2897,2880,2881,2864,2886,2861,2870,2882,2876,2893,2883,2883,2868,2890,2872,2877,2871,2860,2888,2875,2873,2857,2871,2868,2879,2878,2903,2893
6,8,30,19,12,17,1,15,34,25,14,26,0,8,19,20,11,27,0,418,675,910,1089,1278,1436,1622,1780,1929,1909,1916,1946,1931,1918,1929,1935,1931,1932,1943,1913,1927,1918,1917,1926,1924,1935,1941,1902,1926,1904,1926
24,25,46,13,33,18,42,24,45,26,53,18,17,36,33,31,33,15,28,36,13,36,44,614,974,1282,1549,1803,2038,2321,2518,2726,2933,2928,2930,2941,2936,2948,2944,2918,2946,2925,2925,2953,2915,2916,2954,2942,2926,2940
47,55,53,41,64,33,70,52,42,64,50,63,54,71,47,63,56,33,43,57,32,32,58,60,877,1429,1888,2290,2681,2660,2660,2667,2653,2662,2661,2673,2691,2676,2674,2671,2686,2665,2661,2677,2674,2653,2679,2656,2663,2688
56,15,31,36,35,27,40,627,1040,1342,1621,1916,2158,2163,2155,2162,2152,2177,2176,2149,2148,2163,2161,2165,2143,2173,2163,2145,2155,2160,2162,2170,2164,2166,2158,2148,2164,2142,2146,2156,2161,2149,2174,2144,2174,2160,2142,2179,2152,2160
0,0,8,0,7,0,11,16,19,18,7,15,0,0,965,1549,2057,2524,2928,3347,3704,4092,4095,4095,4071,4095,4089,4086,4076,4081,4072,4095,4049,4092,4073,4079,4091,4075,4081,4082,4091,4087,4095,4080,4075,4068,4084,4083,4078,4086
0,10,15,28,21,15,12,0,12,0,0,14,30,0,0,3,0,22,24,20,39,3,9,25,23,31,0,714,1161,1546,1892,2197,2199,2204,2224,2221,2176,2199,2211,2186,2198,2221,2203,2194,2185,2218,2199,2193,2212,2195
12,6,32,19,30,43,23,20,20,42,44,14,40,31,27,35,11,924,1454,1931,2354,2752,2757,2744,2752,2744,2749,2757,2734,2756,2739,2737,2765,2742,2764,2757,2767,2752,2741,2739,2747,2754,2783,2746,2727,2747,2737,2759,2742,2726
6,18,2,16,18,8,4,8,35,0,31,2,22,32,6,10,16,13,936,1508,2019,2448,2849,2842,2841,2862,2843,2842,2863,2835,2850,2864,2839,2855,2855,2855,2857,2861,2849,2854,2855,2839,2845,2849,2841,2864,2851,2856,2845,2861
47,23,24,33,24,30,55,48,34,13,23,50,56,62,37,32,45,22,32,21,40,35,45,24,39,23,33,18,51,36,46,26,55,20,797,1305,1692,2079,2420,2757,3054,3349,3650,3639,3634,3613,3641,3651,3616,3631
17,16,36,61,31,70,44,35,36,40,16,46,55,37,35,54,29,41,61,43,52,61,47,39,38,56,42,16,57,612,968,1250,1526,1781,2033,2048,2019,2012,2036,2046,2029,2044,2023,2041,2020,2027,2026,2026,2017,2012
72,54,53,79,67,72,58,46,66,61,57,64,58,67,69,46,43,54,431,680,874,1066,1218,1397,1532,1647,1810,1803,1823,1817,1815,1814,1808,1803,1817,1810,1818,1829,1818,1812,1800,1808,1789,1803,1808,1813,1795,1813,1800,1796
34,18,2,28,0,24,18,30,27,15,24,16,13,33,13,479,773,996,1242,1477,1631,1853,1813,1842,1810,1817,1814,1839,1833,1822,1832,1833,1804,1813,1819,1828,1822,1834,1811,1803,1835,1811,1842,1830,1832,1828,1815,1813,1830,1829
43,14,26,44,42,46,61,36,70,37,61,47,47,45,37,46,30,43,54,36,41,51,60,27,35,39,36,38,59,35,45,49,42,34,51,958,1539,2032,2476,2859,3280,3263,3274,3260,3248,3274,3265,3277,3286,3261
35,7,17,45,39,35,31,30,34,23,12,39,1166,1856,2485,3018,3535,3995,4008,3990,4008,4003,4008,4003,4009,4019,3991,4014,4010,4005,4003,4009,4001,4015,4002,4017,4010,3987,4009,3998,4014,4008,4012,4016,4009,3996,4010,4015,4019,4019
24,29,25,32,31,13,25,18,32,29,27,23,21,34,13,25,23,11,40,28,21,34,15,19,370,560,734,873,1039,1198,1307,1425,1549,1678,1692,1662,1674,1680,1686,1689,1677,1663,1662,1701,1683,1655,1669,1689,1684,1669
53,61,29,31,30,55,42,35,29,13,24,28,52,51,40,56,42,36,44,48,34,25,53,57,25,31,49,35,577,944,1229,1506,1729,1992,2180,2426,2607,2611,2638,2603,2630,2597,2610,2630,2624,2638,2625,2605,2619,2609
47,61,74,70,50,67,68,73,49,67,56,65,49,61,1134,1799,2389,2932,3371,3835,3820,3833,3833,3842,3822,3853,3834,3841,3844,3849,3817,3841,3831,3842,3847,3844,3844,3841,3837,3839,3822,3847,3843,3837,3847,3849,3858,3831,3860,3846
22,56,41,33,51,16,25,33,32,28,53,51,52,48,31,17,46,38,51,24,48,53,41,36,28,41,26,48,27,8,37,38,39,35,39,546,844,1125,1371,1588,1781,1998,2179,2357,2367,2378,2380,2376,2373,2365
52,32,59,46,59,33,60,36,48,46,35,53,44,31,26,56,35,44,40,49,37,36,35,49,41,30,38,41,54,51,719,1138,1469,1815,2130,2140,2133,2121,2131,2127,2110,2130,2123,2132,2134,2136,2115,2128,2133,2131
26,29,38,69,80,56,38,37,40,53,693,1088,1441,1756,2050,2316,2292,2297,2306,2322,2327,2305,2300,2293,2291,2309,2315,2305,2310,2294,2315,2310,2306,2295,2305,2329,2292,2302,2326,2300,2319,2317,2299,2304,2294,2321,2305,2311,2310,2305
45,31,43,40,27,39,41,30,32,723,1137,1517,1828,2125,2420,2707,2686,2705,2708,2693,2698,2698,2726,2694,2706,2710,2686,2689,2689,2691,2696,2703,2700,2708,2698,2703,2704,2724,2707,2706,2680,2679,2685,2701,2701,2684,2703,2700,2689,2686
21,18,18,33,10,2,21,6,24,0,505,818,1081,1315,1529,1768,1948,2147,2317,2480,2503,2489,2503,2471,2475,2487,2486,2510,2480,2472,2493,2481,2487,2471,2487,2475,2477,2492,2477,2495,2501,2469,2485,2485,2484,2462,2488,2508,2485,2476
36,44,38,55,56,44,40,28,38,7,36,24,44,19,49,24,33,729,1195,1561,1912,2219,2511,2524,2521,2524,2515,2498,2529,2510,2527,2510,2514,2525,2538,2520,2541,2524,2521,2531,2543,2511,2512,2512,2522,2501,2530,2505,2507,2524
38,58,48,35,40,59,45,45,33,47,30,45,55,65,33,43,742,1155,1512,1855,2156,2457,2732,3010,3257,3493,3505,3491,3513,3522,3509,3502,3502,3524,3495,3506,3507,3523,3529,3512,3502,3514,3494,3508,3498,3509,3494,3516,3501,3507
35,33,13,66,39,65,52,63,23,43,46,35,50,50,55,61,1056,1699,2243,2739,3188,3171,3209,3180,3201,3181,3192,3205,3191,3187,3209,3209,3183,3165,3179,3188,3197,3189,3176,3186,3187,3224,3180,3203,3194,3194,3196,3190,3203,3184
43,53,56,56,63,58,50,51,64,33,20,28,62,24,57,59,13,56,19,45,43,83,44,30,35,38,24,37,54,32,50,45,59,875,1360,1799,2175,2543,2891,3200,3527,3533,3516,3516,3522,3533,3537,3517,3526,3514
44,40,62,52,35,43,54,11,38,3,29,17,31,16,22,50,39,45,34,54,47,27,31,36,47,45,36,34,27,26,895,1413,1890,2300,2672,2710,2667,2684,2691,2699,2696,2692,2696,2699,2670,2702,2688,2697,2678,2656
27,10,43,29,41,42,21,17,42,40,25,46,35,37,21,43,21,18,45,23,34,46,23,49,19,43,36,26,33,47,43,56,631,1027,1369,1659,1916,2176,2420,2685,2672,2640,2675,2648,2684,2628,2664,2658,2671,2658
76,39,49,36,75,75,53,43,68,54,43,57,62,48,57,66,50,61,19,61,56,65,52,56,38,45,65,67,71,50,71,795,1203,1615,1944,2246,2560,2853,3105,3108,3113,3119,3130,3101,3108,3096,3115,3131,3111,3097
0,11,5,11,16,16,18,10,0,17,30,10,6,20,16,30,0,17,12,1031,1699,2247,2732,3183,3214,3175,3186,3153,3184,3181,3164,3182,3173,3181,3194,3175,3180,3180,3188,3179,3163,3167,3186,3169,3187,3206,3186,3173,3210,3151
30,35,9,43,28,38,45,38,23,53,26,27,45,35,41,12,16,42,37,24,41,25,25,30,19,18,34,17,12,21,47,19,37,39,10,645,1004,1321,1596,1858,2112,2360,2579,2587,2581,2588,2578,2569,2580,2587
34,45,21,15,19,41,0,35,10,21,25,20,16,11,38,33,15,13,24,25,19,15,25,29,19,23,22,26,21,8,32,17,30,1,25,17,721,1143,1513,1836,2155,2429,2704,2951,3204,3441,3484,3481,3456,3458
5,14,10,13,17,13,0,17,28,17,20,36,18,12,8,28,0,0,0,16,508,781,1064,1298,1519,1711,1928,2112,2301,2449,2437,2458,2444,2441,2448,2474,2459,2456,2455,2452,2445,2458,2434,2442,2437,2445,2465,2455,2454,2440
20,28,48,34,66,13,44,55,39,24,38,34,14,41,50,44,43,45,37,576,953,1235,1501,1727,1975,2153,2385,2362,2394,2400,2411,2398,2398,2378,2395,2417,2400,2406,2404,2389,2374,2411,2387,2410,2384,2401,2406,2407,2391,2415
26,46,20,38,43,45,46,14,37,53,41,25,36,44,32,41,42,49,26,57,52,36,35,934,1494,1960,2432,2816,2803,2826,2801,2807,2812,2818,2806,2818,2837,2796,2807,2802,2807,2826,2812,2800,2813,2824,2815,2797,2815,2808
36,56,51,70,34,51,56,57,794,1298,1675,2045,2385,2381,2385,2391,2413,2392,2380,2387,2398,2395,2387,2380,2386,2382,2375,2400,2384,2372,2403,2373,2390,2364,2411,2407,2376,2396,2385,2398,2383,2380,2391,2405,2381,2409,2402,2385,2401,2387
38,16,5,10,20,42,13,26,26,22,8,7,7,43,8,29,801,1281,1688,2058,2393,2738,3029,3312,3625,3611,3621,3621,3615,3612,3625,3610,3610,3599,3608,3589,3614,3611,3614,3591,3632,3593,3603,3613,3625,3612,3610,3616,3629,3609
56,54,87,53,52,50,38,50,37,68,51,34,65,53,48,55,48,83,1048,1682,2203,2690,3158,3138,3129,3162,3174,3134,3152,3155,3145,3143,3132,3109,3127,3138,3150,3139,3155,3145,3139,3148,3151,3147,3139,3140,3139,3139,3134,3161
42,73,35,53,51,49,44,42,45,62,53,58,36,61,19,47,48,49,38,54,64,70,56,58,49,24,73,797,1227,1614,1976,2269,2580,2893,3158,3429,3698,3683,3696,3692,3695,3678,3678,3674,3695,3686,3706,3706,3709,3684
41,47,49,31,43,45,46,46,35,37,39,41,49,53,49,983,1549,2030,2469,2896,3293,3279,3300,3293,3268,3284,3283,3296,3268,3271,3265,3282,3287,3286,3281,3292,3292,3274,3285,3288,3284,3280,3290,3279,3281,3283,3276,3293,3291,3298
16,20,36,42,32,15,0,26,37,22,22,12,20,5,24,29,30,10,14,0,39,7,864,1361,1786,2208,2556,2919,2908,2875,2914,2885,2907,2905,2918,2905,2917,2902,2907,2906,2896,2907,2910,2898,2907,2910,2889,2907,2877,2907
42,30,38,30,47,61,31,49,36,34,37,48,34,36,20,38,29,48,30,24,37,55,28,49,52,56,41,33,25,581,901,1202,1461,1692,1922,2140,2357,2559,2737,2730,2738,2742,2750,2737,2718,2743,2731,2759,2728,2716
31,30,64,41,32,37,43,31,20,38,27,35,33,25,17,13,25,47,21,33,42,44,21,26,47,38,29,22,56,30,41,49,17,25,44,600,907,1243,1496,1765,1964,1992,2002,1986,2011,1981,1979,1978,1972,2001
1,11,13,37,8,8,10,10,32,23,13,9,0,22,4,17,5,21,21,0,17,5,0,15,7,8,19,3,9,13,10,25,0,604,954,1240,1540,1774,2032,2280,2482,2693,2911,2896,2902,2889,2897,2886,2882,2884
56,24,0,16,21,32,0,10,8,17,7,1092,1781,2310,2826,3295,3757,3742,3767,3762,3771,3759,3749,3757,3755,3749,3778,3788,3751,3778,3760,3767,3781,3750,3763,3752,3755,3753,3769,3751,3758,3757,3763,3781,3759,3742,3769,3774,3766,3758
33,54,54,54,53,26,36,65,43,50,47,51,21,48,48,34,56,52,57,47,45,38,33,36,43,56,43,57,37,51,47,45,47,17,41,665,1057,1373,1683,1956,2218,2454,2690,2699,2689,2686,2697,2711,2679,2687
33,33,47,46,36,54,41,32,19,19,60,21,23,32,42,50,44,33,40,32,42,37,43,54,48,68,39,42,1012,1588,2101,2560,2994,3397,3389,3392,3391,3412,3394,3385,3413,3398,3397,3400,3404,3384,3418,3416,3395,3368
21,26,33,18,33,26,14,6,24,20,934,1510,2010,2464,2867,3248,3236,3254,3261,3265,3246,3255,3262,3239,3256,3261,3241,3239,3268,3235,3257,3241,3259,3251,3253,3266,3270,3262,3250,3269,3262,3280,3266,3250,3254,3239,3272,3256,3247,3257
49,6,14,20,30,47,29,43,35,22,16,34,18,27,32,27,46,1039,1683,2182,2668,3145,3567,3946,3975,3948,3967,3964,3938,3960,3952,3967,3980,3962,3960,3958,3951,3948,3948,3930,3952,3955,3969,3938,3956,3955,3959,3957,3968,3951
5,21,14,3,16,32,0,4,28,29,28,33,18,11,18,14,17,18,5,15,17,18,0,35,9,29,16,11,31,588,938,1266,1531,1784,2034,2263,2469,2686,2677,2677,2691,2693,2687,2670,2687,2674,2692,2690,2695,2683
59,38,64,56,3,41,40,44,24,45,816,1313,1740,2102,2468,2790,3099,3406,3677,3963,3970,3982,3965,3989,3998,3970,3975,3971,3961,3959,3962,3978,3962,3966,3974,3958,3957,3979,3967,3970,3974,3966,3968,3979,3980,3953,3985,3977,3947,3957
35,34,20,38,12,33,16,22,26,19,32,21,22,17,24,27,37,15,29,42,11,22,36,25,39,26,13,32,39,8,22,20,49,39,54,14,1030,1611,2146,2637,3057,3480,3459,3474,3492,3479,3477,3476,3479,3468
65,49,47,36,44,67,37,34,43,42,57,57,46,43,28,50,38,39,27,50,35,47,36,35,43,46,714,1116,1496,1827,2140,2389,2676,2911,3184,3421,3408,3434,3423,3418,3415,3416,3427,3442,3430,3422,3418,3424,3416,3413
23,29,30,14,13,35,23,41,32,44,40,39,24,17,24,40,30,35,10,29,39,43,34,21,40,27,18,49,33,46,38,35,33,29,570,895,1185,1466,1701,1928,2155,2356,2361,2369,2341,2358,2335,2359,2352,2370
60,65,56,60,86,60,51,32,58,37,46,69,82,61,72,646,1032,1346,1607,1887,2153,2376,2604,2593,2611,2615,2607,2619,2607,2604,2617,2602,2621,2589,2597,2587,2597,2600,2615,2611,2592,2614,2629,2623,2600,2598,2621,2613,2628,2601
24,35,21,13,50,20,0,316,542,703,857,986,1096,1220,1383,1480,1575,1581,1584,1582,1591,1604,1599,1591,1584,1562,1577,1594,1589,1587,1593,1576,1596,1597,1590,1582,1593,1583,1601,1602,1594,1589,1605,1598,1581,1572,1591,1580,1578,1580
13,0,16,28,18,37,0,17,847,1392,1814,2215,2602,2977,3314,3609,3941,3914,3910,3959,3950,3927,3946,3916,3934,3934,3917,3939,3931,3925,3922,3938,3941,3930,3946,3928,3941,3937,3934,3928,3941,3940,3954,3957,3940,3948,3920,3919,3931,3934
61,55,65,60,70,54,49,55,57,70,55,80,60,60,59,68,44,52,51,36,44,47,57,69,59,50,65,31,57,69,42,55,51,56,57,57,628,968,1295,1568,1797,2067,2301,2519,2736,2929,2930,2925,2917,2936
0,18,16,6,14,13,5,19,6,5,32,12,22,8,10,31,27,33,21,40,15,0,0,5,31,28,43,27,38,20,44,22,0,41,417,685,898,1071,1257,1446,1616,1753,1926,1921,1909,1902,1915,1911,1900,1910
39,29,29,55,32,34,45,33,53,37,19,46,48,51,58,54,35,37,20,48,38,42,50,47,48,842,1347,1775,2157,2516,2860,3175,3456,3799,4056,4078,4059,4046,4069,4041,4052,4046,4057,4081,4073,4059,4068,4074,4080,4057
59,55,53,53,54,29,59,50,59,39,67,39,36,45,840,1348,1793,2157,2499,2842,3164,3459,3759,4061,4059,4056,4049,4061,4074,4063,4068,4053,4068,4045,4052,4053,4052,4044,4065,4052,4077,4061,4057,4065,4064,4044,4043,4060,4049,4058
43,32,35,37,49,38,22,22,47,9,50,23,52,43,23,26,37,32,29,58,52,28,28,1046,1662,2182,2629,3131,3118,3123,3111,3128,3126,3099,3123,3119,3141,3127,3122,3114,3140,3109,3080,3126,3106,3123,3102,3135,3103,3102
15,10,1,7,33,20,23,13,20,13,35,11,17,0,21,26,33,26,34,16,15,22,11,0,34,23,7,800,1318,1716,2122,2484,2806,3114,3416,3425,3425,3420,3408,3438,3437,3419,3432,3410,3428,3421,3435,3430,3432,3420
35,48,43,47,55,38,30,32,49,58,39,53,45,41,39,31,36,43,44,16,49,23,37,54,44,555,861,1145,1378,1614,1831,2034,2210,2429,2411,2410,2421,2418,2410,2410,2399,2424,2416,2407,2421,2405,2410,2392,2398,2411
15,1,8,28,12,28,12,8,28,23,30,11,35,33,19,7,13,743,1229,1623,1964,2318,2631,2930,3217,3484,3740,3740,3756,3755,3732,3730,3739,3750,3738,3733,3758,3750,3766,3733,3773,3748,3747,3736,3733,3741,3735,3746,3730,3741
49,34,50,59,39,25,55,47,53,55,41,56,46,72,76,33,36,56,43,43,35,47,43,46,28,37,39,45,33,48,42,48,55,36,968,1556,2048,2483,2931,3296,3670,3674,3675,3673,3647,3678,3661,3673,3689,3683
58,48,53,60,48,59,44,54,61,34,48,61,40,28,68,35,65,44,60,43,52,76,52,61,51,51,38,64,41,44,29,66,68,35,747,1197,1572,1912,2241,2518,2797,3082,3350,3597,3608,3599,3602,3596,3598,3570
1,10,22,7,20,13,33,8,7,19,14,0,10,10,4,17,14,673,1085,1434,1742,2059,2334,2584,2849,3083,3318,3323,3349,3314,3321,3327,3337,3345,3316,3330,3315,3324,3338,3327,3305,3321,3308,3350,3339,3321,3334,3332,3333,3336
41,79,49,52,59,59,64,63,48,78,55,65,40,66,58,61,51,48,70,42,45,41,59,33,60,62,41,66,31,38,646,1023,1340,1602,1913,2144,2395,2609,2848,3056,3037,3055,3028,3072,3067,3052,3040,3028,3033,3050
50,49,55,46,60,36,45,71,51,29,56,53,30,41,35,77,41,52,53,32,68,38,36,49,45,63,46,60,608,950,1262,1521,1793,2042,2240,2446,2669,2857,2854,2860,2870,2879,2868,2878,2847,2868,2872,2866,2848,2864
2,0,5,3,0,8,24,0,26,17,22,398,655,864,1010,1209,1370,1514,1669,1676,1696,1676,1676,1661,1663,1693,1673,1674,1642,1683,1664,1682,1676,1658,1681,1677,1658,1670,1669,1679,1686,1680,1669,1673,1694,1649,1681,1654,1672,1660
51,51,58,61,49,42,42,40,44,40,70,53,63,22,57,38,52,44,53,28,61,57,49,46,39,52,52,45,45,48,46,48,59,66,56,46,552,864,1155,1384,1610,1836,2020,2236,2421,2430,2432,2423,2415,2417
33,46,23,37,12,53,665,1077,1394,1719,2008,2248,2527,2762,3030,3232,3249,3244,3236,3224,3263,3228,3222,3245,3252,3228,3222,3254,3251,3238,3234,3222,3217,3218,3220,3236,3239,3241,3230,3257,3237,3243,3238,3236,3215,3229,3235,3238,3234,3251
27,22,28,18,30,7,5,0,19,1,47,24,11,14,29,819,1330,1762,2147,2542,2884,3183,3477,3768,4063,4084,4090,4083,4092,4080,4070,4074,4088,4078,4074,4066,4094,4081,4080,4058,4095,4066,4070,4078,4069,4085,4065,4061,4062,4061
50,66,52,53,46,46,76,54,53,63,54,51,66,61,52,62,30,53,35,57,50,68,60,79,35,50,50,50,604,901,1214,1453,1702,1946,2150,2327,2540,2544,2543,2545,2556,2538,2558,2550,2553,2564,2546,2569,2545,2558
56,28,62,68,50,54,42,47,51,58,57,53,25,29,61,44,70,65,44,42,82,54,61,43,49,51,43,65,37,37,75,55,51,54,60,1338,2152,2843,3445,4011,4010,4002,4001,4027,4037,4025,4032,4015,4035,4018
44,18,36,34,45,40,61,35,34,49,60,48,59,44,40,46,40,54,56,39,44,52,57,45,38,26,48,55,64,43,60,592,937,1236,1506,1748,1983,1989,1978,1996,1972,1978,1985,1980,1983,1987,1976,1967,1973,1976
61,59,58,49,53,36,48,52,581,925,1221,1502,1730,1959,2164,2394,2576,2589,2580,2577,2585,2574,2580,2589,2559,2554,2583,2564,2578,2589,2578,2591,2582,2585,2578,2580,2603,2574,2596,2567,2578,2564,2571,2577,2574,2586,2584,2561,2587,2583
57,61,53,63,54,65,66,50,59,56,717,1150,1485,1813,2110,2407,2381,2397,2390,2377,2389,2394,2391,2400,2378,2401,2386,2397,2378,2397,2377,2408,2405,2389,2385,2369,2379,2389,2380,2390,2396,2384,2399,2392,2381,2408,2401,2396,2377,2399
28,21,35,35,24,30,22,19,15,16,21,18,28,16,19,20,27,25,43,654,1063,1364,1675,1974,2230,2459,2711,2933,2930,2945,2959,2954,2943,2955,2945,2962,2953,2946,2971,2940,2956,2936,2911,2955,2943,2960,2922,2946,2934,2936
26,46,32,35,36,35,55,42,52,38,23,57,26,24,48,444,725,943,1156,1326,1502,1674,1692,1682,1667,1673,1643,1666,1662,1677,1676,1672,1675,1696,1668,1678,1688,1672,1633,1676,1656,1664,1669,1679,1679,1664,1663,1678,1671,1674
46,33,58,12,68,21,44,530,853,1110,1334,1551,1738,1954,2133,2308,2492,2471,2490,2497,2503,2475,2484,2499,2466,2498,2484,2482,2507,2490,2482,2491,2495,2457,2484,2469,2485,2488,2468,2488,2475,2486,2481,2494,2502,2486,2491,2491,2499,2470
55,24,21,34,37,36,44,18,31,13,46,652,1030,1400,1662,1939,2221,2456,2705,2950,3164,3171,3163,3153,3183,3136,3163,3145,3171,3145,3157,3162,3168,3146,3140,3147,3152,3160,3136,3159,3158,3142,3151,3155,3146,3141,3183,3155,3166,3135
0,16,16,0,10,0,0,3,13,18,2,29,24,25,21,2,15,2,18,703,1146,1501,1829,2149,2440,2679,2716,2714,2726,2710,2697,2722,2729,2709,2712,2711,2711,2727,2723,2734,2698,2714,2711,2730,2720,2709,2750,2724,2715,2714
17,31,25,30,28,27,9,22,24,11,9,20,0,8,21,17,1,14,14,28,15,17,20,1,9,9,28,7,15,14,424,626,837,1020,1204,1333,1496,1656,1629,1646,1652,1652,1641,1668,1651,1646,1667,1659,1672,1652
49,39,52,43,54,21,38,73,58,30,54,63,32,53,23,55,64,52,46,42,17,65,62,1227,1983,2611,3175,3689,3704,3703,3697,3690,3709,3701,3689,3700,3707,3673,3713,3699,3702,3741,3700,3691,3699,3696,3700,3687,3701,3688
53,68,38,58,31,47,67,69,70,601,919,1227,1463,1716,1934,2152,2337,2558,2560,2556,2536,2578,2549,2535,2558,2555,2569,2569,2549,2561,2568,2538,2570,2545,2548,2567,2576,2569,2572,2568,2566,2565,2574,2550,2579,2556,2553,2576,2565,2542
7,11,0,0,0,12,1,23,387,629,819,982,1180,1319,1482,1613,1764,1742,1763,1774,1756,1755,1748,1763,1747,1738,1761,1748,1746,1753,1751,1741,1733,1745,1758,1742,1733,1732,1741,1752,1753,1714,1763,1758,1759,1743,1735,1755,1740,1740
42,23,42,26,34,50,47,38,35,46,55,21,11,45,45,39,43,9,51,28,42,43,42,49,30,39,53,47,45,933,1522,1997,2420,2840,3220,3561,3927,3915,3918,3904,3894,3913,3927,3937,3919,3904,3910,3926,3939,3922
17,41,44,40,37,29,34,19,34,42,33,23,40,39,39,34,46,31,38,27,600,977,1280,1567,1838,2082,2313,2331,2335,2330,2289,2335,2300,2314,2292,2319,2329,2308,2322,2309,2305,2339,2309,2324,2329,2317,2304,2324,2335,2321
37,30,64,38,63,45,67,47,561,895,1156,1414,1620,1874,1854,1859,1844,1846,1857,1857,1843,1853,1842,1860,1863,1864,1846,1857,1874,1865,1861,1876,1852,1845,1864,1864,1864,1860,1860,1854,1864,1854,1876,1860,1868,1873,1848,1856,1844,1856
17,46,42,30,17,14,21,39,20,16,27,31,16,19,19,20,26,33,23,8,20,16,33,24,29,32,28,23,37,42,12,625,1016,1348,1651,1926,2192,2434,2668,2887,2891,2906,2907,2906,2898,2897,2904,2889,2895,2882
31,47,29,28,52,29,47,20,39,45,51,29,34,46,41,45,32,53,42,22,21,51,33,60,44,41,40,54,21,66,20,685,1105,1434,1772,2035,2321,2341,2300,2322,2319,2321,2311,2318,2329,2315,2315,2345,2342,2327
47,36,33,32,35,66,47,31,34,44,27,50,32,11,16,38,22,18,40,22,23,31,44,15,10,43,46,60,23,32,51,32,56,39,984,1535,2053,2487,2924,3276,3308,3286,3296,3300,3301,3294,3295,3290,3273,3296
27,28,13,34,48,24,33,37,53,7,20,36,34,27,24,29,15,21,35,19,31,26,31,10,40,34,45,27,923,1505,1964,2400,2818,3184,3528,3534,3523,3535,3533,3544,3540,3533,3549,3542,3520,3526,3539,3540,3547,3520
9,15,25,37,23,14,31,25,39,813,1293,1755,2118,2504,2852,3172,3469,3769,3762,3748,3723,3763,3761,3760,3745,3758,3749,3762,3754,3737,3736,3751,3764,3771,3761,3743,3756,3769,3759,3759,3755,3754,3745,3749,3741,3754,3769,3747,3741,3738
23,23,25,20,27,13,14,20,2,1,28,39,21,7,13,30,33,20,23,35,17,15,13,20,511,810,1084,1318,1536,1755,1913,2132,2138,2108,2129,2136,2129,2133,2135,2120,2105,2128,2106,2121,2106,2114,2124,2108,2115,2122
10,20,4,6,3,10,39,11,1,0,24,0,0,5,4,632,1052,1363,1669,1975,2264,2505,2727,2948,2978,2971,2967,2950,2972,2978,2966,2959,2956,2956,2956,2949,2970,2985,2986,2975,2973,2973,2970,2965,2971,2965,2984,2950,2982,2953
34,19,30,39,12,38,7,0,30,12,22,45,35,33,30,23,40,22,25,22,40,39,944,1533,2030,2457,2875,2881,2879,2873,2887,2883,2889,2893,2893,2913,2910,2892,2871,2874,2879,2893,2893,2890,2873,2891,2888,2887,2867,2892
3,20,17,9,0,12,16,25,0,6,18,18,6,0,10,24,0,0,945,1495,1995,2409,2825,3204,3195,3197,3220,3215,3216,3211,3194,3198,3203,3228,3197,3197,3205,3200,3216,3204,3204,3209,3193,3202,3204,3188,3233,3208,3214,3208
41,44,5,25,48,26,29,43,29,24,39,32,34,47,31,746,1176,1572,1901,2222,2513,2802,3086,3351,3597,3612,3619,3606,3588,3631,3591,3618,3578,3616,3607,3574,3582,3587,3600,3615,3582,3607,3584,3601,3595,3581,3575,3598,3582,3594
47,40,57,71,33,53,46,32,58,48,53,44,54,41,47,35,35,57,52,61,38,27,43,12,44,46,54,644,1004,1318,1593,1890,2129,2379,2612,2591,2615,2599,2604,2579,2595,2593,2602,2604,2585,2579,2577,2586,2608,2613
50,46,53,43,51,38,58,14,59,61,32,836,1310,1759,2122,2496,2485,2477,2481,2477,2459,2468,2466,2488,2486,2468,2460,2458,2470,2479,2480,2473,2485,2446,2453,2480,2465,2478,2477,2464,2478,2476,2465,2436,2461,2476,2470,2469,2486,2485
30,23,16,36,19,32,35,36,47,46,28,21,33,32,36,28,36,16,28,38,20,484,778,1054,1232,1466,1656,1846,2050,2015,2035,2039,2018,2036,2036,2013,2014,2038,2020,2026,2024,2027,2023,2009,2014,2013,2029,2037,2005,2022
10,27,20,56,35,1,48,14,20,29,29,15,24,5,24,36,34,18,31,25,49,12,33,23,24,518,767,1028,1248,1450,1650,1845,1998,2167,2338,2345,2336,2358,2356,2343,2346,2339,2331,2346,2337,2341,2329,2357,2337,2335
20,24,22,34,24,0,21,0,25,9,3,665,1087,1415,1715,2018,2291,2560,2817,3071,3042,3047,3051,3043,3054,3043,3068,3042,3047,3054,3056,3033,3039,3066,3045,3038,3068,3040,3068,3061,3053,3045,3047,3043,3031,3064,3051,3029,3071,3049
38,61,49,33,21,26,43,50,50,30,45,31,54,27,38,76,52,35,41,38,57,37,34,32,35,57,44,44,52,41,470,742,968,1171,1373,1547,1717,1894,2016,2039,2042,2031,2039,2046,2028,2046,2011,2048,2042,2022
41,49,54,64,84,45,46,60,599,892,1189,1417,1678,1912,2143,2107,2109,2106,2120,2107,2115,2121,2119,2110,2121,2134,2106,2124,2122,2143,2108,2123,2111,2114,2121,2125,2121,2128,2116,2136,2105,2100,2124,2129,2126,2148,2140,2138,2123,2115
48,53,26,48,56,56,44,54,44,31,41,55,41,48,46,50,52,53,59,659,1008,1338,1620,1908,2156,2366,2387,2396,2399,2392,2386,2376,2391,2396,2374,2387,2393,2386,2403,2388,2379,2395,2381,2391,2391,2417,2378,2399,2387,2389
29,37,42,19,57,53,48,39,37,30,66,390,613,804,965,1117,1268,1413,1553,1673,1817,1784,1825,1810,1775,1808,1818,1780,1801,1805,1806,1794,1801,1797,1800,1794,1803,1787,1806,1809,1812,1795,1795,1808,1831,1814,1803,1786,1804,1789
51,54,48,45,79,43,50,35,52,63,56,61,833,1296,1701,2073,2397,2765,3051,3050,3056,3056,3042,3049,3066,3060,3037,3044,3060,3058,3047,3038,3048,3042,3052,3044,3051,3037,3048,3028,3048,3037,3031,3058,3046,3051,3055,3034,3046,3041
59,47,46,46,22,31,47,62,21,35,42,51,44,42,47,61,57,41,30,43,50,63,54,44,51,37,29,1164,1858,2462,3000,3454,3500,3497,3478,3481,3494,3489,3475,3495,3491,3486,3492,3492,3504,3489,3488,3480,3478,3486
44,27,39,37,41,46,49,484,777,1021,1241,1466,1654,1836,2007,2181,2342,2336,2335,2341,2316,2354,2350,2349,2339,2358,2359,2360,2328,2353,2351,2316,2334,2335,2349,2344,2357,2356,2349,2352,2334,2345,2324,2328,2349,2318,2331,2343,2334,2350
15,10,0,9,10,0,0,2,515,834,1103,1343,1571,1768,1970,2157,2349,2359,2360,2344,2357,2352,2361,2358,2364,2373,2366,2346,2351,2343,2362,2343,2343,2323,2352,2364,2341,2340,2354,2336,2355,2364,2337,2343,2345,2355,2358,2348,2349,2329
42,19,16,25,51,1,17,19,2,41,26,16,38,16,9,8,32,31,15,14,15,826,1302,1735,2112,2473,2787,3093,3400,3689,3677,3706,3701,3684,3684,3703,3687,3689,3713,3708,3694,3713,3705,3705,3702,3706,3704,3690,3710,3697
21,28,33,23,27,21,41,20,32,16,35,39,35,9,43,22,18,23,18,37,1234,1974,2625,3220,3748,3744,3736,3762,3741,3748,3755,3737,3740,3771,3757,3753,3742,3766,3747,3746,3745,3747,3752,3743,3767,3748,3765,3755,3747,3768
24,18,18,30,19,33,17,25,26,11,28,27,28,37,12,32,17,15,0,33,31,27,22,11,6,32,36,34,12,1,4,772,1220,1592,1994,2299,2607,2923,2906,2910,2889,2929,2905,2922,2900,2907,2908,2916,2898,2921
20,26,25,27,37,38,44,41,45,36,28,20,38,29,21,34,42,9,37,31,29,31,30,7,44,44,43,41,16,39,34,25,31,36,36,1014,1653,2141,2660,3080,3063,3073,3089,3078,3064,3081,3080,3076,3064,3070
50,48,21,31,29,35,41,42,32,22,54,30,28,686,1111,1456,1757,2059,2338,2579,2827,3078,3325,3313,3310,3328,3321,3332,3320,3333,3301,3326,3302,3295,3329,3296,3306,3311,3329,3311,3321,3313,3303,3297,3320,3313,3325,3320,3305,3315
25,42,50,42,49,37,25,43,48,44,46,31,16,1109,1738,2290,2776,3260,3692,3719,3707,3719,3701,3684,3689,3710,3696,3697,3707,3716,3685,3709,3693,3689,3687,3676,3711,3695,3714,3707,3708,3675,3690,3722,3684,3692,3723,3701,3703,3687
31,0,6,24,16,39,30,14,17,18,19,4,349,571,747,906,1053,1190,1324,1445,1545,1591,1569,1578,1566,1593,1572,1566,1564,1563,1547,1558,1570,1538,1550,1558,1579,1566,1573,1576,1555,1579,1565,1562,1564,1553,1558,1598,1574,1559
28,55,35,28,25,0,28,30,16,41,40,30,27,33,34,878,1370,1830,2259,2608,2610,2600,2625,2650,2617,2617,2628,2608,2610,2608,2626,2613,2594,2625,2602,2620,2607,2616,2613,2627,2620,2618,2620,2601,2606,2619,2639,2625,2623,2612
44,22,48,27,13,39,30,29,36,7,36,20,30,44,618,974,1321,1616,1874,2143,2365,2362,2375,2384,2368,2353,2366,2360,2378,2387,2376,2358,2362,2377,2356,2367,2376,2367,2376,2368,2373,2383,2364,2360,2377,2370,2379,2371,2377,2376
32,0,0,28,11,3,23,9,29,26,31,0,23,0,12,5,0,12,26,23,23,14,17,18,11,22,14,19,4,16,35,7,6,10,12,0,1141,1854,2439,2995,3496,3959,3975,3978,3953,3958,3970,3936,3974,3967
14,35,25,33,15,23,2,3,31,24,47,25,35,19,5,30,15,24,33,4,22,15,16,31,4,35,27,31,23,7,932,1486,2013,2416,2809,3221,3542,3576,3581,3549,3552,3546,3581,3561,3560,3574,3578,3526,3562,3548
51,65,70,46,52,21,57,70,64,72,57,39,56,59,43,70,62,46,55,52,57,53,71,72,757,1236,1600,1925,2249,2571,2846,3105,3390,3638,3633,3639,3617,3627,3608,3639,3625,3627,3628,3627,3627,3629,3627,3642,3623,3613
43,46,47,15,62,61,36,30,49,29,51,34,57,40,41,67,798,1259,1650,2040,2358,2671,2963,2955,2955,2966,2974,2956,2952,2972,2959,2951,2961,2968,2943,2964,2964,2968,2990,2971,2967,2953,2973,2960,2977,2962,2982,2957,2960,2955
38,38,53,55,64,49,52,47,45,52,43,47,30,71,26,29,40,68,28,53,68,587,897,1167,1416,1649,1867,2082,2290,2481,2469,2435,2488,2448,2464,2464,2482,2467,2479,2483,2470,2469,2449,2472,2478,2473,2478,2461,2448,2458
19,0,26,22,0,17,9,13,19,1,15,23,13,7,2,4,623,973,1325,1607,1873,2138,2143,2114,2131,2122,2131,2115,2130,2140,2122,2108,2129,2136,2121,2138,2146,2141,2129,2156,2128,2139,2135,2137,2122,2135,2126,2126,2144,2134
13,28,47,41,35,9,11,52,31,19,20,42,49,27,22,817,1337,1748,2124,2495,2821,3139,3472,3454,3469,3472,3462,3462,3462,3473,3469,3476,3456,3455,3461,3458,3482,3452,3461,3482,3478,3476,3473,3449,3477,3448,3497,3467,3469,3457
48,74,69,48,53,78,41,75,51,55,45,60,45,56,57,40,35,45,510,798,1033,1266,1461,1657,1824,2005,2175,2329,2337,2351,2331,2322,2351,2338,2351,2336,2335,2348,2328,2341,2344,2324,2334,2345,2339,2336,2334,2312,2287,2352
35,24,45,52,47,36,46,37,28,46,64,36,66,29,830,1319,1721,2126,2486,2823,3154,3449,3441,3455,3429,3434,3442,3439,3430,3440,3439,3419,3439,3444,3442,3438,3464,3439,3437,3462,3436,3429,3431,3438,3441,3431,3445,3449,3424,3438
51,53,74,46,38,56,63,63,41,58,62,426,655,867,1040,1196,1365,1506,1653,1767,1790,1788,1788,1778,1795,1792,1814,1771,1782,1772,1784,1800,1779,1796,1797,1780,1797,1790,1782,1784,1801,1794,1781,1782,1796,1789,1801,1761,1785,1779
10,27,22,39,14,13,16,42,0,43,1,33,35,11,9,6,12,21,7,17,24,42,8,8,36,26,26,17,42,23,0,25,36,21,747,1211,1579,1947,2264,2579,2553,2577,2564,2566,2568,2579,2573,2571,2576,2596
37,41,59,39,42,33,42,40,33,32,37,8,28,18,44,22,22,33,46,31,40,43,29,18,19,25,9,48,1008,1587,2100,2572,2991,2987,2997,2990,2997,2993,2981,2999,2984,3004,3016,3012,2993,3012,3002,3025,3002,3001
15,25,34,36,48,15,26,37,28,31,27,11,21,39,804,1258,1632,2010,2338,2672,2668,2668,2684,2673,2695,2679,2679,2671,2668,2672,2692,2693,2677,2663,2682,2662,2668,2675,2644,2669,2669,2677,2671,2695,2660,2689,2688,2692,2668,2677
66,42,54,49,36,66,51,48,42,1276,2062,2728,3325,3871,3847,3900,3872,3887,3860,3868,3857,3860,3884,3872,3883,3870,3869,3877,3869,3859,3863,3868,3870,3885,3875,3884,3877,3864,3871,3867,3879,3884,3850,3882,3878,3864,3871,3857,3874,3878
28,43,38,37,16,45,45,31,22,51,57,43,43,845,1341,1776,2165,2513,2847,3192,3490,3794,4076,4065,4068,4076,4086,4064,4085,4087,4081,4082,4081,4059,4083,4083,4073,4095,4057,4073,4060,4076,4091,4070,4078,4070,4081,4070,4081,4058
0,13,12,12,32,30,30,27,24,21,20,20,19,14,14,15,1,17,18,0,11,6,26,24,21,7,13,30,7,32,16,22,1232,1991,2655,3236,3778,3768,3763,3768,3784,3751,3766,3783,3775,3765,3784,3756,3772,3767
30,45,41,38,43,32,31,40,50,30,26,41,24,35,34,44,63,22,681,1088,1426,1737,2011,2310,2304,2290,2283,2288,2286,2286,2314,2298,2306,2301,2314,2289,2310,2301,2278,2287,2304,2315,2302,2309,2268,2287,2316,2279,2303,2308
41,60,56,65,61,56,40,59,64,65,51,66,41,42,37,49,82,406,649,827,996,1171,1316,1456,1599,1722,1721,1722,1714,1723,1729,1735,1712,1732,1716,1726,1730,1735,1707,1733,1736,1706,1716,1744,1734,1727,1740,1720,1729,1742
55,42,63,48,25,55,67,53,64,59,36,54,55,64,61,857,1345,1746,2144,2473,2820,3121,3439,3724,3981,4000,4024,3967,4009,4004,3988,4019,3981,4012,3980,3981,4015,4010,3992,4016,4014,4009,4036,4014,3990,4023,3984,4003,3985,4003
37,54,60,50,42,65,54,72,49,31,67,48,46,60,27,61,51,62,56,49,60,46,66,60,62,42,60,57,54,51,695,1058,1387,1695,1963,2256,2503,2490,2490,2500,2488,2491,2507,2500,2494,2488,2496,2512,2486,2487
24,29,13,27,44,10,16,27,8,12,40,30,29,441,708,885,1085,1277,1436,1602,1753,1900,1903,1909,1915,1891,1915,1879,1891,1907,1914,1892,1897,1892,1905,1899,1912,1884,1918,1898,1920,1908,1889,1921,1906,1888,1909,1903,1906,1894
34,80,42,31,35,48,47,62,884,1402,1841,2229,2629,2975,3289,3604,3931,3889,3918,3904,3920,3929,3911,3913,3907,3916,3919,3908,3903,3892,3902,3901,3916,3910,3893,3894,3903,3907,3894,3901,3911,3913,3918,3905,3937,3915,3913,3921,3908,3919
14,28,28,3,17,30,0,30,18,21,16,820,1327,1768,2126,2493,2833,3165,3481,3450,3430,3441,3433,3428,3441,3433,3443,3423,3457,3430,3415,3462,3449,3457,3435,3435,3429,3454,3452,3432,3454,3442,3454,3439,3440,3470,3435,3463,3452,3452
39,33,34,48,53,33,51,38,75,57,32,69,60,41,37,61,33,30,60,44,54,21,49,50,63,40,38,50,27,37,597,988,1268,1540,1811,2047,2256,2263,2273,2277,2262,2283,2245,2269,2291,2274,2270,2266,2250,2261
38,43,8,10,37,30,40,23,30,35,35,13,42,16,28,38,27,40,1054,1715,2291,2768,3249,3689,4071,4084,4067,4064,4069,4061,4086,4080,4074,4092,4065,4076,4077,4078,4071,4082,4064,4062,4077,4088,4076,4065,4076,4068,4072,4058
44,46,42,49,56,56,64,43,52,59,60,714,1110,1474,1789,2110,2378,2352,2379,2392,2358,2374,2369,2345,2386,2383,2366,2371,2354,2365,2369,2372,2375,2375,2358,2361,2374,2368,2396,2393,2355,2382,2356,2377,2376,2384,2377,2371,2383,2368
20,22,27,18,19,36,41,22,48,6,30,14,31,49,35,17,10,12,35,10,9,21,38,44,20,10,26,27,38,961,1542,2031,2450,2867,3265,3276,3255,3260,3301,3286,3264,3281,3273,3283,3270,3275,3301,3258,3280,3279
23,18,5,16,20,31,18,28,20,35,0,16,25,19,28,11,18,31,19,34,12,13,518,826,1081,1293,1543,1740,1926,2118,2130,2138,2120,2105,2138,2126,2128,2102,2139,2107,2128,2119,2145,2127,2102,2132,2139,2137,2137,2117
30,44,21,25,27,30,30,34,19,38,37,59,376,566,751,920,1051,1196,1342,1457,1588,1725,1706,1717,1718,1717,1717,1727,1722,1711,1702,1703,1715,1721,1691,1705,1713,1710,1688,1702,1716,1712,1712,1727,1685,1707,1726,1707,1715,1711
48,38,34,49,35,52,42,27,67,71,73,59,56,41,35,58,23,61,58,55,58,58,32,46,55,31,1020,1635,2137,2630,3060,3457,3434,3471,3480,3460,3462,3451,3460,3460,3434,3443,3463,3442,3454,3448,3456,3453,3467,3466
10,3,12,24,4,3,23,4,6,27,22,21,23,5,3,0,19,17,0,10,16,24,26,10,809,1285,1701,2096,2435,2776,3078,3389,3674,3935,3969,3946,3975,3948,3960,3976,3980,3949,3976,3963,3936,3940,3947,3943,3965,3978
7,0,0,21,13,21,32,5,10,37,10,0,0,5,0,20,16,4,24,8,0,15,22,0,0,23,0,11,11,0,14,0,0,0,2,6,485,764,1014,1239,1444,1661,1829,1829,1836,1821,1832,1820,1831,1807
49,41,35,43,53,47,34,39,29,666,1080,1417,1722,2008,2260,2533,2527,2517,2519,2544,2533,2525,2537,2530,2541,2527,2535,2543,2526,2549,2530,2543,2532,2544,2528,2520,2536,2525,2533,2561,2548,2542,2499,2533,2531,2552,2536,2533,2545,2552
40,37,17,52,51,33,36,48,53,46,922,1425,1924,2327,2705,3085,3442,3751,4073,4059,4080,4066,4062,4059,4067,4069,4067,4063,4052,4053,4058,4045,4073,4063,4061,4084,4076,4062,4061,4051,4065,4071,4064,4088,4079,4055,4064,4048,4067,4059
11,20,5,19,33,24,1,0,46,19,35,12,20,19,2,13,16,38,13,26,30,9,17,17,850,1340,1775,2143,2517,2855,3170,3468,3486,3471,3448,3492,3486,3493,3494,3459,3462,3472,3493,3476,3498,3488,3475,3500,3485,3464
39,52,21,28,34,36,35,49,48,51,40,27,37,33,29,921,1487,1950,2398,2794,3173,3528,3863,3853,3859,3855,3864,3880,3864,3874,3858,3894,3882,3870,3880,3869,3841,3863,3865,3846,3863,3863,3870,3882,3843,3835,3845,3897,3858,3842
25,40,28,27,33,37,38,29,26,19,25,21,46,18,36,24,0,30,14,33,29,11,34,11,19,32,36,32,31,26,53,54,45,15,45,34,715,1153,1514,1840,2177,2464,2743,2990,3246,3498,3494,3499,3486,3509
29,57,39,43,27,48,33,30,7,52,44,55,44,41,43,56,70,48,42,27,55,43,48,23,55,32,58,58,29,46,604,942,1272,1509,1781,1981,2216,2419,2621,2844,2835,2827,2825,2822,2844,2835,2839,2830,2833,2834
30,45,34,43,20,34,37,30,37,32,34,43,40,26,39,46,38,35,514,816,1067,1327,1538,1743,1748,1741,1724,1735,1745,1760,1751,1735,1759,1731,1744,1737,1732,1745,1770,1761,1753,1745,1760,1745,1771,1758,1744,1759,1740,1773
34,30,72,47,56,70,45,51,29,51,30,842,1302,1751,2083,2488,2823,3117,3416,3696,3711,3693,3694,3713,3715,3695,3719,3698,3682,3720,3696,3684,3721,3715,3678,3698,3699,3723,3708,3733,3707,3708,3699,3708,3731,3697,3697,3708,3706,3713
37,26,25,27,35,31,28,43,52,51,23,40,57,46,45,43,56,39,26,46,43,63,57,36,39,35,41,26,58,47,25,34,47,31,42,477,749,977,1190,1418,1573,1771,1907,1910,1955,1919,1913,1939,1934,1923
66,64,36,66,51,43,64,43,68,45,52,40,57,56,50,62,44,57,48,43,50,85,67,51,51,54,36,49,57,66,42,47,63,34,66,770,1232,1604,1939,2271,2574,2866,3124,3379,3639,3630,3655,3643,3654,3657
43,21,20,19,32,31,29,15,20,27,12,37,3,41,27,38,47,49,35,2,39,50,27,19,30,29,31,38,36,453,714,931,1139,1343,1502,1679,1707,1686,1671,1692,1687,1699,1689,1689,1687,1700,1695,1692,1707,1698
17,17,29,30,13,13,20,0,28,33,21,507,816,1080,1290,1531,1727,1922,2111,2309,2459,2493,2509,2489,2473,2479,2483,2452,2484,2456,2466,2486,2470,2452,2467,2482,2458,2461,2470,2467,2470,2477,2467,2480,2483,2464,2479,2471,2469,2479
58,48,53,50,61,40,32,34,45,41,38,30,29,36,39,45,38,52,50,60,44,70,56,531,873,1122,1386,1595,1799,2022,2179,2380,2571,2576,2588,2585,2561,2590,2569,2554,2573,2579,2585,2569,2555,2570,2589,2589,2538,2585
44,32,41,14,43,42,11,42,35,22,52,24,34,14,15,38,12,51,40,26,1128,1801,2381,2912,3384,3817,3834,3827,3819,3847,3826,3822,3822,3816,3822,3827,3819,3819,3841,3821,3834,3833,3831,3822,3829,3816,3818,3833,3819,3828
79,53,51,42,52,52,60,84,64,52,36,52,53,53,729,1138,1491,1800,2139,2385,2645,2902,3144,3412,3391,3404,3379,3395,3398,3367,3377,3385,3387,3351,3411,3389,3377,3387,3380,3364,3405,3387,3410,3399,3383,3372,3406,3375,3378,3408
23,34,16,19,18,31,4,39,39,12,51,18,35,29,46,20,23,23,29,24,21,22,41,33,19,18,40,32,27,29,19,35,43,9,39,855,1376,1832,2232,2617,2608,2616,2615,2621,2596,2614,2589,2608,2594,2601
4,2,35,26,41,58,16,12,38,35,54,31,38,25,39,38,36,19,31,31,24,26,37,30,22,8,21,15,34,49,43,23,15,30,30,44,775,1256,1638,2008,2349,2334,2349,2319,2332,2337,2341,2337,2320,2326
36,29,17,20,0,0,0,5,37,5,0,696,1159,1507,1869,2173,2463,2735,2763,2707,2733,2729,2743,2735,2741,2735,2733,2728,2719,2742,2728,2724,2728,2732,2722,2748,2738,2731,2755,2731,2746,2732,2742,2758,2740,2731,2729,2711,2739,2729
46,42,59,57,41,52,33,36,45,41,54,27,44,36,41,33,38,26,39,35,57,28,43,19,44,61,419,631,821,986,1156,1310,1461,1584,1720,1722,1734,1745,1735,1741,1717,1730,1725,1705,1736,1734,1707,1716,1723,1716
38,32,39,44,32,48,54,43,31,46,32,69,61,51,39,59,56,40,42,47,25,25,31,25,735,1169,1532,1868,2175,2460,2746,3004,3280,3242,3274,3239,3267,3263,3253,3258,3259,3248,3278,3257,3276,3246,3266,3265,3236,3254
51,59,53,68,37,68,48,69,61,74,63,70,66,57,68,53,54,49,50,46,593,921,1212,1475,1705,1947,1934,1937,1942,1938,1943,1942,1954,1928,1925,1949,1959,1941,1963,1937,1954,1933,1961,1933,1951,1955,1955,1932,1956,1920
41,21,10,47,40,37,453,718,961,1138,1321,1539,1713,1859,2038,2041,2019,2035,2032,2014,2029,2021,2015,2019,2037,2032,2012,2057,2029,2030,2015,2047,2011,2034,2029,2052,2017,2025,2039,2052,2025,2048,2018,2045,2019,2037,2027,2015,2022,2024
18,0,18,17,15,16,0,14,0,12,10,0,8,0,3,16,14,13,640,1074,1463,1756,2041,2345,2579,2833,3083,3310,3332,3311,3304,3326,3331,3330,3321,3353,3330,3318,3335,3328,3330,3329,3308,3339,3341,3309,3332,3333,3342,3308
63,55,44,63,64,67,70,1058,1658,2189,2683,3136,3123,3133,3123,3126,3123,3128,3114,3112,3113,3115,3125,3112,3108,3124,3131,3108,3132,3105,3108,3121,3127,3111,3117,3127,3124,3115,3125,3136,3122,3115,3116,3149,3114,3119,3112,3141,3125,3150
27,27,13,28,32,30,36,53,25,43,29,27,15,43,26,34,32,19,60,573,948,1268,1508,1725,1996,2209,2413,2415,2418,2426,2418,2452,2441,2410,2428,2415,2405,2406,2425,2419,2425,2433,2416,2439,2448,2426,2435,2427,2424,2400
26,33,24,50,32,38,38,18,30,26,16,30,32,34,36,17,18,37,23,19,31,25,2,37,18,595,964,1257,1524,1757,2012,2238,2449,2447,2459,2437,2448,2446,2443,2437,2467,2454,2445,2435,2447,2424,2433,2455,2449,2461
69,63,55,56,48,46,71,70,27,46,45,45,47,58,50,64,1023,1629,2130,2591,3001,3007,3032,3033,3006,3013,3035,3013,3019,3023,2993,3026,3025,3020,3032,3018,3015,3009,3027,3013,3007,3006,3015,3011,3033,3025,3035,3018,3006,3021
9,9,19,7,1,17,32,10,8,29,0,0,2,8,9,6,17,13,11,22,0,0,9,9,0,0,25,0,21,589,967,1271,1566,1848,2097,2309,2531,2541,2540,2529,2555,2547,2526,2518,2534,2554,2554,2547,2543,2526
48,42,30,59,62,54,34,54,50,60,43,35,39,57,58,43,42,58,52,62,689,1088,1431,1727,2025,1999,1998,2055,2024,2039,2018,2032,2035,2023,2031,2038,2020,2008,2047,2051,2026,2024,2045,2032,2021,2022,2030,2011,2029,2032
23,21,14,54,11,25,16,16,12,7,31,30,31,10,31,28,20,32,6,416,654,896,1063,1236,1388,1567,1575,1570,1565,1555,1561,1534,1562,1560,1562,1542,1552,1577,1586,1540,1565,1562,1576,1545,1558,1551,1564,1554,1556,1556
42,7,4,10,19,30,18,27,24,10,17,43,35,51,27,8,27,733,1172,1559,1878,2212,2200,2195,2210,2189,2210,2204,2213,2221,2191,2183,2180,2183,2211,2197,2206,2217,2193,2200,2213,2207,2201,2210,2191,2220,2172,2186,2204,2216
74,53,42,56,70,62,69,59,80,51,35,38,43,75,27,72,68,59,59,61,60,60,62,62,50,40,41,62,50,71,33,539,843,1075,1323,1539,1738,1922,1937,1926,1944,1953,1918,1947,1951,1938,1926,1928,1942,1929
41,38,43,52,29,56,49,47,54,66,24,45,73,60,792,1270,1675,2032,2358,2689,2999,3296,3586,3850,3853,3823,3830,3863,3853,3845,3846,3875,3848,3864,3840,3843,3836,3832,3849,3876,3847,3842,3833,3838,3837,3828,3847,3827,3828,3842
44,58,56,61,74,33,50,48,69,598,963,1248,1539,1777,2024,2234,2451,2644,2842,2838,2861,2837,2864,2840,2845,2832,2826,2848,2844,2848,2829,2825,2823,2834,2871,2843,2841,2847,2842,2842,2825,2846,2862,2825,2852,2828,2833,2850,2853,2839
15,41,21,19,21,7,9,35,35,37,19,18,31,15,31,22,25,31,22,53,16,31,55,17,29,25,30,12,20,27,29,560,863,1110,1356,1583,1804,2007,2016,2017,2029,2013,2032,2014,2024,2030,2012,2003,2015,2028
35,41,51,36,56,44,27,37,48,26,22,21,56,27,44,37,532,811,1078,1311,1539,1734,1733,1700,1737,1709,1724,1714,1711,1726,1712,1730,1740,1739,1710,1741,1723,1730,1712,1696,1749,1738,1715,1733,1723,1733,1744,1722,1736,1718
22,0,26,15,0,0,12,1,26,3,16,0,0,24,870,1406,1849,2252,2642,2985,3020,3008,2991,2972,2990,3013,3001,3015,3005,3017,3002,2999,2998,3026,2974,3005,2994,2998,2983,3011,2999,3005,3002,2998,2997,3006,3001,3017,3016,2995
57,61,64,62,29,58,74,51,79,65,62,57,605,948,1267,1499,1749,1985,2218,2178,2208,2190,2221,2196,2190,2218,2211,2214,2204,2192,2200,2185,2207,2206,2227,2195,2206,2212,2199,2196,2185,2215,2190,2214,2168,2197,2200,2197,2211,2217
19,27,10,24,12,28,18,16,16,10,740,1174,1566,1918,2237,2546,2507,2527,2501,2540,2526,2519,2525,2508,2497,2508,2532,2520,2511,2513,2516,2524,2524,2513,2547,2516,2535,2528,2528,2501,2508,2514,2517,2560,2528,2528,2521,2523,2542,2503
37,45,64,31,32,42,40,53,46,23,65,27,41,26,25,54,29,43,26,650,1022,1387,1676,1953,2214,2461,2699,2912,3121,3140,3129,3135,3122,3129,3131,3117,3142,3119,3127,3143,3136,3122,3146,3137,3125,3146,3132,3119,3120,3148
49,49,59,35,95,52,532,798,1024,1250,1455,1655,1828,1827,1835,1826,1824,1823,1829,1824,1811,1822,1823,1807,1822,1814,1815,1812,1837,1816,1814,1830,1823,1822,1817,1796,1822,1828,1810,1819,1838,1833,1808,1835,1813,1805,1830,1810,1841,1836
46,20,27,37,13,34,49,45,36,35,29,52,41,24,40,15,33,43,25,22,46,32,820,1346,1749,2141,2479,2836,3154,3447,3740,4038,4038,4019,4031,4037,4039,4019,4041,4049,4029,4050,4018,4033,4040,4027,4011,4026,4041,4025
30,24,30,20,9,28,35,7,41,22,28,29,10,661,1031,1379,1673,1955,2224,2221,2216,2232,2220,2242,2220,2207,2214,2241,2221,2209,2219,2228,2221,2221,2213,2221,2228,2230,2224,2203,2239,2228,2218,2214,2235,2228,2244,2222,2233,2228
23,18,0,6,1,2,10,19,20,33,0,15,32,32,412,688,869,1084,1261,1414,1584,1757,1734,1758,1755,1756,1743,1743,1746,1745,1737,1770,1707,1756,1747,1747,1727,1748,1736,1747,1729,1739,1749,1741,1740,1744,1745,1751,1740,1745
18,21,28,48,40,36,42,41,29,35,25,34,33,36,25,58,39,36,37,31,43,39,43,474,780,1044,1275,1458,1648,1804,2008,2188,2351,2334,2336,2332,2346,2356,2344,2344,2330,2330,2357,2333,2342,2365,2337,2346,2327,2328
4,27,30,8,49,19,35,40,17,35,10,31,23,14,25,34,25,39,19,32,7,350,520,667,809,933,1049,1182,1290,1366,1484,1491,1507,1496,1489,1495,1494,1496,1505,1498,1492,1500,1510,1507,1503,1491,1495,1484,1503,1513
34,22,44,26,25,6,531,865,1122,1354,1609,1825,1827,1835,1824,1823,1834,1828,1835,1836,1835,1822,1828,1836,1829,1818,1836,1825,1829,1841,1852,1837,1845,1830,1833,1828,1831,1839,1837,1819,1819,1821,1802,1827,1833,1817,1823,1815,1832,1810
49,6,35,33,43,47,53,26,29,42,51,30,28,49,37,697,1082,1448,1735,2024,2337,2559,2553,2572,2540,2551,2553,2571,2555,2542,2556,2557,2578,2602,2549,2562,2556,2560,2565,2564,2560,2575,2560,2581,2587,2543,2560,2553,2543,2544
55,32,51,29,65,35,45,56,62,58,28,45,44,53,626,980,1317,1545,1820,2074,2302,2526,2521,2514,2526,2519,2547,2537,2519,2539,2522,2543,2512,2518,2520,2514,2524,2519,2529,2518,2549,2522,2518,2518,2513,2517,2520,2512,2506,2536
38,30,26,44,21,20,45,30,35,60,36,38,29,1019,1652,2212,2663,3137,3134,3126,3130,3115,3097,3119,3106,3118,3115,3125,3125,3134,3156,3131,3120,3129,3122,3133,3123,3132,3129,3137,3120,3110,3123,3121,3113,3134,3115,3115,3131,3118
16,2,9,7,11,7,4,20,0,34,14,11,12,41,8,15,30,5,0,30,25,52,16,22,499,773,1032,1248,1475,1664,1848,2048,2227,2221,2211,2214,2217,2227,2227,2216,2212,2219,2221,2206,2202,2226,2209,2207,2234,2212
38,36,46,53,12,31,22,43,49,22,39,37,43,46,699,1129,1450,1779,2086,2371,2612,2889,3145,3120,3149,3122,3134,3107,3128,3130,3133,3120,3145,3139,3139,3140,3129,3141,3134,3118,3135,3137,3136,3133,3126,3149,3131,3130,3127,3134
50,38,64,39,57,55,49,72,41,60,48,52,51,42,44,65,46,635,968,1307,1594,1843,2068,2315,2525,2763,2954,2947,2966,2964,2967,2967,2940,2949,2957,2946,2947,2970,2934,2945,2976,2959,2947,2957,2963,2953,2951,2968,2947,2970
0,27,34,18,0,0,8,7,10,2,0,21,12,8,23,19,13,9,35,6,33,0,18,1,33,0,705,1134,1498,1831,2157,2433,2707,2992,3239,3220,3233,3220,3225,3225,3232,3235,3235,3224,3240,3228,3229,3240,3254,3234
24,28,37,48,28,24,13,1,34,33,36,40,28,40,57,30,37,18,25,51,25,20,9,35,48,25,389,657,851,1028,1189,1341,1508,1669,1792,1902,1917,1910,1923,1912,1890,1916,1927,1912,1920,1924,1913,1925,1913,1922
54,59,48,63,55,57,24,56,34,30,46,48,28,59,68,56,61,55,39,55,51,67,35,54,62,46,54,46,42,54,469,769,996,1236,1411,1632,1608,1611,1610,1605,1607,1630,1601,1609,1608,1606,1623,1630,1598,1615
19,26,1,19,0,10,18,27,502,789,1063,1282,1480,1708,1864,1885,1886,1912,1860,1907,1892,1877,1867,1882,1882,1886,1887,1897,1895,1863,1887,1881,1901,1874,1865,1878,1878,1875,1901,1874,1885,1878,1896,1879,1858,1903,1881,1880,1892,1868
10,11,22,0,5,29,5,0,2,0,2,9,12,19,0,31,9,29,23,675,1062,1430,1750,2049,2305,2588,2825,2825,2827,2838,2841,2835,2843,2835,2841,2818,2842,2849,2834,2825,2821,2809,2838,2848,2829,2852,2834,2853,2837,2840
1,5,0,18,24,15,18,24,3,6,30,12,28,21,30,38,13,33,3,12,19,19,0,0,0,17,17,5,0,0,16,9,31,34,27,536,889,1148,1417,1644,1864,2097,2086,2105,2102,2116,2085,2104,2105,2086
39,38,37,43,32,28,25,36,15,42,71,26,36,42,53,33,42,19,729,1131,1481,1823,2107,2404,2658,2920,3180,3437,3415,3423,3407,3406,3418,3410,3431,3432,3426,3433,3417,3413,3412,3412,3417,3422,3424,3414,3411,3403,3420,3426
5,16,6,22,0,11,2,33,0,21,34,24,37,31,50,23,0,27,4,15,20,10,30,33,1,18,17,9,17,28,33,26,2,13,1272,2105,2778,3374,3971,3977,3939,3955,3959,3939,3959,3960,3980,3957,3936,3964
51,51,36,41,26,46,44,50,57,50,45,28,69,47,60,66,31,61,43,39,68,37,48,44,45,32,47,54,49,36,64,44,765,1238,1622,1973,2285,2600,2888,3169,3437,3708,3678,3691,3703,3693,3713,3695,3664,3674
30,44,44,27,31,50,11,51,61,35,56,36,59,35,41,46,50,38,21,30,39,27,51,46,49,51,59,38,61,54,30,54,673,1064,1370,1658,1972,1951,1951,1953,1926,1927,1950,1936,1956,1933,1959,1940,1952,1943
9,11,8,1,22,6,15,20,15,3,21,22,0,0,13,22,1,0,4,3,7,10,12,17,0,8,11,506,817,1095,1328,1542,1751,1935,2150,2349,2495,2480,2492,2489,2508,2493,2486,2491,2512,2513,2501,2482,2508,2498
0,18,3,24,17,20,7,19,12,8,6,8,0,33,21,35,14,20,35,24,10,11,13,6,29,4,17,554,896,1162,1436,1667,1902,2106,2124,2125,2109,2115,2109,2110,2098,2119,2105,2119,2122,2120,2100,2110,2101,2135
29,29,14,9,15,13,29,12,33,20,32,16,26,28,27,16,28,17,24,735,1140,1506,1835,2171,2430,2740,2977,2980,2984,2989,2983,2991,2981,2969,2986,2966,3002,2972,2989,3002,2982,3003,2990,2993,2962,2980,2985,2999,2996,2993
29,1,19,3,12,19,14,14,27,37,803,1265,1684,2053,2414,2745,2748,2732,2744,2755,2741,2749,2757,2761,2744,2765,2759,2738,2739,2746,2743,2742,2737,2764,2731,2754,2732,2735,2760,2718,2741,2746,2767,2755,2740,2772,2784,2729,2736,2722
69,72,76,47,66,53,83,55,75,69,48,45,78,48,54,65,79,50,55,640,980,1300,1581,1825,2072,2305,2526,2713,2725,2716,2725,2749,2728,2769,2743,2738,2727,2727,2722,2747,2749,2730,2722,2738,2755,2709,2710,2737,2730,2735
58,30,62,23,37,51,43,44,43,23,54,38,53,46,47,39,34,48,21,30,44,35,695,1121,1492,1782,2074,2355,2611,2868,3132,3113,3122,3107,3104,3118,3109,3124,3103,3134,3102,3105,3112,3110,3106,3110,3099,3113,3118,3125
60,39,67,51,37,45,46,62,49,53,60,48,46,59,53,55,47,42,58,54,39,66,37,77,51,73,82,57,40,46,72,47,1114,1807,2380,2886,3369,3361,3367,3367,3364,3369,3344,3362,3373,3346,3373,3362,3361,3366
29,36,45,14,36,50,41,31,35,60,36,12,49,44,35,23,39,34,14,45,49,23,47,37,52,26,27,48,57,38,40,41,38,46,728,1184,1543,1894,2178,2469,2459,2484,2460,2480,2464,2473,2474,2463,2479,2472
34,8,44,20,23,9,908,1477,1959,2386,2789,3157,3172,3163,3166,3172,3156,3176,3176,3178,3156,3159,3192,3170,3163,3177,3161,3180,3169,3169,3186,3188,3173,3179,3173,3166,3170,3152,3166,3196,3164,3176,3153,3172,3182,3170,3180,3177,3181,3158
58,57,43,42,68,61,74,50,54,70,58,1159,1867,2458,3005,3472,3940,3966,3941,3951,3931,3946,3957,3947,3924,3949,3957,3949,3967,3933,3949,3949,3948,3938,3943,3933,3954,3937,3952,3943,3961,3929,3960,3969,3937,3947,3953,3934,3953,3931
43,50,39,37,37,43,44,52,46,55,47,44,49,56,47,51,44,38,38,47,56,57,39,45,45,58,32,37,40,883,1422,1902,2271,2674,2650,2651,2665,2674,2659,2659,2667,2656,2651,2651,2662,2673,2647,2650,2665,2646
22,28,39,11,43,50,26,40,43,3,56,13,24,41,39,33,27,53,42,37,10,28,47,49,50,40,914,1419,1888,2319,2694,3045,3405,3726,3730,3717,3742,3722,3741,3733,3716,3724,3734,3759,3733,3733,3720,3726,3738,3730
42,16,14,17,18,46,20,18,31,11,54,993,1587,2098,2567,2998,3389,3786,3805,3784,3776,3759,3794,3760,3768,3782,3781,3775,3767,3771,3775,3785,3778,3759,3782,3771,3776,3781,3773,3788,3788,3772,3777,3764,3785,3763,3785,3770,3779,3769
36,47,44,22,31,31,54,48,46,50,33,44,28,24,14,71,33,865,1360,1818,2204,2589,2917,3248,3551,3548,3533,3538,3553,3552,3552,3546,3556,3538,3538,3543,3548,3565,3557,3573,3559,3550,3536,3557,3540,3559,3536,3541,3576,3554
40,56,47,39,65,46,31,61,30,44,33,60,56,53,28,42,34,21,520,820,1102,1323,1540,1515,1547,1533,1520,1542,1539,1520,1548,1522,1536,1552,1514,1531,1558,1533,1515,1538,1528,1529,1536,1539,1518,1530,1539,1532,1551,1501
70,20,35,25,27,33,29,18,38,40,24,28,32,48,25,23,19,50,19,25,33,42,31,41,25,707,1124,1464,1814,2100,2369,2670,2894,2924,2902,2890,2932,2893,2916,2910,2912,2905,2914,2912,2916,2907,2912,2927,2932,2902
38,17,24,25,45,53,43,30,30,13,34,37,46,39,22,27,24,19,30,15,38,53,12,37,27,27,29,21,37,34,28,10,25,17,20,795,1288,1694,2081,2411,2739,3035,3325,3615,3599,3621,3603,3603,3636,3599
38,23,50,50,38,56,32,69,30,46,33,62,40,45,34,44,46,48,640,1015,1333,1614,1893,2128,2380,2590,2832,3040,3025,3045,3047,3047,3036,3058,3071,3071,3048,3078,3052,3021,3044,3058,3047,3047,3037,3060,3025,3027,3055,3039
54,36,28,40,59,53,37,862,1393,1816,2207,2604,2939,3263,3602,3571,3579,3593,3595,3593,3609,3607,3597,3597,3593,3580,3591,3568,3593,3596,3580,3592,3591,3589,3597,3587,3617,3569,3575,3589,3589,3568,3569,3586,3580,3611,3570,3606,3582,3579
28,45,37,41,38,60,54,52,48,57,497,757,1042,1240,1422,1607,1799,1790,1793,1817,1814,1801,1767,1790,1808,1790,1807,1792,1805,1797,1793,1801,1812,1807,1797,1799,1791,1807,1794,1786,1806,1781,1787,1787,1822,1779,1800,1813,1805,1799
62,42,45,36,40,53,68,39,46,51,54,39,40,26,61,56,48,41,65,39,75,35,59,75,49,48,54,64,45,59,47,35,58,1084,1730,2305,2845,3275,3703,3712,3712,3721,3709,3728,3692,3715,3704,3740,3698,3730
37,40,37,46,22,43,35,25,32,46,40,24,39,31,0,32,40,36,34,42,52,35,25,27,50,43,46,34,61,45,901,1432,1898,2294,2699,3059,3067,3086,3055,3051,3051,3052,3060,3047,3071,3048,3066,3030,3059,3068
28,52,53,32,38,46,36,27,21,6,27,47,56,16,36,48,22,31,32,27,29,28,35,34,57,38,41,562,898,1195,1468,1685,1909,2104,2313,2487,2691,2669,2686,2713,2703,2689,2701,2679,2698,2689,2689,2679,2694,2706
41,50,15,30,30,51,12,26,43,36,49,52,21,18,14,47,37,33,34,25,40,36,43,30,38,539,864,1113,1346,1561,1761,1959,2147,2338,2338,2321,2358,2356,2351,2328,2347,2342,2324,2329,2357,2336,2323,2356,2333,2330
78,36,59,60,73,51,57,59,67,75,54,61,83,71,49,407,691,871,1067,1225,1383,1544,1521,1518,1531,1523,1550,1553,1527,1523,1537,1543,1533,1528,1549,1524,1513,1552,1538,1544,1533,1539,1539,1536,1519,1549,1533,1556,1540,1544
51,47,51,33,66,48,48,37,50,30,48,66,74,583,924,1196,1450,1727,1944,2138,2142,2140,2157,2133,2150,2108,2146,2125,2153,2169,2137,2137,2137,2143,2149,2137,2136,2150,2131,2141,2136,2157,2155,2148,2134,2158,2148,2139,2136,2139
51,44,42,43,42,59,46,67,49,56,760,1187,1569,1906,2204,2521,2783,3055,3051,3042,3074,3054,3064,3070,3059,3051,3058,3076,3048,3055,3065,3048,3064,3063,3077,3041,3059,3057,3063,3060,3047,3052,3056,3074,3042,3066,3059,3067,3049,3070
29,34,27,5,28,35,29,16,11,7,1264,2034,2711,3334,3856,3835,3865,3849,3846,3855,3832,3844,3837,3876,3845,3878,3853,3856,3857,3862,3838,3857,3857,3847,3833,3846,3874,3867,3861,3862,3861,3849,3861,3834,3870,3861,3863,3847,3885,3852
39,23,32,19,24,48,18,8,0,30,23,33,17,42,14,39,1,39,23,7,35,42,24,29,39,24,23,21,32,30,2,526,846,1133,1381,1584,1801,1822,1819,1805,1806,1799,1796,1824,1789,1795,1789,1796,1804,1802
16,19,28,53,9,41,33,34,17,50,24,357,579,748,907,1067,1199,1313,1455,1581,1686,1672,1663,1694,1676,1690,1666,1705,1685,1674,1677,1698,1680,1699,1672,1669,1683,1679,1693,1670,1672,1683,1703,1658,1688,1689,1679,1685,1680,1672
35,35,35,40,39,47,43,37,27,36,18,49,39,60,28,38,715,1124,1510,1822,2142,2427,2714,2661,2645,2688,2690,2679,2688,2675,2673,2683,2682,2708,2648,2689,2689,2678,2705,2683,2680,2685,2689,2681,2687,2671,2681,2696,2677,2679
9,5,8,8,12,8,23,1310,2116,2786,3419,3995,3994,3969,4007,3981,3994,3981,3986,3984,3990,3998,4001,3990,3986,4005,4020,3990,3986,3980,3973,3981,3995,3976,4012,4002,3987,3974,3978,3977,3986,3981,3989,3978,4003,3995,3994,3980,3977,3989
31,64,61,72,46,70,54,51,55,54,61,46,36,50,57,78,80,65,71,47,39,58,59,62,805,1337,1736,2160,2488,2819,3107,3399,3408,3424,3420,3416,3417,3414,3410,3426,3438,3405,3416,3419,3437,3436,3427,3405,3436,3424
26,44,17,24,30,24,647,1007,1359,1636,1897,2152,2432,2649,2644,2657,2633,2626,2635,2650,2646,2652,2649,2647,2658,2653,2630,2643,2637,2677,2639,2636,2635,2629,2650,2634,2643,2652,2631,2664,2663,2662,2655,2634,2648,2652,2648,2646,2641,2651
67,71,65,52,61,63,43,56,59,68,49,52,56,871,1397,1836,2268,2615,2958,2941,2968,2951,2970,2942,2940,2972,2969,2954,2945,2941,2948,2946,2948,2960,2952,2958,2980,2947,2940,2964,2967,2979,2944,2949,2968,2959,2966,2961,2960,2946
43,83,69,64,71,51,58,54,72,58,59,45,38,52,54,59,59,55,56,63,34,41,52,70,83,744,1143,1511,1846,2156,2423,2705,2937,2956,2945,2959,2952,2966,2954,2959,2956,2970,2966,2949,2946,2969,2957,2949,2958,2952
61,30,38,17,37,48,27,37,48,7,22,25,55,18,35,20,44,18,568,906,1188,1459,1699,1696,1689,1692,1692,1688,1688,1712,1702,1717,1701,1682,1691,1685,1703,1694,1711,1688,1693,1706,1691,1680,1701,1707,1702,1695,1685,1678
32,30,33,5,17,17,40,27,23,22,18,22,11,23,33,9,27,20,34,18,18,33,20,940,1517,2021,2442,2879,3254,3619,3994,3952,3973,3959,3989,3987,3966,3966,3976,3975,3946,3955,3967,3980,3958,3983,3972,4001,3972,3970
14,21,0,8,11,19,13,26,0,3,30,7,2,29,12,44,8,22,0,2,10,33,10,26,13,20,15,20,20,5,25,26,0,7,41,888,1422,1894,2319,2720,3089,3064,3084,3078,3093,3056,3075,3065,3094,3095
52,72,44,61,76,45,73,36,56,49,63,48,57,43,65,23,53,54,57,54,76,39,57,37,64,78,58,57,370,548,755,861,1021,1149,1266,1366,1491,1491,1504,1503,1513,1512,1503,1514,1487,1509,1492,1518,1502,1519
13,36,9,28,17,5,19,20,23,0,8,14,17,32,28,678,1114,1483,1790,2088,2372,2380,2375,2383,2379,2370,2388,2379,2378,2362,2386,2347,2383,2365,2373,2355,2372,2374,2353,2370,2371,2365,2364,2351,2384,2368,2374,2351,2379,2345
41,31,13,7,46,31,21,16,26,40,24,25,36,35,36,17,60,33,28,33,6,43,31,31,28,54,38,28,39,696,1110,1441,1728,2044,2322,2572,2576,2583,2579,2580,2588,2578,2582,2568,2580,2592,2572,2579,2553,2579
5,24,1,25,5,9,24,0,0,393,624,807,978,1160,1319,1470,1606,1609,1613,1603,1636,1607,1592,1627,1595,1630,1617,1605,1616,1590,1612,1614,1605,1609,1634,1621,1611,1632,1604,1604,1610,1621,1617,1627,1616,1614,1602,1632,1605,1606
24,17,16,18,13,34,32,27,387,589,795,944,1093,1224,1379,1498,1517,1519,1502,1508,1486,1514,1518,1503,1509,1506,1524,1489,1526,1517,1522,1526,1524,1485,1521,1508,1514,1507,1523,1517,1510,1521,1515,1505,1503,1520,1523,1505,1494,1518
40,36,38,30,10,13,25,785,1264,1651,2047,2387,2700,2672,2685,2677,2681,2686,2696,2714,2681,2699,2695,2694,2687,2697,2704,2675,2700,2702,2688,2671,2703,2699,2675,2692,2698,2689,2687,2677,2694,2687,2690,2709,2689,2694,2664,2712,2698,2689
42,21,18,39,27,47,29,469,748,943,1164,1343,1539,1722,1686,1716,1712,1700,1700,1709,1702,1704,1720,1715,1699,1704,1698,1705,1726,1702,1694,1697,1710,1698,1702,1715,1687,1729,1694,1707,1717,1706,1704,1706,1724,1697,1692,1708,1688,1714
42,54,47,52,56,51,62,55,42,53,464,759,956,1193,1367,1568,1751,1888,2054,2199,2203,2219,2227,2198,2184,2210,2209,2207,2197,2202,2191,2193,2210,2179,2191,2235,2198,2199,2203,2221,2224,2214,2216,2209,2210,2210,2203,2193,2192,2193
56,19,39,49,56,51,50,18,43,41,57,917,1499,1967,2403,2797,3159,3536,3852,3877,3872,3871,3861,3852,3893,3877,3864,3849,3865,3856,3870,3851,3861,3853,3861,3866,3868,3870,3885,3866,3856,3851,3864,3853,3853,3890,3852,3860,3864,3854
20,25,13,27,17,27,22,0,16,44,11,9,0,5,9,25,8,731,1205,1603,1928,2280,2576,2866,3171,3429,3415,3435,3433,3421,3429,3419,3436,3434,3442,3419,3429,3443,3413,3427,3434,3428,3410,3424,3432,3427,3437,3449,3428,3432
23,19,17,29,0,14,23,26,25,12,14,9,14,31,6,605,987,1324,1635,1891,2133,2381,2386,2388,2381,2391,2379,2372,2390,2400,2373,2371,2397,2390,2382,2399,2400,2386,2386,2413,2360,2383,2394,2366,2374,2401,2386,2380,2407,2399
58,54,51,49,61,60,50,52,35,57,66,44,64,90,50,69,73,54,75,34,75,67,1028,1655,2152,2635,3081,3088,3085,3072,3081,3087,3069,3095,3066,3075,3068,3070,3089,3074,3076,3081,3062,3071,3090,3068,3083,3067,3073,3066
31,20,22,26,13,12,20,35,22,33,42,18,41,34,29,20,36,46,54,15,25,10,37,34,10,41,27,4,44,20,989,1578,2083,2539,2945,3347,3725,3753,3741,3733,3752,3730,3728,3716,3750,3741,3745,3739,3741,3748
37,44,40,49,46,73,57,62,34,53,37,46,737,1173,1536,1865,2179,2165,2196,2200,2171,2161,2194,2175,2200,2173,2200,2180,2185,2210,2193,2183,2185,2199,2190,2197,2185,2186,2200,2188,2208,2188,2194,2198,2200,2180,2180,2175,2195,2188
21,22,45,10,37,36,33,20,20,23,17,12,42,35,31,43,0,36,24,685,1086,1435,1742,2021,2285,2566,2800,3055,3289,3284,3278,3264,3250,3283,3258,3287,3266,3281,3287,3273,3280,3272,3260,3280,3273,3278,3290,3258,3266,3259
38,28,59,63,75,44,48,51,36,56,59,39,39,53,71,61,43,64,31,41,34,55,53,19,53,43,47,70,40,43,64,59,1184,1885,2472,2999,3508,3961,3965,3952,3991,3987,3963,3971,3997,3998,3956,3970,3977,3963
12,11,0,14,2,31,2,19,36,22,19,53,31,2,0,20,46,36,6,19,29,32,24,43,40,14,33,33,17,47,31,27,493,804,1063,1278,1514,1701,1904,1899,1911,1893,1916,1911,1909,1928,1903,1904,1919,1908
25,29,20,44,27,33,48,35,31,42,32,30,18,12,22,9,30,39,27,39,49,25,20,19,24,34,16,23,36,24,367,543,738,865,1042,1131,1290,1415,1515,1541,1545,1526,1530,1533,1541,1539,1531,1527,1535,1545
10,25,16,40,6,25,0,29,12,15,8,38,24,9,18,4,14,39,25,2,19,13,20,28,23,24,33,29,16,4,25,15,28,13,18,710,1146,1527,1851,2156,2468,2739,3014,3264,3524,3503,3512,3513,3519,3518
40,15,29,46,25,17,49,35,13,57,17,36,46,35,18,20,25,32,37,50,14,27,45,43,21,48,31,554,883,1135,1382,1618,1837,2047,2245,2432,2429,2423,2434,2414,2417,2428,2443,2412,2439,2437,2428,2450,2434,2460
19,6,5,29,9,17,14,16,27,381,624,820,1022,1190,1335,1513,1639,1653,1637,1644,1644,1647,1662,1621,1635,1641,1618,1625,1643,1627,1640,1637,1654,1653,1625,1641,1642,1643,1635,1637,1647,1633,1629,1635,1637,1626,1638,1633,1634,1633
22,21,11,19,32,17,42,13,29,51,44,21,29,45,25,50,62,31,44,33,19,50,51,28,877,1397,1834,2243,2605,2958,2970,2967,2954,2954,2952,2947,2970,2964,2940,2958,2955,2956,2978,2957,2969,2963,2984,2961,2953,2951
47,33,33,47,59,49,24,47,30,53,65,43,38,49,62,36,28,38,35,51,61,44,46,65,42,67,46,28,40,59,52,29,1178,1856,2494,3030,3523,3538,3517,3525,3529,3544,3534,3510,3533,3536,3550,3528,3533,3515
48,44,30,35,0,38,20,23,23,2,12,37,387,592,784,956,1088,1274,1388,1546,1540,1541,1521,1566,1555,1542,1531,1536,1529,1542,1545,1543,1519,1559,1543,1521,1530,1532,1518,1557,1515,1547,1532,1517,1522,1526,1526,1534,1539,1543
35,43,49,59,39,55,45,60,28,36,0,44,35,46,48,49,25,47,26,54,57,33,39,15,615,973,1307,1557,1807,2063,2298,2267,2281,2278,2275,2256,2295,2265,2265,2303,2270,2263,2277,2301,2284,2282,2274,2279,2280,2258
9,8,19,1,16,0,0,3,13,7,19,11,8,25,35,0,7,0,12,3,0,3,16,8,0,1,8,0,0,0,18,10,445,745,965,1188,1376,1569,1739,1913,1892,1911,1896,1911,1947,1919,1938,1908,1911,1918
72,49,68,69,30,50,476,749,989,1212,1381,1578,1560,1570,1586,1559,1573,1586,1566,1564,1568,1561,1577,1571,1580,1594,1557,1566,1588,1590,1561,1571,1568,1576,1552,1578,1575,1565,1592,1570,1601,1563,1569,1569,1574,1565,1582,1554,1580,1581
38,71,48,48,66,45,48,48,52,61,45,47,66,66,50,49,43,55,50,65,61,45,58,71,53,49,72,59,403,616,780,946,1095,1222,1355,1502,1641,1751,1728,1752,1749,1742,1756,1739,1756,1766,1740,1737,1746,1762
36,54,35,23,49,43,39,46,28,51,47,25,21,46,25,34,20,30,19,26,47,58,47,36,49,37,40,574,926,1224,1488,1728,1722,1742,1721,1721,1732,1737,1715,1711,1726,1722,1722,1716,1727,1724,1758,1739,1718,1743
27,29,36,38,0,14,36,8,54,27,25,34,16,5,34,0,35,34,6,23,20,14,39,36,37,16,990,1542,2042,2488,2920,3300,3687,4064,4062,4048,4043,4068,4051,4069,4057,4050,4056,4053,4062,4054,4052,4056,4065,4050
42,51,32,52,37,32,37,23,39,35,59,43,32,39,35,41,42,55,41,41,31,23,50,34,62,43,63,36,49,47,45,474,701,951,1167,1358,1524,1680,1860,2041,2158,2176,2171,2167,2151,2146,2174,2158,2171,2149
29,29,34,32,26,38,953,1529,1998,2439,2851,3254,3606,3980,3966,3983,3960,3961,3951,3954,3959,3981,3956,3961,3938,3972,3950,3959,3977,3948,3960,3950,3964,3954,3957,3977,3972,3963,3965,3945,3969,3970,3953,3936,3959,3971,3959,3957,3948,3980
39,54,45,24,50,52,54,41,31,37,42,53,56,48,32,36,41,52,35,28,463,721,924,1128,1296,1471,1655,1803,1969,2104,2102,2128,2093,2131,2112,2102,2126,2118,2121,2106,2102,2111,2120,2118,2127,2134,2111,2130,2120,2104
51,25,55,64,64,52,19,55,35,22,33,59,29,44,48,48,38,34,24,553,880,1153,1418,1648,1861,2076,2245,2464,2450,2453,2456,2455,2473,2458,2455,2461,2469,2467,2462,2429,2476,2430,2448,2464,2446,2454,2465,2460,2469,2485
43,30,1,41,35,15,44,42,17,35,32,67,41,38,26,39,33,19,30,19,29,39,22,10,29,35,26,30,16,40,30,43,31,20,36,19,807,1326,1744,2138,2465,2795,3127,3125,3152,3123,3128,3134,3110,3126
29,24,58,49,43,29,23,49,54,37,56,21,38,42,21,47,20,56,58,37,32,26,43,50,44,44,30,39,48,733,1170,1515,1856,2137,2438,2685,2953,3211,3473,3466,3459,3465,3445,3467,3463,3452,3465,3466,3455,3468
49,58,66,67,54,67,59,73,69,48,46,37,66,54,32,48,65,58,958,1539,2022,2458,2866,2868,2875,2859,2857,2867,2877,2857,2859,2871,2859,2875,2872,2879,2879,2872,2887,2883,2883,2905,2875,2877,2886,2885,2887,2869,2879,2857
22,28,10,24,6,10,24,1033,1654,2184,2669,3120,3532,3525,3526,3510,3532,3521,3520,3540,3527,3524,3535,3526,3552,3542,3528,3528,3530,3533,3508,3526,3541,3530,3531,3537,3538,3505,3530,3550,3528,3520,3520,3533,3529,3539,3523,3532,3539,3529
35,15,28,41,19,26,45,14,18,39,12,36,27,9,27,30,24,50,8,10,0,40,14,32,32,18,36,20,20,24,28,835,1337,1765,2154,2538,2875,3206,3494,3772,3768,3779,3776,3795,3784,3799,3782,3783,3804,3784
16,32,34,28,25,15,43,36,42,31,59,49,41,19,44,44,49,34,38,52,43,37,36,63,37,34,20,63,24,42,33,18,27,52,37,559,857,1117,1366,1581,1801,2015,2189,2368,2360,2364,2367,2359,2367,2360
46,44,51,62,46,63,55,51,65,57,57,60,72,56,46,43,52,921,1452,1893,2319,2693,2680,2678,2703,2686,2682,2729,2693,2681,2703,2697,2709,2707,2694,2694,2694,2697,2690,2702,2693,2703,2684,2687,2707,2686,2690,2692,2694,2699
42,48,36,41,66,49,62,45,49,56,54,52,34,48,59,81,27,54,61,51,43,51,43,34,903,1422,1854,2256,2620,2976,3322,3314,3328,3321,3321,3321,3348,3335,3284,3326,3309,3303,3312,3305,3319,3302,3317,3323,3318,3318
27,24,61,18,40,45,583,932,1203,1496,1710,1927,2187,2184,2168,2170,2182,2177,2183,2163,2176,2213,2191,2179,2209,2186,2168,2177,2196,2179,2190,2178,2200,2178,2168,2160,2174,2177,2169,2179,2174,2193,2186,2182,2205,2183,2178,2173,2186,2178
20,35,55,32,42,46,34,18,52,28,24,20,38,37,16,39,48,345,547,705,879,1004,1145,1287,1391,1493,1524,1522,1518,1527,1513,1521,1506,1518,1521,1510,1520,1503,1519,1494,1519,1471,1498,1495,1521,1518,1485,1493,1500,1527
13,27,30,41,40,38,30,17,25,41,43,36,1044,1684,2226,2708,3160,3173,3164,3168,3143,3153,3171,3171,3171,3163,3159,3180,3159,3165,3171,3178,3154,3148,3169,3168,3162,3168,3159,3148,3151,3151,3153,3158,3169,3148,3165,3166,3158,3150
45,35,0,24,28,23,24,38,28,43,19,35,26,49,35,38,38,18,28,43,33,42,32,49,28,924,1458,1948,2373,2746,3111,3511,3503,3504,3489,3499,3508,3486,3493,3516,3475,3481,3489,3507,3518,3508,3480,3470,3495,3521
47,45,40,39,45,41,55,45,32,886,1410,1854,2252,2626,2995,2984,2995,2975,2989,2998,2996,2988,2991,2990,2970,2976,2995,2992,2970,2979,2980,2994,3004,2978,2991,2984,3004,2988,2986,2967,2975,2968,2962,3000,2964,2976,2971,2978,2984,2983
12,38,14,0,20,11,28,32,28,18,16,19,1021,1635,2165,2688,3092,3528,3532,3522,3519,3516,3515,3532,3530,3524,3526,3539,3506,3532,3551,3521,3535,3530,3539,3554,3531,3526,3533,3528,3520,3525,3528,3532,3525,3537,3536,3522,3510,3531
18,39,25,33,29,48,21,18,7,39,524,837,1138,1338,1605,1806,1818,1799,1797,1812,1806,1808,1793,1802,1791,1802,1801,1778,1794,1785,1797,1803,1792,1797,1806,1796,1794,1796,1810,1801,1791,1796,1792,1799,1789,1812,1785,1769,1794,1818
24,13,39,33,30,23,46,29,21,0,39,22,47,18,21,33,34,40,36,20,22,26,18,22,42,12,43,14,11,574,903,1183,1464,1717,1922,2138,2346,2545,2544,2544,2550,2540,2544,2515,2541,2542,2538,2521,2564,2521
44,29,41,34,54,48,43,19,63,47,58,35,564,865,1134,1385,1604,1834,2033,2219,2414,2596,2588,2588,2604,2582,2602,2602,2610,2596,2578,2589,2609,2596,2599,2596,2614,2588,2580,2577,2590,2598,2571,2595,2585,2611,2590,2576,2605,2596
70,53,66,29,40,44,59,55,75,56,60,25,62,52,41,56,46,41,49,59,50,51,67,59,59,24,65,470,715,926,1158,1328,1516,1666,1853,2001,2157,2129,2156,2115,2161,2134,2138,2139,2148,2129,2166,2142,2149,2136
25,36,11,27,27,18,27,9,16,26,18,24,32,6,51,40,23,30,13,31,17,38,13,20,25,37,23,12,23,17,8,28,945,1559,2070,2514,2945,3357,3734,3706,3716,3721,3711,3727,3734,3718,3722,3737,3726,3734
53,37,44,27,23,44,31,30,24,30,51,45,47,51,44,35,56,56,10,41,46,54,37,56,50,48,30,61,53,72,1084,1771,2316,2848,3321,3310,3323,3304,3316,3315,3339,3300,3317,3313,3324,3323,3314,3333,3337,3330
0,25,2,5,27,7,31,22,0,34,0,28,20,7,8,28,22,19,17,0,30,38,16,0,17,16,8,437,712,973,1153,1350,1530,1543,1534,1538,1523,1528,1546,1530,1510,1544,1509,1538,1552,1537,1536,1530,1543,1521
41,31,37,31,46,41,31,48,46,42,28,27,30,27,27,29,25,28,14,16,32,33,1337,2119,2829,3463,4018,4039,4023,4032,4040,4024,4017,4042,4043,4038,4019,4029,4043,4019,4062,4037,4026,4048,4024,4044,4018,4019,4017,4024
18,24,30,41,31,16,24,46,32,22,35,28,36,18,35,36,28,846,1400,1811,2234,2598,2931,3287,3599,3593,3585,3589,3592,3601,3603,3604,3602,3593,3592,3590,3590,3602,3609,3607,3604,3581,3576,3612,3598,3594,3605,3579,3586,3601
19,39,26,32,20,40,41,43,28,35,30,932,1483,1933,2409,2775,3134,3526,3843,3837,3832,3818,3845,3829,3837,3812,3843,3856,3850,3839,3805,3839,3845,3836,3827,3842,3847,3842,3848,3835,3844,3858,3849,3849,3841,3815,3851,3861,3845,3846
31,30,15,33,29,12,23,28,13,35,27,44,28,29,29,54,51,33,30,814,1323,1739,2147,2494,2841,3143,3459,3758,4030,4057,4042,4025,4051,4062,4052,4044,4029,4031,4057,4046,4040,4026,4052,4044,4033,4053,4027,4043,4029,4046
17,0,3,30,3,22,25,23,820,1326,1729,2136,2522,2833,3159,3473,3748,4046,4032,4058,4055,4060,4066,4025,4060,4080,4063,4076,4078,4060,4058,4054,4047,4075,4055,4069,4071,4057,4041,4049,4075,4050,4066,4061,4035,4068,4065,4053,4063,4060
24,8,10,35,15,2,18,19,18,35,40,9,758,1203,1583,1935,2303,2584,2879,3153,3428,3420,3407,3428,3434,3431,3442,3426,3416,3434,3412,3428,3408,3442,3422,3433,3425,3438,3435,3429,3444,3450,3418,3425,3411,3423,3430,3429,3433,3420
15,29,25,39,26,21,13,44,22,42,44,32,1037,1667,2193,2700,3133,3577,3973,3975,4007,3972,3986,3987,3954,3967,3983,3962,3987,3949,3979,3991,3975,3981,3987,3972,3968,3991,3968,3984,3968,3978,3985,3986,4006,3998,3992,3969,3993,3975
86,68,62,63,80,54,34,49,66,41,54,54,64,812,1254,1653,1999,2333,2637,2933,3217,3496,3750,3742,3737,3762,3766,3752,3748,3752,3753,3748,3759,3737,3766,3742,3741,3754,3751,3748,3737,3763,3728,3728,3745,3744,3743,3760,3758,3763
86,54,44,40,66,44,51,60,51,51,45,53,1005,1606,2128,2583,3001,3393,3786,3798,3788,3798,3802,3794,3807,3790,3814,3791,3802,3806,3825,3792,3798,3803,3794,3777,3793,3790,3798,3795,3781,3796,3801,3796,3807,3807,3777,3817,3816,3803
16,4,50,39,24,45,30,32,23,8,35,51,514,846,1135,1400,1638,1841,1830,1860,1843,1836,1839,1850,1834,1858,1854,1833,1851,1814,1838,1837,1836,1848,1862,1825,1835,1867,1847,1857,1845,1853,1838,1829,1847,1853,1838,1834,1844,1815
34,13,12,24,24,36,45,7,33,9,7,6,17,29,37,21,13,13,22,21,37,22,15,32,10,30,23,26,595,949,1247,1526,1792,2022,2264,2466,2694,2884,2896,2904,2882,2855,2900,2895,2902,2887,2882,2894,2879,2874
14,35,13,12,19,29,11,8,992,1599,2103,2560,2991,3384,3384,3382,3389,3369,3380,3401,3410,3382,3368,3367,3407,3379,3401,3397,3372,3377,3379,3381,3401,3395,3397,3399,3404,3375,3395,3406,3387,3362,3402,3396,3388,3399,3367,3380,3378,3397
67,60,50,47,45,43,1027,1680,2190,2670,3104,3532,3540,3526,3542,3520,3558,3524,3525,3532,3527,3532,3533,3534,3541,3536,3552,3536,3551,3527,3530,3553,3539,3564,3547,3553,3517,3541,3534,3543,3526,3520,3528,3527,3536,3529,3521,3538,3523,3524
27,47,41,30,41,34,48,57,43,29,51,34,46,23,39,38,18,28,45,53,55,30,23,25,34,39,31,556,878,1154,1424,1627,1854,2067,2267,2241,2265,2238,2259,2253,2234,2258,2270,2263,2247,2245,2239,2263,2248,2247
44,51,44,56,38,45,16,11,16,27,24,42,39,26,40,45,549,852,1132,1397,1610,1623,1629,1626,1631,1603,1626,1629,1619,1633,1612,1591,1601,1637,1597,1616,1628,1614,1626,1616,1606,1608,1609,1600,1619,1612,1615,1621,1595,1616
25,38,23,28,29,58,19,42,14,24,437,670,887,1077,1273,1449,1604,1580,1590,1610,1614,1580,1590,1590,1589,1624,1593,1590,1603,1615,1601,1584,1596,1587,1612,1606,1614,1586,1605,1601,1595,1595,1604,1612,1592,1596,1608,1571,1590,1595
63,43,49,39,33,40,46,801,1266,1654,2012,2347,2663,2955,2962,2946,2937,2961,2955,2938,2949,2940,2931,2936,2951,2945,2959,2955,2962,2951,2927,2948,2962,2947,2939,2949,2957,2929,2936,2956,2954,2936,2948,2932,2948,2942,2935,2948,2955,2947
17,40,39,34,47,42,15,554,903,1179,1454,1682,1905,2132,2348,2530,2715,2726,2714,2722,2720,2730,2712,2717,2733,2711,2711,2713,2715,2724,2700,2728,2726,2705,2728,2721,2707,2731,2706,2716,2732,2708,2715,2722,2718,2728,2710,2710,2724,2733
47,45,56,42,46,47,32,48,57,69,43,41,42,27,42,44,57,39,65,39,530,834,1111,1356,1568,1786,1962,2173,2359,2520,2549,2521,2523,2539,2528,2513,2522,2530,2540,2509,2527,2515,2517,2504,2531,2514,2540,2531,2526,2531
52,45,43,40,32,64,33,49,28,57,55,47,46,35,54,37,38,45,49,65,53,57,24,54,864,1389,1829,2214,2593,2896,3242,3573,3881,3870,3858,3888,3861,3848,3898,3873,3869,3867,3889,3854,3843,3874,3866,3865,3866,3856
1,14,27,0,26,23,3,17,583,954,1274,1560,1845,2085,2320,2306,2323,2299,2306,2304,2314,2294,2308,2318,2300,2302,2310,2299,2298,2308,2303,2307,2299,2283,2285,2318,2310,2300,2308,2318,2308,2310,2309,2304,2294,2294,2289,2301,2313,2308
49,13,47,25,19,36,37,54,12,17,16,42,46,45,60,35,833,1312,1745,2145,2508,2835,3166,3454,3477,3481,3462,3474,3491,3479,3456,3495,3457,3474,3479,3479,3468,3476,3468,3465,3474,3464,3440,3475,3467,3456,3469,3450,3468,3456
22,23,4,0,22,19,11,17,0,17,19,24,0,19,33,19,0,9,483,753,991,1199,1439,1601,1772,1785,1773,1790,1773,1775,1792,1789,1798,1789,1795,1782,1789,1799,1805,1813,1791,1803,1780,1810,1781,1782,1792,1767,1780,1784
61,36,38,23,20,37,31,57,25,21,35,30,24,44,51,38,39,27,37,29,36,30,16,1123,1847,2411,2941,3442,3910,3916,3922,3899,3914,3913,3910,3909,3911,3895,3897,3907,3913,3903,3927,3914,3901,3919,3918,3885,3921,3924
58,25,64,63,81,45,66,57,68,55,34,55,58,51,46,48,52,52,46,58,67,64,70,45,80,38,61,61,57,53,56,59,66,41,36,46,589,974,1247,1538,1798,1982,2249,2243,2229,2241,2208,2246,2245,2220
62,28,33,56,47,41,63,42,46,50,58,44,54,37,43,47,58,461,675,903,1086,1298,1439,1587,1751,1901,1891,1898,1871,1881,1878,1914,1883,1882,1867,1879,1898,1892,1890,1857,1881,1873,1874,1876,1877,1893,1896,1910,1867,1864
58,50,52,47,22,42,2,55,45,39,38,53,29,14,38,46,39,54,23,54,49,46,61,19,50,45,49,54,54,53,656,1070,1405,1706,1977,2230,2496,2766,2996,2986,2966,2975,2969,2948,2971,2994,2972,2976,2973,2998
73,50,57,73,53,48,56,54,64,49,63,37,25,822,1285,1702,2079,2418,2728,3018,3329,3348,3352,3308,3329,3359,3319,3314,3334,3336,3318,3319,3324,3326,3330,3311,3331,3324,3350,3324,3327,3307,3330,3338,3340,3323,3333,3346,3329,3342
52,41,11,24,52,40,0,44,46,43,50,71,29,52,28,24,45,57,48,38,44,36,54,55,35,44,46,669,1022,1368,1657,1934,2192,2439,2674,2900,3126,3123,3123,3120,3119,3092,3109,3121,3113,3112,3120,3113,3111,3130
48,58,30,55,58,58,55,35,56,43,53,72,48,35,35,66,42,61,67,63,41,545,838,1087,1294,1510,1721,1927,1915,1895,1898,1900,1927,1919,1931,1918,1923,1908,1908,1939,1938,1933,1914,1916,1900,1946,1911,1926,1920,1938
6,3,0,15,23,11,21,11,0,21,2,9,0,24,0,5,41,10,17,0,17,17,6,0,1,2,0,0,18,24,870,1402,1872,2270,2679,3019,3377,3689,4008,4022,4018,4033,4023,4013,4010,4012,4015,4031,4022,4018
51,37,46,19,48,49,52,48,39,45,60,54,50,17,39,40,50,54,31,25,32,40,40,46,37,54,41,64,527,793,1067,1281,1483,1692,1875,2049,2206,2244,2240,2208,2224,2227,2205,2231,2227,2226,2232,2222,2221,2215
43,46,45,30,58,37,802,1234,1664,1981,2332,2669,2935,3242,3229,3224,3237,3235,3223,3227,3237,3246,3241,3212,3216,3219,3240,3251,3226,3203,3213,3202,3210,3221,3232,3222,3234,3244,3214,3228,3204,3234,3205,3243,3230,3210,3199,3206,3227,3227
12,38,45,44,40,14,40,29,37,41,28,41,39,38,36,30,28,33,48,28,53,42,42,398,657,832,996,1171,1343,1466,1621,1633,1626,1618,1606,1605,1638,1590,1637,1636,1652,1617,1623,1602,1639,1640,1614,1621,1632,1630
15,24,24,35,20,9,0,32,39,8,11,4,9,14,16,8,9,18,38,35,12,1,30,14,26,31,36,27,17,9,14,20,29,974,1599,2098,2565,3011,3003,2979,3001,3009,2994,2994,2989,3000,3015,2996,3003,3006
52,69,43,49,59,63,39,43,83,38,27,64,59,63,54,58,47,54,62,61,655,1008,1340,1617,1867,2130,2379,2590,2818,2830,2802,2823,2826,2819,2821,2810,2831,2806,2834,2819,2816,2838,2809,2813,2833,2843,2822,2824,2842,2817
49,50,60,65,31,56,67,44,698,1161,1517,1821,2113,2396,2661,2915,2941,2932,2939,2931,2923,2924,2940,2941,2913,2924,2926,2903,2923,2931,2912,2937,2924,2927,2924,2942,2904,2909,2926,2933,2926,2920,2921,2933,2912,2930,2921,2923,2933,2914
63,65,58,57,40,57,60,60,57,73,49,45,58,65,40,51,66,48,74,1038,1651,2188,2675,3111,3106,3121,3106,3114,3119,3107,3108,3096,3111,3111,3091,3114,3106,3109,3121,3117,3106,3111,3115,3115,3123,3102,3100,3094,3109,3132
31,42,38,19,29,40,31,49,39,54,26,23,352,531,688,821,971,1094,1200,1339,1457,1540,1553,1556,1553,1539,1579,1548,1560,1545,1541,1562,1529,1543,1562,1528,1552,1554,1561,1552,1565,1540,1546,1556,1547,1548,1573,1552,1522,1577
24,10,28,0,25,19,19,5,24,14,4,33,13,32,19,15,26,24,29,527,818,1058,1301,1504,1733,1889,1926,1911,1927,1933,1914,1899,1909,1924,1912,1927,1904,1910,1927,1918,1912,1905,1891,1921,1897,1906,1911,1925,1927,1940
31,33,59,43,50,59,39,71,47,65,45,39,26,57,49,44,28,37,40,30,41,51,33,58,31,38,54,52,52,23,28,50,71,45,46,738,1189,1544,1877,2202,2506,2772,3018,3025,3055,3034,3040,3043,3054,3003
36,28,34,40,31,17,30,48,45,26,28,34,18,13,24,29,407,652,859,1039,1202,1362,1509,1655,1792,1776,1781,1782,1788,1813,1824,1791,1774,1785,1803,1793,1789,1815,1793,1781,1790,1790,1807,1780,1792,1802,1799,1807,1790,1797
0,7,0,26,46,18,36,26,22,15,2,26,52,17,33,822,1318,1724,2097,2494,2473,2460,2493,2477,2448,2437,2456,2487,2462,2478,2449,2486,2474,2465,2489,2452,2481,2461,2483,2455,2471,2460,2469,2477,2468,2473,2469,2465,2472,2469
16,29,10,25,8,26,24,43,22,16,8,15,29,46,5,25,6,1051,1700,2227,2742,3194,3632,3611,3626,3609,3623,3621,3586,3629,3646,3616,3647,3632,3599,3612,3638,3607,3635,3610,3630,3627,3621,3599,3613,3604,3612,3596,3626,3606
7,24,21,7,15,20,8,7,26,24,26,32,39,0,45,370,593,785,944,1107,1248,1379,1527,1509,1526,1533,1510,1523,1521,1519,1508,1502,1511,1518,1552,1493,1531,1518,1506,1507,1514,1506,1511,1508,1511,1506,1519,1509,1524,1506
41,66,46,26,38,47,70,32,52,16,66,50,37,25,53,43,47,31,613,954,1264,1515,1784,1997,2241,2448,2672,2664,2682,2633,2654,2661,2660,2649,2650,2668,2651,2659,2663,2648,2680,2659,2673,2652,2646,2660,2672,2662,2686,2615
18,48,20,32,35,9,13,4,23,15,0,22,45,29,18,21,20,5,10,20,820,1327,1771,2135,2517,2860,3166,3498,3474,3500,3462,3475,3482,3486,3496,3473,3475,3497,3467,3463,3482,3475,3473,3482,3490,3487,3492,3495,3493,3481
20,23,23,24,8,0,34,33,13,0,28,4,20,19,0,18,29,26,28,405,666,853,1056,1210,1382,1520,1676,1686,1692,1685,1662,1689,1701,1677,1670,1688,1674,1685,1671,1660,1681,1685,1681,1679,1665,1686,1685,1679,1693,1679
35,23,0,17,39,20,35,27,16,39,44,37,23,53,36,10,31,19,26,37,21,438,656,873,1075,1239,1410,1576,1746,1873,1861,1882,1871,1856,1868,1885,1864,1884,1876,1892,1884,1870,1890,1852,1875,1865,1867,1860,1882,1867
29,37,36,29,44,66,21,51,40,47,45,31,44,34,23,39,41,48,30,46,37,31,32,37,55,27,60,39,68,17,73,48,38,43,874,1416,1860,2262,2661,3014,3329,3671,3980,3965,3980,3956,3968,3959,3953,3971
47,40,51,24,23,24,42,35,38,34,33,26,23,1083,1736,2293,2789,3250,3703,3706,3669,3678,3675,3721,3683,3685,3710,3672,3691,3707,3696,3711,3703,3697,3714,3704,3711,3682,3696,3715,3677,3691,3694,3694,3701,3682,3688,3685,3695,3690
51,58,55,74,64,60,65,44,52,60,41,72,41,61,57,68,59,65,527,845,1070,1305,1548,1757,1947,2117,2297,2310,2311,2294,2308,2299,2293,2302,2321,2295,2303,2285,2286,2319,2305,2324,2292,2290,2287,2316,2303,2307,2314,2291
16,27,26,53,51,41,44,12,38,30,21,47,20,35,34,30,24,45,24,38,48,37,34,36,34,38,36,38,38,54,39,35,39,28,661,1053,1363,1661,1967,2181,2466,2708,2673,2681,2703,2704,2708,2682,2676,2709
20,19,31,11,39,35,13,35,54,30,32,22,43,22,26,34,27,37,28,29,33,35,27,20,41,43,36,35,34,38,14,22,46,1091,1767,2336,2860,3323,3807,3782,3784,3769,3776,3778,3766,3763,3779,3790,3765,3751
42,52,43,69,70,60,39,37,38,59,51,54,51,41,56,40,28,32,47,51,46,46,51,46,55,45,51,55,45,506,794,1071,1304,1520,1718,1709,1704,1721,1706,1720,1716,1704,1734,1712,1716,1706,1725,1715,1707,1732
55,39,54,67,56,47,68,44,25,28,46,55,38,22,31,38,27,54,56,41,39,35,35,44,46,44,41,526,809,1041,1270,1470,1651,1828,2027,2185,2191,2175,2202,2175,2187,2182,2204,2175,2168,2170,2189,2197,2214,2201
50,39,46,17,44,31,32,37,36,19,28,16,33,46,64,30,36,46,43,58,46,42,23,35,32,15,34,26,35,29,62,36,377,600,795,967,1098,1270,1366,1527,1666,1805,1773,1778,1783,1784,1795,1795,1808,1749
23,39,25,17,4,37,20,34,16,23,30,36,25,19,26,8,2,22,19,23,36,29,17,36,39,26,17,961,1480,1989,2414,2822,3189,3533,3573,3542,3563,3575,3542,3570,3562,3556,3557,3516,3552,3560,3572,3562,3574,3561
19,3,18,7,8,14,0,4,14,26,36,13,7,11,4,6,1052,1677,2210,2717,3158,3591,3603,3605,3604,3592,3592,3576,3584,3594,3598,3584,3616,3605,3592,3583,3604,3583,3606,3592,3601,3607,3609,3599,3609,3606,3588,3596,3580,3601
57,56,60,47,42,60,57,648,1019,1363,1637,1905,1886,1907,1900,1940,1934,1901,1903,1891,1932,1904,1892,1890,1919,1911,1904,1901,1909,1910,1875,1904,1916,1933,1920,1908,1908,1905,1904,1936,1893,1915,1892,1908,1923,1918,1914,1904,1883,1899
27,35,5,4,8,4,12,26,0,8,19,705,1160,1521,1865,2186,2468,2748,3010,3240,3527,3521,3499,3531,3514,3498,3512,3496,3526,3516,3527,3512,3506,3527,3522,3511,3518,3503,3495,3504,3487,3526,3492,3508,3517,3507,3524,3493,3523,3527
37,28,23,49,38,28,36,25,52,33,32,20,44,32,32,10,29,29,16,16,24,37,26,48,38,40,23,569,894,1175,1422,1660,1880,2096,2324,2299,2299,2320,2314,2356,2313,2289,2305,2295,2283,2308,2307,2302,2289,2281
67,42,72,42,56,42,52,35,68,62,49,42,62,65,57,52,53,54,59,74,47,57,65,57,68,39,37,50,66,61,54,66,61,52,47,41,797,1237,1625,1975,2291,2587,2899,3145,3453,3437,3456,3441,3451,3431
25,23,12,11,32,13,29,21,54,0,0,22,29,12,26,16,28,659,1056,1422,1724,2013,2284,2534,2784,3027,3015,3027,3003,3035,3051,3039,3042,3033,3014,3037,3037,3022,3029,3031,3029,3034,3035,3019,3049,3019,3008,3029,3046,3018
23,6,24,4,26,3,3,17,19,0,17,2,14,5,5,21,27,23,10,12,684,1128,1473,1775,2098,2082,2114,2090,2104,2114,2116,2114,2099,2092,2107,2103,2092,2108,2085,2099,2117,2086,2094,2101,2114,2112,2090,2100,2097,2082
11,32,32,43,22,18,21,19,41,10,15,21,834,1348,1768,2141,2549,2854,3160,3485,3503,3496,3491,3484,3495,3503,3466,3507,3493,3519,3510,3509,3464,3476,3491,3502,3481,3492,3492,3508,3504,3504,3500,3498,3508,3501,3481,3475,3479,3512
24,22,12,17,19,6,20,24,0,52,9,38,51,42,2,32,23,16,23,33,12,2,0,15,0,28,11,22,24,14,0,25,24,24,9,9,480,757,1004,1214,1410,1600,1757,1947,2107,2271,2254,2244,2280,2274
57,55,89,72,59,65,52,51,55,60,75,39,56,55,57,50,58,67,38,75,53,74,60,1338,2126,2802,3387,3947,3954,3958,3940,3956,3932,3938,3976,3965,3946,3949,3966,3951,3974,3982,3950,3941,3954,3949,3963,3943,3966,3946
11,35,25,26,33,41,24,5,13,33,36,32,32,700,1144,1500,1806,2095,2389,2391,2373,2381,2385,2389,2375,2365,2383,2379,2387,2364,2386,2398,2389,2380,2399,2357,2387,2387,2399,2380,2373,2376,2391,2372,2366,2404,2400,2387,2401,2386
60,40,30,42,24,44,42,41,44,38,45,70,26,41,20,36,51,30,57,44,28,63,56,34,51,37,62,40,38,28,31,59,50,59,49,68,794,1279,1696,2043,2409,2716,3032,3301,3314,3303,3302,3317,3315,3297
74,78,46,43,51,71,67,50,44,34,51,42,55,34,47,64,77,45,53,51,54,53,39,41,57,39,64,773,1187,1558,1863,2178,2473,2485,2496,2488,2466,2477,2509,2479,2483,2469,2486,2481,2508,2498,2494,2489,2461,2462
25,48,24,50,36,38,33,28,48,38,838,1339,1784,2169,2535,2866,3183,3510,3813,3794,3802,3805,3800,3799,3798,3791,3787,3781,3785,3790,3814,3786,3796,3799,3816,3787,3822,3810,3803,3793,3798,3801,3823,3810,3814,3798,3815,3793,3792,3807
37,83,56,48,59,58,53,589,911,1247,1446,1703,1699,1681,1686,1679,1696,1696,1715,1695,1687,1697,1680,1702,1697,1674,1686,1696,1705,1672,1709,1697,1690,1692,1695,1685,1688,1690,1701,1689,1695,1701,1681,1699,1696,1695,1689,1680,1711,1696
23,36,31,44,24,30,54,37,25,23,26,27,25,26,14,37,27,27,41,17,34,42,35,53,33,45,558,872,1161,1392,1642,1858,2064,2253,2455,2624,2608,2623,2622,2630,2640,2617,2619,2615,2646,2628,2628,2622,2582,2613
18,56,45,30,18,42,22,28,22,41,39,36,17,43,30,39,26,31,58,30,646,1033,1388,1664,1934,1945,1953,1943,1938,1948,1957,1939,1940,1935,1946,1961,1958,1925,1947,1954,1958,1950,1972,1929,1938,1950,1946,1954,1942,1937
17,25,19,3,35,14,11,7,5,17,1,20,39,0,12,19,29,34,4,8,9,17,19,38,15,36,25,37,492,770,1009,1222,1427,1618,1609,1627,1639,1607,1623,1618,1638,1600,1638,1607,1628,1617,1615,1629,1617,1619
27,14,37,9,37,28,36,27,36,32,19,12,600,934,1237,1508,1780,1766,1732,1766,1760,1732,1768,1740,1753,1749,1730,1764,1741,1754,1787,1760,1757,1732,1766,1758,1767,1770,1757,1745,1729,1750,1753,1733,1751,1766,1776,1766,1758,1747
29,34,64,49,56,56,52,34,60,42,57,41,44,76,60,45,948,1520,2007,2453,2866,3221,3602,3579,3616,3596,3616,3587,3602,3599,3593,3586,3586,3601,3598,3620,3608,3615,3606,3618,3621,3583,3608,3605,3597,3591,3593,3601,3604,3579
39,47,50,39,55,49,33,48,67,78,36,51,55,704,1114,1488,1789,2090,2357,2600,2597,2596,2607,2619,2614,2611,2591,2583,2591,2589,2633,2617,2601,2592,2608,2609,2605,2601,2613,2616,2615,2609,2587,2598,2621,2601,2605,2614,2610,2620
31,23,31,48,51,41,20,42,75,33,46,47,70,57,40,49,27,61,36,1290,2071,2729,3355,3901,3870,3892,3912,3888,3890,3872,3878,3883,3889,3913,3895,3911,3881,3906,3893,3897,3893,3905,3894,3899,3903,3904,3899,3885,3909,3895
48,50,43,21,31,8,24,37,37,25,25,15,24,42,34,35,21,38,54,32,37,23,28,37,34,39,16,12,19,32,2,506,802,1064,1283,1485,1688,1888,2070,2079,2106,2083,2067,2091,2103,2068,2052,2073,2085,2077
43,54,34,39,38,40,36,39,39,43,53,44,41,25,38,38,38,44,45,32,1071,1706,2245,2752,3190,3611,3627,3622,3624,3622,3640,3621,3626,3634,3610,3632,3633,3632,3625,3633,3660,3632,3597,3630,3632,3628,3649,3619,3640,3636
66,47,54,57,46,59,53,64,63,53,58,81,50,50,58,58,56,81,45,36,55,52,54,69,58,58,770,1180,1546,1868,2183,2472,2476,2465,2475,2474,2485,2466,2479,2461,2467,2484,2477,2469,2475,2479,2467,2480,2474,2511
50,50,43,58,56,64,66,58,32,34,66,67,58,56,52,40,1087,1690,2235,2736,3190,3192,3171,3214,3183,3190,3190,3171,3186,3180,3193,3196,3181,3182,3181,3173,3175,3191,3183,3191,3175,3172,3184,3193,3172,3181,3188,3171,3189,3172
40,44,37,26,40,11,47,20,31,30,34,35,32,35,38,38,52,47,22,19,44,25,38,40,38,27,45,39,12,17,35,33,374,603,785,940,1099,1247,1408,1515,1520,1525,1523,1521,1513,1512,1540,1529,1519,1532
28,60,39,39,22,41,46,51,33,19,22,49,15,24,37,23,24,40,28,29,26,814,1266,1657,2028,2363,2719,2973,3287,3570,3825,3837,3834,3829,3813,3853,3805,3828,3803,3814,3833,3812,3828,3828,3841,3838,3836,3807,3834,3839
33,40,42,58,50,55,62,41,45,23,29,37,76,30,37,56,45,45,46,42,49,41,48,45,60,55,39,34,28,53,42,867,1370,1816,2207,2559,2529,2554,2561,2548,2547,2558,2532,2558,2523,2552,2570,2554,2551,2550
12,6,12,8,41,9,20,27,9,3,28,26,23,11,0,9,18,9,20,16,443,735,984,1192,1403,1555,1753,1926,1916,1917,1925,1924,1933,1910,1928,1934,1923,1931,1944,1931,1924,1918,1937,1939,1904,1931,1911,1944,1943,1916
51,36,50,24,35,20,47,32,17,35,48,37,50,26,40,39,46,35,27,54,37,28,46,13,36,33,687,1076,1413,1732,1990,2307,2534,2524,2540,2527,2525,2527,2528,2533,2533,2530,2542,2559,2544,2540,2512,2538,2530,2543
42,25,37,18,26,22,42,22,47,12,24,19,17,15,21,17,31,10,0,19,20,31,24,31,50,24,38,15,30,1139,1873,2464,3004,3510,3978,3998,3980,3987,3987,3991,3987,3990,3961,3968,3974,3988,3985,3986,3962,3979
47,55,48,28,49,56,57,44,43,53,70,44,58,64,78,48,56,61,59,46,63,70,68,53,62,52,42,23,64,821,1296,1701,2076,2426,2735,3041,3066,3056,3054,3042,3050,3068,3038,3030,3047,3051,3041,3050,3051,3041
21,27,12,18,27,0,31,18,20,26,19,26,21,21,23,16,5,12,20,13,12,22,9,9,34,21,9,24,29,0,45,16,12,36,332,566,721,887,1043,1190,1305,1454,1578,1565,1576,1570,1587,1574,1566,1569
63,70,57,61,68,23,537,820,1096,1316,1512,1720,1916,2101,2108,2101,2114,2089,2106,2097,2089,2090,2095,2109,2116,2098,2090,2107,2123,2102,2088,2138,2109,2127,2099,2104,2115,2106,2092,2101,2117,2100,2087,2091,2101,2103,2082,2093,2096,2090
23,33,42,14,28,19,716,1174,1547,1892,2218,2509,2787,3057,3311,3317,3296,3332,3323,3314,3327,3313,3337,3308,3319,3297,3294,3315,3314,3317,3325,3313,3330,3310,3302,3316,3320,3319,3343,3323,3336,3324,3314,3346,3344,3312,3311,3329,3323,3305
44,22,26,51,20,42,26,33,24,19,33,27,40,40,20,35,38,52,1038,1652,2218,2709,3115,3571,3560,3595,3567,3552,3575,3574,3566,3563,3552,3571,3548,3561,3578,3572,3570,3569,3569,3544,3563,3576,3586,3531,3554,3576,3560,3562
43,48,45,53,61,45,61,77,31,60,80,48,81,35,57,44,55,51,65,67,74,67,55,44,60,73,65,60,69,42,58,44,46,955,1493,1948,2378,2776,2740,2770,2764,2757,2753,2785,2771,2777,2781,2767,2761,2753
46,51,37,65,56,55,52,64,55,69,59,50,62,67,69,562,891,1194,1426,1662,1886,2117,2285,2502,2493,2509,2495,2512,2502,2502,2506,2511,2523,2492,2500,2493,2475,2495,2516,2477,2483,2495,2489,2491,2514,2513,2497,2520,2488,2500
15,47,34,30,23,31,25,31,28,571,947,1232,1496,1753,2004,2220,2426,2426,2458,2433,2439,2449,2446,2436,2427,2434,2463,2436,2414,2425,2419,2421,2436,2445,2438,2431,2448,2428,2434,2440,2436,2430,2436,2446,2441,2449,2447,2436,2438,2442
56,17,51,32,25,13,43,41,35,51,37,40,33,32,30,53,18,33,36,35,22,45,33,21,47,37,44,39,43,580,960,1270,1530,1776,2040,2247,2261,2235,2224,2245,2245,2214,2226,2247,2262,2246,2227,2236,2239,2238
54,40,33,45,49,73,42,54,48,68,50,40,46,66,28,47,1056,1706,2268,2721,3200,3636,4042,4047,4032,4031,4042,4043,4038,4042,4050,4052,4039,4023,4029,4038,4021,4034,4035,4040,4037,4024,4034,4038,4051,4039,4056,4026,4036,4041
10,17,5,11,0,37,886,1441,1878,2317,2695,3061,3063,3069,3090,3044,3056,3073,3068,3070,3061,3063,3082,3098,3073,3075,3077,3068,3051,3071,3083,3074,3085,3096,3052,3082,3077,3075,3077,3066,3086,3073,3060,3080,3075,3060,3089,3067,3078,3065
59,42,43,56,50,54,55,31,24,53,44,48,53,49,43,70,45,37,60,32,55,57,65,37,51,43,68,53,34,50,51,593,905,1211,1480,1738,1943,2160,2371,2577,2581,2566,2582,2584,2556,2575,2577,2575,2560,2581
34,44,44,49,56,55,31,510,816,1066,1295,1487,1678,1880,2068,2053,2049,2048,2059,2041,2059,2052,2051,2052,2081,2046,2036,2053,2051,2068,2059,2044,2051,2055,2054,2067,2076,2037,2065,2044,2059,2054,2057,2049,2057,2042,2040,2058,2026,2047
62,54,59,60,40,43,38,20,37,54,60,60,61,55,58,64,75,59,63,62,64,511,744,1010,1220,1382,1598,1753,1936,2077,2083,2070,2091,2074,2092,2085,2095,2090,2079,2096,2093,2087,2097,2089,2086,2083,2091,2096,2098,2074
37,27,23,40,14,20,18,39,32,27,19,56,31,21,21,13,738,1212,1625,1973,2283,2599,2890,3167,3444,3436,3434,3440,3425,3432,3444,3453,3451,3454,3450,3446,3431,3450,3428,3433,3444,3443,3445,3415,3432,3447,3443,3424,3435,3448
39,20,3,1,6,0,10,8,14,0,0,22,3,6,11,5,19,24,50,14,16,11,11,34,1138,1809,2427,2983,3451,3950,3955,3939,3958,3934,3958,3936,3952,3936,3947,3950,3958,3954,3941,3946,3966,3938,3948,3941,3951,3946
14,1,4,0,6,15,9,31,0,21,2,2,0,15,8,16,15,13,0,22,1,29,21,0,13,30,9,10,31,0,15,0,9,4,3,796,1283,1670,2063,2414,2771,3046,3345,3349,3362,3345,3350,3336,3352,3339
17,30,17,6,13,13,14,25,16,20,22,20,12,12,5,17,25,40,26,18,30,12,21,22,15,6,27,0,18,0,2,9,4,21,6,432,652,877,1057,1243,1411,1555,1739,1874,1863,1868,1887,1888,1865,1865
6,44,18,33,21,11,22,21,10,18,17,2,3,34,27,23,0,15,18,22,12,34,11,6,1298,2058,2750,3353,3908,3908,3928,3926,3936,3902,3909,3943,3912,3910,3923,3917,3918,3933,3910,3909,3937,3920,3940,3929,3943,3927
55,60,52,67,30,33,39,33,60,54,58,38,56,45,20,54,50,38,32,37,71,38,46,620,955,1236,1547,1776,2024,2255,2467,2450,2446,2463,2444,2460,2457,2428,2435,2483,2479,2469,2429,2445,2464,2478,2448,2454,2457,2439
41,28,35,46,31,42,40,51,55,34,70,37,39,1178,1894,2490,3028,3511,3537,3534,3525,3533,3541,3545,3541,3531,3534,3527,3553,3543,3533,3521,3551,3543,3538,3559,3544,3517,3541,3539,3523,3537,3531,3540,3526,3534,3521,3528,3532,3539
36,67,54,47,57,67,61,58,62,56,55,79,71,54,68,54,34,58,51,61,55,38,48,72,44,67,60,43,53,68,55,56,40,46,637,1035,1341,1621,1882,1894,1922,1929,1926,1909,1888,1906,1889,1895,1897,1896
16,22,22,0,0,50,14,24,27,0,12,42,7,41,16,18,0,28,39,1089,1793,2361,2883,3388,3379,3371,3382,3381,3367,3385,3361,3373,3389,3380,3376,3367,3370,3379,3365,3376,3392,3370,3387,3383,3379,3354,3381,3371,3372,3395
66,36,39,48,41,36,35,56,45,54,51,40,23,56,56,44,56,59,37,999,1551,2077,2517,2932,3344,3698,4076,4072,4049,4068,4073,4049,4070,4065,4068,4065,4067,4060,4073,4090,4071,4055,4039,4082,4077,4075,4082,4064,4075,4065
1,27,6,12,6,9,0,22,26,11,22,4,1,6,0,0,26,28,12,0,20,0,17,1,3,32,4,419,658,845,1041,1216,1393,1568,1693,1835,1843,1841,1866,1813,1838,1832,1872,1858,1851,1851,1842,1823,1813,1828
13,24,16,25,0,27,1,799,1279,1703,2062,2401,2727,3055,3360,3629,3936,3932,3932,3932,3931,3941,3922,3943,3918,3915,3924,3926,3917,3932,3944,3922,3920,3956,3917,3921,3956,3931,3928,3941,3940,3930,3924,3913,3914,3943,3933,3935,3933,3927
64,49,37,63,75,53,389,587,792,939,1109,1255,1383,1509,1496,1521,1525,1517,1521,1514,1499,1525,1508,1510,1503,1510,1502,1518,1534,1524,1508,1514,1508,1487,1523,1523,1523,1513,1511,1530,1513,1511,1507,1517,1509,1504,1512,1533,1488,1500
56,47,45,47,32,61,38,55,41,26,49,60,42,32,40,40,13,39,65,38,55,42,41,47,30,40,40,39,49,54,48,773,1250,1622,1977,2283,2616,2612,2616,2587,2599,2602,2602,2603,2623,2578,2608,2595,2581,2603
37,36,25,35,59,31,39,44,50,3,41,40,40,49,42,25,23,26,39,63,29,20,41,23,28,42,13,873,1386,1826,2192,2553,2904,3247,3553,3564,3544,3567,3540,3557,3562,3554,3554,3536,3553,3562,3543,3547,3548,3551
18,25,24,24,35,14,20,48,31,21,32,42,34,35,37,40,45,17,15,0,24,45,12,23,32,39,24,25,13,28,35,18,32,36,3,422,678,892,1069,1262,1408,1584,1582,1572,1571,1592,1567,1579,1579,1563
45,49,43,77,56,48,48,63,62,53,17,47,46,52,54,50,52,48,53,676,1076,1418,1724,1981,2246,2486,2769,2982,3199,3205,3193,3225,3196,3206,3214,3214,3164,3209,3203,3197,3206,3190,3204,3198,3201,3200,3204,3190,3216,3199
41,17,32,0,43,31,15,27,37,45,43,61,35,43,42,28,24,37,42,31,39,50,33,33,1150,1872,2456,2978,3508,3963,3968,3960,3964,3975,3967,3948,3953,3959,3971,3975,3966,3953,3942,3969,3985,3949,3960,3959,3957,3979
36,30,31,39,42,45,33,47,25,39,42,45,46,40,59,597,916,1204,1468,1693,1962,2147,2360,2343,2342,2353,2371,2358,2344,2348,2348,2359,2358,2337,2385,2346,2361,2338,2353,2346,2375,2342,2370,2363,2361,2347,2328,2373,2350,2335
56,60,47,81,55,38,73,33,61,55,45,65,50,53,44,45,48,18,66,52,51,52,35,411,633,835,1014,1162,1326,1473,1603,1735,1719,1737,1763,1748,1736,1728,1764,1732,1757,1757,1747,1747,1747,1752,1755,1734,1732,1733
27,39,45,23,31,50,29,38,26,37,30,44,18,33,46,45,30,32,37,43,25,29,7,10,26,37,32,36,45,47,45,23,28,34,727,1135,1464,1796,2088,2386,2649,2896,3118,3138,3136,3123,3125,3134,3149,3143
22,47,40,30,15,15,33,33,56,26,24,38,19,8,9,628,1027,1352,1658,1927,2203,2416,2634,2875,2903,2880,2898,2877,2888,2880,2871,2895,2880,2904,2860,2890,2877,2879,2886,2872,2891,2900,2886,2881,2853,2881,2884,2898,2885,2885
32,42,16,33,28,39,32,56,31,41,40,48,37,640,994,1329,1625,1891,2150,2387,2599,2614,2608,2608,2611,2635,2631,2608,2620,2619,2621,2617,2624,2619,2611,2618,2627,2605,2617,2642,2599,2615,2621,2622,2619,2616,2615,2619,2629,2633
24,20,41,33,50,6,12,28,18,31,22,25,42,15,63,35,47,29,34,57,908,1446,1914,2332,2729,2740,2716,2736,2708,2723,2728,2721,2746,2733,2730,2728,2714,2700,2737,2712,2733,2714,2736,2733,2717,2754,2731,2727,2724,2735
7,5,27,21,24,10,18,3,19,0,13,24,0,22,17,19,968,1546,2063,2541,2966,3372,3754,3761,3741,3745,3739,3741,3754,3749,3742,3735,3751,3753,3740,3740,3764,3744,3736,3761,3757,3749,3741,3758,3748,3745,3762,3749,3731,3734
47,42,39,36,36,24,14,38,21,44,29,29,26,47,23,19,25,46,20,35,16,22,26,55,25,38,28,1,37,18,27,16,493,810,1041,1250,1437,1667,1841,1838,1841,1851,1819,1843,1841,1847,1853,1842,1841,1834
40,26,67,21,50,57,41,33,53,55,44,39,32,42,46,34,35,47,66,37,745,1135,1531,1846,2152,2428,2703,2957,3212,3485,3473,3436,3469,3466,3463,3480,3455,3475,3454,3474,3469,3455,3491,3437,3462,3466,3469,3469,3460,3465
5,0,7,27,3,0,10,0,18,13,13,40,8,19,5,13,11,12,2,13,0,25,7,0,0,975,1623,2178,2635,3068,3504,3863,3908,3892,3916,3874,3903,3901,3905,3908,3868,3885,3891,3885,3884,3888,3893,3888,3896,3893
39,25,60,47,50,56,60,39,33,41,61,43,43,22,52,43,620,949,1266,1521,1770,1788,1776,1778,1770,1784,1786,1788,1769,1776,1783,1770,1749,1769,1762,1782,1781,1777,1767,1745,1767,1763,1798,1797,1807,1789,1768,1779,1782,1804
38,5,29,10,16,26,49,28,39,2,5,31,25,26,19,43,16,5,34,1123,1820,2408,2950,3434,3417,3418,3433,3436,3438,3438,3420,3402,3433,3424,3434,3445,3428,3440,3430,3424,3413,3429,3444,3428,3431,3424,3420,3415,3431,3433
33,33,44,23,14,33,39,17,17,29,22,18,34,29,26,13,23,6,39,15,37,51,18,51,33,24,36,8,29,0,51,23,20,353,533,706,846,1004,1147,1269,1389,1509,1519,1503,1513,1504,1508,1502,1519,1500
29,18,59,26,54,24,35,60,50,34,7,53,36,49,41,37,41,34,45,40,20,48,37,32,56,24,17,41,40,44,38,656,1019,1352,1680,1959,2203,2218,2206,2205,2213,2198,2204,2186,2186,2196,2204,2203,2202,2205
63,53,38,72,60,43,42,870,1430,1854,2265,2633,2978,3315,3624,3623,3630,3631,3625,3636,3626,3646,3646,3645,3633,3628,3634,3643,3648,3649,3630,3629,3628,3638,3648,3635,3654,3624,3636,3650,3625,3621,3615,3626,3633,3648,3625,3637,3618,3635
30,45,52,18,41,46,36,50,26,42,43,37,29,53,690,1124,1459,1777,2059,2095,2062,2077,2079,2060,2048,2076,2079,2066,2084,2049,2059,2074,2064,2118,2063,2074,2072,2069,2071,2071,2060,2072,2065,2063,2073,2073,2079,2073,2056,2050
16,42,34,6,9,28,37,30,26,25,17,20,26,12,57,34,23,24,31,39,37,33,667,1105,1435,1752,2023,2314,2312,2319,2319,2325,2310,2328,2332,2310,2309,2320,2306,2311,2320,2309,2333,2322,2316,2328,2315,2323,2319,2302
9,17,23,22,10,48,21,38,14,20,23,22,29,5,32,20,15,11,18,26,10,65,34,2,37,23,0,26,20,517,820,1083,1307,1535,1762,1949,2173,2317,2519,2485,2503,2499,2501,2505,2502,2488,2494,2497,2507,2501
39,67,73,55,58,78,48,941,1523,1996,2435,2835,2819,2816,2820,2833,2832,2833,2822,2844,2830,2844,2835,2839,2798,2825,2816,2819,2845,2804,2840,2833,2820,2835,2831,2815,2834,2806,2806,2814,2833,2815,2800,2829,2821,2828,2830,2799,2832,2843
34,51,27,26,18,29,4,25,20,17,15,43,31,24,40,4,1,13,31,16,41,13,12,36,22,39,36,12,7,54,41,2,35,11,30,2,517,808,1068,1261,1508,1692,1910,2087,2078,2067,2076,2086,2073,2104
22,10,7,6,19,0,0,18,21,12,8,5,15,10,9,19,20,1,7,29,7,3,3,856,1385,1857,2253,2646,3010,3325,3322,3330,3331,3312,3337,3341,3327,3342,3340,3336,3334,3331,3343,3315,3339,3340,3326,3332,3338,3348
45,31,46,50,62,22,48,44,33,48,52,52,47,61,582,881,1149,1401,1629,1856,1839,1862,1833,1856,1863,1861,1832,1834,1858,1841,1851,1835,1860,1847,1861,1846,1831,1856,1852,1829,1839,1872,1834,1854,1849,1853,1852,1838,1848,1829
26,41,27,29,39,47,661,1025,1355,1674,1937,2195,2467,2704,2688,2722,2699,2692,2698,2700,2713,2704,2701,2689,2694,2695,2668,2704,2679,2696,2700,2685,2700,2692,2711,2698,2691,2710,2687,2714,2687,2682,2703,2703,2710,2711,2714,2685,2693,2681
40,31,25,20,16,26,26,26,22,21,12,27,0,30,23,15,31,22,9,24,30,38,31,10,29,28,24,37,24,603,975,1323,1578,1861,2108,2338,2569,2774,2997,3007,2976,2979,2996,2988,3008,2990,3001,3007,3011,2976
25,22,19,16,19,0,27,32,28,30,15,16,3,16,27,13,34,11,28,16,14,10,15,16,6,28,44,14,48,9,973,1565,2072,2533,2983,2971,2981,2984,2973,2964,2958,2965,2962,2966,2995,2984,2986,2969,2954,2976
16,39,6,8,32,21,15,12,887,1432,1920,2302,2698,3083,3068,3060,3079,3093,3094,3087,3080,3089,3086,3081,3078,3084,3071,3081,3084,3108,3058,3084,3095,3107,3093,3065,3091,3096,3076,3075,3071,3080,3087,3090,3102,3077,3086,3084,3074,3097
19,30,26,31,4,4,7,0,24,7,17,47,12,13,25,32,17,53,11,16,23,15,9,10,15,0,12,661,1053,1397,1673,1969,2231,2245,2248,2251,2241,2238,2247,2256,2249,2239,2254,2250,2247,2243,2232,2234,2249,2235
1,10,17,11,4,10,19,23,6,33,31,19,21,10,6,6,17,11,21,0,4,688,1097,1428,1761,2090,2358,2341,2349,2357,2355,2349,2351,2329,2362,2353,2344,2365,2341,2355,2331,2348,2356,2344,2356,2330,2347,2342,2345,2347
30,24,30,27,31,15,24,5,30,49,30,37,28,44,11,11,22,27,19,33,21,13,24,27,953,1497,1983,2442,2816,3228,3572,3590,3590,3556,3595,3596,3589,3555,3575,3588,3599,3583,3572,3603,3563,3601,3577,3594,3591,3582
24,35,66,47,33,35,37,46,36,46,38,37,35,39,59,59,60,41,38,59,43,37,34,31,34,45,34,49,42,924,1477,1957,2372,2762,3157,3144,3127,3134,3146,3137,3127,3142,3156,3113,3139,3130,3127,3127,3141,3144
32,16,11,22,9,28,38,33,8,19,15,34,21,11,522,814,1076,1311,1534,1734,1935,1929,1928,1934,1953,1930,1923,1963,1947,1932,1937,1938,1922,1940,1956,1949,1937,1933,1933,1943,1950,1921,1908,1914,1924,1950,1929,1947,1937,1943
43,40,63,73,48,52,24,38,40,50,78,38,57,54,48,53,57,52,59,52,53,60,48,44,37,46,41,56,18,73,1037,1697,2196,2681,3116,3134,3130,3119,3112,3124,3106,3112,3119,3132,3095,3119,3114,3107,3109,3145
23,27,25,30,29,37,22,24,37,36,39,29,24,35,41,32,9,47,11,33,17,49,32,19,38,21,41,42,19,24,26,23,23,746,1182,1595,1935,2235,2254,2272,2265,2252,2256,2263,2266,2249,2240,2254,2219,2237
32,69,65,53,38,54,40,17,49,41,51,52,53,39,38,31,23,44,50,54,63,29,27,37,51,43,40,45,62,47,41,62,61,725,1195,1543,1902,2204,2498,2810,3037,3081,3081,3067,3061,3044,3051,3055,3054,3061
14,17,47,47,23,23,22,17,24,17,24,33,43,26,26,21,18,16,27,34,19,16,35,26,611,989,1287,1587,1843,1844,1852,1841,1849,1834,1839,1828,1851,1851,1823,1846,1841,1839,1845,1861,1856,1838,1856,1825,1848,1856
49,38,33,27,43,35,23,33,23,41,19,32,42,32,28,52,33,10,22,16,28,30,45,34,35,42,6,16,52,772,1220,1626,1983,2312,2624,2909,3180,3208,3215,3207,3208,3200,3185,3183,3191,3223,3192,3179,3210,3211
51,34,45,42,33,34,60,30,49,25,34,59,40,55,36,38,12,27,55,43,47,42,34,58,36,58,40,41,1193,1903,2512,3063,3575,3583,3605,3574,3581,3576,3567,3567,3569,3575,3594,3587,3603,3592,3614,3601,3573,3583
46,44,39,45,54,50,45,47,65,38,29,49,41,49,50,48,44,55,48,46,42,394,601,796,966,1114,1250,1424,1552,1662,1793,1795,1822,1784,1800,1791,1788,1781,1769,1805,1794,1769,1785,1792,1786,1771,1801,1786,1790,1795
26,32,37,25,43,32,31,34,31,26,32,34,35,41,24,674,1075,1429,1732,2044,2026,2032,2041,2027,2027,2019,2028,2038,2049,2058,2030,2039,2019,2016,2032,2033,2000,2036,2004,2020,2031,2042,2032,2016,2026,2066,2031,2055,2047,2035
65,60,70,28,74,73,63,56,41,48,32,59,38,55,78,57,37,59,51,73,1270,2056,2694,3304,3825,3844,3844,3841,3834,3838,3855,3858,3854,3837,3847,3854,3853,3853,3841,3850,3852,3869,3852,3814,3857,3846,3844,3850,3864,3838
41,40,34,30,17,44,51,40,25,26,34,34,14,13,45,18,27,20,21,27,33,22,45,36,35,39,33,20,20,40,41,47,27,25,619,981,1287,1568,1840,2087,2302,2542,2748,2933,2968,2943,2965,2951,2959,2961
41,38,23,22,25,38,26,18,20,15,26,31,25,43,360,542,712,865,999,1134,1254,1426,1509,1603,1637,1643,1613,1639,1624,1620,1605,1639,1615,1643,1615,1641,1618,1603,1615,1612,1637,1608,1626,1630,1623,1654,1614,1634,1611,1622
7,29,15,22,20,25,24,33,0,23,21,9,37,31,29,973,1548,2049,2502,2896,3304,3697,4074,4052,4043,4054,4045,4059,4057,4060,4061,4056,4050,4069,4065,4057,4065,4078,4041,4043,4046,4054,4066,4078,4053,4078,4058,4049,4064,4055
40,40,30,29,37,38,20,45,25,30,1263,2005,2659,3250,3795,3812,3807,3813,3771,3815,3821,3812,3818,3804,3817,3804,3822,3800,3812,3819,3825,3825,3790,3803,3809,3811,3782,3815,3807,3817,3809,3806,3784,3783,3795,3829,3816,3815,3805,3786
25,11,15,0,0,7,0,11,13,19,0,23,11,0,27,28,16,21,0,818,1294,1722,2141,2472,2456,2484,2464,2464,2489,2469,2470,2468,2484,2467,2467,2473,2470,2476,2485,2478,2479,2471,2468,2461,2487,2493,2479,2455,2485,2489
45,41,29,35,31,30,26,52,29,6,42,28,31,721,1126,1520,1858,2143,2427,2710,2978,3249,3221,3232,3232,3238,3222,3215,3217,3225,3234,3227,3226,3230,3241,3249,3206,3232,3234,3247,3226,3226,3247,3233,3231,3216,3222,3243,3237,3222
50,43,39,54,48,52,33,47,40,66,57,33,60,54,56,63,28,79,26,53,27,61,49,59,74,928,1474,1934,2355,2757,3136,3491,3843,3819,3813,3812,3833,3836,3821,3825,3816,3803,3832,3826,3788,3815,3798,3839,3818,3822
54,43,61,53,51,74,638,1006,1314,1597,1852,2087,2311,2539,2770,2981,2996,2968,2967,2970,2960,2963,2954,2986,2964,2975,2953,2986,2969,2979,2963,2988,2989,2964,2960,2979,2962,2980,2975,2989,2959,2988,3001,2961,2993,2952,2987,2982,2994,2963
15,59,14,22,31,24,36,33,14,9,4,454,716,932,1149,1348,1518,1684,1843,2008,2159,2171,2191,2181,2152,2153,2168,2163,2167,2146,2141,2172,2142,2146,2157,2152,2170,2144,2132,2145,2161,2157,2152,2154,2162,2168,2165,2166,2150,2191
47,58,48,53,69,42,53,52,58,36,50,77,60,61,48,46,60,58,50,74,44,40,51,56,51,46,54,46,44,54,66,46,53,782,1208,1623,1938,2276,2583,2891,2887,2866,2887,2885,2848,2870,2846,2868,2859,2863
34,4,14,13,29,0,0,22,40,25,461,714,979,1169,1354,1567,1729,1740,1748,1736,1730,1725,1759,1741,1739,1723,1734,1745,1745,1727,1728,1741,1726,1732,1727,1755,1744,1721,1724,1757,1740,1734,1730,1739,1747,1752,1725,1747,1733,1738
0,0,20,18,16,0,24,11,31,15,733,1229,1606,1964,2263,2590,2866,3165,3167,3178,3158,3168,3166,3166,3150,3138,3164,3197,3174,3152,3150,3179,3159,3157,3170,3147,3159,3176,3144,3143,3175,3169,3146,3155,3191,3166,3153,3167,3150,3150
31,24,32,45,34,0,20,7,21,25,0,21,7,20,4,5,16,17,21,6,22,19,0,13,0,35,6,6,17,26,6,35,10,26,9,2,562,898,1184,1472,1695,1924,2146,2358,2554,2563,2534,2575,2538,2543
45,42,56,40,37,31,72,59,36,23,49,45,51,45,574,891,1175,1415,1643,1891,2091,2271,2486,2659,2646,2645,2626,2647,2657,2647,2644,2630,2674,2665,2665,2643,2630,2645,2666,2639,2649,2652,2635,2649,2632,2636,2639,2652,2660,2646
19,9,48,25,40,3,5,8,20,19,669,1090,1450,1750,2076,2050,2054,2048,2050,2033,2093,2067,2061,2041,2061,2053,2063,2067,2041,2055,2040,2073,2069,2069,2070,2047,2064,2086,2063,2033,2035,2062,2057,2072,2059,2062,2063,2067,2060,2071
61,51,47,42,28,34,61,28,40,42,45,76,50,40,39,38,55,69,60,54,74,41,30,39,33,45,78,864,1362,1820,2221,2568,2934,3251,3580,3851,3856,3858,3874,3875,3843,3834,3866,3872,3867,3870,3871,3867,3865,3876
32,27,18,38,23,21,18,22,17,19,23,45,23,16,13,3,38,22,40,12,20,11,34,461,700,900,1149,1300,1461,1639,1783,1957,2078,2106,2100,2100,2092,2096,2103,2114,2099,2090,2094,2111,2100,2093,2099,2111,2118,2099
28,8,19,14,4,0,23,2,12,24,17,10,29,820,1347,1761,2163,2523,2874,3208,3492,3811,4091,4095,4084,4063,4095,4095,4085,4095,4083,4072,4089,4084,4080,4077,4072,4093,4094,4095,4089,4080,4081,4090,4091,4092,4094,4069,4095,4070
28,55,47,30,26,23,24,26,36,31,22,22,18,29,39,17,30,37,30,50,40,30,790,1237,1653,2015,2343,2654,2659,2660,2653,2658,2664,2662,2653,2667,2683,2663,2655,2638,2656,2668,2661,2684,2654,2643,2657,2657,2654,2663
17,4,12,23,0,3,32,17,27,13,0,4,34,30,26,36,2,17,10,0,19,19,10,8,34,590,942,1253,1521,1781,2022,2026,2016,2024,2003,2019,2012,2030,2015,1994,2012,2004,2005,2011,2025,2014,2022,2062,2024,2009
42,23,36,23,44,45,24,30,41,30,734,1182,1536,1858,2175,2450,2740,2998,3272,3524,3504,3517,3490,3490,3503,3506,3495,3501,3515,3502,3510,3514,3500,3496,3516,3483,3490,3504,3516,3498,3505,3517,3522,3486,3494,3512,3515,3502,3481,3502
20,47,30,21,48,56,32,43,48,46,14,61,13,58,43,67,26,40,45,45,52,39,41,36,40,37,21,1016,1627,2154,2623,3074,3063,3089,3058,3070,3038,3080,3073,3067,3071,3075,3069,3078,3060,3083,3061,3067,3078,3067
57,36,66,55,50,43,49,29,32,42,42,43,56,76,39,46,59,44,60,66,45,25,62,55,28,32,48,22,69,55,51,1035,1648,2187,2667,3124,3519,3905,3926,3925,3915,3903,3922,3921,3936,3929,3939,3917,3917,3921
53,86,60,57,63,71,80,34,52,53,42,46,65,41,65,33,46,43,38,45,61,46,791,1266,1681,2027,2366,2696,2964,3270,3264,3275,3297,3286,3282,3298,3294,3287,3276,3266,3298,3291,3301,3290,3270,3303,3265,3292,3272,3289
36,29,23,32,34,37,32,37,23,0,22,39,29,6,52,28,37,28,34,34,20,50,31,34,15,32,23,29,9,29,25,49,18,41,35,9,1020,1648,2176,2657,3130,3531,3934,3928,3913,3928,3948,3922,3937,3943
51,58,35,46,32,63,41,65,32,76,43,982,1596,2080,2527,2951,3337,3731,3735,3733,3726,3728,3730,3716,3736,3732,3727,3699,3746,3713,3730,3723,3726,3735,3717,3715,3699,3721,3743,3724,3720,3745,3739,3727,3736,3715,3738,3719,3735,3705
27,4,13,31,25,51,34,19,34,0,7,947,1522,2005,2444,2866,3258,3592,3974,3987,3971,3967,3961,3953,3960,3954,3967,3967,3957,3969,3983,3961,3958,3962,3958,3973,3955,3950,3964,3974,3956,3970,3969,3975,3955,3977,3977,3956,3951,3964
22,43,31,38,48,19,14,46,37,10,33,46,972,1565,2070,2514,2936,3317,3689,3680,3684,3693,3664,3692,3713,3680,3704,3688,3700,3672,3689,3661,3674,3692,3697,3700,3686,3665,3698,3685,3688,3695,3694,3688,3672,3688,3682,3682,3680,3682
59,61,71,58,44,70,49,28,52,643,1046,1342,1634,1924,2138,2395,2622,2647,2642,2646,2631,2620,2622,2628,2623,2639,2629,2652,2626,2635,2623,2619,2627,2626,2640,2632,2604,2628,2620,2621,2638,2607,2606,2616,2618,2620,2619,2635,2628,2625
62,60,42,46,49,70,44,63,43,53,28,60,84,68,42,68,62,61,62,576,875,1156,1403,1642,1855,2053,2256,2247,2246,2238,2248,2251,2239,2270,2246,2242,2251,2253,2274,2244,2247,2257,2240,2230,2257,2232,2257,2243,2256,2269
60,63,66,55,63,57,54,32,80,56,65,29,66,73,62,50,44,71,66,43,37,62,55,68,62,909,1393,1853,2256,2634,2619,2604,2658,2623,2682,2625,2636,2615,2621,2615,2629,2633,2627,2617,2608,2650,2623,2640,2628,2644
29,29,34,29,23,29,49,38,42,26,24,15,18,15,40,32,4,32,25,21,19,11,24,31,23,3,37,38,0,32,13,8,32,26,37,929,1527,2034,2486,2869,3266,3616,3985,4015,3982,3988,4000,3983,3995,3972
67,63,51,44,47,42,61,44,56,53,80,55,76,55,85,46,82,57,52,64,75,63,65,52,67,55,46,68,53,46,970,1574,2042,2501,2952,3317,3692,4059,4061,4029,4025,4041,4052,4047,4057,4033,4044,4054,4043,4044
41,24,20,27,15,59,46,27,32,62,31,24,30,49,889,1428,1895,2283,2670,3024,3377,3682,4024,4031,4009,4024,4018,4037,4014,4019,4020,4026,4004,4032,3981,4022,4023,4014,4031,3983,4023,4015,3997,4003,4002,4030,4005,4011,4012,3994
68,43,46,37,49,30,58,44,29,32,45,55,59,45,46,43,61,40,33,1031,1644,2164,2643,3082,3481,3504,3491,3497,3479,3504,3474,3500,3499,3486,3507,3480,3493,3493,3486,3532,3481,3504,3500,3508,3490,3509,3495,3490,3514,3494
67,41,78,45,72,62,79,78,78,52,87,48,52,45,55,61,74,82,35,65,37,57,70,45,50,62,62,58,37,64,52,54,640,992,1310,1600,1879,2137,2349,2595,2576,2587,2573,2582,2592,2576,2605,2577,2589,2595
57,60,52,63,53,63,62,51,46,38,63,35,55,62,1113,1819,2373,2895,3361,3374,3352,3368,3364,3364,3389,3348,3355,3359,3382,3363,3352,3361,3384,3356,3379,3357,3362,3367,3370,3391,3368,3366,3380,3352,3351,3362,3373,3368,3366,3362
29,53,57,58,34,64,68,63,38,45,499,761,990,1220,1394,1606,1783,1951,2126,2093,2110,2117,2112,2104,2108,2101,2107,2093,2114,2101,2116,2117,2113,2089,2117,2088,2111,2112,2128,2129,2099,2087,2115,2119,2116,2136,2100,2092,2122,2120
26,35,9,18,40,37,43,22,24,25,33,27,43,28,32,17,50,36,21,7,32,40,0,35,25,28,10,29,42,36,37,17,823,1280,1678,2029,2385,2697,2997,3303,3301,3295,3282,3277,3285,3299,3283,3315,3305,3295
61,50,32,40,56,66,74,36,49,63,58,53,64,58,46,62,56,54,46,47,75,46,26,615,938,1221,1493,1750,1970,2169,2195,2205,2195,2196,2192,2182,2195,2187,2208,2203,2166,2176,2208,2171,2195,2185,2196,2180,2172,2197
60,37,58,54,47,23,50,40,63,49,57,69,48,54,54,942,1497,1964,2366,2772,3124,3481,3491,3499,3479,3470,3490,3489,3483,3506,3487,3478,3501,3510,3498,3480,3511,3484,3485,3485,3495,3493,3495,3530,3511,3478,3477,3496,3494,3501
37,27,47,41,23,50,20,803,1285,1707,2076,2399,2743,3034,3337,3611,3891,3885,3873,3891,3888,3881,3886,3891,3896,3904,3887,3926,3878,3887,3917,3882,3899,3895,3876,3889,3881,3870,3891,3875,3873,3869,3890,3888,3890,3898,3870,3866,3880,3921
31,15,10,21,48,37,17,8,5,28,25,17,33,19,2,20,12,11,45,3,30,9,20,2,35,15,28,23,20,12,12,805,1331,1751,2138,2503,2850,3186,3456,3453,3483,3472,3452,3475,3475,3466,3456,3485,3464,3484
20,24,24,34,15,28,0,21,0,2,22,23,26,29,9,10,45,22,23,39,17,31,30,9,34,44,27,25,25,46,21,14,34,622,1023,1320,1600,1890,2122,2360,2589,2574,2578,2614,2599,2574,2573,2584,2598,2583
20,29,16,17,23,35,27,19,46,27,25,35,17,14,639,999,1353,1655,1922,2181,2418,2439,2416,2418,2419,2418,2418,2425,2414,2415,2425,2430,2400,2428,2434,2402,2430,2404,2402,2406,2436,2433,2415,2416,2423,2440,2421,2401,2405,2406
32,19,10,18,15,21,37,7,27,0,25,28,0,35,22,11,5,0,620,996,1314,1594,1875,2145,2374,2584,2818,3021,3025,3017,3021,3014,3033,3062,3027,3035,3039,3012,3006,3023,3029,3026,3032,3022,3045,3034,3043,3034,3030,3027
21,26,32,26,25,29,29,35,40,25,32,34,63,11,10,18,28,63,913,1519,2013,2472,2868,3247,3619,3962,3976,3951,3971,3948,3951,3941,3936,3936,3965,3955,3959,3935,3948,3945,3953,3965,3953,3959,3972,3960,3973,3959,3944,3940
39,38,49,40,32,53,28,37,50,40,32,50,50,49,27,52,60,41,19,33,44,54,27,39,39,33,32,57,57,10,41,34,53,812,1274,1671,2043,2373,2666,2994,3275,3554,3560,3560,3562,3536,3545,3544,3556,3549
19,20,19,14,19,29,6,23,22,27,39,47,28,22,33,6,12,49,12,30,5,44,32,32,27,26,23,970,1538,2047,2474,2894,3291,3285,3296,3297,3313,3281,3320,3287,3303,3313,3287,3270,3272,3286,3310,3286,3307,3311
71,47,64,42,57,61,54,70,46,68,41,39,39,55,64,36,59,53,56,862,1400,1858,2243,2620,2962,3285,3607,3593,3609,3601,3609,3614,3611,3588,3616,3611,3607,3589,3603,3600,3619,3606,3632,3613,3589,3619,3617,3594,3615,3599
55,61,46,52,80,57,35,57,55,65,58,43,47,60,58,80,48,57,52,73,54,539,818,1078,1296,1524,1726,1892,2091,2254,2405,2425,2430,2428,2443,2449,2441,2425,2408,2415,2432,2428,2429,2444,2415,2417,2428,2414,2416,2412
49,42,52,33,37,27,57,47,37,47,44,40,57,51,57,69,45,30,47,50,46,44,47,65,76,59,58,63,52,51,528,824,1103,1334,1544,1754,1938,2106,2318,2288,2300,2311,2316,2308,2292,2274,2310,2325,2303,2309
44,45,39,27,26,20,25,27,36,26,24,17,14,15,29,30,651,1011,1346,1647,1945,2161,2415,2663,2890,2890,2871,2894,2863,2862,2878,2868,2895,2874,2893,2884,2871,2866,2902,2869,2857,2868,2895,2904,2879,2891,2882,2894,2878,2892
43,34,62,50,21,42,52,51,38,40,46,86,35,46,54,22,52,52,39,38,39,39,32,60,38,42,59,55,588,958,1245,1494,1749,1995,1991,1976,1977,1995,1987,1989,1971,1986,1982,1971,1978,1991,1991,1980,1972,1958
54,53,48,62,54,52,64,87,44,65,45,58,652,1043,1379,1645,1961,2173,2444,2447,2418,2451,2458,2461,2451,2426,2445,2446,2445,2438,2448,2439,2434,2456,2444,2451,2430,2447,2452,2445,2442,2450,2444,2437,2435,2416,2429,2447,2442,2456
37,44,55,40,55,43,55,938,1513,1996,2447,2833,2834,2845,2828,2876,2865,2867,2839,2858,2856,2840,2856,2863,2877,2862,2855,2830,2835,2857,2852,2841,2825,2876,2845,2853,2837,2845,2866,2831,2840,2843,2842,2829,2835,2837,2856,2864,2831,2858
38,26,14,33,0,48,26,29,49,16,6,15,17,25,3,33,28,30,28,690,1093,1440,1746,2031,2330,2303,2347,2340,2318,2306,2347,2315,2322,2323,2326,2334,2316,2331,2317,2305,2310,2313,2335,2339,2325,2307,2331,2333,2325,2331
62,31,30,58,28,36,24,27,42,46,52,60,16,41,39,49,36,52,45,29,45,36,38,22,30,837,1303,1766,2137,2503,2494,2500,2504,2492,2506,2482,2496,2477,2471,2474,2482,2513,2507,2482,2476,2485,2487,2489,2483,2490
29,77,22,26,25,28,50,34,63,40,43,56,54,836,1354,1755,2147,2530,2858,3172,3491,3795,3794,3769,3776,3788,3783,3794,3755,3786,3786,3799,3773,3807,3768,3794,3795,3784,3777,3789,3786,3780,3789,3779,3801,3793,3786,3807,3791,3786
18,39,58,34,45,11,50,44,47,14,38,51,28,32,58,43,24,26,57,16,41,1032,1658,2196,2659,3117,3094,3075,3116,3109,3107,3127,3110,3104,3099,3090,3110,3117,3094,3121,3113,3118,3100,3096,3113,3107,3113,3103,3106,3102
52,42,56,60,28,42,4,38,27,26,15,34,39,27,11,26,30,32,1052,1713,2224,2739,3184,3608,4000,4002,4027,4013,4025,4008,3999,4006,4029,4011,3995,4033,4019,4018,4016,4012,4014,4021,4025,4020,4017,4038,3998,3998,4022,4015
29,34,32,55,20,40,42,36,26,35,54,36,28,13,51,572,872,1125,1387,1636,1852,2054,2053,2055,2056,2058,2075,2052,2039,2055,2075,2041,2051,2065,2061,2054,2075,2063,2056,2042,2066,2070,2073,2063,2070,2046,2067,2067,2065,2085
63,32,60,51,50,47,51,51,55,64,71,55,68,58,51,32,40,50,67,40,48,47,61,81,48,49,48,982,1571,2071,2539,2959,3332,3355,3349,3361,3376,3383,3332,3333,3356,3370,3367,3349,3355,3356,3359,3373,3352,3351
8,5,37,3,14,19,24,11,30,8,20,0,12,18,22,11,17,21,3,1,53,32,8,610,981,1310,1554,1824,2065,2323,2509,2728,2942,2944,2925,2932,2939,2937,2939,2951,2958,2957,2948,2957,2950,2948,2946,2934,2950,2927
5,10,4,11,17,0,11,12,28,11,22,9,18,14,9,15,7,21,0,18,17,8,3,5,10,18,0,18,15,14,22,12,861,1356,1797,2195,2576,2907,3241,3218,3222,3233,3272,3237,3238,3236,3227,3245,3259,3196
11,19,12,14,11,12,10,26,23,13,8,7,0,21,17,2,9,25,26,12,17,5,15,12,0,27,5,12,0,21,23,40,1,0,0,986,1601,2114,2583,3040,3435,3811,3841,3803,3838,3827,3830,3839,3839,3820
30,0,5,0,0,19,9,16,7,1,25,0,0,14,7,698,1097,1479,1814,2096,2410,2398,2390,2420,2421,2413,2397,2414,2401,2387,2404,2411,2382,2396,2400,2406,2447,2418,2398,2402,2422,2380,2406,2392,2382,2384,2415,2394,2410,2411
30,57,37,37,44,49,43,50,48,62,56,60,43,68,46,30,52,26,55,67,884,1380,1810,2202,2531,2914,3223,3480,3815,3827,3820,3819,3810,3832,3804,3803,3812,3806,3807,3813,3828,3827,3827,3817,3825,3836,3820,3809,3808,3820
24,10,3,31,28,16,7,18,21,11,0,13,13,22,0,8,5,14,9,29,28,24,15,9,5,16,3,19,27,548,911,1215,1472,1705,1968,2177,2185,2186,2179,2177,2205,2172,2173,2186,2177,2165,2173,2176,2176,2191
80,51,74,67,55,71,59,67,35,64,45,38,47,49,48,50,893,1432,1879,2290,2680,3007,3363,3685,3701,3688,3693,3689,3694,3691,3688,3683,3685,3691,3686,3715,3670,3681,3707,3675,3693,3690,3701,3690,3709,3679,3700,3697,3684,3723
31,21,24,33,40,52,8,24,29,22,11,13,30,29,45,19,13,30,60,39,28,15,54,700,1095,1433,1766,2047,2050,2052,2055,2045,2028,2043,2085,2038,2068,2044,2060,2055,2043,2020,2047,2066,2037,2051,2065,2069,2067,2037
59,38,51,63,51,51,36,56,55,66,51,26,54,40,65,60,60,39,50,52,41,47,70,42,67,64,49,47,34,37,57,49,684,1066,1416,1717,2006,2238,2530,2754,2756,2754,2746,2744,2743,2744,2730,2719,2759,2720
48,53,57,43,52,48,55,59,58,75,51,52,65,38,58,77,61,611,940,1278,1544,1773,2007,2225,2449,2673,2671,2658,2656,2675,2640,2676,2642,2668,2652,2640,2669,2658,2684,2660,2656,2656,2662,2663,2679,2658,2648,2658,2684,2657
33,21,12,14,35,40,36,32,33,19,16,27,20,25,39,64,36,43,29,45,21,24,22,31,40,34,30,41,42,557,861,1123,1373,1601,1835,2044,2048,2035,2048,2054,2051,2038,2056,2057,2036,2037,2051,2057,2021,2056
30,50,54,43,44,47,30,31,34,39,40,51,44,38,61,61,52,51,40,53,56,58,56,40,54,46,32,53,41,43,55,682,1072,1441,1731,1995,2294,2539,2803,3053,3040,3012,3029,3041,3020,3041,3031,3025,3022,3027
38,76,39,50,49,29,50,54,26,44,66,51,44,53,35,35,55,29,42,40,60,50,34,60,46,37,27,34,37,36,945,1509,2019,2469,2899,2865,2876,2898,2891,2855,2864,2881,2886,2863,2845,2873,2857,2869,2872,2857
42,30,50,54,53,63,504,780,1045,1278,1504,1675,1864,1866,1877,1839,1851,1859,1850,1852,1844,1846,1851,1864,1867,1855,1838,1858,1859,1842,1841,1859,1840,1853,1879,1850,1862,1853,1853,1830,1867,1863,1849,1870,1828,1844,1849,1847,1840,1836
61,81,35,59,62,65,72,54,77,713,1112,1486,1819,2125,2401,2634,2902,2899,2916,2921,2911,2931,2900,2901,2911,2909,2921,2907,2893,2924,2912,2903,2922,2902,2915,2933,2915,2914,2931,2921,2916,2900,2909,2934,2935,2926,2911,2912,2912,2938
16,38,13,35,7,31,0,25,4,949,1562,2057,2487,2931,3283,3312,3325,3313,3315,3330,3331,3329,3306,3321,3304,3300,3316,3298,3314,3317,3317,3302,3287,3319,3317,3313,3327,3323,3325,3328,3305,3331,3312,3322,3303,3317,3320,3312,3312,3290
46,62,59,48,57,61,42,65,76,62,81,51,56,62,56,49,69,54,34,66,39,52,76,37,52,60,52,53,77,50,65,69,70,61,42,527,810,1033,1270,1479,1677,1840,2022,2023,2020,2019,1992,1997,2019,2026
42,39,47,58,42,67,55,61,54,41,68,71,49,75,49,52,59,46,36,50,61,78,37,59,41,62,58,54,44,49,855,1373,1802,2184,2533,2900,3205,3507,3812,3799,3822,3817,3799,3808,3826,3818,3777,3793,3810,3812
47,54,41,40,35,40,44,44,42,44,61,45,41,52,37,49,498,820,1051,1284,1498,1699,1894,2053,2223,2378,2388,2382,2402,2399,2395,2379,2403,2381,2376,2380,2404,2372,2397,2397,2375,2386,2368,2396,2399,2377,2402,2390,2374,2410
30,46,66,29,35,47,53,49,65,49,47,63,33,43,62,58,65,45,61,60,760,1215,1608,1954,2261,2279,2281,2302,2293,2270,2285,2279,2276,2290,2280,2299,2274,2269,2277,2283,2259,2274,2275,2300,2281,2303,2294,2293,2293,2286
31,32,50,52,8,41,43,25,5,26,50,47,25,37,43,29,44,48,47,17,36,11,7,23,38,29,20,55,41,462,694,928,1154,1302,1492,1658,1797,1986,1965,1975,1968,1975,1967,1962,1976,1966,1967,1983,1979,1951
65,40,72,32,55,57,42,62,48,40,43,53,59,83,57,66,38,44,63,51,66,29,70,45,42,41,58,70,54,53,59,689,1077,1394,1704,1989,2000,1996,1983,1999,1989,2003,2008,2005,1986,1997,2002,2015,1991,1997
3,18,22,17,5,0,12,25,16,19,25,27,14,11,11,18,5,5,15,0,23,30,16,25,11,13,32,27,27,12,0,18,751,1231,1617,1998,2304,2597,2900,2887,2897,2885,2911,2896,2900,2892,2911,2900,2894,2913
23,5,0,35,23,2,0,12,18,7,5,5,10,12,8,0,22,19,20,12,7,24,36,16,19,28,13,27,14,7,0,8,0,774,1232,1609,1986,2317,2645,2630,2643,2625,2655,2639,2639,2649,2659,2652,2635,2629
77,56,56,56,31,56,27,62,68,45,61,59,79,61,70,72,677,1100,1425,1744,2013,2278,2537,2792,2997,2991,3021,3013,3021,3026,3015,3018,2993,3017,3006,3000,3009,3009,3020,3003,3017,3010,2993,2988,2992,3006,3012,3015,2993,3025
26,25,38,15,11,16,17,22,2,32,21,22,20,2,40,5,2,15,25,28,22,4,669,1043,1369,1677,1953,1955,1924,1993,1968,1957,1952,1957,1970,1945,1956,1955,1948,1953,1949,1945,1951,1934,1955,1915,1957,1964,1938,1952
0,15,0,40,15,27,16,39,24,3,32,31,17,26,24,36,28,20,35,38,12,8,17,0,20,627,1016,1374,1674,1961,1965,1959,1975,1922,1970,1955,1949,1950,1971,1943,1953,1963,1972,1963,1932,1955,1961,1938,1946,1945
73,32,42,42,41,42,34,40,23,34,48,48,29,39,43,61,52,14,21,36,29,44,41,942,1515,2007,2435,2812,3224,3231,3228,3218,3225,3198,3213,3225,3233,3229,3221,3229,3202,3220,3230,3232,3213,3221,3203,3218,3241,3241
16,9,5,12,8,10,5,7,0,21,22,16,0,38,21,11,21,3,35,25,0,0,12,10,26,29,14,8,0,2,684,1118,1478,1797,2091,2104,2109,2114,2111,2093,2074,2084,2103,2060,2086,2092,2108,2119,2101,2063
16,8,30,39,0,33,25,33,16,21,18,21,28,18,16,30,21,7,10,701,1135,1517,1836,2148,2418,2685,2669,2675,2686,2664,2682,2653,2687,2669,2685,2691,2687,2673,2675,2673,2676,2677,2675,2688,2682,2666,2649,2656,2682,2692
47,21,30,39,50,62,43,41,44,25,29,44,23,34,24,49,28,29,41,46,21,14,30,31,40,43,43,54,25,29,45,28,35,32,47,35,417,679,887,1072,1241,1414,1556,1707,1709,1718,1723,1718,1729,1737
55,33,56,42,46,62,61,31,64,49,47,76,37,52,53,45,38,44,43,621,994,1312,1572,1827,2088,2321,2550,2771,2767,2768,2752,2734,2766,2766,2751,2757,2754,2750,2760,2753,2746,2752,2735,2752,2738,2738,2760,2768,2761,2749
28,59,35,45,28,40,49,56,74,42,918,1494,1959,2348,2750,3145,3505,3478,3467,3484,3490,3493,3486,3495,3509,3494,3488,3507,3485,3498,3481,3485,3488,3516,3474,3472,3510,3483,3502,3488,3485,3487,3485,3477,3498,3479,3501,3496,3499,3487
21,19,20,18,24,0,17,30,20,35,27,16,10,817,1298,1682,2076,2409,2734,3060,3365,3632,3929,3923,3896,3919,3902,3915,3913,3915,3923,3936,3931,3929,3928,3928,3916,3904,3920,3899,3902,3918,3914,3921,3920,3921,3906,3909,3922,3910
42,33,41,36,19,35,40,48,953,1553,2028,2495,2909,3292,3304,3296,3312,3294,3282,3318,3305,3290,3295,3291,3296,3303,3307,3289,3290,3299,3304,3299,3288,3303,3294,3292,3309,3287,3294,3308,3310,3287,3291,3294,3303,3297,3300,3292,3293,3311
54,57,66,63,32,47,63,72,48,47,60,35,63,45,62,41,61,44,484,756,972,1161,1383,1585,1754,1746,1757,1733,1738,1730,1743,1741,1729,1707,1750,1720,1717,1741,1728,1747,1736,1723,1726,1741,1746,1717,1733,1752,1727,1748
52,31,50,44,43,62,65,61,20,25,54,56,45,48,45,43,49,56,35,57,39,55,61,54,59,59,44,53,30,50,31,565,897,1195,1427,1630,1670,1643,1653,1657,1661,1669,1681,1651,1638,1653,1649,1667,1650,1663
49,35,65,59,15,37,55,26,46,33,34,47,49,34,37,54,31,50,55,45,37,52,47,792,1223,1625,1982,2297,2613,2911,2908,2909,2901,2894,2914,2925,2910,2919,2913,2902,2902,2919,2912,2915,2892,2919,2926,2906,2899,2920
19,11,26,11,47,23,647,1024,1384,1657,1955,2203,2209,2195,2210,2207,2204,2220,2189,2189,2187,2200,2182,2207,2192,2187,2220,2202,2185,2202,2225,2210,2188,2187,2192,2192,2204,2225,2202,2211,2199,2198,2222,2202,2211,2203,2194,2192,2193,2218
36,38,43,0,40,39,44,48,34,12,8,25,6,35,23,5,42,34,34,12,10,29,9,48,10,45,26,27,36,21,21,41,8,682,1071,1407,1725,2039,2284,2272,2276,2280,2318,2294,2314,2308,2301,2272,2290,2325
73,38,36,46,79,72,84,49,63,64,62,48,54,61,87,37,64,68,76,59,54,47,67,60,61,44,51,58,69,74,70,51,71,54,683,1058,1405,1691,1992,1985,1986,1984,1971,1981,1968,1990,1999,1985,1988,1983
39,44,19,40,53,39,37,29,44,23,22,56,46,35,39,31,36,32,1,25,19,40,36,12,18,19,27,35,43,26,26,19,36,43,38,41,723,1138,1484,1816,2133,2407,2687,2688,2699,2680,2694,2681,2692,2688
21,19,24,56,25,43,9,21,13,45,44,36,42,380,595,793,948,1101,1260,1401,1527,1543,1533,1541,1534,1518,1525,1533,1537,1531,1541,1531,1519,1554,1532,1542,1541,1548,1533,1522,1528,1526,1534,1540,1529,1526,1522,1532,1532,1523
53,59,58,62,68,47,42,39,50,29,59,62,51,46,58,28,44,69,69,38,68,1206,1929,2520,3093,3625,3588,3601,3598,3596,3608,3608,3595,3612,3620,3639,3621,3596,3613,3607,3605,3596,3605,3610,3601,3604,3567,3613,3613,3594
32,3,7,22,18,5,1087,1779,2351,2870,3350,3798,3792,3782,3801,3796,3801,3809,3816,3811,3785,3819,3803,3807,3784,3813,3809,3795,3774,3801,3800,3799,3821,3798,3797,3782,3809,3798,3789,3795,3788,3793,3807,3803,3808,3811,3786,3821,3796,3811
43,39,69,62,50,63,41,42,54,33,40,61,38,1193,1958,2536,3091,3598,4085,4095,4095,4069,4077,4077,4095,4095,4094,4095,4092,4086,4078,4095,4081,4066,4095,4095,4080,4091,4083,4094,4095,4095,4086,4092,4086,4087,4073,4095,4095,4095
42,60,46,61,43,41,433,696,920,1095,1263,1427,1579,1735,1892,2025,2032,2034,2015,2021,2017,2017,2017,2040,2048,2025,2033,2029,2004,2015,2022,2008,2032,2021,2032,2025,2009,2019,2038,2028,2035,2023,2002,2021,2015,2009,2050,2042,2016,2025
36,42,54,44,52,32,61,26,43,55,35,48,35,50,42,31,27,29,563,862,1095,1360,1582,1774,1984,1969,2009,1979,2006,1993,2010,1996,2007,2018,1997,1981,2009,1990,1991,1987,1998,1987,2008,2007,1988,2006,1980,1977,1980,1979
52,44,72,39,58,34,60,54,50,58,51,56,61,39,38,53,55,41,47,26,72,39,54,34,44,42,80,45,42,41,22,423,618,816,985,1150,1298,1471,1593,1723,1861,1866,1853,1848,1891,1880,1874,1863,1878,1869
16,29,34,50,29,42,28,4,20,23,20,11,15,33,7,25,13,17,3,33,35,8,26,22,11,13,28,26,28,8,30,31,29,27,399,660,862,1064,1231,1402,1534,1692,1695,1682,1698,1710,1691,1685,1713,1697
22,18,2,45,19,11,32,810,1295,1704,2075,2432,2755,3052,3341,3637,3624,3632,3654,3633,3635,3640,3660,3644,3639,3640,3638,3626,3616,3654,3633,3631,3643,3659,3652,3635,3627,3617,3634,3637,3628,3647,3637,3645,3625,3627,3654,3649,3622,3630
33,47,15,11,49,43,22,52,28,34,33,31,51,33,31,25,31,39,36,37,22,28,45,48,27,39,24,839,1380,1781,2201,2562,2914,3216,3532,3541,3555,3532,3539,3561,3535,3559,3552,3546,3560,3514,3521,3545,3539,3539
32,39,31,34,29,31,37,17,31,14,26,55,31,43,36,36,33,15,21,19,29,23,409,632,833,992,1170,1330,1486,1617,1756,1866,1916,1887,1893,1878,1893,1878,1870,1888,1896,1885,1895,1886,1894,1886,1881,1903,1873,1868
32,40,61,49,44,57,52,50,29,52,47,41,40,48,50,53,67,39,52,40,61,62,41,58,48,35,862,1377,1832,2222,2551,2919,3214,3567,3836,3873,3851,3874,3842,3848,3849,3837,3855,3860,3849,3866,3851,3850,3870,3831
39,89,55,57,45,73,62,65,54,78,71,80,28,44,67,63,64,62,62,63,977,1528,2051,2498,2901,3286,3625,3630,3627,3644,3641,3637,3643,3640,3643,3622,3638,3613,3642,3638,3641,3639,3630,3647,3649,3636,3626,3642,3628,3621
29,0,28,26,11,27,19,0,35,11,44,23,23,16,2,26,10,13,41,27,18,7,13,30,7,10,27,24,16,14,23,27,18,11,378,580,784,973,1106,1251,1401,1531,1697,1675,1674,1672,1684,1682,1675,1689
0,0,31,32,21,42,24,2,23,15,35,52,21,13,38,24,8,19,22,30,18,19,4,29,30,639,1032,1374,1679,1937,2179,2462,2440,2455,2437,2472,2470,2464,2444,2456,2435,2446,2443,2428,2444,2431,2438,2458,2446,2458
17,9,18,4,27,13,0,1072,1700,2269,2769,3230,3683,3679,3662,3682,3682,3699,3702,3697,3691,3670,3693,3688,3687,3679,3694,3670,3672,3674,3694,3697,3667,3682,3669,3673,3677,3692,3667,3672,3679,3697,3695,3696,3678,3691,3676,3717,3684,3691
60,51,54,63,48,42,43,46,36,36,56,53,48,68,63,90,54,50,34,67,67,53,48,51,62,49,56,52,66,55,46,50,49,57,53,55,502,804,1029,1248,1467,1669,1866,2019,2186,2175,2163,2162,2171,2164
27,2,0,37,24,22,39,34,27,40,42,17,29,19,23,37,16,26,38,13,24,19,35,33,48,24,33,32,39,37,24,27,29,29,726,1203,1603,1979,2287,2604,2888,3184,3420,3729,3709,3721,3719,3719,3718,3703
46,49,48,43,39,29,42,34,38,40,40,41,383,594,776,920,1071,1205,1351,1477,1590,1714,1722,1741,1713,1729,1739,1755,1726,1730,1728,1731,1722,1733,1731,1727,1729,1721,1733,1725,1732,1723,1730,1724,1739,1735,1724,1716,1727,1735
50,56,48,65,42,31,41,44,28,39,52,27,67,49,53,52,33,52,27,38,44,43,49,41,57,623,1028,1325,1617,1878,2119,2370,2597,2791,2804,2809,2786,2803,2807,2811,2808,2809,2823,2801,2807,2792,2817,2792,2827,2824
11,40,33,18,48,17,40,36,57,40,15,28,22,13,49,15,18,39,29,33,30,22,26,24,46,25,40,15,14,32,37,23,434,694,905,1093,1277,1419,1606,1749,1900,2037,2064,2040,2052,2037,2059,2066,2040,2056
43,38,32,48,53,32,41,53,27,48,64,44,66,65,47,55,57,51,71,52,57,57,57,61,51,616,1004,1326,1592,1878,2111,2345,2593,2572,2584,2577,2562,2538,2554,2581,2577,2573,2595,2585,2584,2570,2583,2589,2568,2575
27,35,44,52,42,34,46,34,47,47,46,54,38,59,69,59,37,48,44,41,51,22,56,40,39,45,18,503,781,1009,1208,1427,1583,1771,1771,1780,1785,1780,1776,1778,1756,1762,1776,1789,1787,1745,1770,1760,1785,1759
27,17,10,27,18,20,21,7,18,35,25,12,35,10,34,13,33,30,6,18,34,32,36,19,23,33,6,28,658,1017,1398,1698,1986,1971,1968,1953,1937,1966,1970,1953,1981,1961,1983,1951,1972,1970,1950,1995,1962,1975
66,47,54,37,54,31,38,37,31,30,34,25,45,52,36,46,49,37,28,35,50,61,53,49,834,1297,1741,2080,2457,2761,2790,2773,2784,2751,2783,2762,2782,2797,2770,2770,2765,2781,2774,2764,2761,2775,2773,2759,2788,2774
80,77,68,71,65,69,76,66,50,66,57,51,60,44,63,67,50,68,63,69,52,82,745,1164,1535,1845,2170,2460,2749,3003,3004,2987,3023,2984,2985,3004,2996,3005,3015,3001,2996,2998,3017,2995,3001,3006,3002,2987,3024,3017
24,18,34,20,31,11,26,21,35,26,33,27,35,27,13,20,25,19,32,38,7,33,7,38,14,49,23,36,33,596,942,1250,1512,1752,1984,2208,2432,2626,2831,2850,2839,2838,2828,2864,2825,2865,2836,2804,2821,2831
43,31,14,21,30,58,26,14,32,43,48,38,29,35,40,24,34,48,39,39,48,8,57,34,28,36,19,21,29,468,746,996,1217,1391,1576,1744,1928,1912,1940,1928,1943,1934,1926,1918,1922,1933,1911,1930,1942,1926
45,53,48,56,49,46,39,50,30,55,64,71,35,47,532,774,1048,1240,1454,1648,1807,2006,2016,2010,2034,2012,2018,2006,2021,2015,2008,1987,2021,2023,1997,2009,2019,2004,1999,1993,2011,1999,2000,1991,2013,2031,2017,2002,2031,2029
25,61,40,49,41,36,31,45,39,40,36,26,50,43,39,50,15,4,38,61,1329,2156,2835,3450,4044,4044,4035,4056,4048,4025,4051,4040,4052,4031,4044,4045,4060,4030,4040,4019,4065,4026,4039,4034,4036,4053,4061,4039,4053,4056
20,29,14,11,0,8,7,21,20,0,0,0,25,17,1,18,1070,1700,2264,2761,3221,3670,4066,4090,4081,4095,4087,4093,4093,4088,4095,4085,4095,4077,4075,4095,4091,4078,4095,4095,4095,4095,4095,4093,4086,4095,4063,4088,4085,4088
34,50,25,47,38,43,28,38,22,41,27,24,35,32,42,59,67,71,45,24,43,42,39,32,49,41,27,53,33,28,50,33,53,913,1457,1923,2340,2730,3072,3434,3772,4095,4087,4092,4094,4071,4095,4080,4095,4092
22,5,13,29,34,18,27,53,28,550,879,1141,1387,1618,1840,2034,2256,2261,2260,2254,2269,2262,2244,2242,2247,2249,2240,2257,2251,2266,2250,2262,2264,2279,2243,2256,2270,2271,2262,2263,2257,2265,2259,2245,2264,2258,2250,2242,2250,2259
19,55,28,6,24,14,32,20,46,51,440,708,917,1144,1296,1464,1645,1798,1948,1913,1957,1926,1963,1968,1953,1967,1942,1957,1957,1953,1956,1941,1942,1942,1952,1951,1955,1958,1956,1978,1940,1934,1950,1959,1947,1953,1965,1964,1963,1961
56,62,48,45,48,40,39,1034,1672,2239,2714,3167,3590,3996,3985,3991,3982,3999,3974,3977,3986,3981,3982,3998,4004,3983,4004,3998,3981,3976,4000,3999,3975,3974,3965,3964,3992,3968,3974,3994,4006,3974,3999,3988,4006,3998,3998,3996,3964,3983
27,12,19,34,17,27,33,21,16,44,50,29,34,27,37,43,37,17,44,23,14,25,59,29,63,37,19,32,39,44,31,685,1087,1434,1759,2055,2340,2601,2829,3057,3318,3311,3316,3331,3314,3305,3323,3308,3315,3321
36,23,42,29,13,12,27,26,28,10,13,20,35,411,643,827,1009,1183,1350,1468,1647,1778,1887,1930,1896,1911,1907,1915,1924,1884,1911,1906,1898,1918,1910,1923,1879,1903,1913,1921,1893,1901,1899,1922,1913,1888,1908,1916,1892,1916
38,44,31,35,40,49,699,1097,1457,1783,2067,2346,2617,2849,3094,3358,3352,3353,3330,3347,3357,3348,3364,3347,3363,3332,3340,3357,3337,3333,3340,3355,3339,3340,3343,3322,3344,3332,3338,3318,3337,3346,3361,3364,3333,3353,3349,3325,3331,3339
39,29,31,47,23,43,41,24,485,788,1066,1281,1475,1684,1885,2058,2053,2060,2065,2088,2063,2058,2090,2060,2055,2049,2070,2056,2080,2074,2064,2053,2063,2080,2057,2059,2058,2059,2083,2085,2064,2096,2049,2071,2066,2071,2055,2062,2043,2082
55,56,55,52,38,74,31,59,81,74,63,40,62,76,57,78,56,68,57,48,65,46,55,75,71,68,51,60,61,53,63,44,43,58,511,815,1111,1300,1497,1702,1882,2078,2066,2060,2075,2077,2041,2079,2083,2074
32,25,32,48,30,23,41,17,63,18,43,47,42,34,24,33,13,45,45,26,33,34,34,41,38,56,52,64,49,28,41,20,23,350,518,714,861,971,1122,1260,1380,1466,1579,1581,1592,1553,1615,1589,1574,1578
46,30,13,25,0,16,19,1,20,4,3,9,19,32,0,9,0,12,497,783,1043,1259,1485,1688,1866,2005,2049,2028,2041,2050,2039,2010,2056,2036,2048,2044,2030,2030,2023,2061,2041,2028,2045,2014,2030,2031,2043,2056,2038,2061
52,61,70,56,37,61,33,64,26,61,43,63,36,56,66,65,51,31,48,45,712,1111,1472,1791,2094,2106,2094,2094,2096,2096,2103,2109,2128,2083,2104,2087,2085,2101,2087,2089,2079,2094,2075,2078,2079,2106,2110,2066,2073,2096
14,23,0,26,30,34,37,36,19,21,22,14,15,4,1165,1849,2442,2989,3498,3493,3478,3502,3485,3483,3497,3472,3473,3478,3515,3494,3489,3495,3499,3514,3469,3501,3496,3514,3502,3480,3492,3482,3488,3474,3467,3497,3489,3499,3485,3499
13,29,17,9,19,10,26,22,19,24,22,41,19,34,22,6,54,0,20,46,42,13,12,686,1128,1448,1765,2083,2087,2070,2101,2084,2075,2101,2060,2077,2089,2077,2085,2080,2076,2077,2062,2085,2080,2092,2085,2098,2059,2082
57,69,43,40,61,43,51,76,44,53,73,63,83,59,47,56,75,56,37,51,53,49,57,49,41,56,47,60,71,56,39,49,60,52,41,391,596,792,964,1095,1240,1394,1510,1643,1643,1640,1650,1650,1629,1619
24,22,38,50,23,33,29,26,46,39,37,17,49,16,39,17,14,23,11,962,1554,2075,2526,2968,3343,3353,3369,3364,3336,3365,3345,3377,3361,3366,3356,3364,3354,3372,3358,3368,3371,3370,3359,3356,3350,3362,3333,3369,3367,3382
42,31,30,27,23,16,39,41,23,21,24,39,28,48,51,33,27,14,12,54,1022,1649,2183,2660,3063,3093,3088,3067,3086,3098,3095,3089,3102,3098,3082,3084,3069,3086,3084,3076,3072,3096,3093,3085,3077,3112,3091,3082,3086,3107
39,39,38,33,44,42,19,35,51,28,58,49,43,19,32,29,24,34,23,47,46,40,34,37,10,38,34,43,43,703,1137,1484,1833,2108,2408,2685,2909,2917,2933,2925,2917,2892,2937,2937,2928,2929,2931,2943,2885,2914
44,20,13,33,53,13,20,36,21,21,29,20,31,28,11,23,21,7,24,19,2,11,6,44,53,9,19,1035,1630,2173,2635,3079,3084,3086,3077,3100,3088,3095,3066,3091,3098,3082,3088,3089,3077,3078,3083,3089,3077,3094
0,38,38,30,32,3,22,45,31,20,22,34,36,24,26,33,37,11,23,36,14,40,34,22,30,28,36,423,640,857,1034,1220,1353,1548,1535,1529,1555,1539,1543,1545,1537,1527,1550,1551,1531,1543,1549,1526,1539,1544
62,37,34,15,49,7,31,36,35,52,46,45,33,52,48,889,1463,1899,2332,2724,3097,3093,3097,3103,3110,3085,3088,3074,3098,3087,3080,3083,3118,3089,3076,3083,3096,3090,3087,3082,3090,3085,3085,3105,3103,3063,3073,3075,3085,3086
21,25,35,27,32,31,51,35,39,49,18,774,1213,1611,1963,2285,2589,2893,3167,3423,3390,3442,3444,3450,3422,3431,3427,3429,3431,3443,3417,3414,3430,3422,3428,3439,3421,3434,3436,3427,3420,3421,3428,3421,3436,3425,3428,3434,3443,3447
17,12,14,10,14,22,13,37,43,12,2,28,45,21,5,0,31,16,12,28,14,33,31,22,27,13,15,2,24,27,23,25,14,894,1492,1935,2390,2777,2771,2764,2789,2770,2744,2784,2765,2788,2769,2772,2798,2770
37,17,22,25,37,19,21,701,1152,1502,1843,2148,2435,2721,2943,3224,3209,3208,3229,3222,3212,3235,3218,3220,3251,3246,3225,3215,3246,3213,3238,3226,3220,3224,3203,3201,3202,3229,3212,3218,3222,3213,3225,3233,3221,3234,3222,3212,3237,3226
47,59,52,78,43,38,44,38,66,60,45,63,50,58,52,35,48,48,514,838,1079,1351,1526,1750,1940,2127,2120,2118,2098,2139,2130,2133,2101,2128,2127,2118,2130,2119,2145,2129,2116,2137,2114,2102,2105,2111,2110,2124,2105,2112
71,56,47,64,85,66,35,53,51,62,701,1115,1416,1762,2037,2308,2545,2813,2803,2816,2834,2809,2801,2798,2808,2805,2823,2814,2827,2823,2807,2813,2802,2800,2799,2812,2801,2818,2783,2816,2786,2805,2822,2811,2818,2823,2829,2793,2820,2803
19,2,12,17,8,14,20,9,0,1,13,26,17,10,31,4,36,25,0,4,6,33,1,13,22,25,34,17,28,32,679,1051,1422,1732,2022,2286,2590,2826,3038,3330,3299,3293,3303,3293,3282,3291,3311,3299,3305,3293
11,24,20,32,13,5,22,21,28,30,39,44,35,39,40,27,14,25,19,22,35,22,16,17,24,854,1332,1764,2165,2514,2851,3180,3479,3489,3500,3503,3492,3485,3468,3489,3488,3491,3484,3473,3469,3475,3481,3518,3468,3497
29,24,12,24,6,0,11,12,28,28,30,38,23,21,20,20,33,24,20,5,28,12,23,22,0,39,19,25,1112,1805,2355,2922,3419,3880,3880,3902,3889,3896,3898,3893,3877,3891,3875,3876,3897,3907,3882,3889,3897,3885
14,0,14,22,18,11,8,2,21,10,34,8,29,20,11,32,0,27,18,17,19,21,17,0,9,29,39,31,10,42,19,23,827,1302,1715,2060,2422,2781,3072,3076,3065,3077,3085,3071,3065,3092,3073,3081,3111,3084
25,37,38,39,57,19,0,4,52,22,26,930,1497,2005,2448,2859,3227,3237,3230,3241,3228,3243,3227,3249,3237,3225,3242,3228,3254,3229,3236,3224,3241,3217,3266,3240,3250,3263,3241,3240,3232,3232,3251,3215,3225,3235,3219,3246,3242,3232
58,49,77,59,69,77,63,1059,1678,2230,2742,3159,3616,3998,4003,3987,3984,3983,3993,3980,3981,3992,3991,3988,3988,4005,3966,3976,3970,3995,3970,4006,3985,3971,3985,4003,3984,3981,3984,3974,3990,3984,3972,3993,3986,3977,4022,3961,3987,3993
34,0,25,17,20,17,36,6,35,2,0,33,6,18,9,15,20,38,27,0,40,31,17,24,0,0,15,0,0,0,32,0,882,1465,1921,2335,2722,3093,3101,3107,3127,3105,3084,3106,3096,3108,3100,3115,3099,3125
7,5,14,29,10,16,20,3,4,29,28,8,1249,1997,2692,3296,3862,3839,3855,3857,3839,3859,3844,3829,3862,3867,3853,3851,3841,3844,3851,3835,3840,3843,3856,3846,3826,3832,3825,3858,3858,3850,3831,3840,3850,3836,3860,3845,3843,3844
42,53,64,37,63,69,35,21,46,23,38,76,51,24,54,52,51,59,56,51,33,52,49,34,50,51,38,44,62,56,39,915,1460,1938,2361,2730,3119,3484,3473,3468,3453,3456,3474,3445,3466,3466,3455,3464,3453,3459
17,16,3,26,15,2,18,701,1141,1540,1870,2168,2184,2159,2166,2173,2203,2161,2193,2201,2153,2170,2166,2198,2180,2176,2151,2192,2194,2184,2141,2198,2181,2173,2176,2164,2175,2163,2179,2184,2183,2166,2186,2173,2187,2152,2180,2158,2172,2188
20,18,29,1,8,26,16,19,19,20,3,24,18,13,22,17,1,0,26,11,510,827,1093,1336,1531,1751,1954,2152,2340,2338,2313,2327,2346,2335,2310,2319,2343,2356,2328,2338,2343,2334,2332,2322,2338,2321,2326,2325,2340,2325
31,34,20,6,32,22,39,43,39,47,25,30,5,29,41,11,31,59,26,36,22,39,38,52,56,48,31,32,31,26,720,1127,1503,1820,2118,2113,2131,2114,2125,2125,2112,2126,2115,2108,2122,2106,2120,2112,2131,2111
26,21,33,27,39,12,34,0,14,26,6,40,34,0,2,0,19,41,39,8,36,29,23,531,865,1124,1351,1624,1806,2027,2221,2231,2199,2207,2217,2222,2206,2213,2187,2188,2198,2198,2200,2205,2216,2233,2220,2221,2219,2202
0,21,57,27,26,23,28,58,28,27,26,1,27,20,15,53,34,18,29,26,36,29,950,1504,1979,2389,2840,3209,3560,3911,3913,3916,3906,3910,3917,3919,3906,3933,3918,3924,3903,3907,3926,3931,3911,3925,3910,3906,3914,3911
57,43,46,50,69,46,62,36,518,801,1052,1265,1486,1680,1837,1997,2183,2349,2348,2348,2339,2352,2356,2348,2362,2373,2336,2357,2343,2373,2340,2354,2357,2353,2347,2364,2350,2361,2369,2354,2334,2365,2351,2378,2366,2383,2361,2343,2353,2357
18,31,32,35,18,29,18,47,3,8,22,8,31,24,22,14,13,35,49,19,8,15,37,33,24,29,22,19,781,1286,1677,2040,2420,2729,3021,3340,3324,3309,3315,3321,3339,3309,3325,3333,3347,3326,3337,3320,3334,3335
82,37,65,72,72,50,62,74,67,79,49,48,55,60,57,59,44,61,839,1367,1805,2214,2568,2896,2899,2887,2892,2896,2867,2876,2900,2896,2886,2902,2887,2907,2876,2875,2893,2876,2902,2886,2887,2903,2907,2878,2891,2902,2905,2860
22,17,28,30,28,28,49,22,26,29,38,42,52,1005,1593,2104,2595,3028,3039,3043,3024,3026,3032,3036,3034,3010,3046,3015,3023,3019,3023,3027,3026,3032,3022,3011,3014,3004,3037,3033,3031,3019,3012,3042,3038,3009,3005,3031,3019,3028
21,13,33,25,35,72,30,48,30,1238,1990,2603,3196,3720,3708,3744,3722,3731,3721,3740,3722,3715,3708,3711,3738,3736,3717,3733,3725,3716,3705,3729,3724,3729,3690,3740,3736,3697,3715,3721,3702,3725,3742,3717,3722,3733,3723,3723,3713,3731
35,36,52,38,53,54,44,35,32,51,59,33,27,34,40,51,39,45,49,46,20,34,60,26,38,50,40,47,44,42,34,31,49,966,1563,2045,2474,2910,3303,3688,4046,4016,4035,4065,4036,4030,4047,4037,4050,4050
50,30,66,61,64,69,44,65,59,34,68,63,82,64,64,60,55,51,46,36,68,58,47,50,60,58,54,703,1072,1436,1717,2013,2292,2549,2777,2775,2772,2785,2780,2790,2794,2785,2769,2782,2792,2790,2781,2800,2781,2779
55,43,38,64,40,45,50,71,38,39,50,64,61,56,41,25,37,89,56,51,57,53,45,70,34,50,73,46,31,79,40,624,978,1262,1555,1828,2039,2054,2023,2026,2051,2057,2062,2034,2061,2073,2067,2028,2056,2030
51,51,62,53,62,78,48,23,70,66,64,58,63,36,40,65,61,40,797,1246,1681,2019,2361,2651,2672,2670,2668,2663,2665,2664,2661,2645,2668,2655,2665,2644,2659,2661,2656,2651,2645,2656,2673,2661,2664,2653,2664,2656,2650,2653
61,58,65,66,55,56,68,1086,1732,2290,2778,3236,3677,3661,3662,3674,3674,3666,3674,3676,3669,3683,3672,3675,3660,3677,3691,3677,3675,3681,3673,3658,3689,3682,3688,3669,3686,3658,3680,3666,3663,3691,3674,3668,3678,3672,3657,3692,3664,3674
61,77,53,40,57,62,40,45,54,32,961,1530,2033,2483,2890,3257,3265,3266,3240,3278,3264,3266,3281,3282,3267,3259,3287,3268,3300,3252,3275,3284,3281,3273,3294,3244,3263,3252,3263,3268,3268,3263,3280,3277,3278,3278,3270,3272,3259,3270
24,14,29,56,10,46,50,34,25,16,7,46,42,761,1204,1603,1941,2274,2596,2886,3134,3418,3409,3414,3415,3429,3422,3398,3411,3404,3398,3395,3444,3404,3400,3411,3391,3434,3404,3383,3418,3417,3439,3399,3425,3405,3389,3418,3398,3405
30,13,33,24,39,21,715,1136,1498,1848,2154,2440,2725,2974,3233,3465,3487,3475,3457,3477,3469,3467,3476,3460,3445,3476,3491,3464,3496,3488,3475,3492,3483,3444,3468,3482,3469,3472,3472,3470,3472,3499,3483,3473,3485,3487,3464,3466,3474,3506
47,29,40,51,40,48,65,53,52,42,54,51,58,24,53,42,52,38,63,39,46,62,61,529,819,1050,1301,1502,1679,1887,2059,2228,2242,2263,2264,2210,2228,2234,2255,2223,2235,2225,2248,2253,2254,2235,2237,2225,2247,2230
26,26,7,15,41,33,25,34,8,16,0,26,51,30,35,37,33,31,22,33,56,19,25,40,16,20,24,762,1203,1604,1932,2272,2264,2248,2254,2272,2265,2268,2280,2273,2259,2262,2280,2274,2262,2272,2259,2278,2245,2262
35,33,38,12,35,39,15,23,38,13,24,29,45,32,37,20,34,40,62,35,42,23,56,58,41,15,20,38,59,46,34,29,40,580,927,1235,1514,1745,1982,2203,2196,2210,2196,2191,2216,2179,2210,2202,2185,2221
38,19,26,39,27,17,27,56,36,36,30,30,24,45,27,24,9,40,17,38,42,31,29,25,25,25,49,23,28,540,808,1108,1332,1557,1754,1933,2143,2336,2526,2484,2523,2515,2508,2507,2522,2513,2505,2515,2513,2499
16,16,40,44,11,32,15,26,26,606,957,1287,1545,1827,1789,1829,1832,1808,1783,1803,1813,1814,1810,1808,1819,1808,1829,1826,1828,1799,1815,1797,1795,1813,1816,1813,1814,1807,1822,1820,1815,1804,1819,1803,1813,1798,1824,1824,1799,1791
33,27,36,32,13,21,13,30,38,39,26,24,33,29,43,32,28,34,19,24,29,831,1308,1715,2071,2431,2785,2781,2766,2761,2762,2762,2766,2791,2766,2769,2764,2776,2764,2756,2749,2763,2772,2778,2758,2773,2771,2779,2764,2781
74,58,69,70,62,65,57,43,51,46,53,82,72,81,74,46,51,69,54,962,1501,1968,2395,2793,3149,3518,3858,3848,3837,3847,3841,3857,3858,3855,3859,3864,3872,3863,3870,3858,3859,3870,3848,3869,3856,3847,3864,3851,3864,3856
45,34,22,43,36,35,33,34,25,27,31,30,12,48,25,27,35,61,50,43,32,48,22,42,35,44,30,44,47,49,35,21,42,823,1334,1774,2142,2496,2824,3165,3185,3160,3171,3172,3159,3165,3156,3162,3173,3158
29,39,42,36,35,47,21,44,20,32,20,37,25,39,38,31,29,21,10,36,21,28,38,10,41,42,17,8,724,1161,1528,1873,2166,2470,2742,3032,3273,3294,3286,3270,3252,3268,3259,3280,3274,3294,3284,3303,3251,3290
4,25,16,24,25,14,0,30,11,518,815,1052,1313,1523,1731,1919,2108,2285,2308,2324,2282,2309,2306,2278,2297,2301,2281,2276,2285,2300,2299,2275,2302,2296,2304,2278,2291,2273,2295,2284,2274,2285,2313,2300,2282,2296,2294,2301,2301,2305
14,61,31,41,42,43,27,21,4,17,30,39,19,29,32,1340,2138,2814,3429,4025,3999,4017,4024,4017,4019,4022,4016,4008,4022,4006,4015,4009,4024,4010,4002,3992,4001,4011,3991,3984,4015,3995,4018,4026,4017,4001,4024,4013,4013,4013
71,73,75,54,46,52,49,64,63,34,72,62,53,50,64,64,63,78,63,35,38,47,577,880,1140,1376,1597,1818,2015,2232,2400,2592,2582,2574,2556,2570,2572,2579,2587,2580,2597,2581,2589,2585,2583,2587,2571,2566,2577,2578
63,68,57,37,55,46,40,54,45,66,51,42,42,39,65,72,84,40,25,67,45,52,69,50,68,56,63,55,44,34,44,49,58,66,71,24,403,609,792,921,1108,1259,1369,1511,1657,1760,1770,1747,1753,1776
44,51,56,57,43,41,55,55,63,44,40,70,43,60,64,44,47,78,48,49,65,77,68,56,75,44,53,76,69,48,755,1194,1544,1879,2208,2473,2476,2470,2481,2480,2488,2494,2484,2514,2496,2499,2500,2480,2463,2468
36,0,41,10,31,33,40,0,8,53,2,7,39,26,38,10,11,29,22,16,31,26,35,455,742,954,1181,1336,1531,1698,1718,1696,1720,1709,1715,1691,1714,1708,1712,1720,1735,1715,1730,1749,1743,1702,1713,1716,1718,1719
57,71,37,38,27,61,38,49,44,36,32,37,26,55,29,48,42,49,60,38,72,45,50,40,70,821,1299,1683,2060,2416,2725,3045,3360,3615,3885,3906,3896,3908,3895,3904,3899,3915,3891,3898,3901,3895,3915,3884,3910,3875
35,41,61,32,14,33,31,32,36,23,17,768,1234,1621,2010,2314,2650,2931,2915,2936,2911,2937,2916,2921,2931,2920,2934,2927,2954,2897,2937,2950,2944,2935,2923,2936,2924,2937,2916,2956,2930,2917,2943,2921,2918,2938,2934,2946,2924,2926
22,21,33,22,31,25,26,10,23,27,32,13,23,812,1365,1804,2209,2558,2901,3249,3247,3242,3237,3231,3226,3242,3228,3248,3257,3227,3232,3255,3259,3240,3223,3258,3243,3248,3238,3234,3244,3242,3274,3250,3227,3221,3247,3231,3238,3226
49,64,54,53,58,84,54,41,61,82,45,52,60,47,64,53,67,69,50,50,49,37,73,39,70,53,55,1150,1870,2428,2960,3440,3904,3897,3926,3902,3892,3908,3910,3913,3905,3898,3908,3914,3928,3917,3921,3917,3905,3931
32,52,43,37,37,54,47,27,25,43,36,55,43,37,55,50,24,49,25,50,0,45,58,6,32,426,668,861,1043,1212,1362,1521,1683,1836,1783,1781,1816,1802,1816,1837,1829,1828,1811,1813,1824,1793,1835,1822,1819,1818
43,53,56,65,43,73,53,33,52,40,70,40,49,58,59,42,74,58,39,45,71,51,66,46,44,45,39,32,41,38,66,550,848,1102,1316,1553,1556,1565,1541,1545,1551,1555,1543,1540,1561,1547,1541,1546,1554,1542
38,26,43,45,58,36,45,33,74,53,29,50,56,48,65,28,74,63,56,46,53,46,9,57,56,63,46,491,776,1020,1244,1442,1611,1638,1605,1596,1625,1616,1623,1620,1627,1633,1619,1599,1609,1607,1612,1606,1601,1622
23,12,21,27,24,47,36,49,16,30,25,24,19,21,0,20,33,2,23,28,22,22,0,22,40,12,31,16,4,33,34,21,17,31,382,643,841,1050,1254,1406,1547,1542,1542,1539,1541,1547,1549,1559,1546,1539
68,38,55,49,60,57,53,63,64,46,44,46,57,40,49,54,53,65,57,72,69,61,62,45,68,67,48,75,56,618,951,1247,1533,1767,2015,2236,2239,2220,2234,2209,2241,2233,2229,2217,2209,2222,2230,2226,2227,2233
21,48,41,40,41,58,31,40,46,44,40,36,24,50,33,26,30,44,46,37,43,55,669,1073,1404,1686,1975,2263,2476,2742,2966,2962,2967,2976,2939,2979,2978,2963,2979,2976,2970,2970,2984,2963,2980,2970,2987,2965,2954,2964
51,59,20,34,21,36,23,22,28,35,22,26,61,41,29,32,32,34,29,11,28,27,18,17,47,25,6,483,762,985,1203,1391,1549,1757,1919,2117,2095,2093,2090,2088,2062,2092,2078,2056,2074,2068,2090,2086,2082,2071
23,31,10,28,17,6,5,20,18,21,12,32,20,663,1080,1431,1763,2014,2046,2011,2038,2033,2044,2036,2026,2015,2020,2038,2029,2034,1999,2030,2031,2032,2024,2037,2025,2014,2013,2012,2037,2020,2038,2045,2070,2016,2029,2021,2012,2022
49,57,50,51,55,30,41,45,43,56,40,53,39,44,48,50,27,35,1095,1779,2344,2851,3323,3334,3329,3318,3356,3324,3334,3320,3326,3332,3323,3319,3304,3309,3313,3327,3322,3339,3321,3320,3307,3333,3306,3307,3319,3300,3336,3322
7,19,0,33,0,31,21,26,29,14,17,6,22,4,487,772,990,1252,1443,1633,1648,1644,1639,1649,1646,1637,1640,1635,1643,1639,1660,1637,1652,1656,1654,1634,1647,1639,1654,1641,1641,1620,1629,1629,1672,1626,1632,1651,1647,1640
0,0,1,0,14,6,0,16,1,684,1133,1479,1818,2141,2110,2103,2120,2124,2125,2104,2113,2124,2129,2117,2130,2121,2127,2115,2114,2132,2137,2112,2115,2114,2126,2120,2104,2104,2128,2101,2108,2104,2120,2110,2117,2108,2106,2106,2127,2112
44,29,11,43,48,46,42,39,34,36,31,41,14,48,45,32,20,42,23,45,34,34,35,30,46,25,29,19,48,16,46,37,14,33,922,1484,1956,2400,2772,3153,3138,3168,3153,3144,3162,3169,3169,3168,3141,3157
41,37,28,18,28,48,32,35,36,34,42,14,27,39,21,43,24,16,52,32,40,36,47,46,55,46,56,467,730,954,1157,1354,1541,1706,1859,2013,2165,2187,2208,2184,2201,2172,2182,2194,2174,2193,2205,2174,2196,2186
26,6,23,28,26,40,24,46,49,44,37,20,39,991,1629,2150,2627,3067,3458,3858,3837,3850,3851,3857,3823,3882,3881,3837,3881,3876,3848,3866,3859,3879,3848,3865,3853,3863,3859,3873,3848,3876,3852,3865,3862,3843,3870,3873,3853,3856
5,21,17,18,28,23,4,0,27,8,19,20,1,0,28,23,10,29,16,0,17,39,20,0,2,18,13,20,15,19,9,4,377,582,783,955,1158,1290,1448,1581,1593,1582,1552,1590,1582,1559,1569,1583,1567,1571
49,53,48,41,51,40,32,63,32,52,20,45,44,58,42,49,52,43,37,49,27,580,923,1192,1451,1703,1939,2124,2121,2143,2144,2146,2128,2155,2165,2145,2147,2141,2117,2143,2133,2144,2139,2150,2145,2158,2120,2139,2140,2144
50,16,41,20,29,28,22,19,19,20,52,11,27,40,23,11,26,18,18,14,14,36,18,26,41,429,722,976,1154,1364,1532,1680,1861,2008,2130,2172,2137,2160,2166,2175,2150,2149,2143,2140,2152,2142,2155,2155,2153,2182
33,34,45,51,44,46,34,43,60,38,43,48,62,51,65,57,45,46,45,59,63,50,43,39,58,49,44,58,38,55,55,66,43,49,25,1041,1681,2213,2681,3145,3138,3129,3148,3142,3133,3145,3119,3151,3110,3135
27,30,16,6,14,2,27,20,13,15,18,7,2,36,15,19,11,26,2,13,20,20,31,26,509,817,1056,1299,1518,1740,1887,2107,2293,2280,2285,2249,2267,2271,2279,2263,2284,2287,2258,2277,2281,2261,2285,2288,2277,2293
42,36,48,41,31,45,58,44,31,43,70,42,41,67,48,67,11,30,950,1504,2016,2449,2866,3273,3245,3253,3248,3241,3230,3251,3253,3258,3249,3269,3245,3245,3230,3240,3264,3260,3225,3247,3233,3232,3226,3230,3250,3270,3247,3237
24,35,23,7,1,7,21,25,11,26,10,12,13,43,36,18,22,16,24,15,8,17,37,18,13,7,43,21,577,926,1240,1505,1755,1995,2206,2418,2630,2631,2638,2601,2618,2619,2618,2619,2631,2654,2619,2627,2619,2625
69,70,55,54,70,54,55,64,73,40,75,33,34,47,51,63,56,37,70,48,48,39,61,55,48,38,44,60,55,50,70,991,1593,2102,2555,2982,2995,2991,2971,2974,2976,2991,2985,2990,2964,2952,2980,2979,2982,2982
51,46,56,28,47,32,62,27,35,39,40,61,44,59,46,25,41,772,1251,1615,1969,2309,2602,2900,2896,2900,2907,2878,2872,2887,2920,2897,2884,2900,2886,2894,2893,2877,2882,2920,2895,2897,2907,2880,2876,2883,2868,2886,2892,2899
57,41,55,44,36,28,39,54,63,44,46,37,630,1000,1289,1612,1844,1850,1840,1868,1873,1857,1867,1879,1862,1865,1858,1872,1859,1857,1869,1854,1854,1856,1870,1851,1857,1863,1851,1852,1854,1859,1859,1840,1849,1854,1840,1854,1851,1851
20,29,22,21,39,31,16,9,11,32,12,18,593,958,1268,1558,1826,1792,1793,1801,1796,1786,1797,1792,1806,1806,1794,1833,1797,1797,1792,1782,1800,1806,1815,1793,1799,1794,1809,1793,1805,1801,1776,1816,1805,1789,1808,1792,1796,1802
46,38,63,51,36,54,38,47,52,55,58,46,31,34,54,35,37,58,24,39,44,51,43,41,32,36,30,42,36,50,38,58,25,812,1288,1695,2059,2405,2730,3031,3025,3019,3050,3033,3020,3030,3038,3028,3027,3038
30,18,21,27,28,39,13,22,10,32,886,1396,1863,2281,2665,3044,3014,3016,3025,3053,3047,3031,3030,3038,3030,3037,3039,3050,3034,3035,3014,3041,3002,3015,3035,3025,3015,3018,3043,3032,3020,3014,3016,3007,3021,3005,3051,3020,3034,3039
49,36,27,40,39,41,40,48,41,56,57,42,65,37,29,66,31,40,47,36,23,40,55,45,48,39,46,47,37,62,68,36,40,55,18,36,412,661,851,983,1142,1327,1458,1588,1604,1589,1582,1601,1599,1596
39,64,40,46,48,26,52,56,716,1096,1494,1801,2101,2384,2388,2375,2378,2374,2372,2375,2357,2372,2384,2384,2364,2381,2369,2368,2374,2393,2394,2377,2361,2355,2397,2392,2377,2367,2395,2373,2383,2376,2378,2384,2358,2369,2364,2382,2374,2376
23,30,32,2,0,44,35,23,32,43,50,37,29,15,44,12,19,45,30,44,22,29,18,23,18,27,25,37,23,2,32,21,761,1218,1595,1954,2287,2601,2886,3153,3174,3147,3168,3181,3178,3155,3160,3167,3145,3157
53,66,52,63,36,54,37,47,59,54,74,29,60,56,49,70,62,45,688,1075,1387,1708,1976,2257,2472,2714,2744,2728,2737,2753,2741,2733,2712,2725,2753,2743,2748,2709,2746,2733,2741,2716,2722,2716,2739,2731,2741,2725,2727,2721
20,39,44,57,56,43,46,46,48,40,22,31,44,25,46,44,45,27,30,55,47,33,36,50,35,34,555,840,1126,1378,1621,1817,1844,1838,1840,1851,1816,1832,1822,1826,1836,1843,1821,1817,1835,1822,1855,1841,1843,1825
73,62,61,54,45,41,41,60,56,22,53,42,51,20,62,25,47,34,1051,1652,2197,2662,3133,3560,3536,3546,3550,3532,3535,3546,3538,3549,3548,3558,3521,3554,3534,3534,3543,3545,3549,3527,3543,3536,3540,3542,3541,3553,3533,3537
17,11,37,14,15,28,15,1024,1652,2141,2641,3102,3088,3092,3080,3103,3090,3099,3090,3093,3107,3079,3097,3090,3107,3096,3108,3095,3090,3129,3107,3107,3092,3088,3089,3097,3075,3080,3084,3094,3101,3109,3096,3100,3098,3092,3100,3079,3090,3078
62,36,54,51,54,68,59,56,48,46,43,67,628,1024,1334,1576,1866,2091,2354,2578,2557,2572,2562,2591,2586,2575,2561,2579,2550,2570,2573,2549,2582,2598,2563,2603,2574,2580,2580,2561,2576,2574,2580,2589,2582,2583,2564,2558,2551,2578
23,32,64,26,57,53,43,42,52,46,20,21,29,15,63,30,30,579,902,1168,1420,1638,1881,2092,2291,2466,2669,2654,2666,2651,2665,2671,2655,2669,2657,2655,2666,2677,2674,2660,2652,2655,2669,2672,2660,2669,2669,2645,2668,2652
39,9,17,30,30,44,40,32,30,47,5,47,38,37,782,1276,1661,2039,2367,2701,3013,3288,3572,3873,3846,3866,3835,3868,3853,3831,3849,3833,3851,3852,3834,3853,3852,3868,3834,3878,3845,3850,3862,3838,3850,3829,3840,3838,3851,3870
47,40,84,37,71,80,75,77,33,56,48,50,47,70,59,74,73,378,595,727,868,1024,1166,1275,1389,1514,1612,1628,1591,1637,1606,1641,1618,1618,1604,1600,1608,1616,1622,1598,1634,1629,1620,1601,1622,1633,1599,1611,1647,1617
37,50,51,48,58,42,23,52,21,33,50,39,1004,1627,2145,2629,3046,3045,3044,3070,3056,3045,3042,3037,3041,3055,3046,3028,3036,3035,3051,3050,3038,3054,3037,3045,3065,3036,3057,3053,3054,3048,3053,3065,3052,3057,3060,3050,3053,3047
37,15,26,42,33,45,43,0,15,32,1064,1718,2236,2745,3199,3624,4056,4056,4069,4056,4067,4059,4024,4050,4058,4060,4039,4052,4029,4061,4064,4063,4044,4054,4054,4048,4030,4047,4057,4064,4050,4049,4046,4052,4044,4026,4051,4032,4044,4048
50,70,64,52,75,63,52,34,55,68,43,78,71,514,803,1042,1275,1453,1643,1858,2012,2179,2331,2330,2342,2345,2327,2340,2345,2341,2324,2345,2348,2331,2324,2338,2339,2318,2352,2339,2334,2352,2357,2338,2312,2336,2344,2341,2339,2362
45,69,35,73,46,56,44,53,40,56,56,44,67,46,48,40,56,61,46,769,1238,1633,1990,2326,2650,2936,3207,3484,3762,3743,3738,3768,3735,3725,3737,3737,3741,3735,3737,3756,3729,3760,3734,3712,3746,3744,3744,3750,3750,3714
40,51,39,37,39,11,15,384,614,784,958,1118,1259,1381,1536,1528,1510,1544,1533,1525,1525,1545,1543,1533,1535,1529,1552,1553,1547,1539,1540,1509,1547,1551,1530,1532,1528,1536,1532,1514,1533,1507,1527,1541,1552,1527,1553,1547,1534,1515
40,12,17,25,6,32,41,21,46,25,19,30,23,39,30,14,26,31,6,46,44,50,44,42,20,28,17,535,866,1158,1409,1643,1835,2046,2263,2449,2649,2648,2618,2623,2613,2643,2621,2613,2650,2626,2630,2641,2624,2617
47,54,59,39,53,38,43,70,44,51,64,44,67,48,43,37,46,44,57,37,40,763,1237,1600,1975,2313,2613,2910,3193,3478,3459,3450,3461,3465,3463,3445,3464,3444,3475,3473,3468,3463,3467,3458,3460,3445,3457,3469,3463,3465
17,32,13,0,0,24,5,7,3,5,1,25,25,39,26,6,17,1,17,22,8,0,21,18,1015,1660,2175,2680,3139,3548,3568,3537,3551,3548,3524,3544,3546,3568,3549,3553,3543,3570,3556,3554,3556,3553,3547,3558,3533,3525
34,35,45,26,54,27,56,34,39,33,47,56,43,982,1520,2026,2462,2881,3279,3626,3971,3974,3999,3980,3981,3951,3966,3968,3986,3999,3982,3982,3947,3967,3977,3989,3977,3982,3974,3989,3979,3982,3953,3978,3988,3966,3973,3969,3972,3973
12,21,1,34,0,12,20,10,0,0,32,24,11,22,0,11,6,0,29,29,13,16,22,41,24,10,32,6,10,18,26,22,0,11,542,851,1144,1410,1644,1863,2061,2074,2071,2048,2052,2071,2054,2075,2076,2063
63,28,41,61,53,44,42,35,60,42,47,36,56,47,30,44,61,24,35,38,705,1119,1490,1779,2099,2355,2655,2895,3140,3375,3362,3380,3376,3381,3404,3378,3377,3382,3392,3386,3369,3377,3387,3386,3392,3388,3365,3383,3373,3384
13,28,12,25,0,17,19,5,0,3,3,0,15,1159,1899,2489,3042,3546,3554,3543,3555,3566,3547,3576,3558,3561,3553,3556,3553,3553,3545,3575,3559,3573,3577,3586,3557,3555,3596,3568,3585,3555,3575,3564,3562,3570,3557,3559,3579,3564
26,36,28,14,36,23,35,29,32,22,29,53,17,29,22,34,34,6,33,36,6,26,27,42,41,22,43,25,33,861,1410,1833,2244,2631,2984,2964,2964,2974,2977,2969,2994,2965,2961,2976,2988,2976,2982,2971,2971,2986
32,33,26,16,21,11,26,4,52,27,29,51,12,26,42,61,798,1305,1704,2100,2443,2783,3082,3378,3672,3950,3963,3951,3965,3930,3975,3973,3941,3974,3962,3956,3976,3983,3944,3970,3969,3941,3960,3985,3937,3942,3943,3971,3992,3966
27,0,12,33,15,16,20,40,4,22,5,30,28,16,30,17,21,10,33,10,2,31,28,16,31,920,1496,1950,2397,2800,2772,2787,2796,2818,2808,2809,2803,2794,2781,2771,2804,2802,2776,2820,2804,2771,2797,2800,2809,2797
17,51,23,57,34,31,33,21,27,23,22,38,37,460,765,989,1199,1381,1594,1767,1895,2070,2240,2227,2238,2238,2239,2228,2222,2234,2241,2238,2231,2226,2250,2244,2231,2235,2249,2245,2218,2241,2222,2231,2254,2238,2227,2225,2223,2238
31,36,44,29,6,30,51,26,18,32,33,23,50,33,29,511,783,1028,1252,1483,1637,1835,2011,2192,2337,2348,2345,2342,2332,2336,2352,2347,2368,2357,2352,2376,2346,2362,2349,2328,2326,2345,2347,2354,2354,2352,2362,2339,2363,2345
46,28,42,23,43,32,51,55,44,882,1398,1848,2262,2634,2634,2638,2662,2638,2635,2646,2632,2638,2657,2632,2638,2619,2637,2646,2638,2650,2658,2633,2639,2644,2628,2650,2644,2661,2658,2645,2650,2635,2640,2646,2631,2651,2634,2642,2642,2657
17,24,11,3,33,30,34,0,18,19,0,10,30,23,40,18,21,12,17,30,24,15,21,13,25,19,8,28,0,16,16,2,1,878,1433,1895,2309,2684,3044,3411,3764,3757,3730,3730,3741,3763,3775,3745,3744,3724
39,69,52,71,47,51,41,656,1007,1333,1594,1855,2110,2100,2112,2093,2103,2096,2103,2089,2092,2096,2098,2104,2095,2108,2091,2112,2101,2091,2098,2101,2123,2093,2088,2097,2101,2102,2099,2089,2095,2097,2117,2111,2108,2123,2122,2103,2106,2101
2,2,22,9,26,9,11,43,24,18,42,19,19,649,1034,1375,1691,1968,2209,2483,2733,2928,3150,3165,3156,3173,3158,3161,3167,3161,3161,3161,3151,3182,3158,3167,3149,3155,3159,3159,3151,3155,3151,3159,3174,3150,3150,3152,3156,3154
54,64,47,57,37,53,64,58,40,38,54,60,43,64,55,66,65,52,61,52,58,44,52,46,43,39,63,51,74,67,35,45,763,1201,1577,1897,2227,2517,2804,2826,2801,2808,2811,2800,2816,2795,2782,2802,2808,2804
0,0,14,2,15,24,0,20,16,976,1579,2073,2535,2951,2987,2969,2996,2965,2981,2963,2976,2990,2938,2966,2980,2956,2966,2950,2971,2974,2950,2953,2982,3005,2970,2959,2966,2970,2952,2979,2977,2981,2954,2981,2978,2955,2963,2949,2966,2990
9,20,14,21,29,21,16,16,27,8,659,1062,1411,1749,2024,2290,2529,2786,3040,3268,3279,3264,3264,3270,3281,3258,3278,3296,3273,3257,3281,3265,3269,3259,3245,3268,3255,3264,3268,3261,3267,3270,3273,3265,3281,3259,3274,3283,3273,3267
53,46,31,26,32,20,55,812,1311,1719,2108,2449,2791,3081,3393,3689,3668,3691,3666,3700,3694,3670,3676,3661,3671,3671,3668,3659,3693,3680,3690,3679,3686,3698,3672,3688,3681,3680,3668,3685,3698,3669,3691,3679,3678,3683,3694,3711,3686,3687
25,54,29,47,48,42,41,26,24,33,32,35,40,49,63,627,1014,1338,1620,1881,1880,1881,1878,1869,1897,1868,1896,1882,1857,1852,1896,1894,1880,1878,1884,1876,1895,1873,1891,1892,1876,1902,1902,1856,1893,1881,1882,1885,1891,1876
81,47,32,57,26,31,45,50,46,44,45,59,45,50,26,36,432,644,896,1067,1243,1401,1545,1696,1840,1977,1969,1978,1965,1961,1973,1963,1961,1971,1964,1946,1950,1963,1979,1973,1961,1969,1965,1963,1990,1978,1965,1985,1950,1957
40,53,42,35,36,27,43,61,26,43,69,29,41,31,26,32,19,24,28,35,30,33,43,13,41,26,50,38,20,580,934,1208,1470,1690,1909,2134,2349,2346,2361,2350,2346,2340,2362,2341,2331,2357,2361,2327,2345,2336
27,34,8,31,42,28,17,34,18,47,29,31,35,0,9,13,39,19,36,29,38,9,29,23,33,31,37,26,0,20,23,21,45,39,7,1242,2046,2701,3279,3850,3845,3826,3841,3850,3861,3849,3842,3859,3852,3831
26,8,25,33,44,33,38,23,50,895,1397,1866,2250,2648,2993,3339,3668,4003,3972,3982,4007,3973,3978,3986,3980,3988,3970,3997,3978,3976,4001,3968,4007,4002,3983,3972,3967,3985,3986,4012,3981,3984,3958,4009,3977,3981,3978,3974,3986,3969
62,42,41,43,45,35,41,23,42,37,28,51,42,28,28,40,27,45,57,38,31,47,19,58,33,47,47,41,722,1165,1542,1852,2194,2464,2742,2993,2994,3013,2980,2989,3008,2976,3016,3002,3024,3025,3004,2975,3014,3021
28,37,21,12,40,32,17,22,6,30,32,47,29,26,44,66,33,37,21,19,33,21,29,36,796,1278,1699,2059,2432,2745,3059,3326,3346,3353,3349,3352,3373,3345,3341,3336,3338,3363,3335,3374,3353,3333,3352,3346,3340,3336
39,29,56,48,69,52,58,53,52,25,37,44,51,37,37,57,43,56,67,50,44,61,48,61,52,52,78,52,49,55,53,47,46,54,48,43,763,1184,1581,1903,2240,2520,2804,3080,3331,3341,3338,3347,3346,3335
28,26,57,51,65,49,26,56,48,40,52,71,48,51,51,1317,2073,2747,3377,3928,3918,3919,3910,3905,3912,3919,3902,3916,3902,3902,3913,3933,3908,3885,3918,3920,3918,3914,3932,3916,3937,3920,3911,3908,3927,3910,3908,3903,3931,3908
48,53,35,45,45,37,42,47,48,42,41,57,53,44,26,46,49,36,54,52,56,51,43,50,58,57,44,74,50,1140,1812,2377,2923,3410,3388,3420,3407,3421,3430,3417,3414,3412,3407,3410,3409,3387,3391,3379,3403,3405
11,17,41,9,32,0,0,8,26,18,19,11,5,0,9,33,6,40,3,17,26,17,9,828,1323,1742,2136,2488,2828,3138,3458,3472,3459,3456,3460,3459,3481,3469,3449,3450,3442,3441,3460,3469,3451,3469,3466,3458,3463,3481
17,9,8,27,19,25,10,29,10,21,25,20,20,25,0,27,14,22,494,782,997,1205,1423,1605,1806,1967,2118,2124,2123,2134,2134,2139,2134,2163,2155,2139,2135,2141,2129,2146,2135,2138,2154,2144,2135,2143,2127,2124,2135,2149
63,69,47,27,61,41,44,27,47,47,26,32,28,49,53,43,39,60,36,43,47,36,42,44,1083,1716,2240,2721,3194,3618,3996,4026,4044,4004,3995,4017,4027,4023,4019,4005,4020,4011,4012,4033,4037,4018,4023,3998,4027,4013
39,29,58,42,37,46,51,40,51,54,36,57,37,58,33,49,36,66,31,32,43,53,46,56,51,33,37,23,40,51,603,925,1220,1463,1695,1940,1959,1951,1942,1949,1936,1947,1945,1936,1928,1935,1926,1960,1943,1924
71,34,30,53,39,52,49,603,946,1255,1525,1760,2020,2232,2222,2193,2204,2208,2230,2203,2214,2228,2220,2235,2219,2217,2234,2211,2218,2229,2231,2236,2224,2223,2219,2197,2235,2219,2229,2211,2228,2224,2216,2220,2232,2216,2249,2251,2225,2191
15,0,23,29,19,3,8,4,20,0,0,3,39,43,25,34,803,1353,1755,2129,2511,2834,3150,3177,3151,3159,3164,3163,3165,3154,3170,3165,3157,3159,3169,3171,3166,3160,3157,3155,3183,3171,3169,3178,3165,3158,3146,3172,3167,3154
9,0,10,24,20,31,26,38,14,29,1033,1665,2203,2679,3132,3556,3965,3962,3959,3971,3939,3963,3972,3953,3955,3963,3962,3959,3965,3966,3958,3970,3976,3970,3955,3953,3955,3954,3955,3967,3935,3950,3987,3965,3959,3977,3957,3959,3959,3956
0,9,0,24,15,18,40,0,4,11,12,24,4,0,1031,1683,2219,2710,3173,3601,4017,4002,4020,3992,3998,4004,4010,4015,4005,3994,4000,4001,3991,4004,3995,4013,3995,3985,4014,4005,4009,3992,4010,4021,4010,3999,4011,4001,4010,4008
15,45,17,31,2,33,31,30,34,26,15,896,1439,1897,2305,2697,3077,3427,3751,3732,3740,3749,3751,3758,3752,3769,3740,3763,3759,3760,3754,3742,3752,3730,3752,3765,3744,3747,3769,3750,3728,3756,3730,3739,3737,3757,3766,3756,3749,3745
39,49,42,20,28,51,54,72,658,1023,1342,1625,1907,2160,2384,2397,2377,2375,2390,2372,2399,2402,2407,2401,2416,2404,2413,2400,2385,2418,2409,2410,2408,2382,2399,2386,2389,2382,2392,2417,2393,2373,2403,2397,2404,2402,2406,2403,2410,2392
41,41,23,37,67,60,37,25,47,55,38,60,33,27,25,36,65,26,19,40,46,57,59,36,48,39,26,16,48,47,22,39,31,56,11,354,563,700,865,997,1116,1263,1385,1479,1591,1595,1593,1582,1596,1607
65,57,51,30,83,60,64,49,628,980,1291,1567,1841,2084,2314,2311,2299,2329,2310,2297,2325,2335,2322,2308,2316,2317,2314,2331,2319,2312,2323,2326,2329,2308,2308,2311,2315,2315,2285,2305,2313,2307,2309,2304,2291,2292,2312,2311,2324,2309
15,0,0,6,26,14,0,1,29,28,26,0,13,10,17,12,0,31,15,39,33,1033,1686,2223,2714,3180,3619,4016,4005,4006,4031,4033,4032,3992,4009,3991,4007,4040,4006,4016,4019,4000,4054,4014,4031,4015,4026,4012,4027,3997
8,35,23,37,2,13,9,11,32,0,4,17,1,15,20,5,21,50,19,23,21,25,19,401,666,833,1056,1204,1411,1546,1703,1703,1718,1697,1700,1725,1705,1684,1706,1698,1702,1711,1692,1720,1703,1731,1708,1711,1700,1697
15,31,22,16,37,17,24,22,24,0,8,24,19,8,5,0,17,507,789,1056,1283,1505,1522,1490,1498,1515,1512,1500,1514,1488,1503,1510,1511,1515,1509,1504,1497,1501,1519,1485,1485,1513,1497,1502,1501,1493,1511,1485,1505,1496
30,0,15,20,26,17,24,1320,2099,2774,3412,3962,3964,3966,3976,4009,3958,3960,3972,3985,3959,3981,3952,3947,3953,3956,3976,3977,3952,3963,3954,3969,3970,3961,3972,3964,3970,3955,3993,3990,3960,3968,3958,3970,3982,3978,3979,3969,3965,3980
12,33,28,8,13,7,31,1,24,9,11,7,7,14,0,20,26,20,13,40,10,596,957,1264,1529,1774,2067,2053,2041,2030,2044,2073,2039,2040,2050,2040,2057,2029,2060,2038,2056,2032,2034,2058,2035,2027,2065,2061,2056,2038
52,57,80,70,57,51,39,31,62,794,1248,1663,1990,2331,2682,2949,2949,2947,2947,2981,2941,2949,2960,2961,2959,2946,2967,2955,2969,2956,2948,2960,2932,2951,2963,2926,2954,2951,2943,2949,2935,2943,2928,2958,2929,2971,2968,2945,2944,2950
12,0,1,8,14,28,14,0,34,11,12,3,7,38,792,1238,1675,2040,2389,2719,2998,3297,3577,3873,3866,3882,3874,3851,3868,3870,3846,3857,3893,3889,3879,3863,3885,3869,3884,3874,3877,3899,3876,3869,3868,3853,3854,3864,3866,3880
25,16,5,17,6,22,0,9,14,10,3,0,6,0,15,0,0,7,0,25,5,0,6,2,18,1009,1677,2212,2678,3134,3130,3133,3137,3150,3150,3131,3152,3141,3153,3137,3171,3152,3114,3139,3157,3137,3158,3167,3134,3144
51,68,37,37,65,56,68,38,44,45,49,47,37,52,43,50,49,41,24,40,48,10,62,73,55,59,45,35,79,46,71,47,56,501,791,1023,1266,1428,1642,1797,2003,2159,2324,2314,2320,2299,2297,2295,2310,2309
4,17,32,14,1,6,0,32,2,17,20,9,32,26,7,4,21,23,37,21,26,21,13,49,34,37,19,5,17,15,29,575,961,1254,1551,1810,2046,2286,2489,2703,2909,2922,2942,2914,2950,2925,2921,2924,2918,2911
31,29,15,1,21,40,2,21,35,32,42,1,2,11,21,8,41,25,5,17,38,0,16,31,15,14,31,28,14,465,726,988,1214,1421,1635,1793,1969,2156,2318,2298,2289,2323,2294,2286,2308,2302,2303,2313,2274,2292
0,0,11,30,10,1,13,23,30,4,0,26,14,21,21,0,584,972,1279,1543,1797,2047,2269,2499,2709,2720,2717,2728,2721,2724,2712,2729,2733,2727,2691,2724,2711,2726,2705,2709,2722,2728,2719,2726,2701,2727,2698,2720,2726,2718
0,15,13,13,40,5,32,0,12,0,18,12,4,26,27,12,17,0,14,10,8,0,0,9,10,28,35,30,18,19,30,21,7,802,1307,1723,2104,2456,2780,3106,3106,3084,3096,3091,3093,3113,3092,3113,3082,3093
13,14,10,12,39,47,0,15,15,1,9,16,12,44,6,20,15,17,29,2,13,2,22,22,8,25,9,30,18,6,31,4,0,0,637,1026,1344,1661,1922,2161,2434,2662,2902,2895,2900,2883,2909,2901,2908,2883
30,32,13,24,24,16,11,23,26,41,18,37,26,18,22,41,20,23,17,25,32,36,7,17,18,25,20,10,10,27,54,42,20,47,37,675,1054,1393,1695,1971,2228,2470,2501,2504,2478,2476,2497,2496,2481,2505
0,9,5,19,18,0,1,6,34,40,0,31,600,975,1291,1560,1822,2078,2307,2310,2282,2297,2296,2317,2318,2307,2301,2310,2316,2299,2299,2319,2299,2323,2318,2311,2311,2307,2306,2307,2319,2338,2289,2314,2313,2320,2306,2307,2297,2321
53,61,63,33,67,52,35,44,67,46,55,60,71,71,50,54,51,62,82,60,52,73,42,80,615,964,1255,1533,1775,1999,2005,2003,1998,2004,2010,2007,2020,2009,2004,2012,2016,2005,2011,2010,2001,2017,2006,1996,2008,2018
64,39,47,68,46,39,43,47,40,46,65,45,61,62,53,42,47,55,53,36,38,52,57,39,482,769,1012,1220,1420,1625,1773,1939,2116,2116,2118,2112,2109,2083,2107,2106,2110,2115,2136,2109,2096,2108,2124,2115,2107,2104
52,40,48,47,25,36,31,39,61,42,58,31,56,40,28,26,46,51,48,45,37,38,25,47,36,36,31,55,30,1017,1654,2158,2643,3065,3084,3072,3097,3091,3101,3067,3082,3093,3102,3080,3085,3076,3110,3103,3082,3086
34,24,16,23,0,12,20,25,7,0,22,30,34,15,18,24,10,23,9,27,13,20,6,13,22,47,576,926,1267,1514,1776,2019,2248,2472,2441,2447,2439,2450,2464,2447,2469,2474,2457,2469,2475,2456,2462,2472,2461,2473
73,61,64,59,39,86,64,64,56,35,43,61,64,58,51,54,935,1479,1975,2401,2797,3177,3529,3535,3533,3529,3558,3530,3541,3544,3515,3531,3546,3548,3534,3534,3505,3537,3531,3535,3538,3529,3537,3546,3530,3533,3524,3542,3548,3550
52,46,39,52,16,35,53,39,46,28,35,49,43,49,34,54,879,1371,1804,2181,2553,2562,2570,2536,2578,2540,2551,2534,2537,2553,2570,2556,2547,2568,2553,2539,2564,2554,2566,2555,2548,2538,2546,2546,2548,2557,2543,2564,2549,2528
23,24,13,31,36,35,22,27,20,40,760,1151,1555,1873,2187,2491,2490,2499,2486,2487,2495,2496,2483,2460,2492,2470,2505,2486,2504,2481,2493,2506,2499,2484,2479,2499,2468,2471,2492,2473,2480,2480,2490,2494,2488,2506,2470,2498,2479,2482
29,4,9,19,24,3,11,0,2,7,5,8,9,0,9,25,16,21,3,34,22,26,0,38,11,23,9,14,0,43,24,542,847,1125,1398,1637,1841,2051,2283,2440,2439,2437,2439,2449,2427,2462,2452,2440,2443,2431
29,9,21,38,23,25,38,37,25,29,31,24,22,38,24,33,19,40,24,46,31,44,45,31,42,32,44,28,41,35,31,43,30,30,24,638,994,1323,1631,1903,2141,2387,2615,2608,2641,2598,2635,2597,2602,2614
57,52,46,55,43,22,32,50,38,45,36,46,50,54,62,51,34,919,1463,1901,2324,2693,3085,3423,3408,3416,3415,3433,3397,3399,3424,3421,3430,3429,3422,3424,3415,3408,3414,3428,3423,3411,3418,3429,3427,3403,3423,3416,3428,3423
23,36,34,45,16,49,42,19,26,28,32,16,30,54,33,38,39,34,50,35,32,20,40,28,25,34,584,930,1227,1499,1748,1989,1979,2000,2002,1980,1973,1993,1974,1991,1959,1986,1989,1979,2005,1970,1993,1995,2002,1994
37,50,23,31,43,41,51,32,12,40,30,38,31,37,20,753,1187,1567,1921,2215,2237,2234,2225,2245,2221,2228,2218,2227,2244,2225,2234,2222,2249,2245,2258,2241,2252,2205,2225,2263,2236,2247,2234,2242,2243,2214,2246,2239,2225,2215
17,26,48,28,19,12,26,38,31,9,32,27,26,20,38,10,3,5,19,26,34,29,39,38,10,35,13,11,35,20,15,620,994,1317,1615,1859,2112,2368,2604,2583,2604,2581,2602,2583,2582,2588,2579,2555,2579,2585
43,33,29,38,37,21,23,32,35,15,460,751,1008,1200,1394,1583,1777,1928,1930,1913,1929,1892,1926,1920,1903,1920,1925,1926,1932,1916,1921,1920,1921,1915,1907,1921,1926,1924,1945,1932,1930,1933,1913,1911,1915,1927,1940,1925,1908,1915
45,65,52,46,47,61,55,51,24,47,37,48,47,43,393,616,794,959,1111,1283,1410,1548,1681,1669,1674,1642,1657,1675,1680,1671,1662,1669,1660,1679,1670,1676,1654,1688,1676,1693,1663,1682,1682,1673,1700,1685,1689,1662,1654,1684
24,18,45,23,28,60,29,14,33,1011,1602,2163,2598,3052,3445,3830,3833,3834,3832,3829,3819,3831,3851,3832,3840,3847,3840,3832,3840,3830,3840,3819,3803,3855,3823,3835,3837,3855,3821,3844,3819,3822,3823,3828,3848,3861,3834,3830,3815,3842
58,31,71,58,52,41,65,51,62,46,51,53,44,42,62,49,41,53,61,32,41,44,46,50,38,42,62,61,55,25,58,29,64,54,56,418,655,860,1046,1237,1371,1537,1652,1813,1797,1812,1796,1817,1780,1823
22,0,36,17,18,12,7,9,9,835,1359,1813,2198,2587,2962,3263,3579,3904,3891,3898,3879,3871,3884,3875,3888,3893,3885,3883,3904,3896,3887,3882,3893,3878,3896,3902,3892,3909,3892,3878,3895,3891,3892,3902,3897,3877,3892,3892,3888,3891
20,30,19,41,41,25,35,12,59,0,14,27,39,19,30,976,1588,2110,2521,2951,2987,2968,2964,2954,2957,2949,2964,2965,2953,2963,2967,2954,2966,2950,2955,2973,2973,2954,2969,2937,2980,2966,2953,2939,2970,2958,2971,2967,2965,2962
49,31,28,49,39,23,33,15,841,1348,1751,2159,2515,2837,3158,3471,3490,3483,3479,3496,3490,3483,3492,3469,3486,3478,3489,3491,3477,3467,3476,3481,3450,3486,3480,3496,3482,3494,3467,3478,3499,3484,3483,3481,3495,3464,3487,3471,3475,3447
30,59,41,18,56,48,55,26,18,917,1460,1876,2346,2721,3090,3429,3771,3748,3752,3764,3745,3762,3770,3763,3743,3745,3733,3748,3759,3773,3760,3758,3747,3745,3757,3728,3750,3755,3761,3766,3762,3758,3748,3760,3753,3748,3759,3756,3766,3727
38,20,64,0,56,32,53,45,48,42,55,34,39,29,23,30,48,60,44,53,32,28,43,28,29,47,40,24,33,40,51,37,39,35,26,524,884,1147,1399,1652,1842,2027,2254,2424,2454,2453,2444,2457,2463,2457
29,38,32,23,20,18,27,3,35,27,38,10,49,23,44,35,50,43,23,47,21,27,17,3,48,20,27,41,32,35,31,29,30,638,1049,1415,1710,2005,2247,2248,2276,2260,2245,2253,2261,2265,2282,2251,2275,2258
50,56,53,59,65,32,41,49,37,64,35,39,57,63,52,39,43,33,36,40,40,35,36,38,35,46,35,56,52,38,34,53,42,44,46,39,636,1006,1299,1589,1846,2077,2311,2543,2543,2535,2553,2543,2543,2539
39,52,36,38,45,18,32,25,35,35,23,26,13,40,742,1205,1607,1935,2274,2591,2879,3153,3406,3682,3668,3658,3677,3671,3668,3661,3680,3666,3663,3652,3692,3669,3670,3684,3657,3669,3678,3666,3676,3671,3681,3675,3682,3674,3704,3677
33,34,36,31,24,34,39,46,25,31,30,38,40,12,33,44,18,20,31,40,54,39,36,485,768,985,1200,1392,1596,1779,1771,1790,1769,1775,1771,1784,1744,1769,1779,1781,1762,1791,1755,1761,1758,1795,1774,1790,1770,1788
43,36,47,45,27,51,43,34,26,23,61,40,45,44,28,30,44,40,53,35,38,60,22,57,38,51,41,24,44,34,18,773,1258,1639,2020,2353,2664,2942,3247,3233,3253,3254,3262,3289,3239,3241,3223,3255,3240,3253
35,19,33,11,28,43,17,30,41,2,9,28,28,38,26,15,31,38,34,32,53,32,38,11,17,43,25,21,35,39,27,50,28,19,18,570,941,1218,1509,1713,1728,1756,1719,1729,1734,1706,1724,1741,1727,1723
74,40,44,58,39,73,59,76,78,66,64,45,41,34,58,66,58,43,58,70,88,70,62,53,422,656,818,987,1135,1296,1431,1558,1693,1816,1809,1823,1836,1798,1838,1845,1825,1827,1811,1841,1831,1824,1843,1835,1793,1828
55,52,48,77,62,39,63,62,47,57,44,28,1054,1687,2215,2683,3172,3575,3970,3989,4002,3986,3979,3980,3966,3965,3989,3980,3994,3984,3954,3992,3975,3965,3996,3972,4007,3988,3983,3960,3975,3975,3988,3992,3992,3985,3982,3961,3972,3978
7,15,36,16,16,0,0,35,17,6,9,27,5,7,29,4,589,975,1274,1577,1835,2068,2302,2545,2522,2535,2556,2547,2534,2562,2558,2562,2522,2553,2524,2540,2547,2535,2533,2565,2542,2534,2543,2555,2543,2552,2549,2530,2568,2563
0,31,7,13,14,12,15,20,3,27,12,24,2,11,0,21,9,22,19,8,0,765,1238,1666,2036,2377,2706,2971,3287,3560,3852,3859,3829,3847,3841,3840,3865,3864,3849,3859,3852,3835,3832,3847,3834,3856,3866,3832,3865,3845
35,19,5,7,32,52,31,11,62,47,22,36,31,30,22,48,23,40,38,27,22,37,55,40,640,1036,1370,1657,1958,2198,2428,2665,2661,2689,2658,2673,2653,2681,2684,2670,2655,2665,2657,2674,2676,2667,2672,2657,2671,2645
31,44,23,36,23,27,23,55,33,36,66,27,455,721,951,1143,1362,1544,1710,1895,2052,2052,2047,2053,2046,2059,2061,2022,2044,2036,2042,2058,2046,2047,2045,2043,2053,2041,2033,2057,2042,2053,2055,2055,2030,2046,2052,2036,2043,2029
29,6,21,20,33,20,10,7,41,16,1,38,21,21,5,0,20,18,6,5,13,17,21,33,13,3,31,39,23,31,15,26,21,811,1288,1681,2072,2429,2723,3045,3348,3626,3652,3640,3638,3645,3635,3642,3659,3645
34,38,39,56,30,19,35,33,38,39,46,34,5,25,29,25,70,57,44,42,29,35,47,40,52,38,39,54,40,35,55,732,1173,1535,1898,2192,2473,2759,3047,3272,3549,3522,3530,3554,3538,3545,3528,3531,3545,3542
42,36,45,52,41,20,52,42,34,39,60,66,33,20,23,35,50,38,33,61,35,39,25,43,17,774,1269,1645,2010,2347,2669,2958,3236,3501,3491,3516,3532,3542,3526,3508,3529,3523,3524,3523,3506,3507,3520,3530,3524,3517
45,38,40,63,48,51,39,61,44,64,43,62,44,32,53,42,37,46,47,42,55,66,877,1387,1847,2224,2614,2951,3294,3608,3596,3596,3607,3625,3613,3584,3610,3599,3582,3581,3595,3600,3583,3605,3599,3602,3603,3605,3591,3593
43,48,25,36,29,58,20,25,44,17,49,27,40,700,1117,1519,1818,2127,2401,2684,2943,2950,2934,2894,2933,2920,2930,2929,2934,2896,2917,2937,2934,2923,2919,2940,2928,2936,2940,2943,2940,2952,2944,2924,2918,2940,2937,2921,2924,2933
39,41,30,38,29,57,40,655,1003,1360,1614,1922,2140,2393,2594,2838,3082,3063,3042,3041,3044,3068,3071,3046,3063,3056,3079,3049,3056,3054,3058,3073,3050,3057,3053,3045,3056,3054,3048,3058,3065,3060,3077,3034,3057,3046,3058,3076,3065,3070
46,40,15,28,46,22,38,31,40,61,50,56,26,45,33,28,964,1552,2047,2484,2907,3329,3696,3697,3664,3683,3677,3686,3687,3703,3701,3680,3693,3679,3687,3672,3679,3694,3707,3700,3681,3697,3681,3695,3704,3694,3686,3695,3714,3692
38,59,16,27,33,43,58,36,15,16,51,40,33,40,46,52,37,51,16,35,52,45,29,31,53,31,17,58,34,22,45,38,47,40,499,801,1029,1248,1456,1668,1865,1827,1854,1846,1848,1836,1845,1830,1859,1833
60,26,59,43,55,26,50,49,42,65,50,47,51,726,1152,1541,1865,2183,2474,2734,2993,3228,3253,3245,3251,3243,3249,3269,3268,3235,3250,3248,3250,3245,3241,3245,3258,3254,3245,3241,3239,3250,3252,3250,3248,3242,3250,3251,3255,3257
11,21,0,7,19,6,6,27,18,9,10,12,13,9,23,0,4,21,13,17,0,4,601,959,1276,1561,1814,2074,2314,2520,2732,2974,2956,2953,2988,2983,2960,2970,2973,2959,2956,2929,2953,2964,2963,2980,2974,2958,2961,2967
4,28,25,44,18,21,3,26,0,4,27,0,4,16,748,1197,1562,1912,2218,2544,2830,3105,3104,3087,3093,3081,3090,3106,3129,3084,3112,3110,3103,3102,3102,3091,3108,3103,3103,3103,3100,3100,3099,3089,3106,3092,3099,3081,3114,3099
61,26,6,40,53,40,48,31,28,49,25,41,36,40,29,27,37,27,41,35,46,36,23,58,24,49,41,934,1532,2006,2461,2878,3242,3255,3246,3269,3247,3266,3258,3285,3253,3249,3268,3249,3276,3236,3266,3270,3260,3238
36,39,26,44,44,35,28,51,32,46,55,34,68,45,58,56,38,26,57,33,47,48,64,62,41,44,44,29,42,46,37,53,664,1065,1407,1702,1996,2253,2495,2504,2497,2525,2520,2508,2513,2485,2525,2505,2519,2504
5,1,19,26,0,14,13,0,18,21,17,24,32,14,28,30,24,13,7,33,14,18,7,25,8,38,13,17,14,17,0,1,1,0,11,797,1310,1748,2118,2501,2500,2491,2486,2507,2467,2497,2497,2485,2471,2486
20,41,41,39,47,41,51,48,63,47,28,44,31,31,578,914,1187,1423,1670,1676,1666,1667,1666,1689,1682,1684,1674,1678,1687,1679,1685,1695,1665,1690,1671,1679,1680,1669,1667,1681,1690,1698,1667,1678,1679,1665,1675,1662,1685,1689
49,49,47,46,33,59,40,64,54,90,47,68,61,76,63,58,23,73,49,45,62,79,582,906,1174,1404,1660,1888,2082,2281,2460,2473,2481,2459,2481,2471,2479,2458,2476,2462,2453,2483,2457,2460,2469,2486,2481,2463,2470,2449
68,61,62,50,38,66,55,60,87,63,49,48,66,65,70,38,63,9,34,63,62,69,47,49,42,70,68,83,788,1252,1642,1998,2321,2639,2931,3215,3493,3504,3492,3492,3483,3478,3498,3470,3473,3486,3480,3472,3491,3485
0,0,11,25,20,0,31,27,0,21,25,0,2,11,8,6,18,0,7,18,0,10,24,0,773,1261,1652,2028,2363,2693,3004,3011,3000,3004,3004,3008,3009,3023,2992,3029,3011,3028,3006,3009,2980,3002,3019,3002,2995,3030
52,60,52,57,45,56,61,58,38,48,1122,1803,2414,2919,3420,3866,3874,3847,3863,3864,3859,3855,3878,3876,3862,3843,3881,3854,3864,3874,3853,3859,3850,3878,3854,3876,3853,3866,3855,3841,3862,3868,3861,3852,3849,3847,3860,3867,3860,3874
14,54,52,7,28,56,0,18,26,6,16,39,9,21,51,40,11,30,11,44,446,698,950,1120,1333,1503,1652,1811,1824,1800,1834,1836,1811,1815,1822,1828,1813,1803,1820,1790,1844,1824,1833,1795,1791,1821,1820,1800,1810,1802
22,5,0,5,19,15,12,28,7,19,0,0,18,6,0,12,5,16,34,39,20,0,4,5,924,1495,1968,2423,2787,3186,3559,3921,3904,3897,3924,3911,3901,3924,3912,3906,3903,3923,3899,3906,3908,3907,3898,3877,3922,3919
82,53,46,66,42,60,59,51,60,62,45,55,51,78,42,50,76,63,1042,1653,2170,2654,3091,3486,3488,3507,3491,3495,3501,3508,3498,3529,3510,3497,3502,3521,3510,3496,3508,3513,3493,3520,3525,3507,3494,3505,3496,3508,3516,3490
16,45,27,64,38,38,40,40,59,1085,1732,2285,2772,3239,3656,4092,4077,4095,4083,4094,4095,4095,4095,4095,4093,4095,4060,4095,4084,4089,4077,4095,4090,4081,4079,4095,4079,4095,4080,4082,4090,4082,4076,4095,4095,4095,4074,4095,4080,4088
21,12,15,32,0,11,33,31,4,35,28,8,23,8,29,30,22,32,28,31,17,30,16,16,27,39,23,0,22,16,11,7,973,1543,2046,2521,2944,2931,2931,2923,2935,2917,2913,2945,2918,2951,2940,2916,2936,2937
37,58,43,70,66,53,57,53,37,39,66,50,32,51,451,717,942,1108,1319,1483,1616,1785,1950,2062,2082,2084,2073,2082,2071,2091,2078,2080,2093,2073,2065,2095,2093,2073,2088,2074,2075,2088,2081,2090,2088,2091,2065,2110,2093,2080
46,18,52,35,58,56,46,448,677,905,1092,1283,1457,1615,1739,1901,2060,2034,2038,2055,2039,2060,2045,2037,2056,2044,2049,2038,2047,2046,2046,2026,2034,2033,2049,2059,2041,2031,2045,2025,2032,2037,2046,2041,2022,2056,2056,2033,2053,2046
75,62,74,60,59,91,36,63,63,68,41,67,53,53,67,57,59,59,76,482,739,999,1181,1387,1575,1573,1576,1573,1557,1564,1580,1585,1539,1566,1577,1577,1573,1567,1583,1556,1579,1567,1574,1578,1582,1575,1556,1562,1564,1590
11,42,35,40,31,49,21,17,26,3,28,13,24,24,25,27,33,6,18,10,31,1074,1707,2212,2735,3165,3591,4001,4026,4006,3996,3990,4007,4017,4025,4019,4000,4011,4007,4020,4020,3992,4024,4001,4044,4001,4010,4009,4006,4004
78,73,47,34,59,38,38,62,43,73,61,40,61,64,70,57,47,38,60,61,51,31,68,62,35,891,1418,1859,2269,2643,2992,2990,3001,3006,3002,3002,2994,3009,2993,2995,3016,3006,3007,3020,3004,3007,3003,3011,3011,2999
31,41,25,42,11,43,29,32,45,49,40,49,13,892,1408,1867,2276,2647,2989,3347,3349,3359,3340,3356,3349,3392,3359,3351,3339,3346,3355,3348,3328,3337,3367,3372,3350,3335,3350,3349,3348,3368,3337,3342,3336,3363,3357,3326,3360,3326
54,63,54,60,43,36,54,46,49,46,35,47,42,59,49,30,58,40,49,69,47,40,44,46,38,70,65,66,56,37,21,53,929,1462,1932,2341,2734,3072,3430,3745,3768,3769,3763,3754,3759,3760,3759,3768,3761,3749
32,35,43,36,52,59,46,37,837,1335,1783,2161,2543,2894,3201,3509,3816,4095,4093,4064,4077,4078,4086,4087,4095,4080,4095,4072,4088,4075,4095,4078,4088,4095,4086,4095,4092,4093,4094,4095,4089,4095,4092,4095,4088,4095,4086,4095,4083,4085
0,17,0,2,14,0,0,26,14,31,2,10,6,9,2,28,0,0,12,22,8,14,13,0,0,0,15,0,0,30,15,21,627,994,1311,1630,1873,2148,2145,2136,2121,2125,2141,2128,2142,2156,2133,2148,2156,2124
52,53,57,48,63,63,30,47,838,1308,1722,2088,2410,2745,3044,3047,3067,3053,3057,3076,3065,3042,3049,3041,3062,3054,3054,3046,3054,3058,3063,3059,3032,3053,3057,3067,3062,3057,3066,3075,3094,3052,3057,3042,3081,3064,3027,3056,3046,3058
18,39,44,34,1,36,0,20,35,64,39,35,31,17,30,26,40,883,1395,1828,2261,2638,2964,3292,3306,3292,3315,3312,3329,3319,3295,3294,3307,3309,3294,3301,3318,3301,3283,3297,3316,3301,3314,3322,3290,3295,3315,3290,3318,3304
55,40,35,31,38,35,44,29,32,19,33,36,21,48,42,730,1159,1484,1825,2126,2396,2661,2934,2951,2937,2961,2946,2940,2954,2932,2907,2927,2948,2953,2933,2933,2937,2954,2930,2957,2929,2931,2912,2936,2939,2941,2962,2958,2934,2939
39,37,54,42,33,17,46,48,43,51,46,31,52,29,23,30,28,48,49,43,61,60,44,822,1294,1724,2086,2449,2768,3109,3362,3666,3932,3951,3947,3939,3927,3947,3934,3925,3957,3939,3937,3930,3932,3961,3948,3916,3944,3927
70,43,44,72,58,59,45,43,58,54,55,58,54,51,42,36,41,48,1345,2175,2878,3479,4071,4075,4086,4090,4074,4077,4067,4072,4087,4095,4080,4091,4061,4069,4071,4091,4062,4060,4086,4069,4059,4079,4074,4080,4083,4089,4077,4062
35,46,76,65,51,51,34,40,36,45,53,57,46,53,51,40,46,28,11,62,924,1459,1915,2323,2716,2701,2722,2711,2724,2714,2718,2717,2736,2697,2693,2705,2703,2715,2710,2712,2719,2708,2707,2693,2706,2719,2696,2704,2692,2717
28,45,56,35,25,42,32,65,45,49,40,41,41,43,61,66,489,782,1006,1251,1442,1630,1799,1990,2138,2154,2180,2151,2156,2173,2157,2159,2173,2143,2183,2177,2147,2178,2148,2153,2169,2163,2157,2160,2142,2162,2171,2184,2154,2155
65,58,65,30,59,59,55,71,67,44,45,42,48,58,95,81,56,58,30,50,64,67,48,57,52,30,56,67,49,439,652,843,1020,1166,1326,1475,1616,1628,1627,1661,1635,1624,1604,1609,1601,1621,1603,1621,1597,1624
40,37,59,40,40,22,38,44,26,28,39,46,29,24,35,28,24,41,52,30,42,697,1100,1432,1731,2025,2285,2578,2802,3055,3304,3297,3286,3278,3283,3294,3274,3265,3264,3287,3274,3284,3268,3300,3272,3273,3295,3298,3290,3282
0,17,2,46,33,0,24,21,7,18,21,29,8,20,22,7,21,22,0,33,20,19,442,699,933,1140,1342,1518,1691,1846,2016,2146,2166,2137,2140,2154,2166,2150,2171,2144,2145,2168,2154,2128,2156,2141,2172,2146,2144,2164
17,0,0,4,26,9,20,27,0,0,0,5,15,23,842,1329,1768,2174,2563,2871,2883,2898,2891,2882,2885,2880,2890,2881,2901,2892,2909,2877,2898,2910,2896,2903,2886,2900,2892,2896,2886,2882,2899,2905,2906,2866,2900,2899,2870,2895
55,70,67,33,54,65,65,61,46,50,69,46,41,66,47,47,1122,1774,2338,2836,3309,3293,3284,3294,3268,3318,3299,3282,3295,3299,3282,3285,3269,3292,3311,3279,3296,3303,3308,3280,3310,3288,3289,3302,3288,3278,3284,3301,3281,3299
27,13,37,1,13,0,10,32,11,12,570,929,1197,1474,1729,1967,2181,2391,2387,2391,2381,2398,2400,2387,2392,2388,2380,2393,2383,2410,2373,2401,2382,2396,2391,2385,2406,2384,2404,2395,2394,2412,2410,2383,2392,2422,2404,2398,2368,2395
64,44,52,53,46,77,60,38,51,47,27,40,81,56,26,36,70,41,58,53,55,52,56,61,46,47,51,68,42,54,51,58,35,36,41,48,676,1054,1414,1698,1950,2238,2503,2479,2489,2474,2498,2466,2482,2482
0,27,26,12,16,10,5,0,14,22,0,0,14,0,26,6,10,1,5,0,15,1,0,0,0,5,4,11,0,15,0,10,23,11,9,815,1291,1722,2097,2458,2776,3128,3402,3399,3405,3417,3412,3441,3420,3425
59,49,15,25,45,42,33,58,50,62,25,14,46,63,58,34,31,12,28,60,759,1171,1563,1921,2222,2527,2507,2521,2504,2488,2516,2501,2527,2539,2524,2511,2487,2527,2522,2501,2516,2527,2506,2513,2504,2484,2513,2514,2517,2533
54,62,61,41,32,55,50,46,50,57,23,49,45,36,70,50,38,49,55,26,59,61,26,41,44,69,39,57,50,871,1367,1817,2192,2544,2909,2911,2898,2881,2885,2885,2899,2895,2882,2899,2890,2904,2891,2902,2907,2887
37,49,27,65,48,52,53,60,48,57,46,50,78,37,47,53,63,52,45,41,58,46,56,49,41,37,46,50,69,72,58,58,59,61,71,639,1018,1339,1614,1883,2109,2111,2129,2119,2125,2101,2120,2126,2111,2094
20,23,56,57,33,28,48,51,44,644,993,1294,1578,1846,2086,2339,2559,2770,2978,2988,2967,2994,2965,2969,2972,2983,2979,2977,2977,2961,2992,2963,2970,2982,2962,2956,2979,2961,2962,2960,2971,2956,3003,2982,2974,2961,2983,2960,2982,2961
24,16,30,41,15,26,22,23,35,27,50,22,10,18,35,28,18,47,52,44,37,17,37,33,9,36,40,27,11,31,33,18,40,645,1100,1429,1719,2026,2305,2544,2830,3035,3032,3024,3034,3045,3038,3023,3041,3036
31,52,58,35,52,29,28,68,39,47,28,46,21,42,38,59,43,37,62,67,44,46,36,46,36,24,783,1250,1651,2022,2347,2656,2966,2965,2958,2945,2963,2958,2957,2951,2952,2964,2945,2958,2957,2968,2960,2944,2957,2946
54,69,92,78,69,66,61,52,47,49,51,70,68,50,49,62,40,35,57,46,58,80,32,68,871,1390,1801,2211,2575,2568,2567,2568,2579,2563,2561,2598,2580,2585,2564,2589,2556,2580,2584,2599,2596,2590,2576,2559,2568,2555
56,50,39,39,21,33,38,20,32,28,21,56,50,24,31,23,38,28,36,14,10,29,36,53,28,48,34,755,1188,1580,1920,2230,2529,2812,3101,3370,3614,3606,3607,3599,3620,3612,3588,3632,3604,3606,3608,3610,3595,3601
39,45,53,37,58,64,72,43,53,67,63,60,55,64,11,44,77,52,58,51,43,65,39,39,52,66,55,66,54,50,56,48,56,55,42,32,710,1149,1499,1835,2139,2427,2691,2680,2696,2657,2676,2667,2689,2677
32,18,42,24,27,40,22,39,47,49,33,23,10,34,14,37,30,23,45,27,24,20,42,30,39,22,51,32,725,1166,1537,1868,2185,2181,2152,2173,2162,2172,2183,2182,2160,2159,2192,2193,2168,2203,2187,2188,2167,2148
29,29,29,0,43,26,43,28,40,11,14,28,32,37,939,1515,2004,2433,2844,3213,3604,3583,3593,3594,3617,3594,3612,3614,3622,3614,3577,3599,3605,3612,3610,3596,3607,3599,3610,3579,3612,3616,3595,3580,3583,3614,3607,3605,3596,3602
51,40,45,41,55,40,61,39,59,59,60,77,48,30,59,50,61,50,68,50,55,63,48,48,68,47,61,52,56,43,44,50,60,1242,1962,2587,3155,3702,3705,3716,3692,3686,3684,3695,3701,3697,3696,3711,3714,3704
36,21,40,33,35,57,30,50,30,36,35,38,31,33,23,23,49,24,46,29,25,38,52,59,41,32,38,30,914,1454,1927,2341,2737,3108,3442,3456,3452,3430,3464,3473,3454,3467,3456,3456,3447,3448,3455,3454,3465,3467
66,62,34,54,46,47,75,59,45,62,52,49,46,63,42,61,65,56,61,64,70,43,68,62,66,64,817,1299,1725,2063,2427,2768,3045,3365,3631,3903,3899,3921,3918,3906,3926,3920,3907,3894,3920,3897,3917,3924,3915,3920
48,45,27,31,48,26,19,34,55,38,47,30,25,69,35,34,46,32,25,44,19,57,64,58,33,42,52,45,684,1090,1420,1767,2035,2288,2557,2795,3029,3025,3029,3029,3038,3048,3041,3035,3032,3020,3035,3012,3048,3051
26,33,41,39,48,48,35,41,50,25,41,26,55,24,25,34,43,28,38,692,1112,1461,1799,2080,2341,2619,2599,2629,2588,2603,2604,2594,2587,2626,2617,2618,2601,2635,2616,2609,2599,2592,2594,2596,2606,2599,2581,2608,2616,2618
45,22,57,63,61,34,49,55,749,1196,1575,1922,2238,2539,2549,2541,2526,2545,2541,2540,2549,2560,2532,2526,2544,2528,2541,2537,2550,2515,2556,2525,2546,2545,2527,2525,2544,2508,2537,2528,2514,2554,2524,2555,2547,2529,2543,2536,2544,2503
41,37,40,30,35,27,41,53,49,47,42,60,42,44,51,45,55,36,28,47,57,46,56,27,45,54,40,18,35,20,40,38,49,1127,1802,2387,2906,3389,3882,3858,3841,3856,3877,3863,3836,3878,3858,3889,3840,3877
7,3,9,0,0,29,9,16,0,3,24,36,19,18,0,36,34,34,0,1,9,28,7,0,21,327,495,674,800,964,1086,1196,1330,1427,1542,1549,1542,1541,1550,1547,1543,1543,1537,1553,1554,1559,1557,1539,1564,1552
65,59,46,55,55,54,61,70,69,55,1146,1830,2415,2920,3416,3428,3424,3417,3378,3422,3410,3399,3421,3405,3420,3399,3408,3417,3410,3428,3398,3420,3440,3420,3387,3415,3422,3411,3406,3385,3430,3420,3428,3433,3422,3402,3404,3441,3395,3428
27,16,18,17,20,7,0,19,10,0,25,29,0,9,14,17,15,4,12,13,20,24,34,27,1,15,10,8,15,14,25,8,11,428,707,926,1149,1323,1523,1503,1503,1531,1523,1511,1485,1501,1510,1497,1522,1512
71,28,29,40,13,66,31,45,54,47,29,59,36,36,30,40,30,41,51,31,539,876,1155,1389,1626,1628,1601,1608,1614,1630,1613,1605,1627,1614,1635,1629,1610,1629,1625,1610,1630,1635,1647,1613,1617,1630,1617,1618,1630,1628
33,59,57,58,34,40,45,60,44,35,40,37,43,36,34,67,40,38,41,60,764,1191,1553,1930,2231,2524,2777,2807,2794,2773,2784,2811,2765,2801,2787,2786,2795,2797,2789,2777,2796,2794,2784,2792,2788,2770,2785,2782,2796,2813
30,41,30,17,49,27,62,28,35,13,37,21,38,33,30,43,33,33,28,14,26,22,35,36,50,60,35,20,22,40,33,38,42,43,1174,1932,2512,3064,3608,4066,4093,4080,4081,4072,4078,4047,4075,4080,4093,4074
44,39,24,23,43,46,32,37,39,25,41,57,43,553,893,1141,1390,1619,1846,2042,2015,2048,2040,2024,2017,2020,2053,2045,2075,2048,2025,2057,2039,2024,2039,2059,2014,2045,2058,2048,2028,2051,2050,2039,2052,2048,2045,2033,2056,2041
22,28,16,26,28,23,43,32,19,28,42,30,30,27,39,26,28,27,37,31,23,421,679,893,1092,1253,1424,1576,1734,1883,2030,2034,2029,2033,2027,2039,2031,2011,2040,2031,2023,2027,2024,2019,2038,2032,2032,2032,2025,2018
50,58,51,41,39,53,28,52,52,45,48,35,24,62,527,808,1037,1286,1524,1699,1679,1668,1686,1682,1709,1690,1702,1679,1686,1704,1694,1695,1688,1708,1688,1701,1678,1696,1704,1657,1677,1700,1696,1674,1671,1694,1670,1692,1666,1688
54,49,61,54,72,46,81,56,499,760,1043,1253,1451,1639,1804,2005,2157,2333,2330,2338,2284,2307,2304,2318,2327,2313,2306,2304,2318,2329,2333,2299,2324,2331,2313,2305,2324,2321,2318,2316,2316,2301,2319,2312,2330,2323,2319,2310,2305,2304
50,33,55,55,56,41,47,48,68,59,71,49,58,58,44,50,33,76,40,47,50,48,62,47,44,39,51,52,53,50,50,49,44,61,30,62,1217,1980,2594,3166,3696,3665,3688,3698,3679,3679,3708,3692,3699,3714
45,17,40,45,35,43,27,35,23,52,11,32,22,50,38,35,19,840,1383,1799,2199,2558,2568,2572,2548,2564,2554,2547,2539,2560,2545,2543,2561,2552,2547,2572,2571,2584,2574,2561,2556,2550,2569,2565,2545,2567,2563,2568,2559,2555
4,6,14,19,6,16,26,41,17,0,13,21,0,23,5,0,752,1211,1622,1983,2297,2606,2903,3196,3188,3186,3159,3197,3172,3190,3201,3186,3160,3197,3196,3199,3192,3177,3197,3167,3182,3196,3184,3164,3187,3190,3198,3194,3165,3192
15,22,16,5,29,29,33,40,29,30,42,26,47,38,34,28,34,19,24,15,19,36,40,42,29,41,38,21,21,711,1136,1519,1859,2144,2433,2698,2974,2958,2979,2966,2983,2968,2986,2999,2980,2968,2978,2966,2990,2978
16,40,17,16,25,0,34,10,4,55,25,29,14,4,41,9,736,1143,1540,1850,2182,2491,2747,3035,3300,3258,3270,3277,3287,3282,3298,3262,3293,3310,3265,3278,3279,3287,3260,3264,3272,3282,3284,3288,3297,3289,3260,3259,3296,3288
21,15,9,32,22,11,30,769,1205,1632,1983,2299,2633,2620,2637,2661,2641,2628,2628,2632,2626,2620,2644,2634,2623,2652,2632,2647,2648,2664,2620,2654,2625,2662,2632,2635,2656,2643,2644,2637,2641,2643,2635,2647,2651,2634,2619,2650,2633,2633
49,54,59,66,58,63,899,1460,1899,2331,2723,2718,2696,2717,2721,2711,2713,2743,2693,2731,2693,2713,2719,2708,2712,2726,2721,2695,2731,2710,2691,2715,2713,2712,2722,2697,2722,2715,2702,2707,2718,2698,2709,2713,2709,2698,2730,2698,2710,2733
50,48,57,23,48,37,53,51,51,66,37,70,47,59,49,60,36,47,64,55,61,49,50,960,1514,1999,2393,2825,3197,3543,3544,3561,3538,3546,3546,3548,3549,3538,3565,3548,3567,3536,3552,3516,3555,3546,3554,3542,3532,3563
29,35,37,43,19,37,21,16,17,14,736,1236,1588,1975,2260,2579,2875,3163,3420,3444,3414,3439,3443,3429,3439,3427,3416,3442,3433,3416,3444,3444,3430,3439,3433,3400,3413,3428,3434,3421,3416,3425,3417,3435,3403,3410,3434,3436,3422,3420
8,19,34,23,24,28,17,35,30,19,37,27,36,32,10,11,26,16,50,21,35,46,582,939,1202,1449,1699,1915,2153,2374,2359,2379,2363,2373,2391,2356,2375,2353,2377,2372,2370,2356,2346,2360,2376,2351,2346,2340,2351,2377
34,41,31,41,35,40,27,65,43,20,36,22,19,44,33,34,29,30,40,40,29,10,41,21,50,48,42,40,23,27,20,26,29,644,990,1307,1587,1868,2079,2366,2567,2589,2587,2565,2586,2575,2561,2592,2574,2569
47,52,50,35,23,37,26,59,49,35,39,53,59,31,45,50,33,25,33,39,33,28,47,64,61,27,389,609,812,993,1147,1323,1455,1591,1707,1856,1842,1846,1842,1836,1840,1838,1858,1855,1853,1862,1885,1870,1842,1860
52,59,37,50,61,35,690,1037,1352,1676,1942,2205,2404,2673,2892,3108,3093,3100,3131,3108,3100,3129,3102,3124,3111,3097,3106,3129,3103,3120,3094,3112,3112,3108,3098,3106,3098,3102,3113,3094,3104,3094,3128,3111,3100,3132,3110,3101,3103,3109
33,13,51,1,11,0,21,2,478,788,1036,1275,1481,1671,1880,1881,1874,1893,1883,1880,1888,1888,1892,1895,1895,1878,1872,1863,1876,1872,1874,1865,1881,1879,1898,1887,1884,1890,1873,1887,1888,1874,1898,1882,1880,1878,1903,1868,1887,1879
7,23,8,3,24,25,0,0,8,23,16,31,2,22,5,13,0,11,2,30,0,18,1,25,889,1439,1902,2362,2719,3127,3105,3116,3094,3113,3101,3112,3127,3071,3106,3123,3114,3112,3083,3098,3104,3105,3117,3094,3108,3104
71,56,60,80,53,64,65,45,51,57,44,65,52,965,1498,1982,2411,2793,3151,3180,3170,3173,3180,3170,3176,3148,3175,3173,3192,3149,3170,3173,3181,3138,3168,3166,3176,3151,3174,3159,3165,3186,3157,3195,3152,3166,3163,3164,3175,3181
53,37,34,37,47,43,21,38,51,38,55,33,47,59,38,418,640,852,1039,1203,1354,1500,1664,1681,1659,1641,1661,1630,1669,1658,1655,1650,1664,1650,1661,1640,1663,1649,1641,1653,1665,1667,1663,1655,1637,1661,1641,1648,1652,1657
39,40,56,58,66,26,69,60,52,45,34,53,39,61,39,45,754,1200,1596,1913,2248,2262,2261,2221,2258,2252,2271,2258,2260,2274,2271,2240,2271,2242,2248,2256,2249,2243,2256,2259,2269,2252,2248,2243,2257,2259,2291,2259,2269,2252
21,11,16,1,3,16,32,20,18,14,9,10,21,26,26,0,13,23,19,34,17,8,23,10,10,22,4,5,6,13,18,14,18,684,1126,1499,1821,2117,2410,2675,2688,2663,2665,2678,2689,2692,2673,2693,2696,2696
11,33,21,42,37,23,39,15,35,33,28,32,15,30,7,32,34,900,1447,1891,2340,2704,2716,2709,2715,2714,2726,2700,2728,2722,2707,2715,2691,2691,2708,2709,2690,2694,2705,2701,2718,2693,2717,2702,2726,2719,2710,2698,2715,2705
42,63,44,59,70,76,1353,2138,2828,3399,4007,3997,4005,3978,3995,4035,4016,4005,4016,4024,4016,4011,3986,3999,3985,4019,3998,4004,4005,4008,4016,4012,4009,4018,4011,4015,4003,4015,4011,4031,4014,4018,4041,3998,4006,4021,4001,4008,4010,3995
57,44,39,58,36,63,43,34,60,42,70,59,58,43,40,50,53,50,58,70,48,61,71,47,48,58,678,1029,1371,1644,1929,2173,2428,2649,2650,2659,2680,2647,2659,2664,2667,2671,2647,2640,2651,2683,2665,2657,2663,2672
64,53,42,38,47,63,41,27,61,53,38,41,64,64,57,36,700,1119,1460,1764,2091,2346,2634,2617,2611,2626,2637,2606,2607,2607,2634,2595,2645,2612,2623,2620,2619,2617,2601,2637,2629,2616,2627,2625,2596,2604,2623,2620,2628,2614
39,50,19,58,63,69,52,51,59,58,57,80,29,53,37,30,1071,1720,2258,2755,3224,3635,4029,4062,4053,4048,4066,4061,4053,4045,4060,4047,4043,4040,4059,4056,4059,4044,4047,4076,4043,4050,4054,4041,4052,4053,4039,4058,4057,4038
24,59,23,16,37,34,40,26,749,1177,1548,1899,2225,2514,2802,3066,3058,3063,3076,3068,3049,3066,3079,3061,3041,3062,3062,3065,3064,3056,3050,3087,3070,3067,3063,3064,3082,3048,3055,3050,3078,3059,3058,3075,3075,3091,3067,3064,3075,3076
32,23,17,24,10,30,19,23,22,22,25,25,25,18,31,20,32,20,5,28,1,12,3,9,12,20,34,47,23,27,18,6,9,14,16,581,907,1203,1468,1716,1952,2168,2372,2373,2362,2378,2363,2365,2359,2378
18,0,19,18,28,29,32,873,1423,1867,2284,2686,3054,3375,3356,3410,3377,3359,3364,3365,3374,3368,3350,3384,3372,3381,3366,3370,3364,3366,3370,3370,3364,3375,3382,3381,3381,3401,3381,3389,3361,3372,3350,3373,3368,3362,3380,3388,3366,3377
52,57,45,56,50,66,43,42,67,68,34,45,642,1016,1325,1592,1847,1864,1842,1848,1849,1855,1845,1842,1848,1850,1843,1854,1865,1863,1844,1838,1834,1859,1839,1854,1851,1856,1844,1847,1859,1858,1859,1861,1854,1851,1864,1847,1856,1833
51,60,46,39,49,57,64,44,34,43,40,56,69,36,45,45,55,51,34,72,33,24,62,36,694,1055,1440,1741,2034,2271,2533,2795,3014,3215,3243,3242,3244,3239,3217,3233,3237,3246,3238,3237,3226,3218,3237,3237,3215,3230
55,75,49,44,68,56,61,73,61,43,55,55,46,64,48,76,71,50,56,48,44,61,34,1075,1715,2257,2750,3206,3634,3626,3630,3622,3642,3627,3639,3605,3626,3640,3632,3632,3620,3627,3631,3624,3625,3638,3616,3623,3607,3620
43,53,35,25,43,22,32,34,615,985,1315,1612,1862,2121,2357,2571,2793,3015,3018,2992,3007,3019,2999,3006,3014,3027,2995,2997,3011,3003,3017,2996,3022,3009,3027,3022,3023,3011,3006,3002,3004,3030,3016,3035,3020,2992,3016,2992,3006,3006
13,33,17,28,26,48,24,33,33,28,8,20,17,30,55,28,45,21,27,37,21,40,24,10,42,17,27,18,30,9,32,18,23,33,717,1122,1489,1792,2115,2423,2429,2435,2408,2416,2406,2425,2421,2410,2413,2442
43,24,19,17,12,40,28,29,20,19,19,10,22,16,10,14,6,8,15,12,36,18,14,25,14,31,0,8,1021,1642,2200,2645,3086,3540,3544,3550,3528,3537,3525,3510,3545,3522,3527,3530,3539,3530,3517,3537,3533,3538
34,42,71,36,42,50,18,39,46,42,43,43,46,51,28,41,13,39,50,43,21,33,52,35,41,59,47,69,34,19,36,56,42,58,33,871,1342,1799,2186,2569,2895,3211,3516,3496,3530,3538,3550,3537,3517,3515
41,36,47,39,38,44,43,42,26,51,50,40,29,54,58,35,41,40,33,38,49,29,43,51,41,53,792,1264,1690,2014,2386,2704,2995,3014,3012,3005,3013,3011,2992,3002,3015,3024,3031,2988,3022,3019,3009,3011,3014,3006
22,2,12,8,13,0,7,0,24,11,18,16,33,19,12,5,42,33,19,24,8,22,0,575,938,1238,1530,1772,2003,2006,2029,1999,2022,2020,2017,2018,2009,2028,1996,1999,2004,2004,2002,1994,2013,2020,1974,2009,2009,2015
26,40,56,30,31,31,47,35,49,9,55,32,44,24,18,30,15,23,40,38,10,9,34,50,57,42,1012,1602,2138,2578,3025,3448,3835,3846,3811,3834,3828,3822,3843,3832,3835,3843,3846,3830,3828,3851,3821,3814,3835,3831
45,31,37,23,43,26,41,50,40,11,26,46,40,43,52,37,24,20,573,941,1255,1516,1773,2026,2243,2436,2439,2451,2446,2453,2442,2454,2442,2437,2441,2437,2455,2448,2432,2447,2439,2441,2447,2457,2447,2440,2451,2446,2447,2437
29,13,47,48,49,49,25,25,14,23,24,17,28,4,13,44,18,40,47,18,33,27,12,41,35,40,36,41,28,20,32,32,40,496,762,993,1217,1402,1610,1778,1954,1970,1954,1954,1954,1952,1949,1940,1963,1940
48,64,61,53,67,63,63,48,63,39,62,59,61,74,41,63,44,56,65,66,51,60,70,64,64,51,59,60,41,62,59,45,757,1192,1572,1911,2195,2498,2801,2767,2789,2795,2777,2785,2781,2776,2780,2776,2792,2763
58,48,33,32,42,43,55,38,58,46,60,33,26,37,40,47,45,688,1083,1434,1768,2040,2297,2545,2802,2826,2796,2812,2814,2797,2815,2808,2798,2812,2816,2767,2803,2794,2829,2786,2816,2782,2820,2828,2818,2790,2797,2785,2803,2803
0,35,27,11,5,2,41,19,8,5,30,0,37,15,48,713,1132,1509,1841,2150,2439,2725,2998,3254,3267,3227,3225,3237,3234,3244,3239,3222,3232,3240,3246,3252,3258,3241,3211,3235,3225,3240,3239,3255,3251,3235,3252,3237,3233,3267
50,35,36,25,49,38,34,29,32,28,44,41,22,24,36,34,41,25,449,707,941,1128,1315,1494,1662,1795,1968,2136,2135,2107,2137,2111,2106,2109,2141,2107,2101,2121,2105,2119,2096,2115,2117,2115,2132,2138,2120,2118,2138,2108
51,33,35,53,73,47,44,33,59,40,30,49,50,54,70,62,45,79,50,59,43,53,58,23,52,39,69,70,59,53,29,943,1468,1949,2384,2753,3136,3156,3152,3139,3150,3119,3142,3165,3140,3134,3145,3154,3134,3143
23,26,25,13,11,24,10,23,12,30,12,37,30,17,358,562,747,887,1052,1225,1338,1475,1590,1588,1589,1600,1588,1597,1606,1611,1584,1566,1599,1593,1600,1593,1599,1582,1601,1611,1610,1592,1594,1585,1596,1604,1584,1583,1572,1577
28,34,19,28,26,13,24,22,5,17,39,34,17,3,25,0,34,9,34,37,12,0,14,19,16,796,1299,1729,2095,2463,2780,3110,3405,3695,3710,3715,3701,3714,3734,3712,3700,3708,3722,3729,3713,3717,3712,3728,3708,3705
38,39,47,48,53,29,48,20,40,27,44,17,34,36,16,34,56,19,55,26,44,46,59,27,35,20,47,34,49,3,45,34,37,602,936,1246,1490,1755,1741,1742,1783,1756,1766,1759,1746,1753,1759,1765,1749,1770
13,7,11,17,11,18,29,0,11,0,9,5,0,8,17,0,28,17,489,764,1038,1270,1454,1659,1665,1659,1665,1694,1671,1655,1675,1660,1680,1691,1653,1671,1659,1663,1683,1667,1661,1672,1642,1693,1678,1665,1665,1653,1685,1644
20,23,23,16,28,20,24,2,33,31,4,24,31,36,19,41,19,30,592,1015,1288,1585,1847,2091,2330,2590,2773,2996,2993,2996,3010,2977,2975,2996,3006,2990,2964,3007,2970,2999,2988,2987,2989,3009,2966,2980,3020,2982,2976,3017
16,29,0,36,25,29,51,25,36,58,37,40,30,41,35,14,22,9,19,24,33,36,41,51,26,36,16,29,39,17,36,13,38,43,586,929,1233,1492,1724,1988,1981,1990,1989,1991,1975,1986,1960,1970,1954,1959
32,45,4,15,22,24,5,16,7,7,23,2,29,17,21,41,28,38,5,23,26,8,37,6,0,18,25,39,43,24,556,887,1187,1438,1668,1907,2134,2346,2341,2338,2340,2350,2320,2349,2343,2358,2357,2338,2333,2320
49,52,59,70,43,71,43,60,48,68,63,45,52,66,41,34,36,61,48,61,45,76,65,51,69,64,439,706,903,1078,1250,1417,1582,1744,1726,1735,1711,1723,1730,1725,1720,1719,1751,1731,1729,1715,1753,1712,1723,1716
51,31,24,43,51,29,59,47,38,48,48,32,35,47,49,44,25,41,52,48,16,36,56,36,50,804,1272,1695,2042,2419,2708,3011,3285,3296,3311,3297,3325,3311,3315,3318,3294,3294,3317,3301,3306,3310,3287,3307,3290,3319
20,17,14,34,27,18,22,38,3,44,39,28,47,33,21,30,16,19,8,24,18,28,29,23,28,36,9,529,863,1137,1410,1600,1814,2026,2205,2421,2409,2395,2416,2432,2403,2402,2419,2419,2435,2417,2401,2425,2420,2407
38,6,16,7,21,42,22,34,24,14,33,0,29,28,39,58,33,36,30,30,28,43,8,7,788,1272,1696,2054,2382,2726,3050,3342,3324,3343,3334,3340,3338,3330,3331,3345,3351,3340,3347,3331,3338,3337,3337,3330,3328,3346
22,24,38,25,18,22,25,34,21,47,21,1111,1790,2396,2915,3398,3427,3397,3388,3403,3422,3408,3428,3420,3418,3428,3424,3405,3388,3420,3419,3395,3408,3417,3450,3406,3409,3420,3406,3440,3427,3416,3414,3404,3417,3403,3417,3399,3397,3418
49,63,71,74,49,54,50,50,84,68,54,71,58,70,921,1446,1869,2294,2674,3051,3396,3390,3381,3365,3390,3390,3404,3387,3401,3382,3369,3382,3380,3394,3390,3382,3372,3353,3383,3374,3382,3373,3387,3402,3376,3369,3372,3407,3378,3380
16,47,25,11,22,24,21,1132,1802,2413,2947,3437,3899,3894,3873,3891,3898,3883,3915,3894,3897,3885,3870,3891,3905,3886,3899,3903,3893,3894,3898,3901,3876,3892,3913,3893,3879,3868,3898,3893,3890,3900,3901,3914,3885,3902,3887,3893,3903,3900
28,27,37,28,45,47,47,12,11,49,30,40,66,27,25,39,34,48,37,48,38,38,35,58,522,825,1083,1338,1563,1747,1965,2152,2139,2132,2136,2157,2150,2135,2146,2172,2144,2178,2143,2168,2133,2164,2146,2164,2155,2159
37,34,59,59,41,63,24,43,44,39,46,73,26,744,1197,1570,1928,2244,2228,2226,2246,2254,2232,2248,2217,2249,2253,2246,2233,2250,2251,2238,2243,2251,2267,2239,2242,2262,2249,2260,2234,2240,2199,2239,2243,2244,2249,2244,2238,2239
56,35,21,26,39,35,42,46,65,53,32,32,49,38,37,19,67,51,17,25,53,50,1034,1646,2171,2670,3098,3503,3909,3905,3897,3902,3909,3883,3899,3883,3914,3914,3896,3905,3901,3904,3901,3881,3888,3906,3892,3871,3863,3894
46,65,53,46,75,44,52,37,44,40,32,1117,1766,2344,2853,3317,3763,3766,3746,3757,3750,3739,3771,3752,3730,3753,3764,3752,3754,3746,3763,3762,3743,3728,3771,3745,3764,3743,3742,3772,3751,3768,3758,3737,3772,3764,3750,3759,3755,3743
57,52,58,73,36,56,29,45,58,1059,1680,2228,2720,3156,3580,3970,3979,3988,3965,3952,3989,3958,3965,3944,3980,3957,3988,3958,3985,3947,3973,3969,3980,3980,3980,3966,3975,3974,3966,3977,3973,3947,3955,3983,3998,3974,3994,3988,3971,3977
32,20,18,50,22,52,34,14,40,37,53,55,62,69,38,27,49,34,21,31,45,45,40,40,46,48,23,40,40,27,63,45,479,732,956,1187,1360,1558,1724,1871,2052,2042,2048,2025,2050,2044,2025,2044,2043,2063
33,41,42,18,18,48,42,47,42,58,35,30,35,857,1371,1833,2242,2634,2972,2969,2949,2941,2937,2982,2956,2959,2948,2961,2951,2964,2962,2955,2968,2970,2969,2940,2972,2943,2964,2968,2933,2971,2935,2962,2963,2947,2936,2940,2955,2957
38,39,38,50,39,46,51,37,24,40,48,28,34,52,25,48,21,32,37,46,573,927,1202,1463,1705,1938,2125,2344,2323,2341,2340,2324,2343,2333,2326,2344,2341,2348,2338,2360,2359,2332,2342,2338,2343,2349,2338,2337,2346,2331
13,8,11,28,25,24,13,27,5,18,20,6,8,5,23,20,20,7,15,21,0,12,23,11,6,29,20,0,0,12,21,9,24,1,2,16,835,1380,1805,2239,2607,2972,3293,3634,3609,3626,3606,3627,3624,3614
15,38,30,25,37,20,31,29,30,11,10,34,27,5,3,16,11,22,33,21,6,16,23,38,34,0,34,15,31,39,773,1269,1664,2037,2353,2651,2987,3269,3559,3558,3562,3550,3573,3544,3536,3553,3552,3547,3552,3548
25,28,33,42,28,31,13,23,23,27,27,27,30,52,15,29,38,23,12,31,40,33,39,9,15,25,34,17,25,15,21,23,31,667,1102,1470,1796,2076,2393,2643,2901,3134,3382,3376,3384,3391,3386,3387,3375,3408
46,30,68,42,48,41,54,55,13,52,55,64,46,53,45,55,41,49,36,69,39,55,56,47,27,41,39,41,55,49,39,75,62,80,56,739,1155,1553,1853,2171,2440,2737,3004,2988,2997,2984,3009,2976,2998,2991
29,30,40,45,50,24,39,445,719,967,1174,1351,1547,1699,1723,1711,1720,1717,1715,1720,1729,1701,1707,1702,1707,1727,1709,1705,1728,1725,1712,1714,1708,1735,1736,1714,1719,1703,1717,1711,1716,1704,1707,1706,1715,1707,1712,1719,1715,1708
26,27,28,1,30,13,15,19,26,25,13,31,0,18,431,734,962,1185,1370,1532,1713,1898,1899,1896,1888,1886,1899,1912,1879,1903,1884,1903,1898,1898,1871,1915,1889,1892,1891,1876,1921,1896,1893,1888,1907,1900,1912,1875,1855,1892
17,29,38,7,34,23,34,18,22,25,32,21,693,1116,1468,1777,2088,2346,2647,2913,3128,3397,3366,3395,3361,3390,3391,3361,3372,3382,3365,3370,3385,3377,3359,3381,3391,3389,3363,3384,3374,3380,3379,3368,3372,3386,3378,3352,3382,3379
18,14,8,22,29,26,21,17,17,18,34,32,26,36,797,1251,1683,2034,2376,2384,2367,2376,2379,2370,2378,2378,2382,2372,2381,2362,2380,2360,2365,2374,2347,2373,2349,2383,2361,2360,2372,2366,2372,2377,2363,2356,2368,2383,2370,2376
39,34,44,53,38,57,25,50,30,48,47,48,41,42,42,37,51,41,44,52,40,19,47,61,47,54,80,60,23,41,35,49,50,51,47,1076,1735,2276,2773,3251,3251,3255,3241,3239,3228,3260,3259,3234,3225,3268
66,35,50,42,69,37,60,50,38,43,52,24,41,54,65,42,43,63,43,55,58,22,52,37,50,49,58,46,58,41,37,484,788,992,1223,1421,1605,1797,1774,1764,1778,1773,1798,1767,1782,1788,1807,1800,1779,1794
23,26,39,42,5,11,12,14,23,25,33,25,22,27,36,1312,2126,2828,3435,4022,4020,4027,4015,4024,4017,4033,4019,4004,4026,4016,4006,4006,4021,4011,4041,4029,4042,4042,4027,4043,4031,4016,4022,4026,4021,4036,4034,4002,4038,4018
44,33,79,69,62,32,36,31,56,38,48,47,50,40,33,70,37,58,33,67,75,27,48,35,42,61,22,42,39,53,63,23,78,35,754,1182,1576,1886,2220,2519,2796,3060,3051,3081,3070,3081,3060,3068,3064,3036
35,30,27,33,36,15,22,0,29,1,806,1310,1731,2109,2461,2777,3097,3414,3692,3699,3718,3707,3701,3709,3700,3701,3704,3686,3703,3720,3706,3692,3710,3717,3711,3717,3702,3701,3710,3716,3687,3723,3695,3698,3705,3691,3687,3689,3687,3726
0,4,0,0,0,7,30,15,12,20,3,1,33,6,33,20,13,21,910,1443,1894,2320,2717,3069,3439,3769,3771,3780,3772,3751,3780,3781,3765,3777,3761,3762,3769,3753,3757,3769,3766,3778,3769,3746,3754,3754,3754,3769,3770,3769
23,29,19,20,21,0,18,29,35,10,38,817,1321,1763,2147,2490,2828,3148,3441,3740,4033,4016,4037,4020,4018,4034,4019,4020,4038,4033,4015,4033,4011,4024,4023,4043,4030,4018,4044,4016,4038,4037,4032,4019,4029,4026,4039,4024,4020,4024
44,51,56,24,38,46,49,68,34,753,1200,1577,1929,2260,2544,2547,2545,2557,2532,2551,2552,2547,2548,2572,2562,2554,2569,2535,2567,2541,2564,2563,2561,2577,2540,2564,2553,2556,2563,2589,2546,2556,2554,2556,2577,2558,2565,2572,2537,2554
35,14,18,36,32,29,22,31,705,1167,1524,1859,2157,2448,2721,2993,3243,3494,3487,3473,3494,3494,3480,3471,3497,3508,3505,3501,3494,3489,3490,3489,3497,3507,3512,3487,3488,3493,3501,3481,3482,3498,3511,3484,3466,3488,3474,3497,3486,3477
51,48,66,71,52,48,54,49,55,26,41,50,66,42,56,621,977,1275,1574,1848,2069,2312,2299,2309,2302,2311,2287,2294,2297,2309,2299,2292,2302,2307,2311,2291,2282,2289,2295,2300,2298,2289,2309,2277,2309,2307,2309,2281,2324,2296
27,28,35,48,19,27,43,37,49,17,17,14,16,16,981,1563,2068,2544,2968,3377,3377,3362,3371,3339,3358,3375,3376,3370,3369,3384,3362,3385,3366,3359,3373,3386,3376,3373,3375,3371,3383,3384,3387,3378,3382,3348,3369,3362,3394,3361
16,20,9,10,4,15,24,2,23,0,1145,1810,2395,2939,3462,3916,3941,3928,3912,3936,3943,3918,3943,3934,3922,3915,3896,3925,3910,3918,3921,3902,3908,3922,3922,3913,3927,3944,3913,3920,3911,3939,3903,3913,3928,3902,3918,3913,3903,3942
32,50,40,55,69,59,46,46,75,39,673,1048,1386,1689,1965,2259,2468,2698,2912,3155,3146,3150,3121,3159,3140,3158,3162,3141,3148,3139,3175,3147,3143,3153,3138,3141,3162,3164,3149,3138,3161,3141,3132,3147,3151,3157,3150,3132,3136,3130
5,4,5,6,0,6,3,0,0,14,0,11,0,13,11,0,1,18,13,17,17,27,0,11,17,33,0,1,0,0,6,754,1194,1570,1962,2278,2557,2573,2572,2570,2582,2568,2578,2571,2566,2588,2582,2558,2585,2564
29,0,11,0,5,0,27,9,0,0,0,0,15,15,756,1202,1585,1941,2274,2557,2844,2836,2846,2867,2858,2851,2855,2846,2844,2848,2845,2874,2854,2854,2839,2840,2865,2859,2869,2848,2854,2842,2863,2849,2870,2868,2843,2861,2852,2878
52,62,54,55,67,39,67,54,916,1464,1923,2334,2742,3092,3105,3104,3103,3107,3100,3074,3086,3105,3080,3099,3087,3095,3104,3108,3075,3092,3084,3100,3087,3085,3074,3105,3098,3086,3115,3107,3078,3109,3079,3099,3122,3092,3097,3111,3095,3100
49,18,21,40,26,13,24,37,35,44,23,37,17,34,29,50,31,31,30,47,56,24,53,12,41,30,43,36,38,55,674,1093,1457,1769,2047,2300,2566,2820,3059,3294,3292,3288,3285,3281,3302,3297,3299,3279,3308,3278
35,32,25,24,22,7,20,26,994,1614,2151,2636,3083,3494,3508,3491,3489,3495,3499,3501,3491,3482,3508,3491,3504,3504,3498,3477,3491,3491,3515,3510,3514,3489,3488,3476,3496,3528,3504,3489,3510,3476,3499,3506,3514,3486,3525,3475,3498,3490
53,49,45,48,26,35,33,26,27,50,43,44,39,42,36,49,14,42,55,49,40,33,29,25,33,41,7,50,12,27,41,22,35,706,1105,1449,1778,2094,2355,2614,2853,2873,2877,2870,2892,2884,2891,2862,2899,2877
67,53,43,44,56,55,56,58,41,40,33,48,26,46,68,54,57,53,46,57,51,48,47,36,42,30,42,60,71,65,54,775,1274,1647,1980,2317,2628,2902,3186,3475,3724,3727,3721,3747,3747,3719,3737,3714,3727,3754
40,41,40,37,42,51,42,33,58,25,30,34,34,76,356,565,730,850,1023,1190,1292,1411,1542,1658,1659,1648,1641,1656,1641,1667,1659,1649,1657,1643,1652,1654,1638,1648,1680,1653,1649,1654,1643,1652,1646,1643,1663,1656,1653,1641
18,48,38,19,61,12,31,39,18,52,41,45,39,12,35,29,1,389,636,839,1013,1183,1349,1444,1631,1782,1745,1756,1760,1778,1790,1782,1773,1788,1754,1759,1749,1776,1762,1771,1778,1779,1765,1771,1753,1779,1769,1774,1759,1768
31,43,23,52,18,43,42,47,63,38,33,32,34,52,40,44,51,981,1563,2095,2545,2959,3362,3735,3746,3755,3726,3734,3727,3744,3744,3766,3749,3731,3758,3733,3754,3739,3751,3746,3731,3753,3713,3731,3745,3754,3740,3751,3738,3764
52,58,46,54,74,63,41,55,70,67,40,39,65,59,78,57,43,72,55,49,44,36,63,67,43,36,52,50,70,62,74,58,47,61,72,55,690,1066,1420,1707,2011,1985,2002,1995,1998,1987,1983,1996,1988,2001
23,31,8,22,30,44,12,44,9,26,33,25,28,27,44,11,14,4,26,23,26,16,15,29,11,18,17,44,33,8,32,18,1,30,24,520,872,1130,1381,1608,1851,2027,2237,2416,2419,2385,2397,2400,2403,2416
51,39,39,35,50,39,37,53,44,31,65,37,25,30,37,61,58,46,43,31,814,1265,1658,2035,2376,2686,2999,3281,3565,3545,3542,3524,3546,3547,3550,3559,3562,3553,3551,3557,3521,3549,3568,3535,3544,3558,3541,3572,3573,3568
24,4,13,12,29,34,13,17,19,23,17,15,21,10,10,734,1219,1591,1941,2290,2585,2881,3164,3172,3172,3155,3160,3158,3156,3163,3187,3160,3170,3171,3131,3166,3151,3154,3171,3177,3158,3177,3153,3157,3164,3174,3152,3155,3163,3153
33,60,27,47,35,49,46,34,50,36,47,37,47,26,30,46,67,62,55,25,896,1422,1885,2306,2685,3054,3391,3753,3728,3736,3721,3738,3743,3727,3714,3718,3727,3721,3717,3715,3727,3707,3704,3724,3730,3742,3723,3716,3734,3725
18,12,10,0,0,30,8,14,26,6,16,19,10,31,7,28,18,1034,1646,2168,2669,3113,3520,3944,3928,3926,3943,3945,3932,3934,3924,3936,3931,3930,3951,3936,3941,3949,3928,3933,3933,3945,3943,3939,3943,3918,3939,3948,3907,3932
68,42,60,41,62,55,66,58,40,70,74,62,49,63,53,63,62,81,65,60,51,63,52,72,71,47,68,55,57,33,792,1244,1610,1989,2287,2574,2880,3144,3151,3129,3145,3139,3148,3162,3143,3158,3143,3144,3158,3142
12,2,26,15,19,2,23,19,48,13,13,0,16,12,0,26,22,24,30,5,34,793,1241,1649,2014,2375,2678,2656,2681,2714,2665,2673,2685,2692,2697,2698,2708,2681,2663,2678,2708,2696,2703,2674,2685,2702,2666,2664,2710,2672
69,57,57,51,38,36,69,46,49,627,977,1259,1558,1803,2040,2245,2467,2677,2691,2713,2679,2703,2650,2699,2717,2706,2688,2674,2692,2698,2690,2699,2670,2693,2708,2685,2722,2694,2708,2684,2674,2670,2677,2686,2673,2703,2694,2694,2684,2687
48,62,58,46,66,40,47,52,64,84,67,63,77,71,55,60,52,63,59,68,64,88,48,43,71,67,55,42,79,44,77,47,70,58,47,421,655,830,979,1137,1292,1419,1578,1663,1811,1810,1792,1797,1813,1801
9,12,19,21,0,6,21,0,1,14,4,0,25,17,12,13,7,20,19,21,14,1,1125,1819,2412,2932,3423,3424,3420,3431,3418,3405,3425,3433,3420,3424,3406,3445,3423,3422,3424,3423,3434,3436,3437,3408,3428,3425,3425,3427
27,15,15,26,33,26,6,41,26,48,43,37,22,28,47,846,1383,1807,2213,2560,2904,2948,2935,2935,2922,2923,2934,2935,2935,2944,2928,2957,2925,2943,2941,2936,2930,2943,2933,2939,2909,2950,2927,2939,2915,2943,2928,2923,2940,2931
28,28,15,2,22,15,18,22,28,39,10,2,20,24,21,0,17,3,17,0,7,21,34,27,10,10,30,14,868,1386,1824,2233,2624,2649,2641,2624,2612,2648,2621,2603,2636,2619,2620,2629,2630,2616,2614,2595,2621,2607
46,40,53,64,41,51,54,55,60,47,41,44,35,43,59,42,66,32,47,45,76,25,37,39,45,46,61,695,1093,1448,1765,2039,2328,2582,2550,2582,2550,2550,2566,2566,2550,2567,2555,2573,2592,2568,2554,2568,2555,2555
50,32,37,21,30,18,30,33,21,31,46,17,41,40,25,12,41,26,30,34,43,34,26,50,28,26,16,17,19,31,875,1406,1868,2275,2655,3005,3349,3338,3374,3339,3324,3351,3344,3382,3346,3352,3337,3364,3342,3325
51,50,38,43,71,49,41,35,50,27,44,27,37,33,42,41,32,52,36,55,55,44,51,52,57,36,52,1166,1863,2493,3052,3547,3552,3524,3550,3564,3558,3548,3569,3556,3568,3536,3545,3543,3561,3576,3546,3538,3568,3541
52,34,55,59,36,47,47,60,59,47,53,47,67,62,63,42,49,22,57,40,32,57,71,60,49,41,558,882,1186,1432,1667,1906,2085,2307,2470,2679,2673,2675,2667,2687,2671,2659,2682,2677,2677,2666,2696,2691,2662,2677
8,33,30,40,58,42,47,50,47,37,50,38,48,47,35,56,49,53,25,912,1462,1930,2361,2727,3088,3443,3793,3773,3788,3800,3787,3784,3774,3789,3808,3771,3782,3781,3784,3800,3804,3778,3777,3784,3785,3783,3778,3792,3790,3777
49,19,42,27,45,50,66,710,1109,1502,1824,2121,2144,2124,2132,2110,2101,2127,2117,2131,2108,2103,2118,2097,2129,2128,2111,2092,2130,2114,2109,2135,2124,2122,2123,2116,2126,2114,2139,2095,2134,2098,2111,2118,2090,2140,2106,2118,2089,2106
34,10,17,39,30,10,35,26,44,6,32,41,19,24,12,35,30,31,28,35,20,20,33,38,5,32,42,21,59,10,28,25,38,0,12,50,659,1119,1440,1779,2057,2322,2569,2854,2850,2858,2850,2851,2863,2844
35,39,0,20,7,5,30,0,11,15,29,25,42,39,23,8,30,43,12,22,43,24,41,29,20,16,47,18,54,22,42,680,1088,1461,1777,2083,2071,2074,2082,2081,2058,2046,2074,2070,2088,2070,2075,2063,2094,2077
67,44,49,34,43,45,37,45,64,38,49,40,17,36,50,55,50,47,33,39,31,42,52,511,771,1018,1231,1426,1610,1626,1621,1613,1612,1625,1629,1633,1633,1601,1617,1603,1649,1623,1634,1610,1640,1623,1616,1622,1612,1600
13,5,12,15,18,21,31,23,0,0,13,17,0,26,27,22,19,0,18,14,7,14,0,0,25,0,4,0,3,23,18,727,1158,1521,1890,2232,2528,2770,3056,3330,3586,3546,3571,3557,3595,3594,3558,3571,3572,3567
26,56,31,44,36,38,43,32,19,24,52,33,47,42,21,14,28,27,44,38,47,48,65,37,49,34,45,27,44,832,1329,1746,2119,2449,2784,3109,3393,3655,3706,3673,3677,3691,3688,3675,3720,3684,3653,3698,3696,3711
0,16,0,29,17,16,9,10,494,746,1034,1241,1436,1678,1657,1653,1662,1650,1663,1667,1662,1674,1677,1656,1649,1650,1647,1665,1660,1673,1640,1689,1639,1673,1684,1657,1646,1657,1655,1647,1659,1663,1659,1666,1650,1663,1670,1656,1649,1660
56,51,54,58,65,52,68,71,34,75,47,62,29,62,44,39,45,52,57,52,63,38,55,67,21,62,61,64,53,90,50,80,44,49,65,64,627,1028,1358,1637,1922,1897,1910,1915,1932,1927,1923,1926,1922,1943
30,34,39,38,59,54,32,22,44,681,1116,1460,1773,2058,2364,2611,2887,3114,3098,3112,3101,3123,3102,3119,3104,3117,3114,3090,3105,3096,3100,3114,3114,3102,3119,3090,3105,3100,3111,3125,3112,3122,3121,3102,3128,3096,3101,3102,3104,3096
41,0,40,25,27,29,19,29,16,41,30,37,12,41,14,36,32,21,36,43,31,42,20,20,958,1521,2001,2443,2857,3252,3611,3971,3970,3963,3959,3967,3970,3988,3946,3952,3968,3961,3960,3996,3968,3961,3968,3966,3954,3956
2,16,33,21,22,24,2,22,19,32,20,26,35,952,1510,2021,2467,2870,2879,2878,2870,2873,2887,2852,2849,2887,2856,2892,2862,2866,2881,2869,2873,2857,2880,2859,2876,2881,2877,2889,2870,2871,2883,2876,2877,2892,2879,2861,2873,2872
63,37,55,18,52,27,43,50,54,23,30,56,39,45,49,42,31,20,23,25,30,30,25,62,56,49,53,464,725,948,1152,1347,1522,1706,1851,2001,2174,2155,2155,2164,2172,2141,2147,2169,2158,2152,2162,2171,2161,2154
38,33,5,24,26,6,15,0,44,26,12,21,40,44,34,20,43,15,24,839,1341,1782,2170,2526,2870,2852,2889,2842,2881,2876,2873,2860,2854,2863,2851,2865,2854,2884,2879,2862,2856,2868,2890,2865,2850,2896,2874,2856,2880,2869
15,41,75,48,51,36,58,65,31,55,50,50,59,71,21,49,43,54,39,53,52,51,61,54,42,54,774,1220,1601,1962,2275,2573,2883,3149,3423,3687,3687,3662,3689,3694,3682,3679,3691,3697,3670,3692,3687,3707,3691,3681
29,36,14,7,28,10,42,23,23,4,27,23,24,0,14,33,0,23,39,15,0,19,19,19,3,20,41,15,11,34,26,16,27,13,652,1078,1402,1717,1990,2247,2535,2535,2527,2523,2526,2521,2532,2524,2507,2530
18,0,39,26,52,18,0,21,13,19,9,20,23,7,20,27,10,21,25,1,21,18,1,24,1023,1656,2180,2696,3128,3533,3937,3936,3917,3942,3954,3942,3930,3934,3944,3954,3934,3939,3933,3949,3937,3945,3928,3920,3942,3925
25,16,63,54,28,16,20,34,33,32,25,18,15,35,34,35,32,25,23,23,45,22,35,27,19,42,18,34,12,37,41,12,26,54,41,881,1405,1863,2273,2656,3019,3348,3687,3987,3982,3992,3993,4003,4010,4018
18,0,0,12,36,0,9,9,0,22,5,4,25,0,16,37,0,23,21,27,0,501,779,1026,1265,1504,1684,1681,1676,1693,1689,1678,1685,1677,1676,1687,1670,1709,1670,1690,1690,1685,1689,1691,1677,1680,1686,1658,1697,1689
52,46,73,35,62,50,57,64,35,49,48,45,31,43,25,56,52,57,67,43,67,41,415,640,842,1038,1193,1358,1494,1623,1751,1912,1906,1909,1914,1928,1906,1909,1903,1917,1912,1917,1902,1907,1920,1909,1924,1907,1899,1921
0,42,20,27,28,21,0,11,29,14,26,8,14,5,33,741,1192,1569,1904,2221,2521,2816,3078,3342,3333,3354,3345,3353,3328,3354,3355,3359,3325,3348,3370,3362,3338,3352,3354,3339,3354,3349,3329,3356,3320,3349,3336,3333,3329,3335
45,43,57,41,38,40,52,72,56,43,52,78,70,52,493,792,1016,1251,1468,1642,1834,2008,2175,2199,2184,2191,2184,2168,2171,2173,2184,2188,2169,2174,2168,2170,2184,2203,2194,2171,2193,2194,2185,2164,2184,2182,2176,2173,2205,2193
65,61,61,55,67,25,42,38,36,43,43,70,40,770,1246,1645,1995,2320,2629,2913,3210,3455,3470,3472,3482,3467,3469,3454,3470,3478,3463,3493,3462,3465,3470,3469,3466,3471,3472,3464,3463,3477,3477,3475,3482,3472,3471,3466,3477,3468
7,13,31,2,0,10,6,0,25,0,13,0,15,33,42,44,39,16,20,20,829,1373,1789,2200,2538,2863,3230,3528,3546,3530,3542,3532,3521,3544,3555,3543,3536,3530,3542,3511,3539,3545,3526,3558,3541,3545,3564,3529,3520,3540
24,24,48,27,23,19,41,45,24,42,39,38,22,46,31,32,822,1327,1744,2114,2477,2502,2482,2516,2509,2508,2493,2501,2494,2509,2511,2472,2483,2504,2500,2510,2507,2499,2496,2509,2492,2495,2487,2495,2517,2496,2496,2494,2486,2484
48,60,54,31,29,42,54,42,49,38,56,45,43,52,606,953,1277,1540,1810,2020,2277,2475,2494,2490,2501,2477,2493,2507,2499,2490,2490,2472,2475,2482,2481,2492,2495,2488,2490,2495,2478,2489,2511,2536,2471,2504,2502,2490,2488,2508
44,55,65,55,70,63,36,64,47,46,54,59,78,68,44,55,55,53,56,45,39,68,37,31,36,43,64,57,37,49,711,1125,1517,1800,2122,2384,2675,2649,2664,2650,2656,2673,2641,2658,2661,2670,2677,2668,2658,2665
15,20,16,40,18,46,49,22,16,15,25,26,26,0,14,20,0,0,8,25,22,32,45,38,0,30,15,21,18,22,2,889,1389,1853,2271,2646,3000,3358,3661,3699,3678,3666,3659,3676,3688,3660,3681,3680,3659,3690
68,77,54,51,55,72,69,47,52,50,72,61,612,976,1284,1565,1800,2056,2037,2037,2036,2037,2027,2036,2037,2047,2051,2054,2040,2038,2030,2031,2036,2028,2037,2055,2038,2033,2046,2042,2035,2027,2053,2048,2045,2057,2045,2029,2047,2036
25,17,2,0,5,0,22,24,0,10,15,8,10,12,14,18,24,20,1,25,11,0,0,11,15,5,26,626,1026,1344,1607,1919,2180,2175,2180,2174,2183,2192,2166,2179,2164,2176,2148,2161,2184,2168,2182,2189,2200,2180
40,49,32,40,64,48,44,49,38,44,79,35,21,56,47,30,53,40,56,43,60,37,63,44,42,50,32,665,1095,1423,1729,1991,2271,2498,2758,3010,3205,3235,3211,3221,3237,3208,3212,3223,3218,3218,3233,3214,3208,3229
30,0,7,33,12,31,18,26,18,36,32,28,47,1144,1839,2434,2953,3473,3446,3467,3462,3476,3456,3461,3476,3468,3480,3491,3471,3468,3454,3473,3471,3494,3473,3465,3471,3492,3494,3473,3471,3472,3456,3477,3469,3453,3480,3470,3471,3458
49,37,63,34,36,64,43,63,38,41,49,38,26,35,30,17,48,43,54,63,58,41,51,47,57,53,61,36,21,355,536,719,881,1009,1123,1267,1398,1494,1617,1614,1612,1590,1621,1626,1638,1592,1620,1627,1640,1623
58,39,30,63,50,60,1300,2093,2752,3377,3905,3934,3928,3921,3938,3936,3911,3925,3919,3940,3939,3926,3934,3924,3912,3913,3942,3932,3925,3911,3922,3923,3922,3915,3921,3904,3928,3906,3940,3929,3948,3921,3940,3906,3906,3942,3938,3928,3917,3925
25,39,31,30,40,48,27,30,41,10,4,5,13,21,29,19,43,42,24,3,23,48,46,14,36,48,49,30,47,49,32,43,476,770,1007,1215,1413,1610,1624,1619,1609,1599,1609,1609,1612,1597,1620,1608,1613,1592
64,34,59,50,39,37,34,38,23,32,37,34,43,50,45,46,45,52,36,679,1073,1409,1726,2032,2271,2291,2267,2273,2275,2313,2294,2267,2280,2264,2296,2290,2304,2296,2302,2274,2315,2310,2294,2289,2269,2301,2290,2270,2275,2290
54,47,39,36,36,36,45,59,47,23,36,43,83,48,69,39,72,47,68,38,47,53,54,46,52,49,51,51,27,992,1589,2116,2562,3011,3402,3791,3772,3796,3790,3788,3781,3793,3792,3806,3785,3792,3804,3780,3806,3777
43,46,17,18,34,23,47,27,11,23,25,29,55,52,45,51,41,28,35,49,14,45,29,17,17,9,49,601,927,1226,1501,1749,1994,1961,1996,1980,1969,1979,1989,1998,1998,2003,1989,1985,1986,1961,1995,1993,1991,1991
8,17,0,22,0,16,9,0,1257,2018,2685,3284,3829,3841,3830,3852,3830,3834,3829,3851,3836,3820,3847,3848,3847,3816,3840,3823,3877,3833,3845,3826,3841,3838,3830,3828,3827,3852,3843,3827,3818,3831,3827,3839,3861,3839,3835,3848,3828,3822
40,31,16,27,58,29,24,39,23,20,11,28,36,16,18,38,640,1045,1401,1725,1987,2267,2510,2745,2999,3221,3218,3224,3232,3225,3225,3217,3223,3221,3218,3235,3207,3223,3227,3233,3222,3210,3219,3242,3219,3252,3210,3221,3220,3228
7,12,5,17,20,38,32,29,19,30,32,23,43,37,34,25,14,25,13,22,33,24,23,40,508,794,1050,1264,1488,1662,1687,1656,1695,1697,1682,1684,1657,1679,1667,1683,1681,1680,1686,1678,1686,1693,1655,1674,1672,1680
26,48,20,37,52,31,32,41,49,41,36,60,49,33,28,42,28,40,50,51,35,60,30,43,50,49,43,48,30,58,841,1380,1757,2156,2513,2873,2843,2863,2855,2863,2867,2860,2867,2856,2856,2865,2855,2869,2860,2844
23,21,42,28,21,53,33,39,41,28,37,24,700,1091,1436,1770,2033,2327,2564,2590,2572,2575,2587,2599,2584,2566,2586,2583,2582,2585,2582,2568,2574,2577,2572,2577,2577,2570,2570,2582,2581,2551,2555,2580,2594,2591,2576,2577,2575,2568
33,8,48,26,9,20,30,37,27,26,12,18,46,7,24,31,36,23,15,40,22,18,29,15,38,37,21,17,22,27,22,19,34,48,538,827,1107,1360,1554,1789,1973,2175,2379,2551,2520,2524,2532,2517,2529,2535
49,61,57,57,63,54,31,66,41,37,742,1143,1523,1844,2152,2435,2714,2974,3219,3477,3451,3485,3469,3462,3470,3485,3475,3500,3486,3489,3479,3473,3464,3462,3477,3464,3477,3478,3465,3480,3481,3464,3473,3488,3459,3473,3469,3461,3474,3464
56,55,47,64,53,51,47,48,52,78,34,64,69,36,45,30,950,1486,1945,2370,2758,3155,3482,3801,3829,3835,3824,3833,3819,3819,3814,3822,3808,3815,3826,3820,3823,3838,3812,3803,3843,3822,3821,3824,3832,3826,3837,3836,3838,3835
44,70,68,73,62,20,39,47,59,53,39,49,49,44,49,53,54,44,57,60,42,46,40,40,456,698,930,1103,1289,1475,1613,1770,1783,1783,1772,1786,1776,1779,1763,1781,1783,1771,1782,1785,1807,1766,1754,1735,1761,1772
32,36,22,37,45,42,51,23,28,24,25,56,48,9,27,30,41,43,21,38,33,33,41,57,39,20,21,22,19,41,17,412,693,886,1086,1244,1399,1582,1725,1862,2002,2012,1993,1998,2016,2015,2013,2011,2015,1986
0,7,10,14,0,17,0,5,7,0,10,16,1,0,19,32,25,11,4,31,23,11,20,12,8,13,8,19,24,14,13,4,6,1118,1818,2416,2960,3477,3457,3448,3472,3447,3452,3451,3454,3465,3446,3448,3451,3463
23,53,34,58,49,51,837,1320,1732,2094,2440,2462,2471,2474,2465,2458,2483,2448,2454,2465,2477,2466,2455,2468,2466,2473,2480,2450,2472,2483,2481,2444,2472,2449,2469,2449,2459,2444,2473,2456,2446,2455,2452,2466,2452,2456,2445,2440,2459,2473
28,24,0,45,0,20,19,27,27,9,11,0,7,1,6,2,16,12,0,18,26,4,657,1053,1389,1690,1978,2007,1991,1965,1968,1985,1953,1986,1965,1957,1979,1962,1972,1982,1956,1971,1967,1976,1974,1961,1973,1978,1968,1965
25,29,33,50,28,39,37,30,44,45,38,25,41,21,54,45,55,17,57,35,46,60,26,987,1595,2104,2550,2991,3390,3391,3399,3401,3408,3408,3418,3404,3420,3391,3387,3407,3404,3390,3399,3406,3412,3381,3395,3421,3408,3400
63,83,74,53,71,66,61,43,80,49,64,32,68,47,71,56,56,59,62,59,63,43,47,67,67,79,41,55,40,68,70,39,63,35,61,44,369,568,700,882,1007,1131,1251,1376,1481,1611,1614,1598,1587,1611
26,27,31,22,40,32,37,18,29,50,41,38,47,32,30,15,26,39,23,17,854,1368,1821,2201,2570,2561,2577,2575,2555,2588,2574,2559,2559,2536,2578,2554,2559,2560,2565,2579,2577,2544,2536,2558,2541,2554,2558,2534,2562,2561
29,46,26,34,71,46,45,49,50,55,38,25,36,70,40,66,45,43,48,47,54,30,53,43,74,45,57,53,41,58,32,838,1375,1794,2163,2526,2870,2863,2884,2878,2872,2847,2888,2860,2860,2860,2871,2857,2892,2850
57,48,56,34,41,67,18,66,37,68,65,41,43,65,67,1020,1632,2174,2655,3109,3501,3881,3924,3887,3903,3913,3888,3923,3896,3894,3884,3910,3913,3932,3891,3895,3883,3912,3891,3898,3900,3904,3888,3908,3904,3906,3915,3917,3895,3902
43,39,46,36,55,32,35,31,50,19,44,39,31,42,57,18,38,39,13,17,12,33,45,33,46,20,31,43,48,45,823,1348,1760,2129,2515,2853,3181,3456,3759,4061,4038,4051,4067,4037,4056,4041,4060,4058,4043,4059
32,45,56,37,41,48,22,53,35,31,55,42,45,444,696,901,1111,1286,1481,1649,1784,1951,1952,1934,1945,1964,1963,1949,1957,1933,1948,1947,1948,1956,1948,1945,1944,1954,1957,1933,1955,1944,1947,1945,1935,1951,1957,1935,1964,1948
54,56,54,56,46,55,49,44,49,26,53,51,50,50,39,30,68,47,41,56,61,51,68,48,47,37,48,52,17,476,770,983,1218,1395,1592,1771,1935,2093,2096,2096,2082,2086,2086,2091,2104,2111,2087,2068,2095,2070
36,48,67,42,65,45,39,44,20,55,52,45,911,1430,1891,2342,2727,2717,2724,2719,2710,2728,2719,2706,2696,2702,2704,2716,2708,2724,2714,2725,2725,2720,2708,2716,2720,2692,2711,2718,2748,2728,2712,2722,2716,2710,2713,2704,2698,2705
3,24,0,24,23,19,7,1,20,4,14,16,15,17,23,5,20,20,21,0,2,6,8,16,0,0,13,1296,2135,2857,3466,4047,4064,4057,4059,4074,4046,4053,4045,4055,4059,4056,4070,4067,4059,4074,4069,4050,4030,4065
21,37,59,26,28,66,32,13,44,68,59,48,43,49,49,38,44,19,876,1410,1884,2274,2631,3010,3337,3671,3990,3975,3978,3998,3971,3977,3960,3989,3985,3979,3988,3983,3974,3977,3985,3999,3974,3980,3986,3968,3970,3990,3993,3984
20,0,14,8,2,0,12,15,0,10,0,20,0,12,28,9,0,6,22,701,1173,1558,1888,2210,2212,2224,2215,2206,2191,2206,2211,2212,2210,2206,2218,2200,2201,2219,2213,2196,2217,2217,2223,2208,2199,2209,2191,2185,2214,2220
31,23,36,44,28,36,26,32,41,40,16,54,13,20,39,9,30,28,36,22,30,27,35,31,15,26,33,25,24,538,882,1173,1406,1629,1843,1832,1854,1823,1824,1847,1820,1844,1836,1853,1849,1832,1853,1850,1846,1835
21,48,35,37,17,44,41,60,24,28,24,30,32,26,43,5,30,29,43,39,27,64,50,57,65,12,16,28,24,54,22,47,814,1297,1724,2100,2432,2751,3061,3368,3379,3377,3386,3377,3339,3366,3391,3373,3365,3378
12,7,29,24,1,15,40,0,11,36,19,0,40,0,19,3,5,7,12,11,34,722,1117,1504,1856,2164,2434,2454,2459,2458,2461,2472,2454,2451,2457,2450,2453,2461,2454,2465,2445,2461,2453,2430,2455,2460,2482,2481,2461,2464
81,57,62,41,61,81,42,46,61,47,75,84,56,844,1331,1771,2123,2503,2846,3151,3457,3750,4052,4038,4044,4053,4038,4060,4036,4051,4055,4044,4034,4043,4060,4033,4046,4043,4036,4058,4029,4046,4033,4015,4064,4032,4065,4043,4052,4046
43,45,48,53,61,44,63,59,61,44,44,768,1200,1591,1929,2260,2540,2810,3110,3393,3605,3618,3610,3619,3612,3648,3614,3612,3606,3639,3615,3610,3609,3628,3639,3631,3606,3631,3613,3632,3621,3615,3620,3624,3621,3624,3630,3642,3628,3628
19,16,39,42,13,19,41,30,4,29,26,24,23,19,34,26,27,10,19,12,17,20,23,11,6,20,18,22,13,16,810,1318,1750,2134,2505,2809,3128,3451,3750,3728,3749,3732,3735,3735,3732,3732,3747,3747,3742,3712
16,25,15,8,26,30,24,46,41,13,44,26,16,0,37,12,30,717,1200,1576,1919,2251,2548,2854,3122,3118,3114,3128,3106,3123,3102,3123,3135,3157,3137,3134,3137,3116,3149,3114,3104,3146,3106,3129,3120,3145,3122,3116,3109,3103
30,37,42,30,23,31,21,25,40,43,33,9,30,30,39,51,37,28,21,24,35,49,27,39,35,33,34,30,13,20,547,885,1139,1395,1623,1834,2035,2022,2036,2054,2050,2047,2043,2048,2070,2034,2023,2066,2036,2040
0,27,8,40,14,26,14,9,10,28,11,0,1104,1814,2389,2938,3378,3833,3866,3839,3858,3861,3866,3863,3857,3862,3865,3848,3827,3867,3852,3875,3841,3865,3870,3869,3860,3838,3867,3874,3850,3871,3857,3863,3852,3870,3894,3848,3866,3849
16,31,26,20,1,19,37,0,20,13,0,20,39,30,8,35,21,21,22,43,2,756,1225,1614,2000,2340,2631,2947,3225,3486,3775,3771,3765,3763,3764,3783,3775,3782,3758,3759,3776,3770,3758,3775,3766,3773,3772,3758,3783,3757
48,56,34,41,46,57,776,1257,1652,2021,2325,2668,2934,3226,3504,3746,3767,3768,3777,3785,3777,3780,3746,3764,3780,3768,3753,3769,3775,3777,3764,3787,3781,3756,3786,3770,3778,3763,3774,3774,3786,3763,3786,3794,3772,3778,3771,3774,3765,3782
0,22,6,19,27,0,20,12,22,4,27,5,8,0,14,1,26,20,23,19,15,0,23,25,30,17,3,0,17,6,397,645,861,1074,1224,1429,1572,1551,1567,1551,1566,1565,1551,1576,1570,1570,1560,1569,1557,1567
56,52,33,52,53,30,36,45,62,72,49,50,682,1054,1404,1726,1991,2270,2521,2512,2529,2512,2518,2514,2514,2510,2516,2525,2538,2522,2530,2521,2515,2502,2527,2529,2519,2504,2505,2505,2517,2521,2517,2512,2499,2523,2537,2514,2517,2517
15,16,21,0,0,26,8,13,11,0,38,0,19,17,16,8,0,24,6,761,1258,1617,1987,2308,2619,2936,3211,3488,3759,3770,3769,3761,3771,3772,3756,3763,3751,3753,3762,3780,3757,3786,3771,3782,3753,3749,3765,3755,3762,3760
59,45,27,20,38,63,32,41,20,29,1,25,17,33,8,21,42,946,1510,1983,2407,2823,3207,3547,3579,3588,3578,3568,3563,3564,3560,3564,3554,3575,3565,3580,3578,3575,3547,3566,3584,3593,3568,3581,3566,3565,3554,3560,3556,3566
32,27,61,49,66,41,56,38,37,33,52,3,46,38,52,54,51,713,1103,1491,1768,2082,2099,2095,2083,2064,2077,2081,2099,2097,2083,2087,2098,2092,2098,2085,2108,2087,2080,2085,2092,2099,2075,2082,2101,2096,2108,2063,2091,2085
64,43,59,67,51,57,72,50,55,49,58,45,45,62,26,41,39,63,50,708,1129,1465,1801,2078,2384,2634,2888,3143,3375,3372,3385,3391,3372,3394,3377,3395,3357,3391,3381,3363,3375,3384,3370,3366,3378,3383,3398,3374,3375,3406
40,23,36,36,17,4,14,9,34,18,21,15,5,9,26,9,34,11,18,20,27,20,25,15,522,839,1130,1348,1572,1798,1781,1790,1788,1800,1784,1791,1804,1777,1772,1779,1783,1771,1786,1783,1801,1783,1782,1798,1812,1782
50,50,36,35,40,47,49,47,34,51,57,58,33,27,36,30,56,45,569,916,1203,1481,1718,1940,2159,2377,2571,2563,2590,2566,2568,2588,2590,2586,2584,2569,2562,2567,2565,2568,2568,2571,2580,2589,2567,2579,2571,2570,2572,2572
35,45,41,37,47,44,49,41,33,30,46,21,47,54,19,30,41,41,41,32,38,33,35,40,36,950,1509,2021,2443,2825,3248,3227,3249,3215,3241,3250,3234,3245,3249,3234,3242,3233,3224,3229,3246,3267,3218,3231,3226,3226
16,8,13,29,6,24,3,3,714,1184,1574,1925,2234,2531,2844,3077,3358,3359,3367,3385,3358,3370,3360,3351,3356,3361,3367,3365,3372,3367,3365,3379,3370,3393,3362,3371,3381,3361,3357,3352,3358,3356,3366,3387,3366,3343,3368,3358,3374,3372
43,32,40,55,59,84,58,64,36,62,52,54,53,63,63,79,43,55,55,54,51,641,1001,1329,1618,1875,2126,2342,2566,2793,2781,2801,2794,2766,2785,2799,2814,2770,2777,2783,2771,2800,2774,2789,2791,2787,2790,2796,2772,2795
19,26,23,24,26,19,45,39,21,23,37,30,4,21,6,27,15,23,17,21,14,36,31,41,26,39,47,38,18,899,1485,1933,2375,2787,3147,3159,3167,3144,3142,3143,3162,3150,3147,3149,3156,3172,3125,3154,3130,3139
20,29,15,0,17,21,898,1503,1964,2402,2789,3143,3151,3163,3171,3183,3162,3184,3167,3167,3197,3180,3162,3156,3178,3156,3154,3163,3171,3152,3172,3197,3159,3174,3169,3185,3187,3183,3146,3175,3174,3187,3176,3165,3155,3192,3169,3189,3157,3178
43,56,37,38,33,36,851,1361,1806,2174,2580,2887,3220,3564,3531,3519,3539,3532,3544,3541,3557,3552,3535,3546,3533,3558,3531,3537,3529,3553,3555,3535,3548,3541,3549,3552,3532,3531,3522,3550,3548,3543,3534,3550,3532,3521,3553,3560,3551,3536
46,27,21,68,46,21,20,29,36,44,39,45,44,56,16,59,26,21,34,44,1,28,42,32,56,45,27,40,28,41,28,459,682,920,1120,1317,1483,1641,1813,1952,1936,1934,1969,1960,1965,1959,1982,1961,1945,1965
44,56,49,39,33,54,25,51,58,23,26,25,30,38,37,27,26,35,34,45,32,51,65,41,68,16,26,559,924,1204,1456,1702,1951,2135,2173,2145,2146,2164,2150,2155,2146,2147,2141,2161,2164,2162,2157,2157,2150,2142
28,16,42,14,36,17,14,26,18,38,33,21,28,14,29,39,4,517,828,1081,1305,1528,1779,1953,2139,2323,2480,2487,2503,2456,2493,2478,2486,2486,2484,2499,2493,2469,2479,2495,2485,2502,2466,2511,2491,2489,2497,2481,2502,2492
53,64,66,70,62,36,67,62,60,65,46,47,55,62,58,63,45,71,68,44,78,74,705,1086,1443,1730,2032,2312,2557,2818,3052,3053,3052,3031,3046,3059,3045,3060,3054,3028,3046,3032,3050,3051,3034,3055,3045,3048,3068,3053
44,41,38,46,54,33,40,46,49,46,18,78,341,569,715,878,1023,1180,1301,1425,1528,1545,1515,1542,1549,1564,1541,1531,1522,1556,1546,1541,1518,1538,1560,1544,1532,1558,1527,1536,1534,1553,1554,1544,1533,1535,1558,1540,1554,1536
60,49,64,66,61,67,46,82,44,61,41,40,53,82,54,72,968,1528,2029,2454,2852,2850,2854,2851,2848,2847,2854,2859,2827,2860,2848,2853,2845,2844,2841,2849,2837,2863,2855,2834,2865,2863,2853,2845,2854,2838,2850,2847,2869,2857
3,18,10,0,19,18,18,27,20,0,3,21,31,0,13,21,0,20,8,0,0,7,12,9,17,699,1137,1499,1821,2140,2414,2438,2443,2441,2456,2432,2420,2416,2417,2426,2418,2437,2438,2436,2445,2445,2420,2433,2420,2432
51,46,47,51,41,44,35,51,52,49,46,32,49,59,537,832,1079,1316,1504,1717,1902,2091,2255,2441,2406,2449,2451,2419,2399,2401,2437,2412,2445,2436,2447,2438,2419,2409,2443,2420,2432,2436,2423,2445,2402,2422,2422,2417,2443,2450
6,16,16,11,28,36,0,0,0,20,0,0,16,0,18,0,11,20,5,13,20,19,22,4,6,3,0,3,47,25,30,0,30,30,1131,1867,2475,3019,3528,4011,4034,4005,4021,3993,4016,4017,4003,3987,4021,4012
27,39,22,15,1,3,47,15,19,30,16,10,17,10,0,5,600,933,1243,1497,1772,2009,2236,2437,2647,2851,2845,2858,2849,2853,2838,2861,2879,2869,2855,2857,2856,2853,2865,2872,2877,2845,2878,2837,2838,2857,2857,2858,2847,2840
13,53,32,45,38,45,28,30,39,61,40,38,35,38,32,44,31,27,34,55,26,376,561,734,896,1067,1204,1312,1467,1596,1703,1711,1678,1676,1713,1702,1695,1698,1683,1690,1683,1685,1680,1682,1710,1694,1702,1673,1702,1692
30,6,9,32,32,11,2,26,13,4,30,12,31,10,650,1052,1394,1698,1977,2252,2530,2746,2742,2751,2750,2738,2759,2763,2758,2758,2784,2761,2734,2767,2746,2721,2757,2752,2761,2765,2753,2752,2756,2751,2747,2748,2750,2752,2735,2759
15,13,8,11,6,14,7,0,22,18,0,11,0,30,21,0,3,15,26,29,7,13,18,5,18,9,18,0,29,11,1,1,12,0,13,396,623,846,996,1173,1352,1509,1651,1796,1926,1923,1920,1926,1948,1917
62,84,56,68,63,60,779,1193,1580,1903,2235,2530,2811,3078,3367,3590,3621,3595,3621,3613,3612,3584,3612,3614,3594,3585,3608,3599,3607,3589,3615,3601,3624,3598,3593,3615,3598,3590,3617,3610,3603,3588,3595,3604,3609,3590,3617,3622,3623,3630
32,26,47,35,40,38,42,51,34,30,34,51,49,46,53,53,32,37,21,23,44,42,43,32,27,42,55,52,23,45,671,1047,1390,1697,1970,2245,2471,2703,2930,3163,3184,3174,3186,3175,3182,3174,3175,3160,3179,3159
45,24,6,18,7,9,26,27,29,33,42,47,11,575,912,1192,1463,1711,1930,2158,2357,2563,2574,2555,2560,2539,2576,2571,2567,2567,2546,2560,2536,2557,2554,2536,2549,2550,2542,2536,2547,2561,2549,2558,2553,2546,2558,2576,2558,2532
19,12,16,12,11,9,33,14,22,5,0,8,0,1,8,4,12,20,5,2,0,0,12,0,27,4,11,21,8,0,13,17,26,27,24,667,1064,1440,1695,2032,2278,2555,2802,3058,3283,3282,3294,3317,3305,3296
27,30,37,41,12,21,745,1225,1628,2005,2313,2615,2897,3199,3453,3750,3723,3742,3725,3744,3747,3729,3742,3710,3748,3729,3750,3735,3722,3742,3734,3759,3738,3722,3725,3748,3741,3736,3732,3729,3737,3728,3720,3743,3737,3748,3729,3735,3734,3746
44,49,54,58,36,53,34,31,37,40,24,48,36,48,43,39,39,39,49,31,34,24,52,48,47,46,480,747,962,1206,1380,1563,1750,1902,2065,2085,2063,2066,2075,2073,2095,2064,2074,2085,2048,2061,2085,2070,2061,2090
44,46,46,61,51,52,47,57,74,53,59,42,47,50,508,843,1064,1316,1506,1521,1504,1517,1527,1513,1530,1525,1510,1527,1515,1517,1523,1523,1523,1499,1520,1514,1515,1509,1510,1514,1521,1535,1529,1512,1519,1517,1517,1524,1507,1515
57,34,60,31,54,45,22,39,61,43,33,31,40,28,45,31,61,21,49,56,56,52,52,30,44,539,814,1081,1325,1532,1753,1942,2140,2132,2121,2127,2123,2128,2135,2100,2129,2124,2112,2127,2132,2136,2109,2122,2130,2121
47,41,41,20,32,46,35,37,49,16,18,28,30,23,47,22,47,42,31,66,42,30,35,715,1134,1493,1835,2105,2375,2647,2902,3162,3150,3166,3172,3156,3160,3148,3164,3153,3167,3144,3152,3154,3151,3169,3165,3164,3161,3163
58,45,55,40,55,60,51,48,62,53,40,51,45,64,64,61,65,62,58,64,66,45,56,1346,2187,2838,3500,4075,4092,4095,4079,4079,4066,4093,4060,4061,4077,4095,4079,4063,4089,4079,4066,4092,4044,4068,4087,4075,4084,4076
19,20,23,2,13,17,9,28,3,25,17,18,453,712,945,1175,1347,1540,1731,1920,2014,2189,2208,2204,2201,2211,2211,2188,2214,2214,2173,2178,2188,2205,2223,2205,2191,2207,2201,2213,2204,2200,2190,2225,2184,2204,2207,2194,2205,2172
50,35,38,52,41,57,60,73,44,62,47,40,70,58,49,631,983,1314,1586,1839,2094,2295,2537,2748,2730,2757,2770,2752,2754,2741,2777,2759,2751,2751,2757,2782,2737,2770,2747,2739,2775,2755,2753,2732,2744,2724,2745,2760,2740,2748
25,15,19,13,17,25,37,2,24,14,27,32,788,1272,1684,2075,2398,2712,3039,3356,3345,3357,3347,3346,3340,3327,3346,3333,3352,3354,3354,3331,3336,3323,3377,3352,3344,3356,3342,3324,3350,3348,3329,3331,3348,3334,3336,3334,3353,3330
11,21,23,32,2,14,20,0,8,417,628,829,1022,1204,1343,1497,1500,1483,1485,1499,1504,1481,1505,1513,1510,1508,1495,1500,1501,1476,1498,1504,1510,1496,1483,1490,1514,1503,1509,1515,1496,1497,1478,1502,1500,1496,1494,1471,1492,1502
47,22,31,13,35,29,10,0,33,17,44,27,32,44,57,29,60,42,23,50,42,25,42,50,37,22,32,35,46,55,41,54,30,43,47,607,928,1227,1512,1758,2017,2197,2217,2232,2221,2220,2221,2208,2217,2226
51,62,77,53,51,55,45,55,72,64,40,51,70,55,42,491,741,982,1172,1364,1557,1700,1847,2017,2166,2180,2169,2174,2170,2187,2178,2189,2171,2175,2167,2180,2156,2161,2175,2176,2155,2184,2158,2169,2176,2177,2177,2156,2173,2187
39,64,26,33,46,42,36,31,63,39,42,12,44,57,61,47,66,49,43,40,60,48,41,63,68,46,28,58,43,56,808,1272,1661,2043,2378,2668,2968,3246,3556,3537,3564,3556,3546,3542,3555,3571,3586,3574,3568,3556
32,35,2,26,40,26,37,22,44,31,56,29,51,42,37,23,22,48,44,38,23,39,32,43,39,37,41,12,43,918,1501,1978,2416,2795,3189,3534,3894,3874,3892,3886,3895,3900,3884,3882,3893,3870,3879,3887,3869,3900
36,20,31,13,21,60,42,21,28,23,46,20,14,16,15,15,1087,1766,2331,2852,3308,3764,3762,3767,3795,3770,3766,3781,3761,3773,3761,3766,3781,3774,3778,3754,3774,3775,3775,3761,3772,3755,3761,3789,3789,3776,3768,3761,3774,3768
13,12,40,23,14,23,31,41,11,19,29,24,0,19,30,32,18,26,18,16,24,14,6,42,24,18,37,739,1173,1539,1878,2207,2499,2762,3065,3041,3046,3028,3029,3025,3041,3045,3031,3048,3028,3029,3043,3037,3021,3045
23,31,25,46,47,29,35,24,24,32,28,30,31,15,50,29,37,29,35,28,23,32,55,20,30,37,37,32,654,1040,1362,1655,1932,2180,2434,2664,2897,2896,2888,2904,2915,2913,2903,2906,2886,2904,2880,2896,2892,2898
40,29,19,39,42,27,27,13,36,41,35,27,18,39,23,50,39,39,27,25,24,44,34,45,487,768,1009,1225,1417,1633,1793,1984,2162,2146,2134,2143,2136,2138,2123,2135,2134,2143,2145,2132,2129,2115,2113,2130,2149,2152
59,40,21,51,52,53,35,47,38,46,47,62,34,39,28,63,54,62,60,50,58,48,39,771,1215,1565,1931,2244,2528,2493,2537,2519,2506,2530,2516,2514,2521,2527,2520,2519,2550,2529,2541,2523,2543,2534,2527,2536,2530,2517
45,15,16,36,21,31,38,26,32,28,7,34,818,1327,1735,2086,2416,2761,3074,3091,3074,3051,3072,3090,3044,3072,3033,3069,3056,3054,3077,3085,3077,3065,3085,3074,3087,3061,3054,3082,3069,3067,3048,3079,3056,3066,3052,3076,3068,3096
69,57,68,61,62,50,80,62,76,60,77,56,62,65,77,51,63,90,62,53,53,67,57,71,43,51,66,62,62,50,53,67,52,475,693,942,1115,1319,1469,1627,1625,1628,1640,1628,1589,1641,1611,1647,1628,1641
44,28,6,21,44,30,34,11,13,16,14,9,42,24,27,24,10,22,12,11,1049,1699,2233,2719,3193,3623,4040,4020,4030,4039,4035,4039,4050,4038,4035,4030,4043,4039,4034,4042,4029,4029,4045,4043,4050,4059,4050,4047,4045,4059
34,35,32,28,29,41,14,16,52,53,34,746,1181,1599,1953,2258,2593,2871,3152,3155,3153,3165,3137,3154,3160,3167,3155,3152,3138,3148,3160,3162,3175,3156,3149,3178,3136,3124,3157,3149,3153,3158,3149,3157,3143,3150,3161,3161,3163,3167
46,48,45,25,43,31,21,25,39,422,662,828,1015,1193,1362,1514,1625,1652,1629,1650,1656,1633,1657,1640,1652,1617,1643,1652,1633,1652,1626,1636,1631,1638,1656,1638,1641,1648,1631,1634,1630,1628,1651,1641,1649,1664,1646,1628,1653,1660
13,43,31,10,51,31,26,20,25,17,44,33,27,40,15,30,2,31,892,1449,1918,2342,2730,2769,2718,2763,2733,2743,2730,2723,2733,2741,2740,2737,2721,2720,2721,2733,2741,2744,2719,2743,2737,2735,2734,2698,2745,2731,2730,2732
16,29,20,8,30,20,21,44,28,33,21,39,31,23,6,17,18,24,23,32,12,15,25,18,36,22,829,1332,1774,2168,2516,2869,3194,3498,3537,3536,3518,3532,3509,3509,3527,3515,3506,3526,3528,3526,3515,3520,3499,3495
65,49,52,60,70,67,58,65,52,44,37,42,61,29,56,45,79,36,63,51,61,50,48,54,63,67,1058,1673,2200,2701,3156,3558,3555,3566,3555,3568,3543,3571,3579,3568,3570,3545,3552,3524,3567,3555,3564,3535,3550,3546
29,44,17,47,22,25,10,22,946,1509,2000,2421,2849,2845,2859,2859,2866,2865,2851,2860,2841,2862,2859,2827,2843,2849,2845,2862,2853,2852,2860,2851,2864,2854,2848,2856,2845,2849,2888,2835,2854,2860,2848,2855,2850,2863,2861,2869,2870,2854
20,16,15,22,19,33,5,0,22,34,44,32,24,22,34,16,53,24,18,21,0,28,16,27,22,36,23,5,36,52,918,1495,1990,2397,2778,2793,2787,2797,2798,2766,2801,2816,2754,2786,2794,2801,2797,2778,2802,2802
38,49,34,25,71,51,49,48,41,55,37,50,27,28,29,22,38,47,47,34,25,42,32,37,47,45,12,33,31,45,59,41,27,55,36,572,913,1209,1472,1717,1927,1949,1936,1920,1949,1937,1926,1919,1935,1926
12,38,0,17,9,18,18,25,15,1,15,26,13,6,0,18,3,21,24,4,24,18,406,613,848,1034,1196,1370,1527,1655,1646,1651,1646,1633,1671,1661,1638,1667,1673,1627,1650,1650,1657,1643,1661,1652,1661,1647,1673,1687
16,11,8,9,24,0,0,9,31,20,19,37,8,4,9,7,11,25,23,1125,1852,2448,3027,3523,3529,3508,3519,3513,3520,3511,3521,3505,3519,3520,3514,3523,3543,3506,3521,3506,3521,3513,3521,3513,3522,3501,3540,3522,3521,3529
58,38,51,61,28,60,55,52,40,54,47,82,52,45,45,62,49,748,1195,1560,1904,2172,2178,2191,2176,2202,2183,2189,2195,2179,2187,2185,2181,2200,2219,2199,2201,2201,2186,2205,2203,2192,2194,2205,2182,2194,2191,2216,2186,2183
22,50,51,35,73,59,58,46,53,37,53,44,37,45,49,66,51,46,45,67,44,56,39,79,27,44,54,40,55,68,41,55,35,41,31,64,861,1388,1809,2203,2579,2566,2551,2553,2573,2558,2572,2553,2554,2562
30,42,43,25,47,52,24,2,22,27,34,36,6,26,40,40,42,46,25,21,928,1531,2028,2463,2879,3281,3268,3273,3253,3275,3274,3286,3266,3283,3273,3277,3293,3294,3284,3293,3279,3277,3281,3281,3282,3262,3290,3292,3265,3282
66,48,48,47,50,64,47,65,661,1059,1393,1666,1943,2237,2446,2671,2907,3138,3129,3104,3124,3118,3139,3119,3101,3132,3138,3115,3097,3114,3113,3116,3121,3121,3116,3111,3113,3118,3130,3116,3132,3133,3102,3118,3127,3103,3139,3160,3122,3119
8,34,16,28,15,27,23,28,50,26,12,60,36,26,33,31,25,29,45,30,29,32,46,689,1109,1472,1791,2083,2397,2606,2905,2903,2890,2894,2901,2877,2913,2876,2904,2893,2924,2897,2899,2898,2906,2898,2913,2900,2895,2908
35,48,34,20,16,31,20,35,48,44,24,35,47,51,37,21,34,30,1040,1649,2208,2668,3127,3118,3130,3133,3137,3108,3090,3118,3137,3121,3104,3110,3120,3128,3101,3102,3110,3110,3146,3139,3122,3120,3114,3103,3128,3117,3120,3115
45,34,23,38,55,35,34,21,47,28,28,39,46,45,29,30,77,39,53,46,23,24,42,29,51,23,24,42,42,29,27,54,55,53,594,963,1240,1529,1810,2007,2039,1988,2002,2013,2014,1986,2019,2009,2010,2014
40,38,32,33,37,44,29,35,14,35,32,51,40,34,27,34,27,578,884,1201,1448,1702,1929,2167,2347,2349,2348,2335,2361,2341,2355,2335,2367,2347,2336,2345,2349,2351,2371,2350,2359,2358,2363,2338,2362,2335,2356,2337,2333,2352
37,46,35,67,60,44,67,56,37,38,51,60,61,72,63,680,1104,1445,1780,2035,2040,2057,2049,2029,2060,2058,2042,2080,2058,2048,2054,2060,2074,2052,2075,2049,2041,2058,2076,2060,2049,2047,2066,2045,2055,2054,2048,2069,2065,2065
62,29,43,57,34,61,14,27,43,41,27,34,33,55,58,668,1052,1372,1681,1944,1948,1944,1962,1954,1953,1942,1943,1956,1947,1942,1938,1936,1925,1945,1943,1961,1946,1953,1939,1965,1962,1932,1948,1944,1955,1951,1940,1951,1940,1970
50,47,33,42,53,66,43,51,61,52,55,20,40,45,33,49,40,67,70,666,1047,1398,1712,1961,2239,2499,2755,2704,2741,2746,2729,2703,2722,2721,2699,2721,2746,2727,2737,2732,2720,2750,2742,2718,2733,2730,2738,2721,2729,2736
61,32,59,58,47,65,55,64,55,54,60,60,57,61,39,56,39,51,66,64,31,39,35,49,57,53,48,58,55,45,692,1103,1439,1757,2037,2293,2546,2832,3035,3284,3303,3261,3274,3280,3274,3279,3256,3291,3284,3295
10,8,14,9,20,17,30,29,15,16,12,28,36,13,14,19,524,841,1106,1377,1599,1816,1820,1810,1819,1785,1792,1816,1801,1799,1811,1809,1830,1811,1820,1822,1811,1795,1815,1802,1800,1803,1801,1818,1826,1797,1797,1812,1796,1815
45,49,33,28,39,49,34,30,33,19,895,1432,1887,2306,2689,2716,2686,2686,2694,2693,2690,2689,2696,2687,2682,2700,2711,2717,2686,2683,2701,2708,2701,2699,2711,2691,2681,2697,2712,2715,2698,2701,2685,2704,2708,2697,2701,2708,2702,2711
25,16,45,38,61,62,34,36,748,1177,1555,1900,2220,2499,2808,3065,3333,3317,3306,3320,3307,3310,3330,3292,3309,3344,3277,3324,3300,3326,3317,3313,3346,3319,3322,3296,3328,3330,3335,3320,3311,3306,3327,3326,3301,3342,3306,3329,3299,3306
40,57,46,31,42,39,39,34,42,21,35,31,20,28,48,61,46,41,55,0,959,1547,2041,2488,2921,3287,3672,4019,4021,4015,4023,4014,4040,4049,4012,4057,4063,4030,4004,4038,4043,4033,4026,4035,4011,4026,4047,4013,4034,4025
49,45,40,63,46,52,16,72,66,39,73,44,59,61,46,16,39,36,42,840,1347,1754,2152,2495,2831,3144,3494,3723,3747,3754,3777,3751,3771,3752,3743,3724,3764,3775,3753,3731,3746,3736,3744,3743,3745,3750,3730,3752,3738,3760
28,21,43,34,25,22,38,45,66,27,27,33,23,64,48,44,41,766,1224,1581,1944,2256,2589,2876,3110,3398,3409,3393,3395,3399,3375,3391,3380,3410,3408,3407,3396,3387,3393,3417,3409,3392,3396,3412,3407,3395,3387,3400,3393,3399
26,7,42,23,49,6,37,25,17,55,30,42,53,40,19,48,27,53,37,17,31,47,8,42,41,821,1308,1720,2090,2441,2403,2434,2423,2414,2441,2432,2458,2434,2422,2436,2437,2388,2433,2459,2417,2442,2440,2431,2417,2424
65,55,74,57,69,65,52,54,585,943,1223,1491,1736,1725,1744,1735,1750,1700,1746,1705,1728,1729,1726,1766,1724,1744,1733,1737,1730,1753,1720,1741,1726,1750,1725,1751,1739,1699,1737,1742,1722,1712,1726,1711,1735,1752,1715,1724,1728,1726
51,47,41,39,44,24,40,49,34,46,26,43,42,53,45,39,36,54,55,54,69,65,29,37,690,1062,1417,1710,1978,2272,2509,2497,2503,2510,2489,2507,2516,2492,2497,2483,2503,2498,2499,2509,2502,2501,2499,2509,2501,2529
48,61,48,58,53,56,70,47,51,53,42,46,39,50,37,52,48,39,720,1158,1522,1847,2144,2394,2689,2976,3217,3447,3458,3421,3463,3466,3451,3443,3468,3464,3443,3473,3454,3453,3460,3461,3454,3454,3467,3457,3458,3448,3438,3460
26,47,42,39,29,62,33,29,40,22,41,39,38,44,46,34,39,33,36,21,26,30,29,60,59,32,45,15,64,57,512,831,1092,1323,1554,1776,1942,2130,2125,2129,2125,2137,2131,2118,2140,2112,2119,2141,2130,2117
38,38,30,46,11,35,40,29,34,50,30,36,47,54,12,42,42,50,33,26,62,23,20,47,29,20,33,645,1024,1340,1622,1883,2143,2134,2156,2161,2157,2153,2164,2160,2156,2172,2152,2149,2157,2172,2154,2165,2150,2147
72,44,68,45,74,61,54,37,52,59,27,55,40,703,1129,1484,1800,2085,2372,2619,2887,3157,3133,3122,3138,3141,3133,3126,3135,3128,3138,3127,3149,3119,3137,3150,3134,3142,3131,3142,3118,3124,3143,3140,3125,3165,3131,3138,3127,3137
4,18,24,37,25,5,5,7,1,28,5,22,27,9,23,22,36,14,9,7,20,15,16,8,0,13,35,5,626,993,1326,1613,1894,2155,2396,2632,2617,2621,2631,2630,2643,2617,2621,2634,2643,2636,2618,2635,2662,2619
41,47,21,51,48,40,60,62,41,43,25,49,14,41,57,45,35,19,51,50,24,29,36,40,42,34,31,60,44,44,17,876,1423,1893,2283,2684,3046,3384,3703,3714,3742,3720,3715,3712,3716,3710,3737,3711,3734,3723
43,89,64,57,63,71,67,58,64,56,79,52,55,79,71,64,84,64,81,61,49,47,84,79,53,913,1431,1852,2253,2599,2974,3312,3604,3614,3634,3611,3610,3634,3636,3611,3641,3631,3628,3632,3614,3638,3617,3614,3617,3606
53,55,47,35,72,54,42,63,72,57,47,44,56,49,45,61,47,71,52,50,43,52,59,59,68,55,69,40,46,48,56,48,834,1354,1768,2164,2490,2832,3142,3437,3725,3733,3768,3732,3734,3723,3738,3736,3728,3736
47,74,48,45,67,53,82,42,58,65,63,526,793,1035,1239,1456,1640,1821,1988,2147,2324,2321,2312,2324,2314,2358,2322,2311,2329,2313,2321,2311,2315,2296,2334,2323,2321,2333,2318,2321,2309,2310,2324,2330,2325,2320,2303,2317,2311,2308
47,48,49,41,42,26,66,35,34,48,51,52,29,89,42,45,60,35,47,39,61,43,63,45,62,702,1085,1467,1747,2042,2305,2559,2793,3057,3295,3271,3288,3290,3284,3272,3294,3277,3287,3285,3279,3260,3281,3286,3298,3290
52,59,69,57,44,52,33,57,42,47,34,25,36,39,54,44,30,37,34,37,55,38,44,52,27,47,30,30,47,61,67,37,65,55,47,644,1057,1347,1658,1920,2170,2388,2644,2659,2645,2627,2639,2642,2641,2640
36,28,42,51,42,17,48,26,40,44,23,40,24,46,22,43,45,49,47,39,28,33,36,37,702,1100,1445,1782,2084,2071,2066,2067,2062,2070,2079,2080,2089,2060,2076,2079,2078,2088,2074,2059,2084,2052,2106,2074,2076,2090
33,45,43,27,32,41,42,41,45,47,46,44,20,33,53,34,52,20,53,50,66,52,26,55,23,27,55,30,39,47,37,29,63,30,456,744,943,1167,1355,1525,1686,1856,2033,2019,2003,2032,2017,1995,2008,2008
55,20,15,5,16,28,18,15,53,31,28,26,37,25,0,35,33,21,25,25,25,714,1139,1475,1802,2086,2376,2379,2399,2368,2401,2406,2379,2407,2387,2403,2367,2406,2399,2394,2392,2375,2377,2390,2378,2408,2372,2388,2400,2383
18,0,18,6,10,6,24,20,42,0,28,1075,1733,2312,2852,3327,3777,3769,3780,3778,3767,3760,3758,3803,3779,3768,3768,3763,3789,3765,3785,3765,3793,3768,3774,3787,3763,3796,3783,3785,3774,3755,3741,3798,3773,3785,3771,3785,3781,3768
29,43,36,36,41,31,31,63,47,39,33,39,26,45,28,32,42,20,55,37,33,28,581,926,1180,1464,1697,1923,2139,2122,2113,2150,2148,2141,2122,2134,2128,2137,2145,2108,2123,2125,2131,2151,2124,2140,2139,2122,2144,2139
54,58,61,63,54,71,58,43,40,46,59,34,50,68,42,55,40,40,40,64,70,44,49,74,63,76,51,49,53,62,65,47,42,50,52,679,1052,1370,1684,1970,2230,2459,2700,2716,2714,2720,2707,2713,2709,2692
29,28,19,24,26,39,37,26,31,39,27,28,18,21,35,43,23,24,20,20,27,489,777,994,1213,1413,1619,1753,1909,2123,2267,2270,2269,2267,2279,2299,2247,2253,2264,2285,2283,2279,2257,2263,2258,2268,2280,2236,2272,2258
0,20,19,52,7,14,18,16,1,23,26,43,0,12,4,7,35,11,8,39,25,35,0,24,22,18,21,12,14,22,0,14,11,28,788,1269,1675,2063,2373,2720,2701,2723,2710,2730,2708,2702,2703,2714,2709,2696
31,35,47,32,42,47,37,26,38,43,29,29,65,14,56,35,37,37,22,56,27,34,38,38,47,36,24,29,42,27,71,736,1159,1523,1862,2154,2448,2712,2997,3255,3261,3270,3280,3254,3276,3250,3258,3254,3252,3257
47,36,67,73,82,61,44,56,67,61,52,50,66,62,44,48,59,70,449,717,936,1146,1322,1467,1645,1819,1981,1978,1943,1953,1982,1958,1949,1969,1959,1962,1966,1979,1967,1986,1970,1963,1970,1964,1979,1969,1985,1977,1982,1967
69,32,72,46,60,41,52,54,58,42,50,64,589,945,1256,1521,1772,1997,2184,2202,2204,2215,2195,2215,2207,2210,2220,2210,2212,2216,2215,2219,2206,2205,2205,2204,2220,2205,2199,2205,2205,2205,2205,2219,2221,2212,2202,2205,2195,2209
11,20,17,12,17,0,16,26,22,26,19,3,25,30,23,24,30,22,11,0,19,0,18,17,15,25,30,39,12,10,36,9,19,882,1421,1889,2319,2683,3049,3038,3039,3036,3045,3048,3058,3054,3036,3038,3040,3059
45,43,40,30,56,36,60,21,26,24,33,24,35,49,9,16,708,1097,1461,1777,2089,2347,2633,2626,2604,2617,2589,2608,2619,2620,2595,2624,2640,2605,2625,2616,2599,2629,2616,2612,2603,2602,2622,2597,2618,2616,2591,2607,2629,2623
57,61,48,68,42,58,71,32,31,43,47,41,39,43,64,69,32,374,609,782,956,1087,1227,1379,1496,1500,1487,1508,1506,1497,1505,1504,1506,1516,1494,1500,1517,1504,1498,1513,1506,1498,1527,1494,1504,1491,1507,1505,1513,1499
54,40,56,59,54,60,28,70,76,62,39,48,58,90,50,63,50,46,46,59,57,54,47,54,46,49,59,49,1169,1872,2455,2988,3494,3992,3959,3957,3981,3939,3979,3958,3952,3949,3981,3945,3968,3964,3955,3963,3984,3941
8,0,0,5,24,0,17,17,32,14,0,13,14,0,2,16,1,20,17,17,18,15,17,6,19,7,11,0,7,703,1137,1507,1826,2137,2408,2702,2969,3229,3219,3216,3225,3214,3262,3217,3217,3235,3240,3245,3236,3238
51,65,57,70,62,69,85,58,60,52,55,67,63,36,410,603,807,975,1113,1267,1388,1516,1656,1635,1632,1634,1657,1638,1662,1645,1628,1651,1645,1634,1627,1646,1656,1651,1642,1642,1636,1643,1646,1654,1651,1634,1664,1665,1642,1658
63,32,52,57,50,32,77,44,1325,2102,2771,3426,3965,3950,3946,3978,3936,3954,3949,3964,3967,3964,3941,3976,3955,3974,3937,3970,3951,3940,3961,3943,3953,3946,3949,3961,3944,3957,3936,3946,3966,3953,3949,3957,3964,3949,3948,3969,3939,3959
17,41,40,27,40,38,38,22,45,61,48,23,53,23,831,1349,1765,2155,2518,2843,2824,2841,2835,2839,2834,2828,2852,2831,2818,2843,2832,2837,2827,2829,2862,2823,2834,2816,2845,2843,2820,2837,2819,2813,2846,2851,2844,2830,2839,2839
55,42,50,51,75,33,57,50,31,46,14,40,47,51,58,74,74,71,50,31,51,59,45,51,36,38,17,551,866,1151,1403,1610,1617,1604,1621,1616,1615,1618,1588,1618,1592,1614,1642,1594,1613,1620,1597,1629,1613,1616
29,65,52,39,39,54,52,32,54,44,53,27,56,41,53,57,40,57,41,53,41,50,28,41,63,57,53,47,765,1241,1634,1970,2295,2603,2603,2574,2603,2594,2593,2610,2590,2602,2601,2622,2599,2610,2603,2581,2589,2598
6,23,0,24,37,4,15,18,4,7,0,5,9,28,8,21,15,21,37,36,12,29,25,16,22,6,4,13,714,1116,1517,1848,2149,2429,2712,2965,3241,3230,3243,3244,3235,3256,3258,3224,3250,3249,3252,3252,3251,3234
13,23,11,11,26,17,0,20,25,20,0,30,29,853,1375,1816,2229,2601,2958,3274,3285,3284,3293,3290,3307,3308,3273,3282,3282,3301,3282,3301,3284,3286,3296,3314,3292,3294,3290,3287,3292,3296,3285,3319,3297,3301,3309,3314,3281,3293
25,52,38,45,7,35,50,46,53,989,1589,2092,2524,2967,2973,2982,2965,2958,2982,2980,2986,2947,2984,2944,2979,2959,2968,2974,2987,2961,2966,2977,2968,2976,2980,2985,2966,2991,2972,2952,2960,2978,2990,2959,2981,2986,2948,2953,2958,2970
24,19,13,7,28,30,19,618,964,1242,1552,1798,2048,2306,2518,2722,2738,2737,2699,2699,2707,2724,2718,2712,2716,2721,2708,2716,2726,2722,2734,2710,2739,2718,2725,2708,2717,2713,2736,2721,2711,2720,2712,2743,2718,2730,2710,2732,2696,2679
32,28,42,30,28,14,36,27,36,14,52,45,14,21,17,37,39,47,44,36,32,21,7,36,878,1410,1859,2251,2631,2968,2964,2960,2976,2980,2991,2998,2985,2997,2976,2989,2966,2974,3000,3005,2982,2980,2985,2983,2993,2982
24,35,26,60,46,30,34,46,43,22,32,18,35,24,30,29,43,17,31,35,32,45,18,17,34,32,39,38,30,45,30,39,63,14,40,40,1204,1912,2550,3110,3628,3642,3640,3615,3623,3598,3612,3615,3628,3646
44,26,53,48,55,54,48,1063,1713,2280,2762,3233,3678,3664,3661,3668,3635,3654,3673,3671,3655,3660,3662,3652,3660,3662,3657,3661,3651,3666,3654,3659,3662,3660,3656,3646,3658,3679,3647,3674,3659,3665,3673,3657,3663,3669,3639,3661,3638,3664
14,11,5,27,36,0,24,7,42,3,38,44,35,34,23,22,27,18,34,10,4,24,36,12,18,28,19,0,35,475,749,998,1196,1411,1580,1776,1971,2106,2097,2092,2131,2118,2130,2121,2104,2127,2113,2113,2120,2117
42,38,59,76,42,39,60,56,46,926,1494,1967,2394,2761,3156,3491,3817,3849,3847,3834,3854,3829,3813,3825,3851,3873,3862,3828,3848,3847,3833,3855,3853,3849,3844,3850,3829,3822,3837,3828,3841,3844,3859,3827,3829,3825,3840,3813,3812,3821
38,49,18,53,62,42,50,33,59,37,18,31,799,1292,1696,2101,2421,2749,3071,3366,3651,3669,3660,3648,3638,3629,3640,3648,3641,3654,3647,3657,3651,3640,3659,3660,3626,3656,3632,3627,3657,3646,3654,3645,3651,3669,3647,3645,3656,3633
28,39,46,51,49,33,32,53,30,29,28,25,45,36,30,46,44,19,45,37,44,37,35,42,40,16,715,1130,1522,1846,2154,2434,2715,2721,2727,2717,2693,2701,2726,2706,2711,2695,2709,2720,2723,2715,2699,2717,2719,2702
36,43,33,14,63,41,44,40,50,22,16,24,21,68,23,483,771,1006,1216,1442,1608,1636,1602,1596,1585,1635,1606,1608,1617,1617,1585,1627,1621,1604,1618,1631,1624,1637,1615,1604,1582,1612,1633,1608,1615,1593,1609,1615,1615,1610
32,23,12,19,27,19,46,27,29,56,32,42,0,27,1137,1865,2442,3005,3518,4002,3978,3970,3991,3974,3985,3977,3964,3991,3983,3975,3990,3992,3988,3981,3971,3974,3994,3971,3969,3973,3978,3993,3972,3992,3989,3983,3992,3993,3977,3981
62,59,47,69,64,48,49,902,1419,1873,2291,2648,3044,3380,3685,3968,4003,3997,4001,3990,3999,4025,3983,4003,4002,3995,4006,4012,3981,4009,4018,4015,4010,3989,3995,4006,4009,3994,4008,4010,4007,3998,4006,4008,4004,4005,3979,4005,4006,3987
23,23,11,23,37,38,35,36,14,34,36,46,0,23,31,48,17,29,22,20,29,23,406,659,891,1068,1232,1416,1580,1574,1576,1583,1571,1571,1566,1555,1586,1580,1577,1586,1586,1579,1560,1579,1562,1558,1580,1560,1568,1578
35,27,21,22,36,26,22,12,26,31,53,39,25,58,20,40,20,42,16,35,954,1521,2004,2470,2849,3255,3253,3252,3249,3259,3255,3250,3233,3238,3231,3265,3286,3255,3239,3255,3240,3236,3264,3232,3255,3265,3234,3263,3244,3245
41,31,40,39,38,40,22,47,25,51,721,1091,1463,1777,2070,2324,2610,2863,3120,3100,3107,3119,3124,3096,3078,3100,3108,3121,3095,3097,3098,3117,3113,3100,3090,3097,3102,3101,3078,3101,3107,3102,3105,3104,3123,3088,3102,3105,3088,3094
25,40,21,26,45,28,46,42,39,33,37,41,40,42,51,21,55,23,20,62,2,28,32,443,725,938,1106,1309,1491,1665,1812,1979,1986,1991,1956,1959,1979,1952,1958,1955,1989,1981,1960,1968,1966,1948,1958,1952,1947,1972
24,33,19,14,0,16,14,12,12,36,22,4,595,1019,1352,1653,1906,1952,1937,1948,1940,1938,1921,1939,1917,1913,1925,1938,1951,1945,1930,1904,1920,1939,1926,1934,1914,1944,1906,1934,1950,1931,1918,1949,1924,1922,1926,1926,1941,1923
67,69,66,56,59,46,56,52,59,1102,1713,2278,2769,3224,3668,4062,4074,4063,4067,4071,4064,4057,4093,4066,4095,4092,4067,4081,4072,4073,4068,4090,4085,4079,4080,4068,4082,4068,4059,4064,4057,4051,4069,4088,4070,4071,4076,4078,4082,4062
43,40,64,41,44,41,41,51,35,50,60,37,50,42,44,27,66,29,20,19,36,34,46,35,41,38,703,1119,1473,1792,2109,2083,2086,2081,2086,2074,2065,2093,2087,2078,2097,2075,2082,2085,2102,2085,2097,2088,2094,2105
27,9,10,0,12,23,5,29,17,13,33,13,32,20,0,8,0,8,0,8,35,15,22,0,0,0,30,5,1,7,15,7,4,0,14,967,1570,2114,2537,3006,3389,3770,3767,3771,3782,3768,3744,3749,3754,3748
0,18,16,10,11,9,5,22,24,5,0,4,2,8,13,35,19,16,851,1380,1837,2253,2610,2986,3346,3649,3962,3961,3968,3951,3964,3951,3944,3976,3972,3964,3950,3972,3966,3945,3954,3970,3964,3972,3959,3967,3957,3969,3980,3970
26,52,71,21,72,53,42,57,25,56,32,45,35,32,37,60,44,34,44,52,52,55,59,7,37,29,53,41,66,46,57,439,681,903,1086,1245,1423,1586,1725,1865,1991,1996,2024,2024,2003,2008,2004,2018,2015,2001
46,56,71,58,66,41,65,82,52,37,33,55,1035,1619,2131,2637,3061,3459,3451,3455,3478,3459,3471,3456,3460,3463,3449,3458,3438,3454,3464,3463,3458,3462,3468,3458,3450,3443,3451,3469,3456,3457,3467,3459,3484,3445,3452,3449,3460,3462
25,8,0,4,23,4,15,20,3,37,5,19,15,30,7,1,1131,1830,2443,3013,3482,3958,3951,3969,3975,3955,3979,3960,3956,3952,3967,3956,3939,3957,3960,3955,3950,3936,3963,3947,3941,3952,3972,3951,3971,3960,3961,3947,3956,3964
36,37,38,52,49,80,724,1132,1517,1835,2147,2434,2684,2963,3196,3215,3200,3209,3195,3219,3210,3210,3196,3213,3198,3233,3199,3213,3219,3212,3214,3204,3207,3220,3190,3210,3199,3208,3216,3219,3217,3200,3197,3200,3205,3217,3191,3171,3226,3198
19,2,25,0,29,28,11,3,5,28,24,0,845,1367,1801,2197,2580,2927,2919,2942,2919,2941,2918,2918,2939,2919,2939,2940,2933,2943,2937,2945,2941,2918,2948,2947,2933,2953,2932,2933,2923,2938,2939,2938,2953,2934,2932,2950,2935,2935
47,56,46,64,62,60,53,47,57,48,52,41,73,67,69,83,55,49,84,23,45,51,29,66,71,70,51,70,46,78,45,65,56,56,359,573,723,889,1041,1173,1306,1433,1539,1681,1653,1662,1654,1668,1668,1663
63,54,40,40,45,47,66,64,45,42,58,51,33,61,51,47,51,55,43,36,42,51,56,49,59,54,24,64,51,1018,1644,2159,2621,3046,3462,3858,3843,3862,3870,3885,3854,3848,3858,3846,3875,3833,3838,3823,3854,3841
0,0,0,0,7,13,18,37,0,13,16,31,12,0,23,29,0,9,3,22,14,0,0,17,10,15,16,5,518,841,1098,1334,1572,1779,1974,1973,1970,2008,1998,1991,1970,1968,2015,1986,1985,1999,1976,1994,2013,1977
38,25,39,43,30,20,37,33,25,851,1322,1766,2157,2515,2865,3167,3470,3797,4079,4069,4078,4077,4091,4071,4074,4080,4095,4093,4080,4095,4061,4077,4081,4095,4079,4073,4058,4090,4090,4057,4087,4093,4090,4061,4077,4073,4080,4054,4093,4076
23,44,18,38,29,31,41,8,46,24,41,49,46,25,30,608,991,1274,1545,1814,2040,2307,2522,2726,2928,2933,2935,2938,2936,2934,2944,2966,2937,2953,2939,2935,2953,2939,2949,2946,2953,2914,2957,2969,2940,2925,2915,2924,2932,2945
77,61,55,56,68,45,62,60,71,60,68,73,38,58,65,33,61,42,39,36,45,53,52,71,61,66,31,71,1102,1801,2371,2890,3386,3388,3358,3361,3379,3369,3400,3377,3371,3354,3394,3365,3376,3374,3396,3373,3366,3370
20,0,13,6,6,24,17,9,3,28,0,28,25,19,29,24,1,14,23,18,26,12,21,33,379,582,771,952,1103,1238,1417,1554,1679,1666,1661,1682,1653,1680,1648,1649,1657,1681,1652,1669,1644,1646,1656,1634,1662,1675
34,29,32,45,50,53,23,28,13,22,12,34,45,20,55,36,950,1574,2060,2488,2935,3306,3315,3323,3332,3312,3316,3311,3329,3340,3315,3330,3317,3306,3343,3315,3305,3336,3338,3316,3323,3319,3322,3318,3325,3305,3334,3337,3318,3311
16,37,16,17,33,39,28,44,26,29,24,30,34,18,401,615,832,984,1160,1344,1487,1607,1580,1604,1599,1616,1627,1609,1605,1604,1601,1599,1622,1612,1627,1612,1604,1614,1619,1605,1600,1617,1616,1614,1611,1607,1602,1608,1603,1592
34,70,53,54,36,50,77,56,33,42,74,42,43,66,56,57,64,69,62,61,75,47,49,75,81,39,70,35,60,62,54,61,55,67,35,63,412,635,827,1015,1160,1340,1479,1603,1601,1618,1599,1638,1618,1615
34,49,60,41,65,39,44,24,48,59,51,49,32,553,873,1169,1409,1637,1846,1847,1846,1856,1871,1855,1838,1855,1864,1865,1857,1843,1858,1850,1852,1856,1837,1845,1848,1842,1835,1857,1849,1860,1851,1873,1843,1854,1862,1848,1846,1828
5,47,22,36,27,41,13,35,34,40,31,32,18,671,1038,1389,1694,1991,2230,2481,2721,2958,3198,3204,3186,3197,3193,3189,3211,3186,3199,3195,3185,3207,3196,3194,3191,3193,3207,3167,3184,3197,3195,3194,3186,3193,3194,3226,3206,3202
45,22,47,34,45,53,52,47,26,66,34,27,25,44,34,61,46,54,54,56,489,768,1015,1243,1423,1620,1591,1613,1607,1595,1594,1606,1589,1593,1589,1599,1588,1585,1605,1622,1609,1606,1604,1590,1619,1609,1576,1593,1620,1622
21,1,8,36,27,26,13,13,11,27,34,25,35,16,15,21,28,7,1,16,19,34,19,23,8,20,28,20,25,14,22,48,15,394,597,806,979,1112,1269,1434,1565,1692,1695,1673,1685,1687,1694,1687,1677,1673
22,17,16,22,28,14,27,7,0,12,18,3,20,6,0,25,11,0,18,24,32,37,15,18,48,5,18,26,20,19,29,781,1290,1693,2063,2405,2752,3042,3330,3642,3912,3927,3892,3923,3913,3885,3895,3907,3896,3890
9,0,0,14,17,0,10,0,12,0,4,0,19,17,12,24,6,14,0,16,24,22,6,0,3,10,13,40,6,3,9,1,17,823,1343,1766,2183,2539,2887,3176,3203,3200,3216,3200,3190,3227,3222,3198,3204,3215
35,29,35,53,20,37,32,13,24,27,26,17,32,21,18,29,14,45,32,42,37,9,21,49,50,4,20,46,375,575,757,930,1069,1204,1386,1488,1616,1589,1605,1600,1586,1606,1612,1602,1606,1590,1597,1608,1600,1599
26,26,23,48,23,51,34,26,42,32,33,36,24,26,18,22,36,26,18,35,21,6,27,27,26,8,32,22,782,1224,1608,1970,2303,2624,2927,3207,3483,3481,3464,3456,3479,3452,3446,3457,3456,3485,3462,3459,3463,3458
17,38,20,28,34,21,35,16,11,29,17,14,47,6,38,11,39,28,19,3,23,44,13,18,30,39,22,20,18,37,25,48,35,28,42,14,882,1407,1837,2254,2608,2969,3326,3641,3944,3951,3950,3930,3936,3954
67,57,68,50,59,49,550,909,1161,1421,1638,1865,2077,2256,2435,2446,2437,2442,2458,2454,2453,2437,2441,2439,2459,2434,2428,2451,2434,2436,2444,2443,2454,2459,2433,2428,2456,2438,2447,2434,2459,2450,2458,2449,2438,2429,2424,2458,2437,2450
31,5,15,18,17,9,18,24,17,4,10,0,11,10,34,6,13,8,18,17,15,17,0,17,1,13,7,17,770,1188,1615,1951,2292,2270,2286,2294,2275,2293,2300,2272,2268,2280,2271,2282,2313,2276,2290,2271,2292,2295
29,0,7,31,0,38,18,21,49,33,12,17,20,32,22,23,9,16,34,1,19,30,7,10,32,27,31,10,18,685,1090,1463,1759,2040,2326,2339,2337,2345,2309,2337,2327,2337,2354,2315,2334,2346,2350,2352,2350,2345
46,52,75,50,28,50,54,52,41,51,53,65,72,35,36,14,55,38,38,60,57,53,60,47,43,54,48,704,1127,1489,1818,2098,2381,2665,2915,3159,3166,3182,3151,3173,3153,3152,3158,3165,3177,3158,3152,3167,3176,3155
43,40,60,51,59,42,31,44,44,37,52,54,55,1047,1676,2232,2695,3144,3155,3144,3120,3155,3148,3138,3128,3140,3151,3138,3151,3128,3137,3134,3138,3142,3143,3138,3146,3141,3166,3137,3141,3148,3145,3151,3135,3135,3159,3150,3137,3136
29,34,52,22,50,58,56,29,52,574,912,1207,1445,1684,1908,2106,2329,2530,2525,2517,2513,2501,2506,2495,2520,2510,2502,2520,2512,2523,2517,2527,2525,2528,2519,2510,2535,2534,2533,2517,2523,2504,2516,2519,2501,2508,2516,2509,2523,2535
57,54,49,55,49,54,60,41,71,57,48,46,30,41,61,75,51,38,48,27,60,60,49,41,30,49,52,51,41,61,50,73,756,1179,1575,1894,2197,2505,2782,3049,3050,3074,3062,3055,3045,3041,3030,3044,3038,3039
34,43,30,37,44,48,42,71,32,35,49,33,27,28,17,27,1316,2124,2798,3408,3973,3985,3999,4003,4008,3992,3994,3995,3981,4002,3993,3994,3992,3990,3969,4005,4005,3972,4015,4003,4008,3988,3999,3978,4010,3985,4005,3986,4011,4009
37,0,25,0,12,6,17,24,16,3,19,4,1,12,476,717,977,1192,1393,1584,1765,1775,1771,1760,1772,1756,1752,1762,1746,1791,1767,1774,1765,1767,1762,1762,1754,1760,1762,1755,1744,1761,1773,1768,1767,1747,1726,1743,1761,1755
37,69,44,46,42,43,49,65,30,48,51,41,25,41,17,50,36,29,42,52,50,40,38,44,59,39,49,38,36,31,45,72,31,44,45,39,752,1191,1556,1877,2218,2509,2791,3051,3027,3032,3048,3050,3055,3052
20,21,21,30,16,42,27,21,915,1469,1928,2366,2743,3108,3121,3094,3099,3098,3097,3092,3107,3119,3112,3084,3103,3115,3103,3092,3120,3103,3094,3102,3112,3107,3128,3118,3107,3085,3090,3120,3127,3114,3102,3120,3109,3100,3115,3110,3103,3108
14,15,40,23,46,37,4,24,29,25,24,35,18,1,0,0,15,34,13,21,27,18,13,25,18,47,9,14,841,1299,1753,2155,2503,2838,3137,3445,3750,4026,4040,4028,4042,4015,4021,4027,4051,4041,4037,4007,4045,4030
35,40,50,33,35,22,37,35,34,39,26,25,40,4,40,23,52,50,31,35,29,36,37,33,21,24,30,658,1014,1369,1723,1954,2216,2494,2475,2499,2480,2503,2461,2481,2481,2476,2503,2511,2470,2483,2484,2486,2476,2479
19,51,50,26,22,53,42,46,42,371,585,761,919,1083,1213,1340,1481,1621,1726,1708,1715,1710,1718,1735,1705,1720,1711,1711,1716,1719,1726,1733,1734,1692,1719,1723,1716,1704,1746,1724,1730,1716,1716,1702,1713,1733,1690,1740,1716,1726
24,56,42,56,59,28,56,30,42,63,64,68,40,42,43,73,37,56,42,38,47,69,40,38,52,50,986,1535,2064,2486,2912,3312,3664,4035,4045,4009,4049,4032,4026,4022,4028,4013,4019,4007,4037,4033,4042,4016,4027,4014
0,21,28,31,29,38,0,0,22,9,4,14,30,8,6,22,14,28,7,20,27,30,21,13,39,10,11,22,586,920,1223,1482,1731,1980,2181,2416,2405,2405,2410,2406,2420,2417,2412,2400,2394,2394,2404,2395,2411,2383
17,4,25,5,26,9,16,15,15,7,18,10,560,907,1163,1434,1688,1917,2107,2128,2133,2143,2125,2153,2128,2141,2119,2145,2126,2127,2117,2122,2136,2135,2136,2143,2125,2148,2113,2126,2130,2117,2120,2125,2121,2125,2125,2110,2122,2145
31,31,46,45,20,42,40,468,744,985,1219,1441,1613,1801,1793,1815,1790,1796,1809,1798,1773,1783,1789,1783,1778,1802,1794,1784,1798,1810,1805,1776,1791,1798,1785,1796,1780,1803,1793,1802,1800,1804,1786,1794,1772,1783,1811,1801,1816,1778
38,24,14,9,25,5,0,17,7,3,24,26,8,32,29,3,24,20,31,15,14,15,18,33,818,1321,1751,2142,2477,2819,3131,3156,3143,3129,3131,3138,3141,3142,3121,3125,3153,3144,3145,3123,3150,3147,3133,3137,3128,3138
33,26,56,32,44,33,41,34,32,21,570,889,1192,1457,1686,1916,2114,2343,2551,2724,2728,2725,2732,2741,2708,2738,2719,2708,2726,2723,2751,2741,2704,2743,2720,2732,2716,2745,2717,2731,2721,2736,2689,2725,2722,2725,2710,2711,2730,2720
60,46,38,44,74,48,65,51,60,75,70,48,60,67,574,890,1183,1422,1644,1652,1689,1666,1651,1657,1657,1652,1654,1647,1649,1660,1669,1669,1662,1679,1670,1666,1661,1664,1637,1644,1647,1666,1635,1663,1670,1658,1656,1649,1660,1658
51,30,46,53,41,44,37,34,57,56,39,51,41,36,46,49,26,69,53,29,49,35,34,50,57,55,40,788,1235,1641,1975,2313,2592,2611,2605,2630,2634,2612,2625,2593,2615,2616,2620,2630,2617,2632,2631,2583,2617,2633
39,42,17,35,53,27,40,51,52,26,33,51,25,25,35,1112,1820,2378,2922,3414,3872,3872,3860,3872,3847,3895,3865,3873,3878,3871,3881,3872,3874,3861,3885,3885,3885,3883,3861,3887,3880,3877,3892,3867,3877,3877,3867,3889,3885,3892
29,26,52,41,45,23,33,44,53,44,45,28,33,47,60,31,36,37,40,50,33,31,52,40,64,39,34,60,29,48,30,35,24,55,45,851,1318,1731,2104,2482,2785,3135,3408,3701,3704,3706,3700,3708,3738,3707
26,16,11,10,11,0,15,0,26,14,9,18,36,32,6,3,11,13,4,8,0,15,10,33,11,1,10,36,15,3,15,19,1272,2021,2699,3327,3868,3871,3871,3840,3872,3860,3864,3899,3860,3892,3871,3864,3870,3849
42,43,49,58,36,66,32,43,47,43,82,45,78,53,46,58,62,65,75,61,69,70,60,47,58,83,59,46,63,42,56,70,80,900,1437,1900,2309,2681,3058,3397,3709,4027,4015,4011,4048,4034,4014,4014,4036,4031
14,32,48,23,7,3,21,21,30,30,24,28,33,38,34,21,48,33,38,39,23,888,1433,1892,2309,2698,3068,3407,3757,3749,3778,3754,3752,3764,3729,3742,3746,3778,3772,3730,3744,3748,3758,3762,3752,3757,3760,3728,3754,3763
25,24,35,25,6,32,30,31,34,26,23,31,21,24,18,25,38,20,11,27,36,46,26,22,19,12,34,14,35,35,31,1224,1926,2594,3136,3678,3684,3668,3668,3686,3696,3673,3684,3684,3648,3676,3679,3661,3666,3681
31,19,8,31,36,19,17,0,21,1,29,14,16,493,789,1039,1278,1517,1692,1890,1883,1883,1900,1875,1864,1880,1904,1897,1873,1889,1880,1868,1870,1877,1894,1895,1889,1888,1872,1867,1890,1885,1879,1863,1901,1858,1870,1888,1869,1863
52,28,47,26,34,18,35,20,40,52,25,30,56,13,17,30,37,42,36,35,17,63,37,37,40,665,1051,1371,1682,1951,2242,2485,2715,2935,3170,3166,3158,3176,3148,3170,3169,3162,3140,3165,3161,3171,3179,3148,3155,3172
0,32,26,34,28,34,32,19,27,20,30,22,25,41,40,33,11,43,30,30,0,26,17,34,14,25,4,30,27,36,31,39,7,34,10,32,666,1062,1382,1716,1994,2235,2511,2744,2954,3181,3195,3194,3191,3193
5,15,0,0,5,20,34,19,26,0,9,1,22,11,16,9,17,30,17,29,16,33,10,13,24,18,36,10,17,13,15,5,927,1492,1988,2396,2824,3198,3206,3204,3172,3199,3200,3204,3201,3207,3193,3198,3200,3199
38,54,27,34,50,59,26,41,44,50,61,70,43,826,1308,1747,2117,2481,2806,3113,3428,3432,3417,3408,3402,3405,3412,3427,3424,3408,3428,3409,3424,3419,3404,3435,3409,3426,3424,3419,3410,3433,3417,3429,3420,3416,3422,3396,3430,3402
36,16,4,46,7,15,26,44,5,24,11,17,24,9,798,1294,1710,2108,2454,2790,3101,3401,3387,3388,3384,3388,3409,3393,3407,3390,3390,3389,3380,3395,3404,3397,3392,3387,3396,3390,3403,3388,3383,3421,3398,3386,3381,3401,3398,3404
51,30,48,33,63,34,41,22,35,24,39,61,46,54,33,44,66,22,50,44,29,43,29,34,35,35,890,1391,1808,2229,2584,2955,3286,3591,3893,3922,3893,3901,3899,3881,3892,3892,3898,3912,3890,3896,3892,3894,3884,3874
63,76,47,34,60,45,41,58,44,52,65,42,50,42,43,35,51,74,51,55,62,71,37,64,48,56,61,43,52,36,49,44,996,1587,2068,2541,2963,3349,3740,3707,3721,3713,3740,3705,3721,3697,3717,3728,3701,3735
23,29,7,18,21,14,21,17,34,22,32,13,27,17,21,17,35,37,18,29,11,23,38,5,26,48,25,27,30,38,27,20,3,12,11,14,688,1089,1442,1727,2025,2330,2295,2306,2280,2321,2296,2322,2275,2305
57,46,71,51,57,50,64,63,60,42,54,62,59,62,67,60,54,56,535,813,1056,1267,1474,1668,1860,2029,2199,2185,2201,2190,2190,2190,2198,2194,2187,2180,2189,2210,2197,2205,2216,2209,2196,2225,2187,2185,2213,2190,2195,2178
21,11,0,3,8,17,6,13,13,10,35,0,25,33,12,16,19,5,783,1266,1673,2053,2406,2420,2397,2406,2403,2407,2410,2410,2386,2399,2412,2383,2404,2418,2370,2415,2412,2402,2411,2411,2408,2420,2414,2391,2414,2394,2413,2399
0,2,26,22,15,0,9,20,14,5,9,8,19,20,16,2,8,36,7,9,23,5,22,25,6,0,25,6,457,709,937,1143,1324,1519,1514,1520,1533,1516,1534,1506,1507,1496,1498,1509,1502,1511,1517,1522,1519,1515
48,44,24,78,65,46,39,29,55,76,56,31,53,46,37,62,62,69,75,47,42,49,67,986,1563,2084,2504,2927,3317,3679,4066,4058,4073,4073,4070,4045,4059,4048,4035,4043,4050,4050,4066,4070,4074,4054,4050,4040,4033,4048
33,34,40,29,36,47,54,47,45,52,34,40,44,33,49,56,27,557,861,1115,1367,1618,1801,2013,2214,2208,2195,2202,2206,2216,2223,2209,2212,2196,2208,2193,2230,2203,2189,2200,2209,2229,2218,2225,2190,2189,2225,2229,2203,2214
52,29,37,13,41,33,42,598,965,1255,1498,1781,2010,2222,2424,2417,2442,2428,2441,2427,2430,2433,2452,2416,2438,2435,2437,2445,2449,2449,2436,2428,2420,2433,2435,2440,2430,2431,2437,2428,2416,2443,2455,2434,2422,2445,2435,2438,2450,2436
51,47,41,23,43,33,45,20,31,30,6,20,44,9,46,54,38,31,20,27,22,33,31,670,1106,1458,1774,2051,2333,2604,2848,2852,2839,2861,2843,2852,2874,2831,2834,2844,2840,2842,2855,2844,2858,2856,2866,2839,2834,2840
63,64,67,45,45,40,43,59,33,45,52,42,50,61,59,56,41,57,58,49,47,47,50,36,47,54,60,45,81,867,1393,1817,2247,2611,2938,3284,3592,3918,3919,3927,3887,3905,3921,3912,3901,3917,3911,3916,3918,3923
62,66,60,56,49,61,67,58,65,36,59,53,76,60,51,54,59,43,69,73,40,63,59,73,67,42,37,71,57,909,1423,1904,2308,2697,3038,3027,3050,3042,3030,3020,3044,3038,3028,3037,3024,3014,3044,3044,3044,3024
53,22,51,37,47,77,30,83,49,59,48,43,70,57,48,48,53,70,51,55,46,46,59,66,417,626,836,1023,1194,1370,1500,1661,1795,1791,1814,1801,1807,1799,1804,1784,1766,1791,1774,1778,1827,1802,1788,1802,1799,1800
36,32,63,51,42,26,36,39,56,49,45,17,53,45,56,32,39,1192,1885,2497,3065,3575,4037,4052,4035,4061,4052,4054,4036,4061,4042,4068,4029,4043,4031,4040,4034,4019,4062,4057,4054,4028,4042,4036,4047,4036,4057,4031,4055,4046
15,46,31,27,15,11,16,23,23,28,20,7,21,38,37,1,15,44,50,5,41,46,19,20,56,11,19,15,1025,1692,2210,2717,3187,3608,3988,4001,3987,4000,3987,3994,3996,4024,3989,4018,4011,3989,4004,3987,3995,3998
47,68,48,46,45,40,39,49,52,31,52,50,31,55,35,10,515,822,1110,1319,1567,1769,1963,2161,2309,2494,2524,2519,2488,2490,2494,2502,2487,2527,2499,2506,2495,2492,2487,2497,2486,2502,2512,2481,2492,2497,2514,2510,2514,2499
55,56,65,56,46,44,65,51,48,656,1033,1367,1649,1899,2182,2397,2413,2414,2446,2410,2426,2432,2409,2412,2423,2416,2432,2408,2420,2430,2408,2445,2412,2416,2425,2420,2413,2427,2418,2429,2433,2415,2419,2420,2427,2401,2436,2417,2400,2439
43,65,82,61,47,55,70,44,71,56,64,40,39,44,63,57,57,62,58,49,40,72,39,69,38,50,57,57,70,62,51,67,55,61,60,35,828,1315,1717,2107,2439,2749,3094,3379,3660,3678,3666,3657,3655,3673
4,36,8,0,0,23,19,0,6,20,13,25,26,0,7,11,15,0,11,0,9,11,8,12,4,0,5,11,12,894,1523,2003,2456,2853,3229,3612,3986,3965,3954,3969,3980,3962,3961,3961,3978,3938,3966,3952,3965,3972
56,56,44,67,49,39,36,44,66,50,57,49,42,58,59,65,62,55,51,49,32,61,45,61,33,45,52,68,46,67,67,51,57,47,52,1260,1987,2627,3215,3741,3758,3748,3766,3768,3758,3754,3749,3752,3764,3750
44,43,41,38,36,31,16,26,36,20,45,30,22,36,39,24,21,34,26,21,11,14,425,682,894,1128,1319,1462,1646,1792,1803,1799,1792,1793,1785,1786,1780,1807,1783,1781,1800,1800,1788,1785,1771,1804,1788,1788,1798,1791
43,57,67,14,36,55,76,38,59,64,64,53,63,66,44,52,31,51,51,73,50,32,61,53,37,60,73,895,1437,1844,2254,2607,2942,3310,3313,3314,3299,3290,3292,3314,3317,3308,3320,3317,3311,3297,3275,3295,3298,3300
26,0,20,0,7,0,6,11,21,11,35,11,7,9,7,32,41,18,0,0,25,22,7,5,19,22,18,9,22,28,441,726,985,1185,1377,1564,1757,1891,1904,1923,1935,1912,1895,1906,1893,1902,1913,1904,1914,1918
8,23,21,10,57,33,30,11,22,47,0,45,36,10,27,45,44,27,524,836,1102,1351,1564,1772,1958,2154,2331,2515,2538,2523,2516,2513,2511,2529,2529,2521,2522,2534,2519,2508,2527,2526,2513,2532,2537,2514,2543,2506,2545,2509
50,38,45,44,71,69,43,47,55,56,72,72,80,905,1440,1882,2291,2666,3009,3016,3033,3020,3036,3016,3017,3024,3040,3015,3007,3031,3021,3020,3025,3011,3024,3052,3037,3026,3033,3021,3018,3044,3008,3047,3032,3039,3020,3027,3023,3026
68,41,69,52,59,61,53,50,65,64,54,59,61,62,58,76,49,39,76,59,74,51,59,480,709,925,1118,1279,1458,1607,1625,1615,1624,1597,1631,1635,1625,1604,1623,1610,1608,1621,1626,1616,1602,1593,1608,1625,1628,1629
0,13,22,17,34,0,20,0,2,12,17,9,3,29,15,0,0,18,14,17,11,16,31,6,9,7,9,0,23,18,6,766,1209,1604,1956,2281,2590,2909,3154,3453,3448,3439,3451,3456,3437,3454,3437,3463,3462,3456
56,42,62,41,55,47,60,50,46,37,66,46,45,63,64,36,714,1146,1515,1832,2130,2402,2690,2966,3209,3430,3427,3445,3427,3429,3407,3453,3416,3426,3419,3452,3406,3431,3425,3420,3434,3439,3432,3424,3437,3434,3437,3434,3431,3413
32,56,9,39,46,32,41,43,47,34,21,25,46,25,32,43,25,23,37,37,51,807,1296,1729,2090,2422,2764,3077,3366,3651,3661,3666,3659,3646,3675,3669,3665,3654,3650,3663,3669,3652,3666,3675,3652,3649,3652,3656,3655,3630
11,40,15,47,45,12,31,15,17,481,779,986,1201,1433,1620,1789,1954,2133,2276,2263,2276,2308,2279,2267,2296,2292,2289,2301,2292,2289,2288,2270,2293,2281,2295,2280,2299,2283,2291,2271,2284,2306,2282,2299,2280,2302,2310,2292,2286,2308
22,13,0,17,0,3,14,24,35,0,20,526,830,1132,1379,1606,1824,2030,2238,2427,2599,2612,2604,2600,2602,2601,2595,2616,2594,2615,2592,2605,2593,2577,2603,2598,2607,2616,2607,2620,2635,2577,2605,2580,2589,2604,2619,2624,2622,2608
24,37,25,30,33,28,11,60,28,20,25,32,40,42,4,24,12,54,38,8,39,36,39,40,33,42,19,41,480,745,1001,1193,1399,1596,1781,1753,1780,1752,1757,1763,1767,1758,1770,1794,1773,1769,1767,1753,1759,1756
16,20,18,3,9,13,22,9,26,8,32,34,0,18,26,22,7,0,10,20,9,24,17,33,936,1536,2022,2460,2874,3272,3622,4001,3996,3979,3997,3997,3999,3999,4004,3999,3991,3982,4006,3981,3990,4008,3986,3990,4001,3996
61,59,64,45,60,73,49,62,53,53,54,50,37,38,50,43,62,59,60,46,57,62,63,52,44,74,70,58,52,81,41,608,984,1245,1541,1755,2009,2249,2473,2663,2874,2849,2876,2857,2867,2875,2852,2835,2873,2872
5,38,17,18,28,11,0,45,13,18,14,24,11,15,24,20,33,29,3,15,11,32,22,38,55,26,12,45,29,9,17,17,20,2,21,678,1101,1414,1744,2056,2326,2568,2804,3051,3293,3317,3324,3298,3300,3302
34,28,36,39,38,20,42,56,43,30,53,16,41,35,33,38,44,26,640,1020,1330,1637,1893,2141,2376,2627,2823,3076,3078,3047,3068,3071,3081,3053,3094,3062,3042,3051,3054,3055,3073,3062,3073,3050,3061,3066,3055,3052,3060,3069
37,16,25,30,23,4,37,19,23,10,565,917,1216,1498,1759,1992,2230,2230,2223,2228,2204,2224,2226,2209,2198,2198,2212,2214,2234,2222,2201,2217,2213,2215,2190,2219,2205,2220,2234,2191,2206,2218,2199,2229,2188,2210,2203,2202,2206,2203
32,0,25,12,35,24,9,21,13,35,0,23,14,400,637,856,1019,1198,1356,1522,1536,1516,1530,1509,1506,1519,1516,1530,1509,1502,1526,1551,1524,1506,1514,1506,1505,1515,1515,1502,1506,1515,1535,1519,1510,1519,1532,1519,1533,1500
46,30,31,37,22,47,31,52,13,28,35,9,15,33,21,44,43,31,27,36,31,49,39,25,31,14,49,29,39,32,46,51,50,44,17,27,835,1347,1809,2175,2584,2569,2552,2588,2572,2552,2554,2570,2560,2585
52,45,38,44,27,41,21,53,42,58,35,55,35,37,25,53,57,42,18,31,58,39,47,62,45,72,61,47,43,51,57,29,61,56,54,1188,1892,2485,3032,3543,3550,3550,3563,3562,3580,3546,3567,3552,3546,3561
33,29,31,16,20,9,9,8,16,14,27,23,39,7,15,37,24,5,881,1396,1868,2275,2655,3027,3374,3686,4017,4010,4012,4028,4022,4005,4023,4013,4016,3998,4033,4004,4006,4018,4027,4018,4012,4011,4007,4016,4006,4009,4007,4029
35,85,44,32,49,51,39,50,46,49,49,40,51,35,67,61,43,37,43,43,66,66,40,67,39,51,526,860,1104,1355,1574,1823,1979,2193,2373,2535,2539,2545,2543,2580,2534,2528,2546,2526,2515,2523,2540,2539,2521,2530
33,48,29,24,41,33,19,36,28,27,36,41,25,28,39,44,17,3,45,32,57,31,42,15,32,20,34,27,23,22,32,17,34,12,27,17,392,636,823,985,1142,1312,1461,1581,1711,1860,1876,1861,1836,1836
39,16,0,23,15,15,14,28,17,24,16,32,54,39,29,653,1019,1349,1660,1915,2189,2443,2676,2881,2906,2884,2909,2885,2907,2878,2888,2868,2889,2885,2891,2890,2900,2888,2914,2891,2877,2904,2897,2896,2887,2871,2880,2888,2911,2876
51,52,47,39,50,43,47,59,55,72,66,41,44,34,43,50,52,1008,1613,2121,2566,3009,3414,3770,3778,3804,3772,3778,3780,3791,3787,3799,3786,3781,3771,3777,3800,3774,3805,3817,3800,3782,3782,3796,3787,3771,3795,3774,3793,3786
42,45,46,40,12,38,36,37,32,34,49,34,944,1515,2009,2447,2856,3239,3234,3233,3228,3236,3209,3220,3236,3232,3213,3239,3220,3218,3225,3224,3225,3222,3225,3247,3248,3238,3256,3236,3250,3217,3252,3224,3237,3227,3232,3226,3240,3219
61,38,48,58,54,26,42,35,31,50,27,32,43,47,30,11,13,46,33,37,908,1466,1925,2355,2742,3084,3435,3753,3782,3791,3777,3776,3791,3799,3786,3770,3771,3774,3785,3774,3783,3803,3771,3784,3775,3787,3779,3775,3763,3779
43,30,22,40,36,58,22,23,56,26,30,37,16,38,38,26,45,44,31,0,46,36,45,49,26,43,23,15,36,39,4,19,821,1311,1740,2092,2472,2777,3113,3419,3392,3401,3397,3390,3424,3423,3405,3411,3417,3402
36,41,31,2,29,13,34,53,32,53,13,16,24,22,13,32,39,0,36,20,36,29,15,19,20,25,19,714,1162,1531,1852,2158,2435,2730,2994,2966,2986,3007,2985,3028,3019,3012,2990,3001,3002,2996,2991,2995,2997,2996
10,1,6,5,23,19,16,9,4,13,27,8,4,11,0,11,25,10,22,0,8,0,4,25,4,6,13,18,0,25,26,9,11,0,5,509,837,1122,1382,1587,1817,1794,1797,1790,1791,1813,1795,1795,1787,1809
19,37,23,49,42,23,24,30,27,590,888,1196,1444,1707,1951,2152,2147,2159,2163,2161,2164,2136,2141,2169,2161,2158,2161,2170,2126,2165,2134,2153,2143,2135,2165,2158,2139,2148,2145,2143,2149,2163,2152,2132,2153,2150,2150,2146,2162,2134
30,35,7,16,10,4,32,2,0,17,0,1,9,13,17,2,31,700,1109,1471,1823,2112,2403,2662,2935,3189,3176,3182,3193,3183,3195,3191,3181,3164,3194,3193,3177,3177,3204,3188,3205,3186,3197,3163,3188,3194,3188,3203,3189,3175
11,0,10,46,5,37,21,10,25,25,5,10,0,33,34,495,794,1042,1306,1533,1503,1530,1508,1516,1508,1513,1511,1528,1510,1486,1496,1518,1512,1517,1503,1501,1504,1506,1506,1508,1503,1494,1507,1509,1510,1518,1509,1511,1500,1524
16,40,43,28,39,27,40,34,7,52,18,26,50,35,41,46,25,465,745,1013,1224,1396,1592,1758,1762,1765,1779,1769,1751,1753,1766,1798,1759,1765,1792,1770,1776,1787,1780,1765,1766,1790,1746,1782,1782,1761,1786,1762,1764,1768
36,44,44,48,41,53,25,43,36,22,48,40,59,59,28,35,37,64,57,45,50,56,63,58,39,43,1197,1926,2572,3128,3654,3649,3641,3633,3642,3656,3651,3655,3647,3636,3646,3634,3645,3649,3646,3629,3631,3653,3645,3677
16,7,14,0,40,22,21,15,13,24,4,20,11,0,0,25,18,14,0,607,1012,1319,1633,1901,2146,2404,2623,2858,2847,2860,2851,2852,2838,2823,2857,2856,2845,2869,2849,2857,2839,2860,2868,2842,2844,2845,2843,2849,2861,2846
3,32,19,17,5,19,35,12,14,16,21,28,26,0,782,1229,1645,1997,2343,2334,2338,2346,2346,2345,2355,2345,2339,2331,2345,2360,2360,2339,2325,2345,2341,2334,2314,2339,2338,2320,2334,2351,2330,2333,2344,2318,2338,2323,2324,2316
17,13,30,27,9,12,38,34,11,44,4,14,19,34,40,37,35,31,42,26,853,1372,1804,2193,2558,2877,3225,3528,3519,3525,3528,3524,3536,3543,3533,3529,3535,3526,3517,3533,3524,3542,3554,3543,3518,3542,3541,3551,3538,3536
76,50,48,66,49,41,49,60,50,32,42,44,33,60,45,622,1003,1270,1554,1814,1801,1812,1798,1789,1828,1827,1806,1802,1790,1830,1793,1789,1799,1814,1816,1797,1800,1820,1821,1820,1813,1820,1794,1803,1781,1792,1831,1808,1802,1827
33,31,13,12,15,1,13,27,15,33,11,16,457,765,1011,1238,1424,1623,1812,2007,1996,1983,1999,1966,1986,1996,1974,1994,1996,1985,1974,1996,1993,2022,1985,2004,1995,1975,1994,2012,1973,1984,1989,1991,1978,1970,2003,1995,1988,1987
48,53,40,55,37,41,62,43,22,41,56,41,45,62,70,51,33,35,35,63,53,49,39,53,45,31,51,42,92,63,47,53,65,25,944,1519,2014,2440,2848,2851,2847,2848,2844,2843,2840,2816,2841,2826,2830,2842
34,58,49,33,45,45,27,49,42,43,39,52,59,60,44,58,37,20,26,44,42,35,30,22,59,42,45,35,53,38,36,695,1048,1425,1732,1991,2268,2527,2776,2990,2995,2994,2989,3011,3008,2993,3008,2996,2999,3004
20,59,38,36,31,31,16,23,34,37,20,24,22,21,41,62,35,32,31,27,10,11,18,27,32,48,44,12,33,24,819,1318,1731,2130,2464,2814,3140,3121,3130,3121,3121,3134,3113,3120,3143,3138,3118,3131,3126,3130
23,45,65,60,65,59,45,40,66,53,59,58,48,47,38,56,51,64,60,40,33,886,1408,1860,2253,2611,2622,2622,2617,2611,2618,2637,2626,2629,2631,2615,2641,2645,2614,2639,2615,2614,2624,2615,2621,2631,2639,2608,2616,2622
30,39,49,24,9,6,31,24,14,30,9,3,21,18,30,29,21,26,48,25,29,31,906,1474,1966,2406,2780,2792,2790,2793,2765,2789,2810,2788,2790,2779,2799,2785,2812,2822,2792,2781,2806,2812,2810,2802,2795,2781,2798,2791
13,27,18,39,29,43,26,34,34,30,26,11,14,25,0,6,22,23,10,17,19,25,14,35,19,8,1290,2066,2780,3378,3940,3942,3951,3939,3952,3951,3944,3949,3937,3925,3922,3941,3947,3939,3939,3918,3945,3929,3944,3912
25,48,30,23,31,5,36,0,16,10,21,32,27,19,29,52,39,31,26,9,22,40,40,15,17,14,20,5,40,23,10,933,1498,1998,2429,2840,3197,3568,3574,3576,3558,3552,3577,3586,3579,3573,3574,3579,3571,3577
52,26,66,52,42,63,42,63,58,44,35,78,49,42,70,46,32,64,36,31,46,61,55,55,81,63,53,53,30,39,77,60,767,1199,1576,1911,2233,2556,2552,2557,2552,2555,2547,2551,2544,2555,2524,2539,2544,2576
0,29,3,19,0,0,19,17,0,19,6,27,1,29,8,22,19,8,39,19,6,22,0,10,11,1087,1792,2365,2876,3356,3811,3815,3826,3818,3807,3836,3829,3817,3819,3825,3818,3818,3821,3815,3807,3819,3820,3827,3840,3828
47,47,63,80,68,53,33,40,51,49,48,59,49,31,70,71,58,74,44,44,56,69,47,31,59,57,64,79,510,816,1092,1323,1518,1705,1877,2063,2242,2413,2401,2425,2414,2399,2410,2436,2392,2394,2407,2410,2407,2407
30,29,30,37,44,37,1028,1681,2187,2690,3140,3147,3138,3152,3155,3144,3138,3132,3138,3131,3125,3165,3142,3144,3121,3150,3148,3141,3147,3160,3142,3152,3151,3129,3157,3145,3142,3157,3144,3141,3146,3152,3137,3141,3144,3131,3146,3131,3149,3140
16,24,17,49,3,0,0,10,10,18,20,19,10,7,8,16,13,17,27,0,0,4,0,1,0,14,11,14,20,13,26,17,7,2,1132,1835,2436,2964,3485,3473,3490,3476,3470,3465,3466,3484,3463,3477,3454,3482
40,44,48,68,48,39,46,62,48,54,41,55,45,40,47,22,54,56,62,49,33,47,56,56,30,45,46,42,35,41,58,32,44,778,1213,1570,1883,2248,2538,2827,3091,3079,3094,3106,3095,3104,3109,3079,3084,3094
53,29,64,44,60,48,40,63,50,47,64,44,46,61,693,1060,1424,1728,1997,2261,2516,2520,2521,2504,2529,2527,2533,2536,2518,2507,2537,2516,2501,2490,2517,2541,2510,2517,2509,2522,2509,2520,2528,2518,2528,2526,2520,2514,2523,2521
6,15,29,25,10,47,20,22,17,2,30,28,20,20,31,30,18,38,17,29,491,776,989,1217,1409,1602,1789,1967,2127,2121,2122,2122,2133,2121,2145,2124,2132,2141,2109,2131,2135,2132,2116,2096,2135,2113,2135,2127,2127,2140
6,37,14,27,13,29,52,36,37,50,17,40,20,15,19,12,30,37,23,33,396,625,833,999,1179,1336,1477,1623,1743,1884,1890,1890,1903,1872,1912,1903,1864,1890,1897,1878,1889,1887,1893,1896,1902,1897,1876,1890,1910,1874
38,12,11,11,3,23,783,1279,1683,2056,2399,2722,2739,2735,2727,2733,2716,2723,2713,2726,2729,2717,2728,2718,2734,2737,2720,2732,2719,2729,2711,2710,2713,2713,2708,2699,2729,2731,2712,2720,2733,2726,2731,2735,2724,2725,2716,2708,2735,2743
38,37,62,37,49,48,27,39,57,598,940,1267,1521,1762,1987,2222,2435,2646,2660,2646,2658,2649,2642,2635,2630,2646,2653,2629,2646,2645,2649,2643,2640,2642,2639,2659,2637,2646,2645,2645,2659,2643,2646,2655,2653,2658,2631,2633,2636,2650
17,30,18,11,11,4,24,14,11,23,23,8,24,13,8,5,14,10,6,12,0,943,1523,2042,2513,2935,3318,3694,3712,3704,3693,3694,3687,3692,3671,3718,3688,3675,3679,3706,3700,3699,3676,3680,3693,3687,3687,3695,3685,3682
76,56,62,31,62,56,507,798,1070,1287,1471,1684,1885,2078,2234,2221,2212,2238,2245,2217,2221,2207,2214,2220,2229,2222,2239,2232,2205,2197,2214,2230,2246,2235,2241,2241,2245,2231,2247,2215,2213,2237,2232,2237,2241,2218,2227,2200,2237,2239
10,28,40,21,23,38,19,28,21,28,32,22,16,31,24,15,55,0,26,15,1332,2147,2849,3497,4053,4079,4052,4082,4074,4067,4063,4050,4059,4059,4052,4075,4074,4052,4069,4072,4058,4054,4072,4070,4069,4044,4071,4083,4060,4075
49,39,58,48,52,32,34,54,40,67,51,31,28,915,1477,1917,2347,2757,3129,3428,3766,3776,3786,3788,3778,3778,3777,3793,3808,3788,3770,3799,3795,3798,3750,3794,3782,3793,3764,3782,3790,3777,3769,3799,3794,3794,3783,3774,3797,3785
11,30,19,12,21,4,9,30,20,19,28,39,32,32,33,11,11,14,36,9,25,9,4,1,17,10,915,1443,1891,2319,2697,2725,2704,2706,2718,2722,2694,2720,2711,2706,2733,2704,2722,2709,2730,2713,2726,2715,2692,2723
37,52,58,55,21,57,33,48,43,37,56,44,40,59,52,35,48,39,52,21,40,54,69,37,36,33,41,670,1093,1439,1726,2026,2303,2540,2801,3015,3268,3250,3267,3249,3263,3248,3247,3269,3267,3269,3270,3244,3267,3259
34,15,14,35,14,13,30,10,25,12,21,12,35,30,21,32,14,39,17,38,5,20,5,9,16,32,13,28,41,879,1446,1909,2299,2705,3098,3451,3761,4086,4088,4095,4085,4095,4095,4095,4095,4092,4069,4084,4076,4095
53,38,53,51,47,52,67,45,50,47,66,46,57,52,57,52,50,38,62,39,69,55,44,47,57,62,32,45,38,37,28,47,39,47,45,48,823,1324,1743,2131,2443,2798,3098,3096,3113,3118,3087,3105,3136,3128
15,16,7,35,13,37,15,46,18,32,12,33,35,22,15,11,10,32,15,30,31,14,26,17,29,20,18,24,15,18,11,579,956,1250,1534,1783,2031,2040,2034,2045,2040,2032,2008,2019,2048,2019,1997,2031,2022,2047
55,68,57,51,62,49,58,61,50,56,42,59,41,72,65,576,879,1113,1337,1575,1560,1577,1576,1552,1582,1571,1561,1560,1569,1540,1580,1557,1568,1564,1562,1548,1591,1566,1568,1535,1550,1558,1573,1564,1576,1559,1577,1567,1586,1565
38,64,54,64,67,54,65,42,62,58,682,1088,1408,1699,2013,2255,2537,2783,2993,2983,2969,3010,2983,3016,2987,2988,2981,3003,3001,3006,2980,2997,3020,2994,2994,2993,2986,2988,2981,2990,2999,3001,3003,2995,2985,2979,2998,2989,2986,2998
44,57,54,45,44,65,54,62,66,931,1470,1918,2337,2745,3098,3440,3422,3462,3438,3414,3440,3431,3465,3434,3436,3434,3442,3434,3433,3440,3431,3447,3424,3420,3422,3437,3436,3430,3457,3431,3433,3450,3443,3440,3420,3435,3436,3448,3462,3428
49,34,16,12,13,32,36,15,21,26,4,8,24,51,39,21,638,1017,1361,1658,1922,2183,2438,2675,2898,3111,3093,3113,3126,3157,3113,3129,3113,3111,3113,3114,3108,3115,3114,3100,3096,3125,3113,3111,3099,3135,3124,3119,3110,3119
33,39,28,28,45,25,54,39,36,58,28,58,38,35,16,37,55,59,451,694,918,1116,1276,1465,1635,1789,1942,2089,2075,2061,2080,2092,2083,2079,2088,2071,2099,2107,2084,2070,2091,2079,2072,2084,2078,2079,2082,2089,2073,2056
31,24,18,34,20,0,14,932,1500,2001,2438,2861,2863,2859,2868,2870,2868,2838,2876,2882,2891,2863,2862,2849,2873,2869,2861,2865,2876,2866,2874,2875,2867,2859,2865,2863,2870,2861,2858,2846,2862,2865,2861,2875,2860,2861,2873,2842,2837,2861
24,32,29,46,23,8,30,37,28,40,32,39,24,360,549,694,852,1014,1140,1277,1377,1484,1505,1505,1504,1503,1481,1512,1518,1501,1502,1477,1486,1494,1471,1493,1521,1502,1511,1491,1511,1504,1480,1495,1482,1485,1506,1484,1524,1511
0,22,24,14,11,13,0,12,22,4,0,6,33,13,14,30,0,669,1060,1371,1702,1995,2259,2493,2749,2987,2991,3024,2994,3011,2984,3003,3001,3005,2993,2996,2977,2979,2994,3019,3019,3004,3004,3010,2983,2980,3004,2993,2989,2992
11,0,0,30,7,13,0,16,7,28,21,2,21,2,0,28,0,33,12,0,12,8,0,20,8,950,1529,2019,2458,2888,3277,3655,3670,3639,3655,3665,3666,3658,3641,3650,3664,3665,3658,3664,3680,3679,3663,3666,3656,3654
24,22,16,22,0,23,37,14,27,15,21,32,27,23,16,14,14,30,20,27,3,25,17,24,39,19,13,26,32,18,24,13,16,11,703,1147,1511,1831,2138,2410,2733,2706,2699,2720,2733,2754,2726,2717,2723,2718
48,44,47,41,51,32,42,36,56,19,47,8,41,44,46,63,16,43,37,43,35,26,47,47,807,1287,1705,2056,2389,2705,3027,3002,2991,3024,2995,3021,3027,3011,3016,3035,3031,2980,3008,3005,3011,3010,3018,3014,3001,3005
9,20,18,27,42,15,13,34,12,12,8,0,28,24,21,32,27,18,15,25,7,1106,1779,2364,2882,3356,3350,3352,3340,3363,3359,3361,3362,3368,3369,3345,3361,3365,3370,3365,3363,3353,3354,3362,3342,3358,3361,3358,3363,3336
42,38,8,18,16,11,20,25,31,8,0,12,25,23,24,6,23,16,27,15,1,13,7,22,22,29,4,0,2,35,3,9,41,2,947,1486,1983,2412,2835,3192,3221,3213,3209,3196,3193,3203,3206,3217,3200,3204
40,13,8,34,23,28,27,28,18,27,20,14,700,1154,1516,1859,2154,2437,2449,2436,2448,2462,2454,2443,2458,2443,2458,2423,2428,2451,2448,2440,2469,2454,2439,2438,2450,2456,2462,2460,2468,2430,2430,2472,2465,2440,2451,2450,2466,2459
62,45,40,58,46,52,68,56,47,30,931,1452,1910,2343,2726,3088,3428,3776,3764,3758,3766,3776,3757,3769,3760,3774,3763,3771,3783,3746,3769,3767,3775,3756,3762,3764,3772,3771,3756,3764,3750,3767,3760,3757,3760,3768,3771,3756,3762,3767
48,36,33,56,63,66,68,52,41,65,50,53,36,49,69,29,61,48,43,48,60,45,49,64,57,80,52,64,62,34,53,43,1142,1824,2388,2954,3439,3446,3452,3421,3458,3445,3465,3462,3439,3416,3432,3446,3421,3424
7,21,18,41,33,31,27,10,23,14,18,43,530,839,1129,1350,1587,1593,1591,1571,1598,1578,1613,1604,1578,1582,1586,1598,1603,1592,1604,1593,1584,1575,1593,1587,1597,1597,1569,1592,1597,1581,1595,1593,1598,1593,1593,1611,1597,1597
25,29,3,11,15,5,13,11,6,8,3,3,0,6,0,6,758,1265,1640,2009,2351,2696,2983,3277,3572,3548,3542,3544,3551,3538,3561,3530,3547,3535,3558,3551,3557,3530,3537,3556,3555,3557,3530,3527,3549,3530,3555,3545,3521,3548
25,27,13,37,21,26,33,18,22,24,31,14,46,20,35,23,18,31,22,21,17,13,30,28,812,1319,1730,2147,2510,2825,3150,3458,3747,3747,3746,3747,3750,3766,3762,3775,3754,3758,3765,3762,3759,3743,3733,3768,3735,3753
43,22,26,38,24,40,55,33,28,13,36,31,36,36,38,30,19,14,44,959,1523,2031,2473,2883,3284,3662,4004,4005,4007,4014,4011,4010,4007,3989,4007,4017,4016,3998,4016,3992,4008,4012,4032,4002,4011,4016,4020,4003,4012,3990
38,63,31,37,39,54,36,35,45,39,54,48,55,49,42,58,46,60,49,23,25,51,40,52,65,50,45,34,30,53,55,1184,1913,2512,3078,3618,4067,4086,4075,4070,4095,4081,4090,4068,4055,4075,4078,4090,4084,4085
60,65,43,58,56,43,99,36,43,51,48,22,58,40,61,45,36,39,47,48,68,52,59,39,40,64,55,58,38,56,62,45,63,32,51,55,1047,1724,2266,2745,3194,3215,3192,3196,3208,3192,3205,3209,3174,3198
11,15,26,10,12,5,44,41,27,23,9,24,14,810,1324,1766,2130,2491,2814,3139,3446,3719,4025,4024,4018,4022,4006,4010,4019,4010,4031,4008,4008,4030,3998,4001,4015,4008,4031,3993,4029,4008,4038,4033,4027,4019,4028,4012,4013,4038
66,41,63,50,36,64,77,68,58,59,40,42,55,1292,2047,2707,3294,3834,3855,3842,3859,3847,3865,3846,3847,3845,3869,3854,3849,3847,3848,3844,3843,3850,3845,3859,3873,3858,3861,3844,3858,3848,3846,3841,3835,3839,3864,3826,3867,3847
43,50,37,64,40,44,43,12,74,39,70,61,34,38,60,54,30,43,63,49,39,58,66,46,18,42,61,48,78,54,429,688,899,1087,1265,1439,1580,1724,1875,1846,1870,1853,1879,1885,1861,1869,1873,1867,1875,1884
27,13,15,16,11,25,30,6,2,13,19,12,0,18,36,28,18,0,29,23,7,0,7,5,40,0,0,27,21,0,28,17,23,672,1069,1438,1732,2038,2307,2556,2811,3043,3269,3264,3293,3294,3268,3306,3257,3276
41,54,58,44,35,50,30,74,42,64,37,77,44,38,49,55,40,70,44,58,55,63,65,53,62,55,69,37,32,66,56,67,76,46,57,850,1327,1771,2144,2520,2842,3173,3485,3759,3786,3767,3797,3760,3754,3801
26,0,15,17,17,9,41,27,9,7,8,1,15,6,0,1,0,23,3,12,14,13,17,24,26,35,17,31,25,17,1176,1878,2522,3059,3560,4027,4038,4047,4024,4020,4053,4050,4039,4053,4027,4025,4033,4034,4036,4055
51,18,52,58,42,24,15,37,40,40,387,583,780,935,1079,1190,1316,1477,1621,1745,1712,1722,1696,1737,1723,1711,1718,1718,1748,1699,1710,1706,1717,1716,1725,1713,1713,1721,1714,1703,1732,1722,1716,1710,1711,1735,1710,1710,1714,1731
5,35,5,9,18,13,14,22,6,17,11,0,0,0,15,7,42,0,7,0,30,19,16,4,10,7,42,25,450,735,952,1160,1364,1568,1740,1896,2072,2089,2070,2067,2098,2088,2091,2092,2058,2081,2069,2090,2079,2082
30,29,19,38,45,46,28,37,39,55,36,31,16,21,27,47,22,53,4,17,53,35,49,0,23,33,65,34,33,22,5,23,34,54,28,872,1394,1827,2243,2622,2967,3291,3630,3623,3599,3640,3610,3596,3620,3627
49,46,65,25,49,64,56,66,51,49,47,45,53,38,73,50,50,44,52,39,56,66,57,557,882,1130,1368,1591,1794,1993,2183,2215,2205,2211,2198,2205,2183,2199,2204,2189,2213,2201,2185,2202,2191,2198,2209,2196,2188,2187
39,53,47,29,30,49,61,35,22,40,34,40,47,62,19,39,5,44,52,41,32,58,42,42,51,50,24,50,46,27,49,58,660,1051,1389,1684,1962,2198,2462,2689,2704,2684,2703,2700,2692,2714,2705,2720,2692,2690
53,55,54,49,50,25,58,39,37,45,27,46,42,971,1522,2007,2468,2855,3252,3234,3246,3239,3226,3240,3221,3234,3224,3242,3222,3226,3239,3212,3244,3232,3242,3240,3245,3230,3246,3245,3216,3236,3238,3239,3233,3220,3227,3251,3198,3236
10,9,44,16,0,32,11,22,0,13,2,24,5,10,8,12,27,24,30,27,0,14,6,13,6,497,734,993,1238,1440,1643,1798,1980,2153,2306,2327,2314,2316,2320,2330,2325,2318,2323,2317,2328,2312,2330,2327,2296,2298
23,22,37,35,22,21,28,25,28,34,28,20,30,27,21,35,23,49,27,25,17,18,15,9,32,28,36,18,12,12,1,26,461,772,1011,1232,1444,1637,1827,2004,1990,2013,2002,2000,1970,1981,1991,2006,1982,1994
24,19,37,24,48,37,46,26,29,13,29,22,24,32,19,29,46,981,1569,2105,2559,2994,3408,3382,3377,3374,3377,3369,3388,3380,3373,3387,3383,3394,3393,3398,3378,3398,3417,3395,3380,3403,3392,3384,3378,3379,3392,3381,3389,3394
42,50,48,51,48,55,44,43,78,60,48,35,39,56,69,67,47,58,50,71,34,40,726,1172,1537,1863,2147,2175,2173,2174,2167,2197,2195,2190,2185,2173,2181,2158,2199,2180,2176,2173,2164,2189,2152,2183,2195,2197,2155,2177
46,64,54,58,68,53,79,50,41,52,67,62,66,49,59,65,44,62,39,58,56,35,42,80,66,42,70,1197,1897,2532,3077,3585,4038,4038,4034,4060,4014,4041,4038,4031,4043,4047,4045,4036,4056,4042,4047,4030,4054,4023
50,34,60,37,51,26,48,64,44,54,27,34,24,50,54,64,62,48,79,46,61,38,997,1598,2125,2588,3011,3417,3808,3772,3792,3797,3796,3803,3827,3799,3812,3775,3804,3795,3820,3789,3787,3789,3790,3803,3795,3792,3821,3784
34,53,37,18,65,30,59,37,32,55,61,44,727,1154,1506,1857,2116,2413,2673,2697,2678,2690,2690,2712,2666,2696,2693,2687,2681,2697,2687,2703,2668,2706,2683,2693,2702,2712,2666,2699,2674,2699,2690,2674,2671,2706,2702,2676,2686,2677
50,65,59,55,38,46,43,549,892,1138,1379,1625,1830,1818,1830,1822,1825,1826,1824,1825,1825,1833,1818,1816,1822,1842,1831,1818,1814,1845,1824,1819,1831,1824,1827,1804,1836,1838,1831,1838,1827,1839,1828,1810,1836,1839,1806,1827,1825,1808
40,37,42,58,33,32,33,44,28,24,37,37,21,40,42,20,43,47,32,35,36,38,35,46,29,31,46,28,33,26,45,26,44,36,818,1316,1768,2109,2478,2784,3113,3413,3693,3696,3697,3685,3724,3682,3698,3712
20,22,23,17,9,25,5,26,26,21,14,29,38,23,6,12,12,26,29,21,2,52,16,36,18,20,49,3,26,24,61,41,498,835,1092,1339,1522,1733,1954,2125,2295,2311,2303,2307,2299,2303,2318,2289,2308,2310
75,34,68,41,43,53,41,48,40,68,72,49,42,754,1204,1604,1946,2260,2555,2857,2832,2848,2843,2836,2843,2870,2840,2859,2881,2856,2852,2854,2832,2849,2859,2822,2848,2856,2840,2850,2839,2844,2839,2858,2852,2838,2858,2849,2863,2862
81,52,83,41,48,48,62,62,41,62,54,66,52,42,58,48,67,40,86,47,67,64,36,61,56,36,55,372,595,764,896,1087,1210,1339,1475,1601,1612,1575,1575,1601,1604,1594,1584,1608,1596,1582,1598,1598,1595,1590
41,47,59,40,61,46,63,62,30,50,60,50,37,56,26,61,60,47,46,50,57,43,50,61,51,39,41,54,43,32,54,50,66,53,46,37,800,1230,1653,2003,2332,2644,2918,3214,3498,3507,3483,3493,3485,3505
38,10,0,1,26,28,7,10,4,24,40,779,1228,1637,1987,2308,2646,2950,3228,3237,3232,3238,3243,3234,3259,3231,3221,3238,3218,3232,3248,3236,3229,3230,3251,3238,3210,3222,3234,3239,3243,3240,3212,3237,3245,3221,3221,3260,3245,3248
52,47,40,52,77,54,49,49,53,63,64,47,18,49,34,36,42,50,53,55,61,51,63,69,62,50,54,52,62,39,771,1216,1596,1921,2251,2538,2536,2564,2558,2549,2569,2573,2554,2555,2542,2531,2563,2547,2553,2551
8,51,20,37,26,4,23,7,12,31,29,39,32,44,39,12,11,10,31,38,9,805,1300,1713,2095,2438,2790,3087,3387,3697,3683,3679,3701,3683,3675,3665,3687,3684,3696,3671,3702,3704,3693,3694,3680,3683,3687,3682,3699,3701
36,11,22,42,12,25,20,10,12,23,28,19,19,12,22,9,20,30,26,11,45,30,27,23,25,35,12,18,17,20,45,720,1119,1480,1808,2151,2389,2682,2933,2951,2938,2923,2950,2951,2944,2960,2932,2919,2934,2970
16,31,13,19,12,22,30,41,30,19,3,24,10,4,26,15,30,14,39,4,30,19,25,23,22,26,1037,1690,2228,2723,3171,3595,4023,4027,4043,4011,4005,4030,4006,4018,4023,4007,4020,4007,4015,4013,4015,4021,4017,4026
32,21,32,34,41,41,50,70,44,40,27,46,40,45,37,42,36,33,43,28,33,59,38,20,50,11,51,25,1025,1616,2153,2603,3080,3090,3068,3067,3080,3068,3057,3060,3075,3067,3086,3090,3073,3063,3070,3068,3076,3070
16,34,37,27,14,23,37,16,577,905,1217,1487,1724,1963,2164,2387,2587,2605,2596,2597,2588,2588,2561,2591,2600,2587,2588,2614,2581,2595,2596,2604,2593,2595,2597,2576,2594,2585,2585,2583,2569,2611,2601,2584,2577,2598,2596,2616,2572,2578
21,22,44,25,34,11,35,52,27,28,28,31,35,23,851,1353,1810,2193,2566,2904,3233,3557,3531,3541,3567,3542,3540,3551,3546,3563,3548,3574,3553,3545,3546,3550,3545,3556,3548,3555,3554,3550,3559,3558,3533,3541,3547,3547,3568,3542
15,31,52,47,32,21,42,26,46,53,29,52,44,41,40,40,33,58,40,41,41,49,48,37,33,662,1006,1346,1626,1886,2154,2387,2633,2604,2630,2625,2624,2626,2606,2623,2612,2620,2614,2616,2625,2621,2610,2629,2631,2620
19,29,33,22,12,43,17,0,17,24,36,14,22,13,48,18,11,20,0,37,21,14,24,29,17,27,19,40,22,485,796,1060,1306,1520,1697,1926,2069,2267,2260,2277,2261,2263,2275,2271,2274,2246,2266,2262,2249,2268
51,32,41,35,37,22,43,37,37,45,47,552,881,1145,1371,1612,1828,2034,2236,2219,2241,2234,2233,2229,2224,2235,2236,2211,2257,2243,2212,2238,2219,2240,2243,2232,2216,2243,2214,2227,2249,2243,2222,2251,2228,2229,2217,2264,2221,2221
32,51,64,35,51,60,24,33,41,31,55,27,41,36,59,44,51,41,537,793,1077,1321,1509,1716,1696,1728,1693,1717,1706,1725,1725,1721,1712,1719,1716,1725,1735,1716,1693,1687,1720,1716,1714,1732,1700,1705,1719,1702,1713,1709
37,54,42,69,62,69,55,51,55,45,50,61,56,48,39,60,50,27,40,67,51,56,26,40,19,47,61,60,42,22,30,47,60,84,763,1166,1520,1871,2160,2459,2743,2741,2749,2756,2766,2741,2753,2746,2725,2749
0,30,15,17,10,23,0,0,24,2,13,9,5,19,11,6,4,11,33,19,22,26,26,23,34,22,7,11,11,27,6,4,996,1597,2084,2561,3011,3422,3822,3791,3811,3802,3808,3809,3829,3821,3807,3824,3801,3792
21,37,19,35,49,42,55,37,40,41,36,45,857,1396,1868,2268,2645,2660,2658,2651,2659,2667,2667,2648,2652,2677,2637,2632,2655,2671,2647,2652,2630,2661,2641,2639,2655,2646,2652,2641,2641,2678,2649,2634,2671,2661,2657,2656,2638,2663
31,17,21,36,21,28,18,5,37,52,31,35,26,36,43,23,35,28,21,31,919,1451,1917,2322,2708,3111,3443,3775,3775,3808,3785,3784,3799,3771,3791,3786,3770,3792,3804,3775,3792,3785,3788,3800,3751,3780,3796,3787,3790,3808
31,26,34,35,38,32,22,32,37,47,50,31,48,50,28,34,51,39,35,566,895,1184,1423,1651,1873,1881,1898,1875,1893,1871,1878,1862,1859,1873,1899,1879,1866,1886,1875,1879,1890,1870,1882,1889,1890,1869,1877,1865,1883,1875
47,46,23,47,34,36,54,36,30,48,48,52,30,15,60,35,826,1323,1728,2145,2466,2793,3115,3400,3429,3424,3408,3433,3436,3411,3402,3431,3424,3405,3434,3390,3432,3419,3429,3420,3410,3419,3413,3411,3392,3414,3424,3413,3405,3406
41,51,64,56,46,69,57,74,62,61,52,51,49,61,56,67,60,64,39,48,68,54,65,52,42,615,955,1252,1538,1795,2038,2261,2469,2470,2464,2488,2470,2479,2475,2483,2480,2464,2476,2456,2495,2478,2480,2497,2485,2470
48,88,69,50,77,51,79,25,50,62,73,70,65,63,819,1287,1691,2068,2400,2717,2706,2692,2710,2732,2747,2709,2710,2726,2700,2718,2727,2694,2707,2716,2707,2698,2713,2717,2717,2713,2720,2722,2717,2717,2720,2698,2719,2725,2727,2708
29,24,38,45,34,33,13,57,53,55,48,18,27,24,36,28,55,28,54,11,17,29,42,37,366,609,786,934,1113,1255,1380,1556,1529,1526,1512,1531,1531,1532,1541,1546,1517,1517,1543,1532,1531,1534,1528,1505,1536,1510
55,68,48,70,74,55,39,60,56,41,50,62,52,63,551,876,1146,1380,1616,1815,2034,2213,2207,2228,2210,2227,2241,2214,2225,2228,2224,2226,2214,2217,2217,2223,2220,2211,2215,2222,2232,2214,2227,2236,2219,2217,2218,2235,2240,2225
77,40,49,48,29,44,52,58,25,48,58,46,51,61,44,51,46,42,56,892,1399,1835,2226,2594,2957,3253,3590,3918,3910,3914,3888,3911,3926,3894,3914,3897,3898,3918,3895,3919,3906,3926,3879,3911,3904,3899,3897,3903,3917,3910
25,20,19,17,25,27,33,30,26,36,40,34,41,5,36,28,43,3,36,54,1187,1907,2511,3079,3602,4076,4072,4041,4073,4073,4063,4073,4087,4059,4095,4062,4077,4059,4069,4083,4065,4072,4061,4085,4077,4046,4060,4063,4095,4083
65,32,54,30,27,48,648,1009,1321,1609,1883,2142,2361,2610,2817,2813,2814,2834,2813,2807,2822,2814,2807,2835,2821,2811,2836,2820,2813,2803,2816,2833,2816,2815,2820,2841,2796,2794,2803,2794,2830,2814,2819,2826,2803,2816,2777,2812,2840,2819
44,39,48,37,45,30,47,490,766,1038,1236,1444,1607,1826,1833,1822,1805,1820,1828,1807,1835,1804,1820,1815,1833,1847,1805,1837,1817,1823,1820,1827,1834,1817,1826,1825,1840,1817,1835,1845,1835,1839,1840,1843,1831,1832,1841,1830,1836,1812
27,33,6,41,8,39,30,25,33,34,16,26,19,36,40,20,24,12,26,17,39,35,43,13,593,939,1204,1469,1733,1965,2172,2190,2188,2187,2190,2203,2226,2195,2180,2207,2202,2189,2199,2198,2220,2206,2216,2204,2187,2196
39,41,38,43,62,63,50,55,61,46,35,58,33,48,42,31,27,51,1247,2007,2636,3205,3741,3760,3740,3741,3750,3746,3744,3760,3729,3760,3735,3749,3737,3759,3727,3758,3749,3738,3758,3757,3750,3761,3760,3744,3756,3746,3755,3743
38,41,48,37,24,39,29,52,50,61,30,45,50,53,38,42,37,40,49,42,39,33,44,31,53,34,33,41,32,40,35,615,967,1276,1558,1827,1800,1815,1819,1820,1835,1825,1827,1831,1810,1797,1810,1813,1818,1829
49,49,63,42,39,40,61,31,33,38,38,55,49,42,33,33,524,849,1071,1300,1522,1734,1917,2106,2110,2105,2116,2117,2104,2112,2129,2139,2101,2119,2122,2109,2110,2114,2104,2112,2101,2126,2118,2118,2113,2103,2098,2116,2142,2124
24,41,47,40,30,37,20,32,31,9,23,20,23,19,36,60,17,21,23,41,23,42,21,54,49,28,28,57,59,21,44,730,1160,1533,1862,2174,2194,2172,2155,2166,2182,2170,2165,2172,2173,2168,2191,2196,2172,2177
62,51,55,57,47,71,70,52,60,62,55,72,70,66,53,47,61,61,766,1225,1595,1919,2241,2554,2836,3093,3357,3617,3617,3615,3620,3615,3583,3634,3619,3619,3616,3614,3635,3626,3615,3604,3622,3610,3583,3603,3589,3616,3618,3613
5,19,16,0,0,5,4,19,0,19,28,26,9,0,14,16,20,1032,1691,2214,2728,3174,3592,3604,3575,3590,3604,3584,3602,3594,3576,3616,3606,3604,3583,3576,3607,3596,3581,3578,3612,3587,3591,3586,3586,3607,3594,3582,3590,3599
53,31,56,23,42,40,46,33,24,45,37,15,31,34,31,42,52,38,46,41,23,41,33,31,48,47,30,59,15,31,39,733,1163,1517,1865,2152,2452,2705,2988,3239,3253,3220,3239,3222,3224,3225,3236,3227,3217,3226
28,8,8,22,20,15,14,22,27,13,33,18,3,0,19,11,33,3,9,3,0,860,1394,1854,2285,2661,3019,3340,3695,3996,4012,4013,4024,4007,4001,4023,4006,4015,3997,3987,4013,3997,4024,4011,4016,3997,4000,3992,3995,4015
35,66,47,37,64,40,57,35,66,59,31,709,1138,1479,1813,2084,2367,2637,2914,3144,3361,3376,3391,3381,3370,3394,3393,3365,3383,3384,3383,3355,3380,3376,3388,3370,3382,3362,3391,3376,3373,3391,3371,3362,3393,3393,3355,3374,3375,3373
2,21,11,17,32,22,19,22,15,37,3,15,11,18,16,13,11,29,0,21,27,36,687,1101,1445,1779,2054,2068,2060,2072,2077,2081,2072,2069,2090,2049,2066,2070,2060,2080,2070,2079,2073,2085,2065,2075,2079,2085,2069,2056
47,44,44,62,42,43,63,27,65,76,67,50,60,50,43,44,42,46,31,49,61,43,45,65,590,935,1235,1534,1780,1970,2219,2438,2619,2635,2641,2624,2659,2655,2634,2636,2653,2636,2638,2623,2643,2631,2629,2621,2639,2667
7,15,7,19,22,13,29,25,27,25,31,32,12,18,5,30,0,20,18,512,797,1073,1300,1522,1515,1524,1509,1506,1494,1522,1489,1513,1520,1511,1505,1503,1507,1499,1492,1504,1497,1513,1521,1519,1497,1498,1508,1500,1498,1496
67,76,45,63,50,54,47,71,69,30,47,56,50,48,54,49,47,57,54,80,57,64,58,47,71,486,723,957,1143,1340,1505,1659,1673,1662,1666,1664,1678,1645,1653,1682,1678,1658,1650,1677,1682,1669,1666,1674,1667,1673
73,62,68,56,61,61,56,61,46,76,78,43,58,81,49,66,63,71,55,67,65,54,53,65,64,74,47,45,951,1515,1966,2400,2782,3179,3515,3529,3512,3519,3529,3540,3523,3522,3524,3502,3509,3552,3524,3522,3502,3537
37,51,55,13,54,40,37,55,48,44,43,39,54,49,43,38,20,40,44,58,34,60,57,48,36,49,45,33,719,1122,1450,1780,2078,2383,2626,2889,2862,2855,2876,2865,2865,2865,2876,2881,2886,2854,2876,2876,2873,2884
20,19,35,30,25,35,6,30,0,0,35,20,25,13,23,6,28,31,2,6,20,0,34,491,787,1045,1288,1480,1661,1871,2043,2046,2018,2062,2052,2066,2033,2033,2056,2048,2060,2046,2052,2073,2039,2046,2052,2038,2031,2039
64,70,55,16,57,36,30,46,16,32,54,50,48,64,31,64,25,38,41,46,49,52,46,40,33,55,67,41,35,771,1245,1614,1977,2305,2598,2891,3180,3183,3167,3171,3187,3199,3155,3164,3173,3166,3184,3203,3173,3207
21,12,47,34,12,29,17,56,22,33,38,11,29,7,0,2,0,24,41,13,32,23,25,27,48,29,13,0,22,36,25,20,759,1222,1597,1955,2289,2591,2869,2873,2872,2878,2879,2884,2891,2875,2885,2865,2884,2878
30,32,25,39,35,32,46,34,27,6,22,27,38,44,12,30,45,22,41,34,26,53,8,26,23,32,5,627,968,1296,1591,1852,1816,1838,1844,1825,1849,1863,1847,1827,1839,1825,1836,1861,1830,1856,1836,1823,1830,1834
9,25,20,18,2,23,8,18,31,49,32,20,18,15,1,23,12,3,30,16,42,6,10,19,17,18,0,11,19,10,0,23,23,631,993,1318,1605,1863,2096,2348,2571,2585,2580,2573,2582,2582,2589,2584,2567,2583
38,46,49,40,74,67,68,54,49,43,62,51,65,57,46,45,51,40,52,38,48,65,69,1021,1629,2126,2610,3038,3032,3031,3023,3046,3053,3029,3030,3021,3016,3035,3044,3029,3046,3043,3027,3033,3009,3040,3023,3041,3043,3031
26,59,41,29,31,33,26,40,42,19,22,38,14,34,37,45,43,49,19,46,25,42,56,33,39,27,1057,1680,2246,2758,3214,3233,3208,3218,3223,3247,3203,3222,3198,3205,3196,3204,3234,3232,3194,3220,3205,3209,3212,3212
17,23,8,33,29,11,25,36,29,32,13,20,11,31,25,34,29,26,42,0,36,37,30,16,40,18,33,10,29,35,34,16,47,622,997,1309,1586,1870,2113,2343,2581,2795,2776,2772,2782,2783,2780,2800,2801,2785
21,14,27,24,24,20,19,30,18,48,19,26,13,0,44,26,35,19,8,46,31,44,18,22,36,22,17,14,30,17,16,703,1144,1506,1850,2158,2421,2711,2992,3252,3264,3263,3236,3236,3227,3228,3251,3243,3243,3232
35,16,34,20,21,9,11,13,1204,1993,2615,3225,3744,3747,3738,3740,3716,3755,3760,3734,3749,3730,3744,3740,3762,3749,3732,3764,3740,3723,3747,3756,3737,3756,3736,3745,3743,3722,3739,3727,3753,3756,3747,3759,3746,3718,3720,3747,3739,3737
56,40,27,33,19,58,13,57,21,22,34,54,46,40,37,44,57,30,29,35,38,8,38,42,38,24,582,929,1228,1469,1738,1944,2167,2393,2591,2784,2755,2791,2793,2756,2776,2776,2788,2754,2778,2775,2768,2787,2773,2784
31,10,41,13,52,32,33,989,1578,2099,2583,2990,3394,3393,3385,3396,3397,3383,3387,3398,3405,3400,3393,3390,3396,3384,3382,3399,3412,3412,3395,3403,3399,3394,3397,3409,3373,3405,3393,3385,3386,3401,3405,3414,3387,3388,3407,3416,3415,3413
34,60,31,51,55,28,33,42,38,48,41,30,67,32,48,48,37,43,36,48,40,43,48,56,46,41,49,58,23,38,33,1242,1981,2589,3173,3668,3686,3708,3693,3691,3703,3687,3697,3672,3680,3680,3716,3710,3697,3697
53,37,54,46,53,37,52,38,42,28,21,32,32,690,1091,1439,1760,2025,2297,2569,2806,3023,3258,3248,3276,3242,3266,3261,3254,3259,3242,3263,3250,3265,3282,3270,3260,3267,3248,3271,3269,3258,3266,3244,3257,3259,3252,3254,3270,3255
76,66,50,39,59,82,45,58,65,73,47,62,712,1080,1450,1732,2016,2023,2006,2008,2026,2014,2002,2020,2028,2010,2015,2002,1999,2017,2010,2020,2007,1998,2005,2006,2011,2017,1992,2006,2001,2035,1997,2018,2011,1999,2010,2014,2026,2017
49,12,39,26,34,19,35,26,33,9,54,37,39,39,25,42,24,33,26,49,48,56,25,31,41,1246,2021,2671,3263,3825,3764,3799,3789,3805,3783,3772,3802,3806,3812,3800,3803,3797,3785,3797,3803,3803,3802,3779,3808,3807
14,41,3,16,30,5,25,40,14,0,39,27,16,0,14,35,8,21,15,9,10,16,6,31,0,23,21,14,20,778,1243,1643,2014,2369,2671,2998,3281,3550,3567,3525,3536,3547,3532,3548,3549,3551,3537,3544,3526,3574
28,28,45,12,17,30,27,27,28,32,43,39,3,35,37,55,43,39,25,26,15,18,35,31,26,9,4,1,17,41,528,827,1110,1333,1539,1727,1959,2126,2136,2129,2104,2137,2128,2139,2131,2128,2135,2123,2136,2132
55,45,57,10,44,53,46,53,53,50,39,40,45,75,50,31,33,52,59,57,67,58,53,48,64,59,42,46,42,820,1295,1711,2085,2449,2758,2763,2763,2766,2761,2740,2770,2780,2771,2749,2758,2762,2768,2788,2760,2752
45,40,24,28,24,47,28,36,33,26,29,34,31,5,32,31,24,8,18,38,15,26,42,38,24,39,2,30,25,42,34,28,17,647,1031,1358,1662,1920,2189,2429,2672,2664,2669,2649,2693,2660,2652,2656,2647,2682
2,31,25,26,37,53,41,13,31,26,41,31,37,16,31,52,61,41,24,11,31,12,13,36,39,35,36,20,33,467,743,961,1171,1373,1573,1570,1558,1534,1549,1527,1538,1552,1546,1532,1549,1557,1539,1534,1559,1562
32,17,33,17,42,25,20,20,27,21,28,37,25,694,1104,1447,1755,2060,2343,2609,2627,2612,2606,2608,2614,2606,2609,2605,2628,2601,2627,2602,2607,2625,2587,2613,2623,2604,2617,2628,2609,2626,2613,2636,2633,2625,2611,2612,2619,2623
7,16,21,28,14,11,52,32,37,23,23,37,14,16,16,26,8,17,39,12,24,0,25,31,41,20,412,685,931,1142,1326,1488,1669,1811,1989,2128,2124,2144,2113,2122,2156,2125,2134,2142,2120,2135,2143,2129,2144,2126
31,39,43,59,23,35,6,37,38,17,21,658,1083,1453,1743,2029,2298,2567,2794,3034,3018,3055,3034,3029,3037,3009,3029,3043,3042,3044,3037,3040,3066,3033,3035,3045,3050,3056,3048,3046,3050,3022,3037,3053,3026,3049,3031,3053,3049,3023
10,19,12,13,13,27,14,27,25,876,1435,1910,2320,2695,3072,3427,3736,4058,4095,4088,4083,4056,4082,4067,4077,4064,4072,4063,4070,4085,4063,4078,4071,4095,4081,4094,4086,4059,4082,4086,4057,4087,4074,4068,4089,4076,4066,4085,4088,4078
5,17,13,12,6,0,3,12,22,0,32,0,13,4,12,17,12,0,5,32,12,0,35,6,31,13,18,15,6,6,14,41,0,4,4,29,439,717,931,1124,1322,1509,1520,1504,1514,1504,1491,1513,1510,1517
33,39,51,14,54,29,35,32,41,28,57,30,27,33,34,24,36,62,36,944,1523,2032,2476,2903,3272,3653,3987,4016,3991,3980,4006,3991,3991,4002,3984,4006,3986,3995,4000,3987,4000,3988,3972,4014,3982,3978,4009,4005,4006,4006
13,14,21,30,19,19,22,24,738,1144,1529,1845,2192,2465,2455,2478,2482,2476,2457,2455,2493,2472,2472,2474,2459,2487,2475,2442,2459,2474,2466,2479,2472,2479,2467,2478,2473,2462,2475,2464,2455,2454,2454,2467,2469,2455,2473,2478,2455,2501
55,20,41,22,34,45,51,39,37,15,45,29,23,33,36,21,33,0,23,43,42,31,40,43,26,34,39,28,32,32,56,27,39,26,37,13,1011,1654,2103,2589,3047,3465,3449,3465,3450,3437,3473,3465,3433,3456
40,62,64,43,30,45,759,1187,1544,1878,2221,2486,2798,3050,3291,3317,3313,3312,3284,3309,3337,3314,3289,3310,3312,3315,3302,3300,3311,3308,3313,3300,3293,3299,3292,3308,3308,3323,3302,3315,3284,3303,3299,3288,3306,3314,3285,3325,3300,3321
40,36,41,43,34,36,53,40,47,38,717,1134,1524,1794,2111,2407,2673,2931,2948,2924,2933,2922,2913,2930,2914,2922,2929,2943,2913,2910,2936,2932,2921,2906,2925,2934,2935,2941,2930,2910,2931,2925,2924,2934,2917,2918,2900,2914,2910,2898
32,33,35,47,42,25,51,36,50,6,43,48,42,56,35,46,43,32,32,36,47,35,46,44,33,45,42,36,39,27,6,39,43,41,423,698,887,1054,1256,1443,1578,1714,1733,1714,1714,1733,1731,1724,1750,1709
39,35,58,35,32,35,34,29,38,55,40,39,31,47,16,52,58,36,44,48,36,38,36,55,379,594,789,939,1098,1251,1371,1524,1647,1630,1652,1659,1628,1662,1648,1629,1629,1639,1618,1644,1628,1654,1604,1654,1629,1624
6,10,29,18,14,11,22,0,7,18,37,19,19,21,466,782,992,1251,1428,1613,1631,1626,1626,1641,1642,1626,1624,1632,1629,1632,1659,1635,1666,1637,1631,1625,1608,1634,1633,1630,1630,1622,1651,1642,1622,1624,1629,1624,1631,1620
69,32,60,36,59,69,37,53,42,46,38,26,45,34,52,43,52,46,48,52,52,54,59,29,51,52,62,39,60,738,1159,1532,1873,2156,2477,2714,2982,3258,3469,3484,3481,3467,3466,3473,3496,3481,3492,3500,3484,3476
31,40,20,40,24,41,36,64,7,29,25,40,26,30,9,16,45,21,34,37,30,12,541,892,1153,1417,1653,1851,2046,2063,2075,2073,2069,2094,2068,2070,2064,2071,2068,2084,2067,2081,2068,2054,2073,2066,2092,2086,2075,2066
44,53,54,59,54,57,70,72,57,60,80,68,56,61,64,42,70,66,53,73,51,36,60,58,54,387,629,824,989,1147,1300,1415,1551,1667,1695,1697,1694,1698,1692,1687,1692,1685,1682,1673,1707,1688,1693,1680,1705,1687
43,74,41,54,45,79,795,1307,1711,2049,2433,2714,3026,3330,3594,3879,3875,3876,3885,3871,3879,3893,3864,3863,3873,3885,3888,3911,3876,3897,3888,3871,3879,3862,3885,3886,3896,3893,3877,3918,3884,3881,3861,3890,3880,3889,3887,3894,3884,3871
33,8,19,2,4,20,0,16,0,15,0,27,22,21,0,13,21,1,14,18,1,3,0,20,13,460,684,885,1118,1300,1463,1614,1609,1620,1629,1620,1620,1626,1626,1630,1620,1639,1638,1647,1635,1659,1621,1607,1631,1648
64,71,59,66,47,57,59,43,33,53,45,39,53,76,59,61,56,45,65,45,60,64,61,54,566,873,1153,1410,1624,1826,2049,2073,2066,2060,2076,2069,2077,2056,2064,2087,2064,2061,2059,2047,2088,2057,2057,2073,2074,2059
29,22,34,52,27,26,1,34,23,39,44,37,37,18,19,19,21,26,18,18,23,23,28,26,12,40,28,31,11,38,26,19,15,39,20,507,856,1102,1375,1586,1795,2016,2200,2374,2554,2564,2552,2575,2553,2567
26,58,52,32,36,47,15,8,32,34,43,31,31,24,26,43,21,38,28,33,52,32,33,39,49,36,35,28,554,843,1124,1346,1596,1809,2000,2179,2363,2386,2378,2398,2363,2393,2383,2365,2390,2369,2381,2384,2376,2390
33,19,34,19,41,15,38,35,20,12,38,27,24,18,20,24,64,5,33,1,17,561,849,1133,1371,1624,1832,1850,1824,1812,1849,1848,1823,1816,1841,1831,1841,1832,1816,1837,1828,1829,1802,1835,1831,1834,1822,1829,1837,1808
0,12,14,32,3,20,5,0,4,31,0,21,10,15,16,465,725,999,1215,1419,1623,1569,1589,1592,1587,1584,1581,1597,1576,1588,1598,1579,1576,1571,1579,1600,1576,1609,1610,1587,1593,1593,1578,1598,1605,1612,1587,1596,1599,1598
23,28,15,19,25,21,37,19,49,18,11,47,16,22,28,23,22,18,25,38,38,19,20,13,33,27,20,32,17,37,411,660,867,1046,1235,1399,1539,1697,1688,1701,1703,1704,1692,1689,1697,1685,1705,1705,1696,1686
49,56,55,66,72,31,63,58,64,62,56,51,33,47,40,50,65,61,49,47,56,50,907,1465,1936,2364,2734,3089,3452,3782,3792,3808,3797,3792,3791,3785,3771,3794,3784,3768,3781,3799,3779,3784,3771,3772,3779,3780,3790,3788
34,47,25,28,40,35,42,5,39,24,41,29,52,44,36,45,49,30,46,24,35,44,17,50,27,49,36,500,802,1061,1276,1463,1679,1842,2027,2192,2186,2196,2192,2197,2194,2205,2195,2199,2207,2176,2201,2196,2173,2198
14,5,34,31,31,26,14,25,15,9,7,23,4,1,0,21,31,9,16,19,24,873,1407,1864,2254,2652,3000,3341,3358,3316,3344,3333,3343,3354,3330,3343,3338,3352,3373,3348,3345,3343,3367,3328,3357,3348,3346,3351,3345,3330
33,42,67,40,36,69,50,43,44,59,47,44,46,40,58,80,752,1219,1609,1967,2260,2562,2841,2857,2844,2849,2854,2859,2845,2858,2851,2849,2846,2857,2844,2856,2855,2851,2844,2854,2852,2835,2860,2856,2856,2852,2866,2856,2844,2844
42,36,36,10,33,19,42,37,37,35,36,48,21,25,24,25,4,30,23,19,44,48,46,20,34,28,16,531,855,1097,1341,1571,1787,1976,2171,2348,2517,2541,2510,2522,2527,2535,2521,2553,2538,2525,2520,2540,2513,2550
16,39,31,41,10,36,31,31,16,6,35,43,29,602,957,1227,1501,1746,1995,2203,2417,2645,2824,2822,2834,2845,2829,2836,2824,2826,2864,2812,2819,2851,2844,2819,2824,2833,2829,2840,2847,2842,2833,2826,2847,2835,2822,2848,2842,2816
20,13,10,18,5,50,28,26,27,42,1,18,10,19,13,12,18,3,38,28,17,450,687,949,1124,1307,1484,1671,1813,1814,1817,1806,1851,1814,1826,1830,1803,1796,1827,1815,1825,1829,1829,1808,1840,1855,1831,1837,1817,1814
27,36,37,18,19,23,13,49,18,8,22,18,21,8,2,0,885,1411,1892,2307,2687,2695,2692,2702,2681,2677,2674,2679,2688,2681,2698,2685,2690,2680,2676,2670,2677,2682,2677,2681,2680,2684,2677,2694,2690,2681,2668,2684,2686,2688
31,41,66,37,33,30,42,35,47,28,44,14,27,37,37,925,1495,1977,2408,2804,3179,3520,3875,3869,3854,3872,3886,3858,3873,3883,3890,3872,3881,3872,3893,3893,3878,3875,3893,3861,3890,3865,3875,3877,3877,3905,3887,3884,3858,3873
63,27,13,27,25,16,25,36,48,28,27,51,21,35,32,22,19,31,33,37,38,51,20,71,32,53,24,45,41,42,23,26,49,20,480,734,985,1211,1403,1590,1558,1585,1605,1590,1590,1594,1573,1592,1590,1575
23,28,39,18,27,23,460,718,951,1142,1347,1542,1542,1525,1533,1520,1524,1533,1537,1507,1531,1511,1521,1512,1529,1532,1498,1545,1520,1502,1536,1520,1520,1514,1513,1554,1510,1512,1527,1515,1534,1518,1535,1522,1502,1526,1525,1516,1526,1527
6,0,13,14,0,0,0,15,0,15,28,36,12,24,7,8,18,0,0,16,0,1,1,10,541,845,1120,1366,1604,1842,2038,2210,2430,2434,2438,2398,2426,2436,2428,2426,2408,2443,2425,2445,2431,2438,2434,2427,2409,2424
18,49,48,27,30,43,28,28,34,45,47,59,38,33,40,41,43,56,38,36,50,44,36,29,731,1159,1505,1850,2178,2462,2736,2991,3010,3017,3020,3009,3016,2994,3005,3004,3015,3000,2975,2996,2997,3005,3012,3004,2997,3020
26,27,46,49,49,54,51,36,37,23,42,11,32,32,951,1530,2041,2460,2883,3283,3257,3287,3259,3287,3299,3283,3280,3281,3300,3258,3277,3269,3259,3267,3276,3261,3282,3284,3233,3275,3282,3267,3276,3277,3271,3276,3266,3255,3261,3264
77,57,71,66,79,51,67,58,60,39,48,77,38,66,38,60,73,57,61,70,54,443,671,880,1087,1269,1401,1566,1724,1851,1848,1842,1862,1835,1859,1874,1848,1840,1857,1866,1879,1852,1845,1836,1836,1837,1861,1862,1858,1856
6,41,4,0,24,3,25,8,4,6,0,0,5,0,16,21,4,24,14,10,11,0,14,889,1451,1896,2346,2728,3082,3095,3092,3105,3091,3098,3105,3107,3102,3071,3091,3091,3095,3100,3085,3107,3084,3098,3121,3100,3082,3092
30,15,35,25,24,17,45,43,27,14,10,30,14,20,33,9,38,27,648,1051,1409,1706,1962,2225,2473,2492,2478,2501,2498,2510,2490,2486,2479,2487,2488,2472,2500,2476,2501,2480,2482,2499,2495,2482,2493,2507,2497,2492,2486,2497
9,21,5,23,14,0,23,9,41,9,8,25,24,5,15,19,21,13,14,22,38,34,42,21,28,22,2,4,6,54,18,7,29,7,1,13,474,742,980,1215,1381,1569,1749,1920,2102,2245,2243,2254,2253,2246
7,0,44,12,6,0,0,0,19,3,17,3,19,0,11,5,26,4,19,0,15,22,4,1,8,0,19,15,10,15,26,0,0,4,32,1060,1725,2278,2803,3262,3271,3252,3248,3259,3255,3258,3256,3252,3259,3261
28,73,43,43,38,58,35,54,55,52,48,50,43,45,53,46,18,48,63,49,36,27,39,55,24,31,36,53,45,60,719,1147,1520,1865,2152,2433,2711,2959,3212,3459,3447,3455,3440,3464,3469,3455,3444,3457,3452,3449
44,32,48,42,44,58,57,66,69,49,76,64,72,62,70,53,67,80,722,1146,1511,1817,2091,2387,2672,2885,3152,3372,3380,3380,3380,3385,3381,3393,3365,3403,3378,3375,3387,3358,3391,3406,3400,3377,3389,3394,3388,3403,3388,3397
34,36,52,45,62,23,33,1152,1906,2509,3055,3529,4045,4025,4042,4030,4064,4031,4025,4012,4020,4044,4038,4003,4021,4033,4029,4025,4054,4045,4025,4042,4031,4040,4031,4029,4018,4028,4027,4034,4026,4024,4032,4014,4033,4023,4033,4039,4019,4051
61,52,76,66,49,60,48,56,59,60,64,51,49,55,57,45,58,44,53,52,47,26,85,52,27,65,40,65,66,68,61,40,774,1230,1634,1985,2274,2600,2874,3151,3450,3441,3420,3441,3415,3442,3400,3430,3417,3436
18,17,13,33,23,16,5,27,20,19,15,20,12,23,12,14,22,11,22,16,11,26,2,41,3,0,26,27,19,832,1363,1789,2172,2540,2863,3191,3519,3830,3817,3830,3806,3829,3820,3800,3824,3821,3827,3819,3811,3807
4,31,20,7,23,17,26,16,29,14,37,3,23,23,25,22,25,868,1408,1866,2263,2614,3011,2984,2985,2989,2993,3004,3008,2999,3013,2991,3002,3000,3000,2990,2981,2987,3006,2990,3001,3003,2986,2996,2986,2995,2979,2990,2981,2986
43,37,45,60,74,47,69,51,72,60,54,65,37,57,80,58,70,537,795,1054,1268,1471,1672,1851,2031,2043,2039,2041,2045,2041,2047,2022,2022,2037,2018,2025,2012,2040,2025,2014,2038,2015,2051,2020,2013,2033,2021,2029,2037,2042
15,34,16,49,45,63,16,8,35,11,62,42,31,16,15,26,32,18,31,16,20,32,21,61,46,34,36,974,1511,2040,2476,2882,2878,2881,2881,2882,2885,2889,2860,2857,2872,2864,2876,2858,2875,2900,2870,2904,2874,2873
37,49,38,57,37,54,46,42,64,48,41,62,49,48,34,48,36,53,42,930,1427,1917,2350,2722,3071,3082,3079,3069,3086,3098,3074,3094,3072,3062,3075,3097,3084,3095,3070,3075,3061,3084,3084,3083,3086,3081,3081,3085,3068,3095
65,35,58,49,69,47,60,44,66,58,561,891,1156,1403,1639,1871,2073,2273,2454,2653,2646,2627,2633,2619,2636,2623,2638,2644,2647,2611,2652,2643,2635,2640,2623,2630,2653,2640,2632,2625,2649,2641,2639,2612,2627,2653,2642,2623,2636,2633
36,31,35,27,39,20,47,62,20,42,20,32,57,12,16,42,24,46,48,39,16,44,30,43,24,37,24,35,38,655,1054,1410,1729,1996,1984,2003,1998,2002,2015,2002,2008,2009,2008,2006,1997,1997,1995,1973,1989,2013
73,52,51,42,45,59,56,48,73,68,55,54,69,50,42,49,35,60,70,38,51,56,62,43,69,60,70,63,42,82,60,38,829,1312,1699,2066,2415,2726,3022,3051,3027,3036,3038,3030,3044,3035,3035,3031,3054,3043
23,41,46,21,47,58,57,30,44,46,66,56,53,45,55,35,54,40,55,31,51,53,52,20,38,47,513,787,1066,1278,1478,1682,1847,1860,1854,1854,1868,1872,1852,1830,1851,1856,1853,1861,1854,1860,1868,1861,1848,1862
49,38,42,13,32,43,42,37,32,39,36,39,31,54,32,39,24,42,26,22,23,45,46,63,31,16,32,342,512,708,847,952,1106,1211,1331,1469,1556,1569,1548,1568,1542,1582,1549,1571,1575,1574,1568,1548,1575,1553
19,30,34,43,5,28,53,37,16,4,33,31,12,48,38,26,7,16,894,1407,1874,2280,2624,3006,3334,3356,3341,3330,3369,3353,3336,3328,3321,3337,3344,3326,3313,3349,3346,3338,3354,3341,3345,3335,3342,3350,3338,3343,3343,3348
2,16,18,10,21,40,38,23,11,2,16,7,26,11,30,10,18,2,27,11,26,0,12,25,20,5,658,1066,1405,1709,2006,2269,2528,2774,2770,2763,2782,2785,2790,2774,2747,2772,2761,2772,2772,2773,2759,2772,2776,2774
19,34,33,36,53,26,41,24,8,27,689,1131,1462,1767,2061,2351,2323,2342,2342,2333,2329,2332,2350,2350,2334,2352,2353,2335,2343,2343,2313,2335,2347,2348,2340,2341,2325,2333,2345,2334,2339,2353,2332,2343,2308,2340,2339,2370,2336,2354
76,70,35,49,60,59,63,35,73,70,67,76,41,68,71,64,53,84,45,50,54,52,55,46,67,57,48,54,571,904,1183,1423,1661,1888,2112,2308,2306,2295,2313,2316,2313,2288,2308,2300,2318,2325,2290,2316,2293,2311
47,44,33,51,64,55,53,64,57,37,67,45,41,40,39,70,28,67,62,40,43,49,49,66,66,42,49,42,72,55,46,68,64,44,44,455,684,903,1115,1248,1431,1607,1771,1886,1922,1907,1906,1902,1906,1907
55,51,60,58,62,67,39,64,38,40,51,37,55,56,46,56,44,528,799,1061,1299,1507,1700,1915,2068,2077,2062,2072,2076,2080,2081,2063,2088,2077,2079,2065,2055,2090,2074,2077,2073,2064,2068,2076,2081,2066,2083,2071,2085,2069
25,22,48,41,48,60,35,33,37,20,54,55,51,48,48,32,33,42,34,49,27,53,786,1298,1689,2071,2445,2748,3062,3070,3066,3044,3049,3063,3062,3049,3065,3076,3038,3045,3056,3049,3064,3050,3058,3054,3050,3058,3040,3058
25,25,10,5,0,15,31,22,4,0,16,0,4,8,5,8,9,16,795,1288,1701,2074,2436,2761,3089,3368,3659,3942,3942,3956,3950,3965,3930,3928,3934,3936,3928,3943,3957,3965,3937,3942,3936,3940,3943,3948,3944,3954,3944,3928
36,35,30,29,31,5,0,13,25,43,17,14,26,18,2,48,32,23,3,24,28,10,27,12,42,4,23,37,46,25,30,41,27,8,657,1032,1399,1689,1990,1972,1960,1983,1952,1963,1987,1990,1966,1979,1970,1979
17,29,21,34,21,17,43,25,42,18,29,25,26,37,23,28,7,36,28,23,25,33,32,0,19,26,43,27,41,43,18,17,426,658,865,1052,1223,1389,1552,1575,1589,1561,1555,1538,1560,1546,1560,1548,1554,1555
32,20,47,46,38,46,23,62,47,36,49,59,39,44,47,26,36,46,43,53,45,39,60,64,48,32,831,1285,1672,2056,2417,2729,3025,3335,3617,3897,3866,3909,3906,3879,3883,3912,3899,3900,3896,3904,3906,3912,3892,3897
38,57,26,41,26,54,64,476,762,975,1190,1378,1563,1733,1885,2032,2076,2069,2063,2063,2044,2055,2045,2066,2078,2068,2042,2053,2071,2062,2055,2024,2076,2055,2055,2057,2050,2061,2059,2077,2081,2055,2077,2078,2065,2058,2072,2044,2059,2051
42,50,59,54,52,58,63,63,432,670,855,1035,1197,1357,1527,1666,1656,1677,1675,1672,1677,1658,1671,1679,1676,1653,1682,1690,1665,1665,1652,1679,1661,1683,1651,1653,1684,1673,1680,1661,1672,1686,1670,1661,1674,1651,1662,1671,1667,1651
51,43,21,3,44,17,44,20,41,25,6,52,59,16,704,1100,1502,1824,2152,2130,2136,2115,2113,2127,2117,2130,2107,2142,2114,2123,2123,2118,2138,2135,2113,2133,2112,2113,2153,2132,2116,2121,2128,2119,2134,2130,2113,2126,2141,2141
55,64,60,34,48,38,29,69,70,63,58,56,51,817,1313,1740,2115,2470,2469,2464,2470,2461,2463,2466,2453,2467,2485,2470,2464,2429,2465,2463,2445,2453,2459,2452,2461,2481,2449,2464,2481,2447,2463,2467,2471,2458,2455,2456,2474,2460
43,17,31,34,34,33,779,1245,1651,2014,2330,2638,2941,3221,3229,3237,3209,3250,3231,3217,3225,3212,3211,3240,3241,3234,3227,3234,3225,3239,3231,3212,3231,3206,3229,3203,3239,3237,3219,3193,3218,3211,3236,3233,3233,3236,3206,3213,3213,3221
22,32,47,17,34,21,43,25,14,37,46,42,32,29,17,20,36,35,42,32,54,36,8,36,505,818,1078,1318,1511,1719,1904,2097,2067,2091,2094,2098,2086,2083,2074,2091,2106,2059,2075,2072,2105,2090,2076,2098,2086,2107
47,31,38,48,32,36,56,30,28,43,30,36,41,34,900,1398,1880,2285,2642,3000,3009,3008,3000,3016,3031,2995,3008,3027,3019,3009,3014,3026,3024,3010,2986,2999,3016,3009,3001,3028,3003,3010,3041,3031,3005,2997,2998,2997,3010,3009
62,21,56,43,29,19,39,33,719,1154,1503,1862,2154,2433,2706,2743,2727,2709,2729,2738,2708,2720,2738,2725,2715,2722,2711,2725,2726,2725,2708,2724,2712,2721,2706,2715,2732,2706,2725,2738,2721,2722,2732,2726,2710,2719,2722,2716,2725,2727
35,40,38,29,38,39,45,30,39,30,33,30,819,1334,1728,2125,2475,2824,2812,2800,2827,2809,2793,2817,2822,2844,2798,2799,2811,2828,2810,2815,2810,2807,2811,2813,2827,2823,2834,2831,2816,2797,2819,2825,2816,2838,2821,2789,2809,2808
7,6,0,4,0,0,4,19,15,13,14,12,8,3,0,12,0,0,20,3,0,27,585,887,1173,1435,1675,1885,2110,2311,2322,2316,2314,2329,2308,2326,2299,2329,2317,2314,2327,2319,2316,2320,2319,2323,2314,2313,2339,2315
50,54,59,51,38,29,24,69,40,48,48,55,46,44,45,43,49,51,58,40,48,383,631,824,978,1179,1326,1464,1609,1749,1724,1709,1735,1725,1727,1724,1728,1719,1743,1739,1729,1715,1728,1736,1748,1748,1721,1740,1734,1728
31,21,38,2,20,18,19,6,18,23,24,28,20,26,455,799,1030,1261,1468,1689,1684,1671,1693,1699,1679,1672,1693,1682,1690,1695,1692,1683,1668,1698,1675,1683,1689,1686,1703,1660,1689,1688,1699,1662,1672,1677,1705,1679,1686,1673
50,59,59,57,46,52,57,45,43,58,44,59,63,39,38,52,47,64,59,62,47,33,57,26,1057,1706,2280,2768,3206,3224,3232,3233,3234,3235,3229,3230,3230,3226,3244,3242,3224,3222,3222,3235,3229,3197,3211,3236,3221,3231
14,50,39,26,40,20,25,36,13,28,42,44,37,21,38,23,9,30,16,30,38,12,21,40,683,1073,1388,1708,2017,2261,2504,2756,2798,2763,2773,2757,2778,2750,2780,2755,2764,2762,2749,2748,2753,2755,2751,2751,2786,2773
68,65,44,50,70,62,58,61,816,1280,1702,2040,2395,2717,2974,3307,3574,3837,3847,3860,3843,3824,3829,3835,3829,3830,3831,3871,3849,3832,3847,3839,3817,3830,3847,3820,3825,3859,3826,3827,3816,3842,3836,3835,3825,3840,3859,3853,3835,3843
25,7,6,17,31,0,29,7,30,19,1,19,17,5,26,31,55,7,29,12,0,24,0,14,11,612,950,1247,1537,1797,2033,2263,2475,2691,2688,2694,2681,2703,2678,2679,2672,2682,2686,2701,2693,2678,2677,2677,2692,2675
44,19,38,51,32,27,32,56,49,14,29,35,33,52,54,31,63,40,28,30,28,34,50,21,46,53,44,52,38,62,26,24,45,24,27,56,447,691,919,1106,1301,1488,1659,1814,1983,2106,2116,2097,2106,2116
57,57,21,32,34,55,42,50,30,41,45,42,23,50,31,39,64,38,49,54,52,30,56,36,51,58,40,48,42,61,618,917,1233,1517,1748,2026,2218,2226,2217,2208,2216,2200,2198,2236,2238,2223,2207,2231,2244,2222
10,35,18,23,57,20,24,53,45,31,26,44,40,43,26,12,21,28,50,27,15,22,16,8,38,29,20,750,1179,1567,1930,2255,2550,2816,3095,3372,3606,3633,3616,3614,3648,3610,3638,3600,3591,3650,3621,3600,3640,3620
37,16,30,36,21,22,31,35,34,21,25,19,40,34,41,24,24,23,45,6,48,46,624,1027,1339,1655,1914,2182,2408,2655,2879,2873,2862,2887,2877,2879,2880,2895,2879,2894,2860,2874,2886,2869,2867,2885,2861,2870,2880,2877
18,31,15,26,7,19,17,0,5,17,399,580,757,929,1094,1254,1394,1503,1672,1771,1776,1796,1770,1750,1761,1805,1760,1774,1758,1776,1777,1775,1768,1775,1783,1781,1775,1766,1778,1793,1796,1782,1782,1769,1771,1768,1770,1775,1786,1766
34,50,54,45,56,46,66,73,39,49,606,966,1284,1546,1819,2058,2299,2291,2304,2257,2280,2297,2283,2284,2286,2278,2279,2275,2274,2272,2279,2279,2268,2288,2282,2292,2288,2282,2276,2273,2277,2307,2301,2286,2285,2280,2283,2290,2275,2278
53,41,41,43,39,32,43,32,31,45,28,34,45,48,24,48,42,24,40,26,42,45,40,38,18,43,51,384,631,827,1008,1169,1311,1472,1608,1736,1863,1858,1870,1874,1859,1876,1873,1882,1878,1864,1851,1865,1897,1868
30,13,20,27,47,17,443,720,915,1135,1319,1518,1697,1851,1850,1863,1838,1856,1833,1833,1868,1844,1856,1850,1828,1833,1838,1862,1860,1836,1873,1841,1856,1834,1869,1853,1831,1836,1838,1858,1846,1842,1836,1838,1849,1847,1874,1838,1821,1843
48,37,42,37,45,41,32,37,45,34,42,29,38,60,23,35,675,1096,1400,1739,2028,2026,2008,1999,2017,2011,1999,2023,2028,2003,2014,2035,2035,2031,2012,2028,2007,2007,2018,2006,2028,2034,2030,2002,2016,2026,2005,2023,2014,2018
11,41,15,21,22,18,1,13,5,21,31,31,23,18,15,1124,1792,2352,2874,3343,3779,3810,3812,3814,3800,3801,3814,3804,3806,3803,3765,3825,3825,3800,3814,3786,3802,3777,3817,3799,3794,3806,3807,3785,3794,3800,3792,3814,3795,3810
63,45,77,53,45,60,48,997,1525,2038,2472,2896,3263,3653,3988,3978,3982,3977,3978,3982,3978,3976,3964,3990,3971,3964,3991,3974,3974,3979,3964,3968,3969,3968,3985,3980,3976,3975,3981,3992,3970,3969,3961,3968,3988,3950,3968,4011,3975,3991
3,26,12,25,0,34,2,0,21,16,30,24,14,420,653,844,1027,1206,1390,1553,1693,1696,1676,1678,1689,1715,1683,1693,1706,1700,1694,1710,1705,1681,1692,1706,1695,1708,1704,1701,1708,1687,1696,1685,1688,1695,1704,1687,1692,1698
32,29,48,41,35,35,30,38,62,69,35,54,50,49,18,18,47,54,45,55,40,44,26,36,51,1026,1647,2154,2616,3049,3463,3834,3854,3843,3831,3831,3846,3865,3845,3854,3847,3848,3870,3843,3855,3850,3848,3852,3857,3871
33,41,24,43,26,0,24,15,15,48,46,38,34,43,27,35,30,43,33,49,27,15,32,407,632,794,973,1131,1317,1441,1577,1731,1701,1708,1710,1718,1711,1725,1746,1687,1725,1712,1732,1741,1737,1722,1728,1721,1739,1712
50,73,39,42,48,41,23,33,43,50,42,46,42,33,39,44,433,671,895,1075,1252,1427,1551,1571,1577,1583,1567,1581,1574,1575,1595,1605,1608,1574,1580,1577,1587,1579,1599,1590,1578,1573,1595,1581,1583,1572,1575,1573,1603,1574
59,75,72,44,41,47,29,56,61,38,36,52,1102,1757,2303,2796,3297,3722,3705,3717,3720,3720,3740,3711,3705,3721,3701,3712,3729,3719,3710,3721,3723,3741,3711,3716,3712,3724,3686,3700,3726,3724,3706,3711,3696,3712,3714,3719,3726,3708
35,24,9,21,30,35,57,35,37,48,32,9,32,63,26,32,32,46,23,31,40,41,42,25,44,14,1298,2071,2746,3353,3929,3923,3918,3931,3897,3938,3924,3927,3933,3913,3926,3936,3925,3922,3939,3927,3909,3929,3932,3909
54,50,38,62,54,45,544,822,1074,1311,1528,1710,1912,2096,2281,2245,2276,2275,2284,2293,2263,2256,2264,2264,2258,2268,2265,2272,2298,2281,2280,2251,2284,2281,2248,2264,2273,2263,2272,2289,2266,2288,2273,2277,2288,2272,2270,2265,2277,2269
68,68,44,36,84,50,43,39,49,958,1511,1994,2420,2820,3197,3181,3201,3181,3190,3156,3172,3208,3197,3198,3201,3192,3202,3204,3200,3173,3184,3188,3203,3196,3188,3197,3189,3196,3202,3176,3198,3202,3189,3179,3178,3191,3194,3187,3203,3191
16,7,19,7,40,24,1235,2000,2663,3262,3820,3810,3831,3820,3825,3833,3821,3828,3813,3811,3818,3813,3814,3802,3824,3817,3811,3843,3802,3815,3834,3826,3827,3807,3812,3816,3830,3822,3831,3810,3816,3813,3812,3812,3804,3826,3817,3813,3825,3803
21,32,14,22,21,3,20,9,20,8,18,34,0,13,23,12,37,23,26,18,12,3,18,12,9,10,17,7,25,0,1100,1733,2312,2803,3282,3271,3283,3291,3269,3274,3306,3291,3306,3265,3276,3285,3295,3258,3282,3261
20,19,15,18,5,29,30,879,1405,1862,2280,2643,2990,3348,3650,3654,3647,3670,3662,3669,3673,3677,3686,3690,3676,3658,3673,3671,3691,3684,3656,3664,3676,3671,3679,3671,3682,3691,3689,3669,3683,3651,3658,3654,3692,3676,3667,3683,3678,3679
43,44,49,34,21,38,36,43,39,43,54,1290,2078,2748,3346,3922,3913,3914,3919,3914,3932,3918,3904,3920,3931,3896,3910,3910,3942,3895,3913,3905,3914,3915,3925,3928,3930,3913,3924,3921,3907,3914,3903,3917,3909,3896,3892,3912,3928,3905
4,44,12,20,23,21,31,5,22,23,15,16,18,18,21,4,13,10,869,1401,1869,2251,2639,3007,3353,3336,3335,3346,3331,3326,3344,3334,3340,3334,3306,3344,3329,3312,3350,3335,3333,3335,3345,3339,3333,3319,3329,3344,3336,3330
16,23,31,17,23,49,9,14,16,48,12,14,20,14,22,21,30,25,16,37,13,9,19,21,14,14,40,0,1,20,35,31,31,0,0,17,377,592,779,977,1120,1266,1408,1529,1547,1530,1529,1556,1558,1556
46,27,55,68,60,28,54,42,61,54,35,72,21,38,63,574,882,1194,1429,1657,1663,1664,1658,1642,1665,1643,1667,1657,1666,1662,1655,1658,1666,1643,1653,1654,1666,1669,1634,1659,1653,1645,1662,1646,1655,1636,1638,1654,1656,1682
47,23,39,28,42,31,65,42,12,36,48,46,52,35,386,622,789,980,1143,1291,1416,1551,1570,1577,1534,1567,1585,1571,1578,1563,1566,1561,1562,1572,1569,1554,1571,1553,1569,1588,1557,1564,1551,1569,1559,1582,1588,1556,1573,1563
52,45,48,64,48,35,33,52,62,27,61,58,40,62,42,30,46,53,70,57,73,78,536,857,1115,1371,1598,1778,1780,1806,1770,1793,1773,1791,1785,1791,1774,1799,1775,1804,1784,1776,1786,1777,1803,1785,1802,1809,1789,1797
25,20,17,25,29,29,41,48,33,48,14,26,23,2,29,12,31,18,27,15,4,21,13,22,34,25,4,43,33,22,28,460,738,946,1136,1340,1527,1727,1903,2034,2200,2184,2182,2195,2182,2199,2191,2188,2187,2187
22,2,20,11,15,8,14,1,343,547,724,864,1023,1141,1283,1408,1515,1644,1630,1661,1637,1632,1645,1642,1632,1639,1660,1653,1653,1659,1664,1653,1662,1646,1630,1636,1659,1664,1643,1641,1644,1647,1655,1646,1654,1659,1673,1667,1639,1646
22,15,32,32,29,36,32,29,16,30,26,34,16,54,28,44,37,32,32,56,39,31,48,27,45,40,12,38,34,33,683,1086,1450,1780,2033,2323,2318,2330,2332,2329,2323,2310,2331,2311,2314,2324,2329,2314,2317,2345
48,49,35,65,54,69,74,51,474,721,971,1116,1317,1488,1662,1651,1657,1668,1652,1640,1654,1642,1668,1651,1644,1650,1650,1677,1630,1653,1644,1647,1649,1650,1668,1644,1651,1642,1643,1642,1669,1653,1665,1658,1655,1643,1636,1641,1665,1647
15,41,0,0,12,14,21,22,0,24,0,34,0,15,2,5,17,0,0,1,11,6,13,24,23,30,5,4,0,10,0,709,1118,1489,1830,2130,2432,2686,2723,2729,2741,2731,2726,2707,2713,2713,2712,2700,2725,2740
35,44,39,22,47,41,37,34,37,596,923,1227,1501,1745,1985,2160,2411,2599,2809,2811,2797,2809,2799,2799,2798,2814,2810,2801,2799,2783,2793,2811,2804,2788,2840,2796,2805,2800,2793,2784,2798,2790,2793,2804,2817,2803,2816,2817,2807,2802
23,27,11,16,20,5,34,15,28,19,7,10,18,17,14,21,0,15,22,25,25,26,26,16,25,42,4,25,18,16,874,1393,1835,2256,2603,2964,2954,2976,2976,2947,2975,2957,2961,2934,2975,2975,2967,2967,2964,2963
56,18,42,46,56,54,38,33,17,34,21,47,18,60,23,47,51,35,30,39,22,31,36,32,41,42,42,33,35,42,520,826,1062,1330,1526,1736,1944,1941,1936,1951,1929,1961,1908,1927,1929,1936,1947,1938,1930,1954
26,26,37,42,35,26,24,833,1339,1802,2183,2571,2560,2537,2553,2570,2565,2546,2583,2560,2555,2570,2578,2565,2560,2561,2577,2552,2547,2569,2573,2559,2573,2567,2579,2573,2564,2568,2568,2561,2572,2581,2579,2546,2584,2557,2586,2573,2530,2563
46,13,20,42,50,21,36,59,66,1093,1727,2296,2828,3294,3727,3731,3732,3713,3729,3716,3714,3713,3729,3719,3744,3713,3721,3719,3710,3719,3695,3717,3731,3722,3738,3734,3744,3726,3731,3726,3764,3719,3703,3737,3740,3742,3726,3724,3713,3740
34,18,7,38,29,19,22,19,19,30,15,22,15,37,23,21,32,25,41,7,32,27,14,467,714,955,1160,1340,1545,1718,1884,2031,2184,2184,2189,2202,2193,2208,2166,2190,2195,2203,2183,2178,2169,2190,2181,2179,2179,2196
41,48,24,14,36,24,27,30,16,1,25,16,23,30,6,36,31,33,29,30,24,16,23,23,15,949,1580,2072,2532,2957,3367,3746,3748,3765,3751,3752,3754,3778,3774,3752,3783,3762,3747,3750,3750,3761,3769,3769,3772,3773
17,22,31,21,32,22,852,1427,1849,2257,2627,2987,2990,2981,3012,2985,2990,2985,2990,3008,2985,3010,2990,2992,2999,2991,2997,3008,2983,3010,3001,2981,3004,2986,3009,2995,2994,2994,2996,2979,2999,2987,2981,3008,2972,2985,3003,2994,3022,2999
40,16,70,13,66,47,48,36,35,50,16,13,34,53,56,44,40,45,23,29,31,16,10,30,29,39,30,39,26,12,19,45,32,303,505,664,807,930,1072,1186,1303,1414,1530,1529,1519,1520,1540,1533,1516,1512
29,26,0,6,15,16,18,6,13,4,0,2,10,29,6,8,4,0,39,1102,1806,2385,2903,3393,3847,3872,3882,3856,3865,3867,3853,3871,3853,3855,3879,3863,3863,3857,3878,3840,3860,3883,3851,3885,3856,3864,3873,3842,3876,3846
15,1,10,0,9,0,21,9,0,24,5,7,9,20,0,18,16,1,19,14,0,13,18,38,9,16,23,25,12,11,3,646,1051,1355,1664,1930,2208,2202,2222,2223,2196,2226,2212,2227,2215,2208,2216,2207,2233,2201
27,60,61,48,51,61,62,62,32,39,67,42,48,26,40,785,1259,1644,2008,2339,2661,2959,3224,3527,3781,3790,3765,3788,3779,3782,3778,3778,3790,3781,3814,3774,3792,3790,3773,3794,3773,3790,3770,3771,3777,3775,3784,3766,3796,3763
8,21,46,5,36,16,14,39,22,37,9,24,31,16,23,18,11,27,44,22,28,17,31,18,33,912,1441,1914,2309,2715,2731,2729,2720,2712,2708,2703,2745,2722,2723,2698,2706,2697,2700,2714,2731,2709,2698,2720,2703,2712
19,15,27,49,17,10,19,11,21,589,932,1239,1506,1750,2024,2004,1998,2016,1996,2000,2002,2013,2006,1995,1992,1994,1994,1996,2010,1989,1999,1997,2006,1971,1985,1984,2006,1990,1994,1996,2011,1991,2012,1999,1997,2007,1994,1977,1995,2001
39,31,27,38,21,24,57,14,788,1275,1691,2067,2429,2401,2401,2394,2401,2395,2405,2405,2390,2396,2410,2400,2394,2395,2421,2415,2405,2405,2398,2440,2400,2422,2407,2398,2391,2405,2411,2412,2428,2416,2396,2404,2405,2411,2410,2378,2424,2415
45,36,29,37,36,56,36,30,19,24,35,53,27,26,35,40,31,21,14,30,36,30,43,28,36,48,44,51,39,33,28,36,35,21,324,511,657,808,941,1067,1199,1282,1406,1516,1508,1513,1491,1505,1515,1509
54,37,48,45,32,54,536,827,1102,1329,1518,1743,1922,1932,1949,1929,1919,1930,1916,1950,1929,1944,1919,1955,1934,1932,1937,1934,1927,1932,1928,1921,1928,1937,1920,1933,1917,1919,1950,1915,1938,1923,1929,1948,1926,1960,1926,1943,1920,1945
57,46,29,41,49,54,47,41,57,40,45,46,61,31,29,53,51,37,35,35,75,50,43,30,53,47,30,48,61,48,35,66,751,1215,1598,1946,2242,2534,2842,3119,3378,3391,3394,3357,3381,3383,3384,3388,3384,3379
19,46,47,34,35,48,35,46,55,9,37,433,698,910,1128,1277,1481,1627,1786,1964,1961,1946,1938,1937,1955,1938,1952,1940,1983,1930,1937,1945,1921,1918,1950,1925,1942,1952,1923,1943,1937,1930,1958,1948,1933,1964,1944,1930,1939,1938
17,26,24,40,28,13,22,16,27,12,32,39,34,16,38,45,24,24,30,16,16,28,12,10,518,842,1089,1324,1538,1775,1951,2176,2163,2159,2138,2153,2147,2148,2145,2141,2159,2139,2128,2144,2152,2155,2149,2161,2145,2149
23,35,51,36,26,30,15,20,7,23,21,44,24,19,30,52,42,34,23,42,38,26,54,35,23,28,11,42,40,32,19,31,57,33,25,401,619,786,970,1112,1263,1411,1535,1663,1796,1788,1805,1797,1779,1780
56,50,58,53,53,59,48,83,32,58,84,40,58,50,58,62,47,566,855,1101,1363,1589,1814,1996,2203,2192,2202,2192,2196,2166,2183,2160,2169,2175,2186,2154,2176,2184,2197,2181,2222,2176,2184,2190,2172,2190,2187,2173,2183,2189
35,22,50,42,53,61,46,43,33,36,51,32,62,55,23,47,24,44,42,56,38,35,47,39,68,49,484,754,977,1212,1372,1584,1737,1897,1919,1902,1903,1909,1890,1898,1907,1908,1916,1911,1904,1893,1899,1891,1878,1926
6,18,12,8,24,8,36,7,25,31,3,21,21,647,1021,1365,1665,1959,2210,2452,2677,2928,2937,2929,2905,2926,2900,2894,2923,2910,2909,2914,2923,2921,2902,2918,2903,2906,2914,2921,2940,2943,2909,2928,2907,2912,2901,2929,2937,2923
19,2,5,17,13,18,15,1,580,932,1207,1485,1730,1747,1732,1738,1731,1726,1714,1730,1722,1723,1710,1713,1752,1717,1732,1718,1740,1732,1726,1712,1703,1722,1738,1722,1743,1716,1749,1729,1736,1694,1714,1714,1719,1716,1725,1732,1743,1723
44,29,70,46,36,31,47,34,42,45,878,1418,1874,2251,2634,2993,3352,3641,3652,3643,3658,3649,3655,3662,3678,3658,3664,3674,3637,3675,3675,3646,3648,3653,3666,3664,3661,3643,3670,3663,3654,3666,3659,3644,3662,3666,3656,3657,3658,3663
38,53,28,37,63,32,34,35,45,35,877,1416,1845,2237,2607,2996,3306,3621,3953,3956,3957,3952,3939,3953,3945,3953,3962,3929,3966,3947,3968,3935,3937,3925,3961,3940,3937,3946,3963,3938,3935,3943,3925,3943,3929,3959,3925,3944,3947,3951
32,9,24,31,61,17,8,29,13,13,26,22,1,33,21,27,22,410,652,904,1069,1265,1424,1606,1742,1898,2049,2020,2034,2015,2039,2026,2040,2028,2032,2019,2024,2026,2034,2034,2026,2039,2029,2039,2022,2022,2010,2018,2034,2027
62,47,80,54,54,58,36,50,61,419,648,859,1041,1200,1350,1522,1646,1797,1784,1805,1784,1808,1805,1779,1782,1786,1793,1788,1810,1788,1779,1800,1806,1770,1793,1791,1800,1817,1808,1793,1779,1794,1790,1780,1783,1798,1801,1801,1778,1795
16,27,0,22,11,16,26,20,15,38,15,5,15,29,14,33,11,648,1026,1355,1670,1944,1941,1938,1930,1959,1912,1934,1958,1941,1943,1936,1944,1935,1945,1939,1934,1928,1941,1937,1947,1933,1931,1950,1937,1926,1908,1931,1912,1936
27,31,48,32,29,39,47,60,50,27,43,27,28,48,46,65,48,44,38,31,53,45,831,1326,1735,2119,2449,2830,2819,2793,2814,2801,2802,2809,2817,2813,2786,2789,2793,2787,2772,2819,2799,2785,2805,2797,2790,2803,2801,2800
40,47,63,47,30,45,27,24,47,40,28,50,38,30,48,53,700,1139,1465,1812,2088,2359,2637,2894,3127,3129,3137,3123,3140,3140,3134,3139,3129,3128,3129,3128,3142,3114,3130,3142,3133,3146,3148,3128,3125,3136,3141,3137,3151,3140
60,56,59,55,51,27,47,54,37,30,35,32,53,45,53,61,53,47,13,49,57,61,57,51,55,41,54,42,54,47,62,46,59,960,1551,2033,2435,2868,2871,2831,2849,2849,2855,2855,2830,2827,2856,2857,2850,2832
66,50,70,53,46,43,44,36,49,42,18,24,47,47,32,386,624,826,1000,1142,1300,1441,1580,1718,1841,1848,1845,1829,1837,1830,1845,1841,1830,1816,1827,1837,1824,1826,1845,1842,1823,1837,1834,1839,1793,1829,1839,1812,1849,1833
35,23,10,7,19,0,1,0,12,4,14,26,16,0,6,10,24,13,0,1,0,0,0,14,12,0,0,12,25,602,936,1292,1552,1803,2061,2280,2507,2746,2732,2719,2731,2736,2729,2725,2736,2740,2729,2753,2736,2746
51,59,73,65,37,41,65,50,57,61,49,51,32,40,61,66,63,54,41,31,431,663,838,1015,1186,1354,1483,1629,1775,1890,1910,1920,1901,1903,1902,1901,1912,1905,1881,1891,1894,1883,1905,1904,1913,1916,1911,1889,1897,1887
15,22,7,21,16,0,7,13,18,17,14,17,7,4,18,8,38,0,27,30,51,3,22,19,32,369,593,783,915,1095,1227,1399,1502,1645,1771,1775,1766,1770,1762,1800,1776,1775,1742,1763,1763,1775,1772,1768,1761,1751
71,55,87,63,45,68,66,61,75,58,55,72,48,70,56,88,68,73,44,73,36,68,71,67,67,46,58,43,54,542,854,1133,1381,1599,1578,1569,1607,1590,1591,1591,1588,1595,1603,1613,1578,1581,1583,1575,1608,1610
52,30,62,21,56,36,50,48,41,32,433,693,900,1095,1266,1441,1610,1735,1742,1750,1741,1735,1744,1736,1756,1739,1735,1733,1739,1733,1743,1751,1723,1752,1739,1758,1735,1732,1745,1747,1742,1758,1718,1734,1754,1717,1742,1747,1727,1760
18,44,31,33,28,37,49,48,35,32,25,677,1089,1426,1740,2026,2306,2292,2309,2309,2297,2318,2297,2303,2321,2323,2322,2308,2293,2294,2282,2321,2279,2295,2305,2284,2298,2284,2296,2279,2307,2322,2283,2293,2312,2290,2306,2305,2312,2297
23,15,0,35,14,49,27,477,757,992,1253,1441,1617,1803,1958,2144,2307,2320,2314,2307,2320,2295,2308,2303,2313,2312,2322,2321,2285,2300,2320,2306,2316,2310,2327,2321,2325,2305,2316,2317,2295,2311,2328,2316,2320,2309,2320,2321,2310,2312
10,0,7,19,0,31,51,34,17,4,33,11,29,0,3,16,8,9,23,20,35,2,24,0,0,14,14,525,845,1130,1378,1601,1599,1587,1591,1613,1604,1620,1585,1606,1602,1585,1623,1594,1588,1600,1585,1606,1627,1588
0,30,10,0,4,23,15,15,7,29,3,33,22,19,20,18,22,21,640,1013,1322,1634,1919,2157,2425,2613,2852,2853,2897,2856,2864,2873,2845,2872,2861,2877,2860,2866,2856,2878,2872,2850,2864,2870,2866,2869,2871,2858,2853,2882
29,4,9,8,17,37,5,5,27,15,24,0,0,8,9,26,11,10,0,0,1,12,1,7,16,16,27,34,13,14,43,21,31,12,1064,1711,2237,2756,3214,3658,3635,3635,3630,3662,3649,3654,3669,3646,3646,3661
39,27,45,28,19,49,42,48,38,40,45,28,28,23,33,21,36,43,49,46,33,27,23,26,494,802,1040,1290,1497,1690,1876,2072,2083,2063,2053,2081,2079,2051,2070,2057,2065,2044,2051,2069,2059,2063,2046,2041,2044,2032
25,25,1,23,29,9,0,23,16,3,0,19,6,36,14,22,11,19,12,642,1040,1376,1667,1948,2209,2453,2701,2698,2700,2717,2702,2692,2695,2681,2710,2688,2715,2702,2699,2695,2702,2707,2707,2697,2696,2715,2715,2702,2701,2700
10,0,26,2,13,6,0,0,10,6,1,16,28,5,0,15,21,6,19,27,0,5,8,33,9,10,11,18,0,2,0,1,15,514,849,1138,1381,1623,1822,2017,2015,2014,2004,2029,2037,2035,2019,2026,2021,2021
17,5,48,19,17,25,12,23,23,26,13,0,28,18,21,2,20,45,0,30,16,38,3,13,7,11,21,22,21,11,40,29,23,448,693,953,1125,1335,1523,1688,1864,2030,2158,2188,2160,2181,2168,2132,2146,2152
45,44,51,46,35,56,19,48,43,47,671,1076,1388,1704,1992,1994,1997,1977,1995,1999,1977,1982,1971,1992,1991,1982,1971,1997,1974,1976,1996,1980,2005,1979,1972,1995,1995,1999,1994,2002,1991,1985,1980,1985,1994,1974,1995,1981,1981,2001
26,28,43,19,25,29,52,40,462,737,948,1161,1364,1536,1736,1723,1730,1705,1714,1722,1744,1716,1726,1733,1702,1737,1742,1711,1730,1731,1725,1739,1732,1738,1725,1707,1737,1731,1726,1718,1733,1720,1719,1726,1741,1717,1726,1716,1728,1743
54,36,44,50,37,39,38,48,35,52,36,33,34,27,45,36,48,25,42,49,40,694,1065,1420,1709,2003,2242,2539,2750,2988,3229,3223,3222,3221,3200,3220,3223,3238,3223,3223,3225,3227,3202,3237,3246,3200,3211,3206,3196,3233
17,33,14,33,3,10,25,9,21,5,30,31,1091,1743,2332,2825,3311,3312,3327,3299,3311,3302,3339,3307,3311,3297,3314,3304,3322,3307,3304,3321,3325,3310,3322,3323,3318,3293,3317,3311,3309,3320,3310,3311,3309,3321,3321,3334,3322,3314
24,39,0,21,39,39,54,25,33,32,50,44,44,45,13,45,36,23,17,26,31,41,26,46,21,35,30,31,48,641,1066,1409,1704,2001,2263,2486,2504,2488,2496,2511,2501,2491,2482,2492,2492,2505,2503,2496,2490,2496
33,8,0,14,29,5,11,5,11,26,12,18,16,29,20,8,7,19,27,0,6,659,1036,1391,1695,1980,2236,2494,2765,2972,3225,3218,3218,3222,3204,3219,3214,3187,3203,3205,3226,3215,3207,3200,3206,3205,3236,3217,3208,3204
34,30,29,22,26,24,34,28,27,22,37,17,27,38,33,33,47,20,17,23,17,30,35,19,19,25,31,49,35,29,21,30,947,1537,2038,2466,2909,3275,3670,3666,3653,3633,3670,3655,3667,3643,3649,3697,3665,3677
40,46,28,29,23,35,30,8,19,41,26,46,35,27,36,7,38,17,26,17,28,31,24,13,19,18,617,982,1291,1597,1854,2104,2124,2116,2111,2105,2113,2076,2105,2097,2102,2085,2080,2094,2079,2087,2116,2073,2099,2109
47,29,66,23,13,34,46,45,16,46,34,37,63,33,23,23,518,800,1067,1298,1498,1720,1893,1901,1903,1903,1891,1907,1895,1883,1904,1922,1883,1907,1884,1898,1910,1898,1909,1890,1907,1904,1886,1899,1896,1888,1908,1894,1917,1908
1,8,10,1,12,31,25,6,26,19,0,0,15,0,641,1050,1387,1683,1940,2216,2489,2711,2957,3187,3190,3178,3167,3196,3189,3181,3157,3193,3173,3178,3176,3180,3182,3184,3165,3182,3187,3199,3184,3184,3197,3180,3183,3200,3169,3173
21,44,39,31,29,37,39,22,27,41,42,61,66,43,43,49,55,68,37,49,13,47,50,12,57,38,66,38,31,57,45,915,1463,1944,2374,2764,3123,3471,3825,3821,3819,3802,3826,3793,3818,3813,3830,3809,3835,3808
48,46,54,36,20,27,419,637,832,1017,1182,1350,1524,1654,1800,1920,1924,1933,1941,1919,1914,1925,1934,1928,1940,1911,1925,1902,1935,1955,1923,1923,1909,1939,1930,1929,1937,1914,1947,1930,1932,1911,1959,1928,1915,1917,1925,1924,1928,1934
52,43,59,69,47,44,31,75,63,49,31,37,46,40,33,50,68,63,50,59,46,62,54,722,1137,1484,1835,2133,2395,2676,2920,2937,2922,2927,2917,2940,2934,2939,2937,2934,2934,2930,2915,2939,2948,2937,2919,2921,2936,2943
28,57,54,25,68,30,16,76,26,64,38,31,888,1423,1891,2327,2673,3029,3361,3364,3387,3392,3397,3372,3369,3392,3372,3369,3370,3386,3414,3363,3373,3401,3383,3387,3379,3390,3372,3382,3374,3390,3382,3374,3376,3368,3371,3388,3370,3374
28,24,41,24,8,15,35,26,31,18,44,40,29,38,26,40,21,37,43,24,33,28,43,16,36,12,25,32,10,39,35,11,46,588,918,1209,1471,1720,1964,2164,2363,2573,2765,2777,2762,2762,2786,2765,2785,2785
43,61,43,39,62,32,67,49,55,55,48,57,56,54,52,68,50,45,58,61,34,51,48,28,72,70,76,69,53,715,1127,1506,1806,2111,2379,2383,2416,2395,2384,2400,2394,2395,2406,2405,2372,2407,2400,2381,2396,2381
17,27,59,43,27,30,23,69,37,56,38,24,39,52,39,44,19,37,35,42,38,43,12,18,34,66,33,52,44,52,55,31,71,508,832,1066,1293,1509,1718,1910,2089,2090,2078,2081,2071,2081,2086,2097,2074,2080
78,35,73,73,47,46,62,56,59,66,68,64,47,67,53,37,47,75,70,54,56,45,37,51,69,70,60,60,64,60,77,47,87,863,1337,1758,2141,2482,2811,3115,3108,3086,3084,3107,3136,3108,3110,3115,3131,3102
24,37,49,40,50,64,31,53,46,36,57,73,53,76,62,38,46,53,42,56,62,389,599,781,950,1117,1250,1405,1503,1657,1790,1752,1759,1793,1744,1758,1770,1781,1761,1748,1792,1775,1782,1769,1773,1764,1766,1766,1774,1783
45,12,29,40,5,26,26,31,31,16,58,14,13,20,34,20,24,28,25,20,20,26,32,14,33,30,26,21,841,1306,1744,2146,2490,2454,2482,2500,2499,2496,2483,2485,2484,2486,2496,2494,2483,2486,2481,2495,2495,2498
48,58,55,61,46,46,43,47,25,70,51,48,40,62,43,62,710,1104,1448,1762,2058,2316,2326,2346,2340,2302,2336,2298,2336,2337,2328,2323,2324,2317,2305,2298,2311,2306,2308,2327,2328,2328,2309,2322,2305,2314,2324,2333,2337,2341
43,44,13,58,34,22,52,501,788,1033,1252,1477,1664,1857,2039,2220,2203,2230,2232,2222,2196,2215,2214,2216,2245,2214,2217,2227,2217,2213,2212,2215,2197,2199,2231,2220,2238,2220,2220,2217,2243,2225,2221,2212,2217,2208,2204,2222,2220,2223
24,0,18,0,8,21,18,26,0,8,7,15,0,6,7,27,19,34,0,25,5,0,13,0,23,11,26,13,1064,1730,2297,2801,3277,3300,3273,3260,3268,3305,3272,3270,3288,3306,3289,3295,3287,3272,3278,3286,3289,3279
28,18,27,20,49,42,38,18,24,29,13,20,36,34,4,500,785,1009,1245,1425,1637,1816,1826,1810,1830,1808,1833,1814,1844,1831,1835,1840,1859,1828,1819,1814,1822,1832,1826,1828,1822,1833,1830,1834,1829,1834,1817,1822,1825,1834
33,0,0,19,17,29,17,3,1,10,13,321,501,665,810,934,1043,1205,1301,1421,1523,1503,1507,1521,1514,1507,1514,1540,1522,1504,1545,1521,1524,1542,1499,1502,1519,1522,1514,1523,1531,1536,1500,1519,1516,1513,1524,1473,1501,1499
59,52,43,49,63,41,48,61,57,55,74,573,881,1194,1396,1657,1864,2057,2058,2066,2063,2084,2078,2076,2073,2060,2085,2065,2064,2071,2083,2093,2053,2062,2037,2077,2074,2069,2066,2059,2071,2054,2080,2071,2049,2074,2059,2052,2050,2075
40,61,63,70,63,63,58,50,37,72,54,56,46,56,38,52,489,771,968,1199,1364,1536,1534,1552,1537,1547,1543,1548,1539,1522,1531,1542,1544,1533,1544,1539,1545,1542,1560,1552,1518,1528,1557,1523,1553,1530,1556,1553,1557,1511
0,3,0,33,4,8,18,4,12,24,20,12,15,6,9,3,8,726,1152,1502,1819,2100,2405,2413,2413,2417,2413,2395,2420,2421,2417,2381,2398,2397,2419,2410,2397,2420,2413,2413,2417,2421,2412,2413,2415,2436,2427,2423,2408,2422
27,22,23,32,30,23,26,29,44,564,901,1188,1441,1705,1699,1692,1714,1697,1722,1690,1701,1701,1686,1700,1697,1677,1702,1700,1705,1700,1701,1668,1718,1676,1696,1690,1688,1695,1696,1686,1684,1692,1706,1710,1683,1686,1693,1708,1690,1684
30,45,40,41,14,40,20,51,46,36,21,28,53,72,735,1175,1564,1890,2209,2491,2765,3051,3303,3295,3302,3307,3309,3307,3293,3294,3317,3306,3299,3287,3303,3320,3323,3302,3272,3299,3303,3293,3312,3303,3327,3296,3312,3296,3315,3311
70,58,74,78,57,54,60,652,1065,1398,1707,1971,1966,1968,1959,1956,1951,1985,1959,1959,1988,1954,1968,1963,1969,1951,1970,1955,1970,1969,1971,1959,1967,1989,1948,1974,1952,1944,1974,1970,1964,1940,1967,1974,1953,1984,1960,1962,1980,1971
21,18,37,4,19,44,25,43,31,19,17,27,16,33,18,23,17,867,1401,1846,2260,2662,3002,3346,3657,3996,3974,3998,3972,3991,3963,4007,3980,3977,3986,3984,3972,3982,3989,3986,3970,3991,3992,3981,3989,3985,3989,3972,3971,3983
12,34,18,30,32,28,38,44,30,18,24,21,38,20,11,1123,1816,2412,2949,3436,3889,3883,3878,3892,3879,3866,3893,3872,3891,3888,3871,3880,3895,3899,3872,3871,3903,3897,3886,3890,3887,3887,3897,3886,3891,3886,3869,3902,3876,3881
39,13,0,24,12,30,18,19,9,17,27,886,1389,1826,2239,2627,2977,3325,3314,3313,3319,3335,3308,3325,3334,3319,3356,3325,3326,3318,3329,3324,3318,3292,3307,3330,3316,3340,3358,3330,3336,3328,3320,3305,3310,3309,3325,3327,3317,3342
11,28,29,18,5,34,45,9,22,22,40,37,35,13,42,24,27,15,870,1391,1875,2236,2625,2998,3323,3640,3651,3659,3630,3653,3665,3661,3677,3642,3670,3654,3646,3654,3665,3661,3661,3652,3666,3686,3668,3625,3645,3643,3673,3651
47,40,55,28,52,52,50,44,50,62,43,64,58,39,53,48,40,49,70,40,42,44,41,52,49,78,59,56,36,73,56,471,752,992,1206,1399,1556,1583,1569,1590,1561,1564,1583,1568,1560,1550,1584,1562,1573,1570
62,63,66,47,59,79,41,55,67,46,57,53,1077,1699,2241,2756,3205,3196,3205,3202,3180,3202,3205,3182,3222,3200,3197,3212,3213,3183,3182,3201,3189,3199,3193,3199,3193,3189,3213,3188,3204,3195,3201,3187,3217,3177,3203,3199,3191,3214
8,25,20,26,20,32,21,39,36,46,27,26,8,23,5,10,28,59,41,30,33,19,28,34,35,38,32,17,25,21,33,791,1241,1661,2017,2382,2657,2968,3247,3525,3800,3804,3812,3789,3810,3804,3792,3800,3793,3794
57,45,56,53,45,43,41,30,45,27,85,59,40,32,32,48,53,47,41,58,56,54,35,50,53,28,19,52,52,25,50,52,39,52,25,64,784,1235,1631,1991,2320,2632,2925,2925,2934,2915,2939,2913,2948,2917
31,40,37,42,49,49,43,34,45,32,42,38,43,43,462,717,919,1160,1330,1515,1666,1824,1997,2009,1981,1992,1989,1993,2014,1980,1979,1973,1996,1973,1977,1952,1979,1986,2006,1965,1978,1971,1975,1988,1982,1995,1990,1971,2015,1988
45,0,46,28,21,9,32,16,39,44,22,0,27,28,37,27,15,14,4,35,5,538,862,1141,1376,1595,1825,1808,1806,1819,1817,1808,1827,1808,1818,1827,1826,1833,1825,1787,1804,1816,1811,1808,1840,1845,1832,1821,1826,1797
50,55,66,65,74,25,36,46,31,51,54,45,66,69,40,793,1234,1640,1982,2296,2611,2893,3183,3458,3704,3714,3702,3727,3740,3710,3716,3714,3719,3720,3735,3707,3742,3728,3715,3709,3722,3718,3709,3739,3711,3715,3708,3722,3739,3723
63,29,36,54,62,53,48,28,41,33,34,62,54,60,39,46,57,63,41,32,50,58,33,55,50,42,51,52,63,40,64,906,1453,1904,2362,2739,2727,2705,2723,2724,2714,2737,2730,2729,2722,2728,2731,2742,2718,2728
37,38,48,54,58,63,31,51,55,32,37,46,40,47,51,43,59,59,46,62,44,52,44,738,1216,1568,1906,2221,2202,2208,2218,2217,2218,2214,2216,2224,2217,2235,2226,2206,2198,2228,2214,2197,2201,2239,2213,2212,2213,2203
37,24,27,47,34,37,52,32,24,57,59,52,37,38,38,36,645,1018,1352,1657,1914,2183,2173,2145,2151,2168,2155,2193,2157,2144,2163,2165,2160,2164,2167,2174,2161,2177,2184,2189,2188,2175,2166,2158,2176,2174,2178,2176,2192,2173
11,44,44,56,38,49,40,38,47,56,39,25,37,55,49,58,30,33,56,25,56,55,52,37,42,40,27,59,46,33,34,32,34,703,1169,1527,1888,2197,2466,2726,3024,3273,3291,3287,3279,3262,3266,3282,3255,3287
2,17,0,7,16,5,17,23,6,0,8,6,2,37,4,10,26,0,0,8,658,1052,1387,1667,1961,2237,2462,2712,2716,2724,2731,2711,2723,2703,2699,2728,2713,2704,2721,2705,2693,2717,2725,2718,2683,2711,2735,2710,2721,2709
17,8,18,14,23,5,0,0,797,1282,1701,2099,2428,2791,3099,3081,3070,3082,3079,3074,3083,3075,3063,3119,3089,3076,3082,3093,3115,3084,3076,3093,3074,3091,3071,3094,3094,3074,3065,3076,3080,3086,3084,3092,3109,3074,3079,3060,3083,3089
51,20,28,26,32,38,30,0,22,50,33,30,25,39,346,557,708,840,972,1118,1231,1339,1466,1561,1574,1569,1569,1586,1565,1556,1559,1578,1581,1589,1576,1569,1562,1595,1588,1574,1586,1570,1569,1566,1560,1580,1561,1560,1580,1580
0,0,18,31,0,7,23,9,13,31,7,31,5,0,11,18,12,11,24,5,28,4,2,0,31,18,0,0,3,0,517,805,1036,1302,1540,1519,1525,1516,1536,1527,1515,1524,1536,1520,1538,1520,1526,1530,1527,1513
36,29,58,61,64,46,50,49,45,40,38,61,52,40,33,55,39,42,49,62,35,35,65,25,672,1037,1374,1680,1919,1941,1942,1948,1910,1939,1941,1950,1952,1938,1945,1947,1936,1925,1942,1927,1948,1938,1921,1940,1934,1954
42,54,51,35,42,60,58,58,42,61,490,754,976,1191,1379,1563,1748,1915,1903,1922,1898,1895,1914,1898,1921,1923,1918,1921,1892,1902,1881,1886,1911,1902,1897,1897,1905,1900,1909,1918,1912,1907,1909,1904,1860,1887,1886,1900,1887,1913
15,30,25,33,37,55,564,944,1211,1485,1721,1948,2184,2379,2576,2567,2592,2597,2565,2574,2544,2586,2587,2587,2563,2571,2596,2585,2575,2561,2588,2580,2562,2569,2573,2581,2567,2590,2567,2568,2585,2575,2583,2588,2560,2589,2596,2574,2559,2568
16,25,25,0,9,47,33,19,6,34,25,20,23,36,33,26,14,31,23,873,1399,1880,2267,2620,2992,3334,3338,3331,3342,3329,3324,3341,3307,3360,3349,3336,3337,3339,3322,3329,3317,3324,3337,3354,3331,3332,3335,3355,3362,3340
23,23,34,9,4,11,20,12,29,42,33,5,27,24,32,28,27,827,1298,1749,2097,2483,2799,2796,2796,2793,2802,2800,2797,2819,2818,2779,2810,2775,2802,2816,2791,2796,2804,2791,2781,2788,2798,2806,2806,2806,2794,2802,2795,2809
35,48,46,45,61,37,33,63,49,50,37,49,41,63,49,67,56,62,73,72,51,62,69,54,68,44,46,46,41,67,31,74,1120,1781,2339,2852,3317,3796,3776,3789,3771,3780,3781,3785,3766,3769,3761,3778,3747,3771
61,54,18,20,24,36,777,1258,1636,2010,2371,2677,2985,2972,2982,2966,2964,2975,2960,2975,2960,2971,2971,2950,2962,2972,2966,2947,2976,2967,2951,2972,2976,2976,2959,2972,2979,2968,2971,2977,2987,2979,2965,2967,2955,2986,2970,2972,2954,2965
80,59,63,37,46,47,61,73,69,64,70,53,62,59,42,44,60,68,80,567,881,1135,1369,1610,1827,2024,2027,2013,2013,2013,2021,2029,2001,2028,2019,2018,2027,2031,1998,2010,2019,2023,2030,2014,2005,2025,2002,2002,2033,2031
40,46,36,36,26,50,33,36,19,20,39,36,20,46,27,49,42,32,52,40,31,33,354,569,717,896,1016,1175,1272,1420,1521,1639,1640,1624,1652,1627,1622,1642,1647,1605,1646,1642,1643,1621,1640,1618,1639,1644,1638,1623
17,23,29,10,8,30,19,24,5,5,883,1428,1883,2323,2693,3089,3428,3757,4077,4087,4095,4093,4070,4095,4083,4077,4090,4080,4075,4095,4091,4066,4086,4069,4071,4095,4080,4092,4072,4065,4083,4095,4076,4094,4094,4093,4090,4092,4078,4090
26,0,20,38,15,10,31,6,22,29,15,9,10,37,12,19,14,36,29,22,11,16,27,14,0,13,19,12,5,0,37,0,625,997,1351,1634,1932,2154,2415,2654,2904,2871,2854,2870,2883,2893,2879,2865,2883,2876
23,6,35,45,31,38,24,19,27,550,883,1160,1408,1641,1869,1855,1853,1869,1885,1866,1857,1858,1866,1869,1875,1869,1863,1891,1873,1868,1851,1874,1864,1836,1856,1861,1851,1861,1865,1875,1869,1860,1870,1889,1887,1876,1870,1874,1884,1895
51,51,57,74,62,58,41,80,58,55,78,62,62,46,73,63,60,62,43,44,47,46,62,76,56,67,67,78,62,1038,1638,2157,2646,3075,3479,3842,3869,3868,3872,3892,3863,3870,3853,3881,3880,3862,3861,3871,3872,3873
11,8,0,26,12,2,7,13,17,2,0,3,0,27,8,13,0,37,10,7,20,36,15,31,31,13,13,857,1380,1823,2211,2596,2977,3273,3612,3907,3922,3932,3931,3921,3927,3912,3931,3910,3906,3912,3898,3906,3913,3923
33,11,0,16,14,26,20,13,0,5,27,1,0,0,23,27,4,10,0,9,25,0,18,1,762,1216,1631,1978,2309,2619,2931,3205,3480,3739,3737,3761,3756,3750,3753,3725,3735,3754,3748,3757,3756,3735,3753,3739,3734,3736
26,20,41,22,25,16,22,44,23,20,15,20,30,2,42,8,21,32,39,35,41,34,19,21,26,24,26,23,19,25,18,16,45,507,801,1041,1271,1509,1720,1890,2078,2256,2256,2287,2270,2284,2246,2276,2267,2266
10,20,0,0,14,29,0,0,19,9,17,27,14,40,0,0,491,805,1060,1291,1532,1725,1912,2101,2104,2103,2118,2096,2097,2100,2089,2114,2103,2092,2073,2093,2093,2092,2087,2103,2104,2099,2099,2094,2078,2106,2089,2124,2093,2117
23,12,2,5,10,4,35,14,20,30,19,4,21,27,37,0,11,15,15,681,1095,1457,1804,2093,2394,2672,2913,3138,3362,3378,3402,3412,3409,3384,3388,3377,3405,3389,3404,3389,3388,3398,3398,3371,3397,3410,3377,3394,3401,3396
11,45,21,17,29,45,10,492,748,1018,1241,1437,1630,1784,1979,2175,2324,2319,2339,2323,2313,2336,2338,2338,2339,2329,2333,2334,2330,2316,2331,2331,2328,2302,2333,2328,2336,2315,2334,2333,2316,2330,2322,2324,2335,2318,2326,2323,2307,2334
55,56,36,37,69,60,67,58,66,35,58,84,47,62,58,39,51,691,1104,1419,1738,2006,2284,2548,2787,3042,3044,3005,3038,3035,3038,3029,3019,3023,3043,3025,3054,3036,3045,3040,3053,3040,3041,3051,3031,3026,3056,3050,3020,3027
62,51,46,70,38,40,50,67,63,64,36,43,56,53,62,65,59,45,40,87,29,46,62,47,56,44,43,57,561,893,1171,1426,1648,1877,2084,2293,2445,2632,2644,2657,2634,2663,2639,2643,2656,2655,2647,2638,2640,2640
0,10,11,16,17,10,3,13,6,28,8,7,13,5,12,0,11,3,0,22,19,5,2,897,1447,1934,2330,2734,3116,3090,3123,3117,3082,3091,3077,3081,3089,3099,3100,3088,3088,3087,3095,3108,3109,3111,3114,3082,3098,3122
43,30,48,44,26,51,45,67,47,46,59,39,56,63,47,38,50,36,57,58,39,49,48,47,40,49,39,32,58,41,52,835,1317,1711,2091,2438,2773,3033,3378,3375,3380,3373,3390,3382,3365,3363,3374,3367,3368,3387
43,24,50,14,49,63,33,38,37,50,32,23,59,66,46,44,48,50,569,941,1217,1481,1700,1951,2154,2341,2364,2354,2367,2338,2346,2358,2373,2353,2349,2353,2361,2351,2351,2329,2359,2361,2357,2339,2372,2366,2365,2335,2358,2344
29,36,15,17,19,31,13,21,34,12,27,44,18,788,1239,1652,2005,2351,2663,2958,3238,3266,3245,3255,3235,3237,3259,3242,3249,3238,3243,3262,3253,3246,3254,3256,3245,3257,3240,3264,3248,3242,3244,3240,3239,3243,3257,3251,3244,3259
35,24,30,25,9,16,18,4,2,8,25,26,19,19,38,43,0,15,11,15,23,30,644,1035,1403,1698,1980,2246,2521,2773,2991,3222,3209,3214,3232,3232,3216,3201,3223,3210,3234,3221,3219,3220,3227,3231,3214,3216,3215,3212
19,9,38,3,5,15,31,23,3,32,21,24,28,32,14,15,13,15,32,0,19,0,1,0,918,1486,1984,2423,2821,3206,3226,3214,3188,3181,3198,3213,3214,3210,3205,3196,3192,3200,3197,3205,3192,3224,3191,3197,3213,3196
7,23,25,26,11,30,43,37,28,35,15,34,38,39,21,25,16,14,34,47,30,25,26,28,23,51,33,44,663,1070,1408,1720,2000,2283,2539,2797,2795,2775,2783,2770,2792,2795,2790,2774,2782,2782,2752,2783,2791,2783
43,40,27,19,44,25,30,28,59,26,17,48,44,704,1121,1470,1778,2077,2061,2058,2077,2084,2057,2076,2071,2071,2060,2078,2075,2083,2068,2061,2069,2054,2067,2069,2075,2087,2078,2064,2068,2060,2096,2062,2086,2073,2073,2054,2060,2063
25,5,30,21,20,7,27,27,1,10,20,18,28,3,25,11,7,0,22,3,19,0,4,33,14,31,12,21,29,33,25,25,893,1426,1868,2265,2648,3035,3373,3685,4008,4029,4017,4035,4026,4005,3997,4050,4028,4037
49,60,67,58,72,60,73,50,73,50,64,53,40,75,52,44,53,55,66,55,38,49,70,54,50,50,45,59,565,882,1133,1374,1601,1839,2029,2034,2013,2047,2032,2038,2032,2040,2023,2027,2029,2045,2011,2014,2029,2021
40,53,43,37,9,51,48,65,43,41,45,14,41,32,776,1268,1653,2022,2344,2669,2937,3235,3224,3250,3241,3215,3235,3213,3269,3256,3234,3251,3228,3233,3217,3231,3251,3246,3226,3238,3212,3239,3232,3243,3236,3238,3260,3256,3233,3240
29,31,31,37,39,48,24,35,26,40,47,52,53,52,46,32,56,64,62,45,31,41,37,36,31,51,49,389,626,785,937,1101,1229,1354,1509,1528,1538,1529,1503,1531,1555,1517,1509,1522,1507,1506,1520,1526,1502,1522
32,39,20,42,15,39,32,1079,1768,2342,2863,3365,3773,3803,3788,3807,3832,3799,3792,3813,3799,3811,3777,3786,3815,3781,3802,3790,3825,3797,3793,3783,3807,3787,3790,3781,3804,3796,3786,3772,3794,3779,3788,3798,3786,3782,3781,3784,3793,3778
61,57,60,67,76,60,50,78,71,62,42,45,54,37,47,36,56,66,63,64,51,54,66,63,67,48,40,58,55,545,883,1149,1403,1634,1831,1837,1817,1839,1841,1796,1837,1818,1820,1838,1823,1815,1817,1812,1809,1820
61,64,59,48,64,45,38,65,54,59,47,43,51,40,24,44,53,39,72,42,50,48,45,51,66,58,23,33,63,669,1045,1350,1656,1932,2168,2437,2670,2869,2868,2880,2879,2878,2893,2894,2890,2878,2888,2893,2886,2909
57,29,30,44,41,50,30,31,33,39,43,24,42,24,37,42,36,52,43,49,49,44,49,44,74,52,33,36,29,39,530,841,1098,1346,1560,1774,1964,2154,2161,2168,2173,2152,2152,2155,2152,2150,2133,2150,2141,2135
39,13,40,34,32,21,19,39,29,37,34,12,13,45,18,55,35,14,25,47,34,17,22,28,4,37,59,399,642,846,1052,1229,1361,1523,1657,1796,1929,1953,1932,1949,1951,1937,1951,1936,1934,1961,1943,1945,1944,1967
13,8,0,21,0,1,725,1161,1542,1880,2200,2501,2787,3043,3279,3315,3301,3315,3308,3292,3286,3321,3290,3293,3301,3298,3297,3301,3284,3281,3307,3294,3285,3298,3309,3316,3288,3297,3302,3304,3290,3306,3301,3308,3293,3302,3288,3285,3311,3310
28,26,1,15,18,29,10,21,13,42,5,13,38,29,38,24,28,34,30,30,17,36,0,24,736,1160,1597,1914,2257,2543,2841,3105,3373,3629,3622,3653,3619,3609,3649,3623,3626,3635,3647,3632,3623,3642,3637,3626,3630,3638
45,45,43,41,55,44,50,47,33,53,60,36,30,48,39,61,38,32,52,65,23,34,39,49,65,49,51,51,54,28,411,655,827,986,1179,1317,1500,1615,1609,1618,1602,1583,1601,1637,1606,1614,1617,1622,1628,1616
37,12,36,15,38,32,41,15,32,24,25,22,37,44,31,754,1196,1609,1950,2256,2561,2874,3145,3405,3415,3414,3398,3404,3413,3414,3403,3415,3408,3409,3413,3422,3413,3399,3415,3394,3434,3441,3378,3427,3434,3436,3400,3408,3419,3428
24,62,10,40,11,39,29,47,23,58,35,37,42,1330,2094,2776,3400,3975,3954,3958,3976,3967,3971,3989,3967,3979,3972,3962,3965,3976,3958,3960,3977,3963,3986,3983,3972,3959,3962,3980,3958,3978,3964,3952,3980,3958,3958,3984,3969,3985
25,34,9,26,27,3,20,15,51,26,27,22,49,17,25,49,15,7,5,25,50,45,40,28,5,32,37,20,24,18,9,23,7,6,853,1377,1790,2200,2534,2896,3209,3533,3546,3554,3529,3518,3546,3514,3516,3549
42,21,14,36,28,40,11,22,34,54,34,26,20,36,41,33,10,16,43,14,19,26,13,880,1393,1867,2304,2677,3044,3366,3689,4017,4033,4008,4040,4024,4003,4004,4024,4015,3995,4012,4016,4028,4020,4018,4028,4003,4017,4018
26,22,33,23,31,17,24,28,23,34,33,31,41,36,18,39,36,24,51,677,1065,1435,1718,2004,2288,2535,2775,3012,3259,3259,3247,3252,3239,3243,3249,3245,3269,3255,3251,3242,3242,3244,3257,3253,3249,3231,3262,3257,3242,3268
61,37,50,48,28,55,72,30,49,61,74,44,49,42,33,32,47,41,48,55,46,802,1238,1643,1997,2317,2632,2922,3217,3492,3479,3496,3477,3490,3490,3480,3466,3495,3476,3487,3470,3476,3493,3484,3480,3462,3474,3485,3471,3490
56,22,54,33,22,25,48,44,42,69,51,44,59,56,48,25,37,24,37,64,31,703,1145,1506,1811,2123,2388,2665,2928,3179,3168,3198,3175,3185,3184,3171,3197,3181,3176,3168,3176,3165,3179,3173,3177,3167,3180,3198,3177,3167
52,54,62,61,69,42,42,499,779,1066,1266,1460,1673,1672,1667,1656,1637,1644,1646,1674,1665,1667,1642,1664,1681,1661,1669,1654,1651,1664,1670,1660,1663,1680,1681,1679,1675,1648,1670,1651,1657,1668,1675,1655,1661,1668,1668,1649,1659,1671
65,58,66,54,44,60,54,58,66,50,49,43,87,53,65,47,43,62,54,49,77,62,682,1067,1426,1706,2009,2247,2520,2536,2513,2525,2517,2503,2517,2535,2516,2515,2544,2515,2511,2517,2519,2523,2526,2525,2528,2512,2516,2512
17,47,34,33,26,15,34,43,24,36,27,41,54,45,28,53,42,18,37,48,44,31,40,45,48,433,702,886,1078,1244,1424,1578,1726,1853,1869,1846,1891,1869,1858,1867,1887,1866,1867,1875,1854,1880,1874,1874,1891,1867
62,19,70,37,36,61,53,48,60,27,41,40,761,1183,1555,1890,2215,2208,2214,2219,2186,2221,2184,2209,2199,2196,2227,2205,2196,2217,2203,2208,2189,2193,2193,2203,2212,2205,2218,2196,2182,2183,2205,2191,2217,2203,2197,2185,2202,2222
40,46,34,60,23,59,37,41,32,39,35,25,45,46,40,38,53,59,47,47,43,1018,1640,2190,2662,3120,3537,3551,3536,3559,3532,3534,3539,3546,3543,3543,3544,3542,3558,3543,3541,3547,3549,3541,3553,3533,3536,3549,3542,3561
0,25,18,0,16,10,0,30,15,12,6,0,21,20,31,8,28,41,22,32,16,28,21,19,18,1,16,23,16,7,32,752,1187,1562,1893,2217,2556,2843,3101,3370,3353,3369,3353,3360,3370,3367,3356,3366,3370,3366
0,17,6,29,0,5,18,11,1,0,1,4,24,25,17,0,14,24,12,15,13,17,11,0,17,12,4,15,3,23,29,9,25,32,626,1019,1368,1683,1957,2221,2468,2725,2703,2708,2713,2712,2711,2703,2719,2697
25,34,2,25,21,41,30,30,8,33,33,5,30,547,843,1129,1388,1602,1817,1828,1794,1815,1812,1826,1810,1842,1814,1807,1818,1829,1800,1811,1811,1794,1830,1835,1821,1813,1810,1812,1826,1797,1829,1809,1801,1794,1811,1825,1809,1816
22,0,12,27,10,20,23,44,12,16,22,22,29,24,40,37,43,16,37,31,28,45,24,21,617,987,1304,1612,1857,2087,2349,2358,2373,2348,2351,2348,2333,2338,2343,2352,2355,2345,2358,2356,2351,2339,2354,2337,2347,2348
42,34,47,40,45,34,45,60,46,49,64,53,32,58,53,30,39,24,72,48,31,58,46,39,34,46,58,23,671,1040,1382,1695,1965,2235,2491,2731,2728,2710,2712,2712,2725,2710,2732,2705,2728,2728,2716,2736,2736,2727
20,28,5,17,5,11,22,12,11,19,0,8,3,0,9,4,12,7,36,29,24,15,10,30,834,1355,1800,2181,2573,2930,2911,2917,2897,2904,2932,2904,2911,2926,2897,2921,2926,2900,2917,2926,2899,2916,2896,2922,2912,2924
30,29,38,33,51,48,24,33,15,22,43,42,39,19,49,26,41,38,37,39,790,1237,1639,2007,2317,2641,2958,2922,2963,2951,2920,2954,2927,2963,2954,2947,2951,2965,2946,2953,2936,2927,2938,2946,2928,2938,2940,2940,2928,2946
17,6,27,37,47,46,10,18,35,8,23,8,34,37,44,25,42,12,4,38,745,1223,1596,1942,2257,2242,2254,2248,2259,2274,2249,2273,2263,2263,2248,2270,2245,2248,2279,2271,2252,2295,2273,2257,2272,2270,2247,2274,2265,2247
29,43,48,23,31,16,45,28,1023,1644,2200,2710,3162,3569,3560,3576,3579,3585,3558,3562,3583,3580,3563,3558,3545,3558,3577,3582,3579,3569,3565,3572,3557,3559,3571,3567,3569,3561,3572,3559,3573,3570,3592,3589,3584,3579,3597,3595,3575,3564
39,5,9,41,32,28,50,19,21,30,16,24,30,23,43,39,13,31,35,9,34,29,12,29,24,48,37,30,1,15,20,37,1054,1710,2269,2785,3234,3255,3252,3234,3253,3236,3234,3243,3264,3247,3221,3253,3257,3236
16,20,2,22,19,18,15,521,829,1121,1351,1597,1809,1792,1781,1825,1806,1776,1818,1815,1801,1805,1794,1799,1796,1791,1804,1815,1800,1791,1794,1808,1781,1810,1795,1811,1804,1796,1820,1806,1801,1786,1805,1795,1795,1798,1792,1833,1807,1802
0,38,10,8,9,0,37,7,16,6,31,23,0,0,5,4,0,31,16,26,4,9,17,2,5,13,26,10,25,25,0,0,11,15,479,755,1019,1231,1445,1627,1839,2018,2186,2363,2369,2340,2354,2328,2335,2364
44,50,20,50,24,22,882,1404,1839,2259,2640,2990,3347,3670,3959,3949,3958,3977,3968,3940,3985,3962,3979,3979,3966,3967,3964,3953,3990,3963,3939,3966,3943,3983,3956,3957,3981,3962,3973,3970,3969,3962,3966,3969,3958,3968,3953,3970,3943,3966
3,0,0,23,3,18,0,0,23,24,12,1002,1616,2128,2570,3019,3455,3836,3854,3873,3834,3853,3853,3830,3821,3837,3857,3827,3845,3835,3838,3834,3855,3830,3855,3835,3832,3839,3833,3842,3821,3829,3828,3831,3847,3854,3833,3847,3824,3820
47,22,27,35,16,25,33,47,737,1157,1549,1888,2185,2509,2778,3020,3296,3548,3544,3552,3542,3541,3545,3571,3554,3547,3542,3536,3530,3537,3547,3530,3546,3550,3546,3542,3546,3534,3541,3553,3538,3543,3544,3572,3540,3538,3542,3546,3529,3526
49,39,41,21,68,38,31,40,43,49,50,69,50,49,39,60,27,30,69,53,870,1421,1843,2286,2620,3011,3308,3652,3967,3938,3957,3951,3925,3945,3943,3949,3957,3958,3959,3949,3954,3964,3962,3960,3936,3958,3961,3938,3975,3966
49,37,38,45,65,55,65,36,34,54,46,48,47,23,59,28,25,54,42,54,50,52,631,1032,1309,1617,1876,1888,1855,1872,1857,1867,1866,1870,1856,1852,1868,1866,1850,1872,1847,1867,1878,1850,1866,1863,1839,1876,1850,1856
14,17,37,21,38,19,15,8,30,19,20,12,34,19,31,21,17,23,23,30,47,31,23,21,0,31,38,4,22,40,16,0,31,17,32,37,926,1501,1979,2440,2833,3225,3235,3215,3240,3228,3239,3240,3248,3236
57,60,57,27,34,53,31,37,24,39,52,39,16,12,43,37,18,61,539,868,1121,1364,1594,1808,1996,2211,2377,2391,2359,2379,2390,2376,2400,2373,2366,2369,2383,2378,2365,2381,2383,2360,2378,2381,2369,2361,2387,2375,2398,2383
56,46,59,42,58,51,79,63,65,41,43,594,909,1182,1463,1698,1720,1695,1679,1710,1713,1691,1702,1704,1682,1680,1699,1697,1688,1714,1681,1709,1696,1692,1689,1692,1699,1698,1722,1707,1704,1693,1695,1702,1683,1712,1683,1680,1682,1713
59,53,73,58,27,60,44,66,62,57,59,51,57,54,62,59,60,75,55,59,60,52,1288,2046,2694,3266,3846,3815,3846,3820,3839,3831,3846,3825,3832,3847,3839,3837,3806,3852,3837,3817,3832,3851,3834,3845,3834,3841,3835,3818
46,41,36,70,47,55,59,35,37,34,44,47,50,43,51,60,58,48,935,1474,1971,2411,2802,3163,3155,3162,3148,3170,3150,3156,3179,3165,3174,3169,3160,3174,3174,3178,3144,3155,3149,3162,3145,3147,3187,3175,3182,3168,3160,3185
45,27,37,23,18,42,33,41,29,39,39,26,15,33,34,21,41,41,46,24,42,32,645,1031,1336,1631,1902,2165,2416,2637,2651,2640,2627,2660,2664,2640,2632,2634,2626,2657,2630,2624,2631,2628,2646,2629,2636,2644,2642,2607
28,51,46,26,42,33,56,34,24,661,1066,1438,1763,2058,2302,2582,2813,2840,2842,2825,2805,2819,2800,2804,2840,2808,2813,2814,2834,2790,2802,2833,2836,2833,2835,2837,2824,2841,2813,2813,2819,2829,2810,2826,2827,2809,2799,2831,2806,2798
43,35,56,25,36,45,29,39,40,39,47,36,40,65,45,55,33,53,66,36,42,51,40,40,37,43,30,49,34,27,48,38,53,21,823,1274,1690,2041,2401,2374,2381,2377,2374,2376,2387,2377,2375,2388,2381,2381
41,50,56,26,22,58,45,34,60,80,706,1146,1511,1846,2126,2408,2688,2676,2689,2660,2674,2673,2691,2674,2680,2690,2697,2704,2673,2702,2670,2681,2693,2669,2701,2672,2660,2677,2692,2677,2684,2680,2676,2677,2689,2689,2674,2698,2665,2680
41,51,30,33,19,42,32,35,43,8,22,34,42,33,780,1215,1625,1979,2304,2607,2920,3200,3439,3437,3463,3467,3455,3470,3466,3439,3456,3441,3466,3461,3437,3445,3448,3446,3472,3465,3449,3447,3446,3443,3458,3473,3458,3457,3449,3463
60,32,36,52,38,43,42,27,62,54,34,37,35,39,43,44,47,44,47,67,876,1373,1825,2223,2590,2588,2610,2591,2602,2606,2603,2595,2593,2615,2582,2595,2604,2587,2604,2593,2585,2605,2602,2596,2594,2586,2591,2586,2610,2591
37,31,0,16,37,31,20,32,21,598,973,1304,1559,1815,1827,1822,1806,1806,1818,1825,1832,1820,1814,1816,1828,1825,1834,1819,1821,1818,1850,1805,1797,1834,1834,1820,1826,1807,1829,1837,1834,1835,1823,1827,1794,1824,1812,1832,1817,1836
17,53,32,21,27,26,40,31,32,38,13,45,28,27,25,37,23,37,23,19,18,31,37,32,792,1273,1675,2041,2411,2385,2396,2403,2410,2401,2417,2407,2417,2394,2396,2404,2397,2384,2395,2409,2407,2395,2428,2400,2399,2411
24,8,15,21,27,0,0,43,0,12,23,14,26,11,21,22,527,878,1138,1378,1631,1854,2067,2276,2456,2632,2628,2639,2622,2639,2624,2644,2619,2648,2637,2639,2655,2616,2640,2644,2638,2650,2641,2649,2641,2641,2622,2645,2636,2633
43,51,23,48,41,45,60,23,21,52,55,42,36,29,571,847,1126,1385,1592,1820,2015,2224,2409,2397,2398,2396,2408,2383,2397,2389,2385,2390,2405,2407,2399,2401,2378,2384,2382,2392,2410,2403,2394,2397,2395,2384,2391,2408,2389,2389
45,63,45,43,53,64,45,41,4,25,38,64,50,65,49,38,50,49,56,48,85,85,82,52,43,814,1297,1694,2082,2391,2718,3003,3334,3605,3878,3882,3896,3875,3872,3876,3872,3893,3871,3883,3886,3880,3869,3878,3891,3881
34,42,31,48,41,49,40,26,29,29,29,54,42,31,39,32,43,32,46,37,24,969,1541,2002,2479,2885,2891,2873,2885,2873,2892,2883,2900,2867,2883,2877,2865,2901,2876,2894,2883,2871,2895,2864,2878,2869,2875,2876,2894,2871
61,47,35,34,53,29,39,13,53,45,23,31,43,37,41,38,31,22,28,28,47,24,29,11,39,26,24,42,36,15,13,32,449,732,951,1159,1364,1529,1702,1868,2030,2184,2178,2166,2188,2178,2177,2170,2162,2154
27,17,5,35,17,5,19,6,0,8,10,0,0,428,667,855,1044,1236,1407,1571,1710,1889,1869,1865,1876,1865,1854,1873,1866,1863,1885,1864,1862,1872,1864,1878,1871,1863,1887,1856,1864,1869,1876,1885,1890,1859,1850,1871,1874,1901
38,44,33,50,35,13,26,21,19,36,23,1166,1849,2435,2971,3511,3499,3503,3475,3499,3495,3488,3479,3464,3483,3491,3486,3500,3489,3494,3472,3493,3490,3494,3515,3492,3521,3490,3499,3493,3484,3478,3503,3491,3482,3497,3470,3503,3503,3486
52,52,50,77,56,70,84,56,56,59,76,84,49,64,61,47,63,79,45,38,29,64,59,79,55,70,51,1079,1731,2236,2743,3204,3602,3626,3625,3608,3617,3596,3607,3632,3616,3631,3636,3596,3630,3606,3605,3614,3628,3625
43,37,61,39,39,41,58,46,60,38,39,33,52,36,55,49,26,40,42,50,862,1411,1821,2219,2580,2591,2620,2572,2618,2608,2591,2619,2591,2616,2579,2616,2588,2610,2604,2612,2615,2607,2590,2578,2582,2597,2602,2619,2612,2597
17,44,57,26,46,48,34,52,49,44,29,58,38,48,57,34,13,39,38,39,58,51,55,19,686,1142,1499,1800,2112,2391,2402,2398,2401,2393,2402,2389,2412,2385,2403,2390,2401,2410,2391,2388,2403,2367,2411,2390,2393,2388
54,48,29,21,33,9,26,35,33,4,56,29,12,35,24,42,31,31,39,36,351,545,715,840,1002,1118,1254,1377,1484,1595,1587,1616,1590,1591,1608,1597,1602,1598,1597,1611,1584,1602,1602,1601,1607,1605,1603,1615,1603,1593
27,28,36,30,49,38,47,21,39,45,30,45,42,18,37,34,42,41,31,46,41,45,985,1587,2107,2526,2959,3372,3784,3734,3758,3734,3767,3752,3726,3739,3757,3756,3761,3732,3744,3758,3751,3758,3732,3760,3770,3742,3752,3744
12,2,6,21,0,7,0,10,22,18,27,37,17,29,22,5,7,0,15,7,662,1037,1348,1688,1947,2201,2211,2210,2197,2192,2200,2193,2190,2226,2203,2203,2201,2219,2194,2203,2196,2225,2188,2214,2217,2188,2218,2220,2208,2213
49,55,25,53,67,64,59,50,66,79,43,40,63,1283,2010,2673,3282,3806,3817,3795,3810,3825,3828,3833,3813,3813,3797,3807,3804,3813,3805,3807,3810,3798,3803,3800,3818,3808,3817,3798,3813,3788,3829,3827,3805,3816,3804,3813,3810,3815
38,29,26,31,20,7,26,64,28,31,39,38,35,59,18,55,60,49,32,16,43,34,36,50,43,38,20,34,44,26,29,32,37,574,907,1195,1432,1678,1890,1905,1899,1901,1879,1881,1890,1870,1891,1877,1880,1880
20,49,64,41,30,20,30,31,25,25,29,60,43,31,26,36,26,55,34,33,35,38,27,30,31,62,32,20,39,37,49,36,36,33,47,41,428,693,905,1104,1272,1427,1602,1608,1611,1596,1598,1590,1579,1611
56,24,30,33,41,13,33,15,34,46,29,46,13,29,31,42,45,40,48,34,44,41,17,54,1061,1709,2246,2726,3194,3214,3200,3194,3188,3190,3203,3202,3175,3206,3202,3227,3197,3202,3203,3184,3171,3186,3194,3187,3195,3190
41,4,27,16,29,30,36,19,26,17,28,0,22,41,17,8,35,16,8,22,16,33,6,9,32,19,10,834,1319,1752,2157,2479,2851,2837,2830,2861,2864,2857,2842,2864,2845,2859,2873,2855,2850,2864,2852,2839,2860,2843
54,40,47,46,40,40,50,45,53,31,31,61,46,48,42,30,37,38,23,29,33,33,29,50,46,50,50,44,51,56,37,62,30,51,875,1391,1851,2253,2622,2976,3311,3628,3625,3645,3628,3626,3628,3607,3605,3638
36,46,8,20,39,29,20,34,25,46,34,895,1393,1879,2270,2669,3013,3366,3339,3349,3381,3361,3350,3353,3329,3381,3356,3362,3367,3363,3370,3361,3374,3370,3370,3350,3364,3369,3357,3374,3378,3350,3369,3355,3354,3362,3352,3364,3358,3370
30,17,42,15,28,14,19,5,13,949,1532,2024,2449,2868,2873,2882,2865,2885,2885,2908,2871,2892,2891,2882,2854,2883,2877,2893,2888,2872,2887,2882,2880,2882,2872,2902,2884,2907,2878,2884,2885,2876,2858,2874,2880,2862,2886,2893,2891,2865
19,29,22,24,13,49,20,11,5,20,21,0,10,18,24,16,0,22,3,34,7,35,38,7,32,7,30,8,18,19,0,20,23,672,1099,1461,1779,2080,2350,2639,2876,3155,3377,3370,3361,3392,3389,3397,3365,3384
38,66,55,43,47,56,44,65,36,41,71,56,44,67,32,53,43,46,24,50,68,72,49,57,37,54,44,66,51,65,32,47,50,65,53,375,618,782,939,1095,1231,1352,1500,1645,1624,1638,1641,1631,1629,1611
39,58,28,45,64,60,62,35,34,66,64,51,43,60,73,63,35,68,46,36,52,51,66,68,849,1356,1771,2172,2514,2525,2499,2527,2496,2517,2515,2522,2536,2537,2493,2520,2514,2534,2533,2504,2515,2512,2523,2541,2515,2540
70,57,63,65,84,58,61,74,61,51,62,71,69,43,69,70,70,1018,1622,2129,2596,3022,3424,3435,3416,3421,3408,3414,3411,3428,3428,3427,3411,3409,3410,3433,3438,3441,3425,3426,3426,3414,3430,3393,3420,3418,3416,3431,3429,3425
42,20,30,8,28,40,16,16,45,30,55,19,27,24,31,17,30,0,2,37,33,428,701,922,1123,1288,1481,1641,1808,1796,1817,1804,1796,1795,1806,1806,1803,1820,1789,1808,1806,1811,1809,1812,1820,1807,1796,1817,1819,1806
15,0,12,0,6,27,1,12,23,18,17,0,21,752,1212,1579,1952,2274,2279,2261,2278,2257,2280,2287,2302,2269,2265,2313,2304,2265,2291,2295,2276,2279,2274,2290,2264,2286,2286,2266,2281,2275,2266,2261,2264,2275,2274,2261,2264,2275
55,61,43,67,54,56,56,74,573,887,1143,1374,1599,1826,2024,2218,2393,2566,2565,2573,2589,2554,2580,2573,2575,2593,2577,2583,2586,2571,2558,2575,2562,2562,2564,2573,2559,2566,2607,2567,2544,2574,2572,2556,2574,2571,2560,2588,2559,2553
53,43,37,42,40,53,68,63,49,58,59,60,48,45,44,49,64,45,53,52,35,44,57,43,1137,1808,2399,2935,3434,3431,3421,3416,3432,3422,3410,3414,3427,3407,3429,3424,3405,3412,3398,3400,3420,3412,3424,3411,3421,3419
42,70,47,46,63,54,34,61,48,29,63,41,40,72,697,1139,1465,1801,2082,2347,2618,2868,2856,2899,2884,2873,2889,2865,2864,2873,2884,2888,2900,2889,2855,2845,2885,2874,2908,2861,2887,2869,2879,2879,2869,2863,2889,2869,2872,2878
2,9,5,21,11,12,2,13,10,10,3,16,22,33,0,22,515,823,1100,1348,1587,1576,1601,1559,1585,1605,1584,1557,1561,1577,1574,1582,1587,1568,1578,1583,1594,1570,1582,1555,1589,1583,1568,1579,1596,1606,1587,1581,1577,1555
33,42,54,52,50,33,56,37,51,59,51,55,66,46,72,48,40,57,67,59,55,22,46,64,61,51,70,58,53,52,34,44,44,874,1400,1839,2221,2568,2948,2943,2935,2942,2945,2948,2960,2952,2945,2941,2967,2949
26,20,38,25,35,29,46,30,19,28,31,479,803,1066,1290,1522,1726,1914,2087,2267,2291,2277,2251,2285,2276,2261,2268,2274,2267,2248,2271,2278,2290,2257,2265,2251,2253,2254,2284,2256,2256,2253,2281,2276,2251,2281,2261,2272,2270,2277
53,46,14,34,27,29,45,33,41,27,29,28,38,52,51,735,1178,1523,1886,2189,2490,2755,3041,3294,3291,3301,3276,3286,3280,3301,3288,3285,3286,3277,3287,3294,3267,3306,3300,3280,3301,3288,3275,3287,3293,3297,3299,3288,3292,3298
34,53,44,39,43,51,32,39,42,26,45,67,39,55,29,38,40,45,40,42,47,901,1411,1881,2294,2693,3034,3382,3392,3383,3383,3400,3389,3381,3392,3375,3386,3378,3387,3372,3379,3371,3390,3378,3394,3395,3384,3413,3359,3391
26,40,35,12,4,30,26,44,0,23,6,15,10,15,25,27,51,12,15,31,22,21,923,1479,1937,2365,2777,3147,3515,3836,3841,3852,3822,3848,3852,3840,3860,3854,3844,3860,3848,3846,3850,3843,3849,3849,3872,3849,3856,3834
25,62,86,49,38,46,37,47,65,35,59,56,44,44,69,54,61,63,54,70,47,60,76,47,61,37,49,62,46,75,53,63,807,1288,1705,2058,2435,2735,2737,2757,2756,2741,2739,2782,2781,2774,2751,2765,2742,2743
66,51,29,34,49,15,35,39,9,23,20,54,27,44,35,26,32,36,51,32,38,33,37,46,15,18,25,1164,1856,2442,2995,3503,3950,3966,3984,3969,3965,3963,3958,3972,3963,3970,3964,3956,3983,3971,3970,3956,3977,3939
30,52,52,38,38,43,31,44,39,34,23,43,42,36,32,16,57,45,41,33,21,28,42,43,20,801,1289,1671,2040,2396,2718,3004,3324,3299,3299,3330,3319,3283,3309,3289,3303,3302,3317,3321,3310,3308,3294,3291,3286,3318
43,55,48,59,50,52,39,69,58,45,33,64,44,28,46,37,28,39,33,48,37,31,53,54,58,47,27,81,38,65,26,50,56,58,46,62,752,1176,1548,1863,2163,2482,2755,3017,3004,3017,3028,3034,3013,2994
15,12,22,17,6,31,0,40,12,15,0,19,22,28,15,3,25,22,25,11,2,11,9,11,18,1,26,371,573,783,957,1106,1248,1394,1525,1670,1779,1797,1782,1779,1780,1798,1792,1778,1781,1773,1785,1788,1789,1801
40,74,59,46,90,48,42,54,38,23,49,63,57,67,60,46,75,46,48,50,73,43,67,25,66,43,59,49,62,44,49,74,78,483,742,982,1176,1361,1536,1712,1885,2019,2174,2184,2178,2198,2192,2184,2183,2182
68,23,56,38,51,61,33,18,57,42,33,64,59,51,55,18,58,51,32,45,44,52,74,48,30,36,48,57,57,513,840,1071,1331,1524,1736,1724,1723,1723,1737,1722,1759,1730,1739,1719,1730,1742,1747,1720,1708,1736
9,13,21,18,19,8,0,13,16,9,24,14,6,30,7,17,22,536,857,1117,1385,1601,1814,2036,2225,2413,2612,2620,2599,2595,2612,2611,2629,2612,2611,2607,2596,2615,2606,2589,2609,2597,2610,2610,2622,2591,2576,2602,2611,2598
10,15,27,12,11,0,17,19,0,11,743,1243,1634,2005,2344,2647,2962,3247,3260,3263,3251,3268,3250,3265,3259,3278,3266,3279,3291,3250,3279,3250,3285,3239,3259,3281,3240,3276,3246,3250,3251,3258,3250,3261,3263,3254,3275,3255,3260,3270
66,42,52,40,60,77,65,56,54,57,57,49,52,56,50,60,71,67,69,51,46,37,74,40,59,59,62,68,52,43,48,70,62,53,74,29,801,1284,1694,2030,2389,2690,2982,3287,3564,3833,3802,3820,3835,3838
10,32,8,40,31,43,26,1,994,1624,2119,2609,3030,3441,3851,3831,3847,3848,3847,3825,3843,3837,3817,3838,3845,3832,3839,3837,3845,3851,3861,3837,3857,3830,3867,3833,3862,3826,3835,3856,3839,3838,3844,3831,3824,3835,3828,3860,3853,3851
10,12,0,1,16,8,17,6,5,0,16,0,2,16,6,11,18,26,2,12,0,21,7,28,42,25,830,1396,1838,2232,2625,2634,2620,2610,2621,2630,2604,2608,2617,2620,2610,2595,2601,2607,2622,2608,2618,2620,2621,2614
11,31,5,18,27,1,31,16,22,8,16,25,35,1,27,14,6,13,12,14,18,10,12,38,39,26,30,14,18,3,8,8,0,0,11,0,1148,1820,2417,2974,3475,3921,3923,3956,3930,3937,3918,3920,3920,3927
68,57,70,49,57,48,57,41,47,50,53,58,49,39,66,71,50,58,20,66,59,63,47,46,74,74,77,53,40,52,52,62,57,45,343,604,728,898,1025,1159,1284,1397,1511,1518,1521,1535,1527,1550,1559,1520
28,38,21,46,51,61,56,51,40,28,54,45,31,24,994,1574,2104,2545,2955,3388,3385,3389,3379,3389,3361,3371,3396,3412,3381,3381,3382,3401,3396,3403,3368,3364,3373,3368,3371,3381,3357,3383,3397,3378,3370,3398,3396,3378,3406,3363
62,60,48,42,51,63,65,65,68,47,47,973,1520,2033,2482,2880,3263,3279,3277,3278,3256,3285,3291,3260,3267,3249,3268,3261,3247,3249,3273,3263,3249,3246,3256,3270,3262,3283,3247,3258,3304,3255,3266,3260,3289,3279,3273,3281,3244,3255
33,22,45,52,22,24,38,42,35,51,42,14,48,5,41,40,31,23,25,23,30,32,0,31,39,1150,1822,2419,2968,3443,3485,3471,3467,3458,3450,3471,3478,3476,3448,3485,3475,3467,3466,3473,3466,3476,3486,3465,3468,3479
15,11,23,30,13,33,35,1040,1688,2227,2717,3181,3592,4020,4014,4013,4005,4027,4048,4010,4013,4009,4010,4023,4019,4015,4000,4010,4014,4021,4024,4011,3999,4017,4022,4008,4018,4009,4011,4020,3996,3985,4024,4008,4010,4009,4006,4023,4033,4017
16,10,14,12,1,0,4,12,32,0,28,9,5,25,7,1,19,0,0,1,36,10,20,557,892,1188,1438,1696,1925,2131,2144,2142,2141,2131,2125,2138,2140,2144,2135,2133,2128,2150,2120,2126,2119,2130,2126,2136,2141,2128
28,20,10,21,4,20,3,1098,1772,2347,2902,3378,3818,3816,3820,3821,3822,3808,3799,3834,3802,3809,3807,3801,3810,3800,3827,3799,3816,3839,3817,3817,3809,3798,3810,3814,3800,3816,3810,3812,3826,3815,3820,3805,3806,3806,3841,3809,3828,3821
60,52,52,58,14,54,49,52,39,75,39,40,57,35,51,50,43,52,691,1081,1446,1744,2017,2312,2582,2809,2791,2803,2817,2808,2809,2798,2813,2809,2799,2823,2797,2793,2797,2797,2822,2793,2816,2809,2798,2808,2794,2804,2821,2801
34,29,40,24,35,31,61,26,33,911,1469,1926,2372,2738,3130,3139,3125,3115,3138,3136,3085,3133,3126,3126,3124,3109,3123,3138,3125,3118,3141,3113,3121,3134,3121,3136,3108,3120,3118,3131,3108,3123,3129,3117,3129,3122,3097,3123,3125,3133
17,24,21,0,10,6,18,17,10,15,13,7,11,2,361,558,730,889,1030,1173,1290,1413,1549,1537,1534,1531,1545,1545,1557,1540,1525,1547,1536,1537,1548,1537,1538,1565,1532,1532,1545,1548,1538,1552,1524,1545,1538,1549,1541,1542
34,50,37,34,71,50,48,42,43,50,35,50,35,42,14,62,44,43,34,30,33,53,34,40,14,53,27,64,58,70,31,57,28,717,1164,1508,1854,2154,2434,2715,2961,3220,3219,3234,3237,3240,3244,3231,3236,3221
13,11,3,23,14,16,17,11,0,539,905,1192,1455,1694,1948,2154,2361,2391,2382,2372,2378,2393,2380,2360,2371,2372,2356,2353,2359,2378,2362,2354,2393,2371,2368,2371,2367,2387,2380,2366,2393,2377,2374,2360,2377,2371,2363,2375,2376,2354
23,28,5,32,42,28,31,33,39,32,31,27,47,22,35,46,24,587,915,1215,1485,1718,1968,2190,2396,2584,2814,2789,2807,2797,2810,2801,2810,2808,2810,2799,2802,2807,2818,2806,2800,2794,2797,2808,2822,2775,2820,2811,2806,2795
56,56,60,73,30,50,28,51,964,1483,2013,2422,2806,3200,3214,3218,3232,3190,3228,3225,3221,3205,3220,3203,3201,3199,3235,3207,3229,3221,3221,3192,3209,3218,3214,3207,3219,3230,3206,3218,3218,3217,3204,3210,3207,3199,3180,3200,3232,3235
31,28,76,31,51,52,45,46,47,61,42,63,26,58,57,50,498,793,1033,1259,1450,1665,1832,1996,1996,2013,1988,1984,2009,1992,2008,2000,2003,2012,2013,1997,2004,1996,2002,2032,1997,2013,2008,2009,1997,2013,2006,1998,1984,2008
56,72,67,41,58,58,41,68,45,53,53,73,36,60,61,74,45,60,59,52,50,55,71,53,605,932,1260,1480,1730,1944,2148,2155,2176,2171,2160,2156,2184,2163,2152,2179,2177,2175,2158,2187,2175,2172,2167,2138,2145,2166
31,29,12,42,9,40,44,21,22,33,38,609,937,1267,1527,1773,2006,2231,2450,2677,2880,2857,2856,2854,2864,2850,2865,2878,2879,2856,2864,2888,2858,2854,2859,2866,2862,2877,2852,2877,2857,2865,2872,2864,2845,2882,2891,2877,2863,2849
35,55,29,19,45,39,37,41,435,684,869,1082,1261,1427,1586,1702,1854,1872,1882,1881,1864,1853,1865,1874,1855,1877,1868,1867,1872,1879,1856,1875,1852,1869,1861,1870,1874,1876,1872,1859,1846,1870,1870,1892,1867,1878,1880,1876,1870,1866
52,63,58,49,46,59,46,51,49,46,66,65,39,76,53,55,46,53,71,51,40,34,47,61,71,26,624,981,1304,1586,1830,2092,2303,2321,2313,2302,2311,2312,2309,2303,2313,2314,2325,2302,2318,2312,2302,2304,2305,2309
27,26,19,15,0,23,10,16,13,22,6,8,30,26,34,17,37,12,35,909,1473,1951,2376,2789,3172,3179,3158,3181,3177,3183,3168,3157,3155,3168,3161,3144,3158,3173,3176,3171,3154,3170,3167,3165,3191,3173,3178,3184,3180,3175
46,45,36,57,43,36,57,76,48,38,35,42,44,23,34,914,1474,1915,2367,2760,2759,2756,2756,2761,2761,2764,2769,2747,2766,2757,2764,2765,2763,2770,2780,2756,2757,2771,2756,2762,2775,2756,2769,2779,2755,2769,2767,2755,2775,2769
71,60,49,19,41,31,43,19,48,58,44,27,47,25,39,22,53,46,29,35,40,465,736,955,1135,1336,1486,1679,1837,1827,1835,1865,1849,1820,1812,1823,1863,1844,1832,1828,1816,1832,1832,1848,1841,1819,1835,1846,1821,1838
58,36,45,32,24,31,41,50,61,44,40,52,60,84,45,372,607,783,937,1083,1222,1364,1503,1608,1610,1629,1616,1617,1611,1604,1605,1621,1635,1650,1615,1621,1637,1608,1637,1623,1615,1611,1631,1639,1651,1640,1613,1627,1636,1610
59,32,53,69,43,63,48,10,829,1355,1789,2189,2556,2892,3204,3519,3843,3849,3842,3842,3840,3826,3805,3819,3842,3848,3821,3851,3832,3824,3837,3842,3845,3862,3817,3828,3852,3810,3846,3844,3831,3828,3842,3834,3842,3827,3851,3833,3836,3816
43,26,53,67,51,24,32,44,42,29,27,46,45,10,53,41,34,44,42,35,46,27,51,48,41,53,29,53,865,1419,1827,2228,2595,2959,2954,2970,2969,2961,2970,2972,2968,2969,2946,2967,2956,2970,2960,2965,2963,2959
22,1,10,35,13,5,22,38,11,35,0,492,799,1035,1278,1485,1706,1874,1885,1875,1899,1893,1900,1903,1893,1907,1916,1893,1893,1869,1880,1897,1871,1909,1902,1868,1891,1908,1889,1894,1903,1879,1874,1900,1902,1880,1903,1896,1905,1892
26,0,19,1,4,0,11,7,0,10,29,15,9,16,7,18,7,19,0,0,540,880,1161,1395,1641,1871,2095,2270,2491,2495,2508,2499,2492,2481,2484,2469,2481,2486,2481,2488,2504,2478,2495,2492,2491,2487,2483,2492,2485,2478
39,26,33,30,33,9,26,20,12,35,27,57,19,23,25,901,1468,1948,2409,2774,3143,3513,3518,3505,3525,3519,3500,3497,3524,3513,3528,3514,3521,3529,3502,3508,3475,3494,3493,3497,3499,3513,3510,3505,3508,3525,3490,3521,3519,3519
38,30,70,58,42,53,17,40,44,63,56,58,49,61,35,39,49,32,45,43,33,64,32,32,20,60,52,50,853,1348,1766,2165,2521,2885,3160,3473,3779,3789,3801,3806,3789,3792,3798,3792,3787,3780,3800,3786,3779,3792
20,4,15,28,17,16,22,38,0,30,21,830,1357,1808,2169,2538,2898,2882,2865,2872,2876,2898,2893,2870,2895,2862,2892,2871,2867,2883,2883,2888,2875,2886,2862,2883,2887,2874,2873,2898,2875,2877,2873,2859,2874,2897,2883,2894,2879,2881
21,46,25,53,46,33,36,34,46,32,11,39,32,45,44,47,49,56,59,26,45,34,35,33,34,51,46,45,50,41,12,35,57,33,25,50,393,615,837,986,1138,1324,1425,1566,1706,1706,1692,1711,1705,1724
53,52,35,77,34,38,59,74,50,47,50,39,55,45,56,70,44,66,75,59,51,57,56,48,60,53,62,38,59,70,37,65,42,47,56,25,773,1206,1596,1947,2271,2278,2259,2270,2283,2269,2275,2269,2263,2286
8,23,9,17,29,30,24,14,18,18,23,44,13,32,701,1125,1486,1802,2098,2395,2649,2663,2640,2654,2630,2646,2643,2647,2656,2645,2656,2644,2656,2668,2655,2654,2644,2651,2656,2656,2645,2629,2650,2641,2643,2664,2658,2635,2663,2645
32,20,38,34,27,63,31,38,42,45,25,34,39,23,37,30,40,25,28,8,12,34,512,803,1051,1305,1532,1704,1889,2115,2282,2426,2436,2446,2436,2453,2474,2452,2464,2434,2438,2441,2444,2449,2437,2464,2408,2447,2462,2471
12,17,28,16,0,14,18,0,15,0,14,0,9,34,9,16,18,30,20,23,482,802,1030,1251,1475,1664,1855,1857,1852,1863,1852,1856,1836,1844,1849,1855,1846,1870,1868,1859,1830,1857,1839,1851,1835,1847,1834,1855,1845,1852
43,49,51,29,62,47,44,58,38,69,52,43,39,50,43,40,47,43,44,50,42,59,551,862,1135,1375,1619,1808,2049,2228,2396,2386,2398,2408,2415,2416,2417,2423,2387,2417,2421,2401,2404,2400,2423,2395,2421,2405,2405,2415
19,41,29,16,46,41,444,728,936,1135,1322,1466,1656,1810,1948,1936,1965,1962,1958,1949,1951,1959,1962,1954,1968,1964,1961,1957,1947,1967,1970,1951,1956,1962,1968,1935,1946,1976,1967,1958,1948,1948,1962,1947,1944,1968,1958,1952,1952,1967
48,60,61,30,55,45,53,37,54,39,50,36,42,28,43,54,49,24,45,55,48,61,37,29,39,1293,2072,2740,3323,3891,3872,3900,3879,3895,3897,3881,3888,3862,3869,3904,3883,3863,3881,3894,3908,3885,3885,3886,3895,3875
48,25,29,36,50,27,33,47,24,30,23,31,37,26,37,59,45,39,723,1116,1467,1787,2096,2379,2635,2889,3151,3129,3123,3135,3134,3124,3100,3135,3121,3119,3129,3118,3123,3124,3116,3130,3133,3134,3118,3128,3106,3122,3142,3112
46,54,45,40,45,34,41,415,640,815,982,1167,1285,1442,1577,1706,1729,1709,1719,1722,1724,1706,1708,1694,1718,1713,1699,1718,1729,1721,1722,1711,1710,1718,1721,1716,1703,1714,1701,1708,1702,1709,1732,1695,1714,1728,1720,1714,1726,1701
45,51,28,52,48,38,25,63,55,50,28,65,44,40,36,29,31,44,27,44,34,39,50,45,49,26,41,41,30,802,1285,1687,2075,2380,2729,3003,3033,3011,3018,3024,3041,3026,3041,3029,3005,3021,3042,3006,3043,2990
43,30,25,16,44,19,20,28,37,1099,1760,2337,2830,3330,3782,3767,3745,3757,3752,3781,3755,3781,3767,3772,3745,3750,3764,3761,3773,3770,3775,3758,3752,3763,3775,3767,3755,3778,3777,3758,3790,3760,3774,3787,3795,3778,3778,3782,3775,3781
45,26,59,61,44,33,36,33,54,54,39,44,31,41,36,49,60,43,43,35,39,69,37,47,41,19,61,49,1184,1876,2450,3013,3523,3522,3513,3517,3506,3519,3509,3522,3516,3514,3513,3521,3510,3492,3522,3507,3508,3513
44,59,38,55,71,50,64,44,49,43,51,31,35,46,43,43,46,33,28,43,18,41,31,23,750,1180,1573,1916,2230,2547,2796,3092,3333,3355,3350,3330,3336,3314,3352,3354,3335,3360,3314,3357,3367,3349,3350,3361,3350,3367
35,32,54,43,46,42,52,46,35,51,36,28,37,42,678,1067,1415,1719,2033,2295,2572,2785,2792,2810,2813,2792,2808,2819,2790,2797,2803,2807,2795,2796,2804,2791,2818,2790,2822,2810,2799,2796,2810,2796,2793,2797,2807,2805,2827,2831
8,51,62,62,25,39,30,22,41,44,53,40,58,12,28,42,52,30,29,41,608,988,1299,1574,1822,1861,1831,1833,1825,1833,1835,1839,1832,1847,1838,1847,1834,1845,1835,1845,1823,1845,1839,1844,1825,1856,1849,1826,1832,1847
28,36,12,18,11,11,30,31,26,12,29,928,1485,1973,2452,2839,3213,3610,3590,3617,3592,3594,3586,3615,3591,3586,3587,3607,3597,3591,3585,3586,3582,3586,3577,3602,3608,3589,3584,3592,3564,3590,3588,3585,3593,3603,3583,3591,3604,3602
38,24,59,35,43,45,55,35,34,38,483,779,1018,1210,1424,1587,1808,1973,2125,2298,2291,2288,2294,2307,2288,2307,2295,2290,2276,2298,2281,2310,2306,2272,2309,2288,2278,2287,2274,2300,2273,2299,2286,2278,2291,2271,2314,2301,2288,2293
35,21,12,15,20,11,40,33,25,24,14,17,20,4,35,24,17,42,29,31,18,4,41,21,15,32,4,9,33,43,13,22,35,8,970,1544,2044,2479,2941,2913,2911,2923,2901,2925,2905,2900,2907,2916,2925,2901
32,37,26,37,21,20,40,40,47,29,32,32,28,55,38,38,567,923,1222,1483,1716,1972,2180,2398,2381,2401,2408,2391,2374,2393,2367,2367,2381,2392,2395,2403,2388,2371,2401,2389,2389,2388,2373,2383,2390,2383,2386,2368,2366,2389
51,58,46,46,42,37,26,47,38,38,45,48,36,47,40,39,39,721,1149,1511,1808,2149,2127,2115,2121,2137,2124,2113,2107,2144,2127,2148,2122,2122,2132,2091,2123,2119,2121,2120,2115,2122,2131,2151,2119,2132,2132,2139,2140,2120
29,0,8,1,8,13,32,29,19,41,17,0,13,19,11,9,10,24,19,8,28,742,1243,1640,1975,2331,2317,2347,2325,2332,2335,2336,2343,2357,2337,2336,2320,2327,2331,2343,2352,2334,2353,2342,2355,2329,2326,2321,2340,2309
59,62,30,37,64,55,26,47,62,923,1459,1918,2335,2773,2747,2732,2722,2750,2726,2725,2752,2746,2722,2736,2750,2725,2737,2740,2753,2722,2737,2736,2722,2727,2745,2746,2761,2730,2742,2745,2728,2741,2746,2736,2735,2717,2736,2719,2755,2760
48,56,55,58,55,76,66,68,67,42,61,49,76,43,68,43,68,57,50,62,41,72,46,72,52,53,568,866,1117,1382,1589,1805,1992,2175,2169,2178,2203,2162,2189,2175,2187,2171,2190,2186,2174,2190,2194,2190,2194,2181
14,0,4,0,33,5,11,22,10,8,0,34,15,24,11,23,1008,1620,2153,2664,3087,3520,3522,3516,3519,3515,3547,3520,3523,3518,3519,3540,3549,3525,3522,3518,3520,3533,3533,3531,3515,3506,3510,3527,3504,3520,3522,3516,3519,3519
36,34,33,25,44,53,43,20,39,33,30,41,34,34,25,26,34,36,24,32,33,35,42,36,26,36,22,56,36,1,51,39,33,16,39,23,334,529,667,793,955,1098,1214,1317,1436,1544,1539,1531,1517,1525
21,3,12,11,13,11,9,42,0,14,21,14,21,6,11,18,0,24,37,19,8,0,19,14,8,16,30,905,1519,1988,2437,2823,2841,2856,2837,2830,2825,2846,2825,2844,2859,2828,2859,2836,2830,2830,2848,2841,2834,2835
50,37,70,58,62,64,39,38,50,61,48,59,77,61,45,64,39,60,47,49,37,509,795,1056,1251,1471,1652,1853,2018,2027,2019,2031,2014,2025,2012,2016,2027,2024,2001,2013,2003,2014,1995,2011,2045,2005,2007,1996,2016,2032
47,46,25,43,27,41,40,32,20,40,55,38,30,43,60,44,31,25,34,28,47,48,7,19,23,32,19,23,665,1029,1385,1676,1940,2221,2442,2664,2917,3131,3151,3148,3149,3134,3137,3153,3146,3137,3135,3155,3138,3135
23,14,0,35,8,17,7,481,810,1077,1317,1544,1722,1946,1917,1940,1943,1912,1928,1926,1922,1923,1935,1939,1921,1921,1901,1940,1936,1934,1911,1913,1937,1921,1929,1895,1936,1955,1940,1935,1943,1923,1916,1929,1932,1904,1923,1907,1934,1932
60,54,69,33,48,53,43,53,42,27,51,59,64,56,50,66,38,70,59,39,66,54,53,49,58,35,50,56,49,66,64,70,59,34,751,1199,1569,1926,2254,2541,2821,2818,2854,2819,2811,2813,2852,2798,2844,2808
0,13,4,10,16,34,29,14,12,0,27,26,9,16,20,19,0,14,31,16,31,985,1575,2078,2536,2970,3364,3390,3373,3365,3367,3375,3394,3408,3358,3377,3367,3388,3397,3386,3392,3398,3407,3398,3366,3388,3380,3370,3365,3383
28,18,37,55,27,51,39,26,51,34,59,23,54,21,45,61,40,43,54,25,38,53,38,35,47,41,45,812,1241,1643,2006,2334,2651,2947,3246,3513,3779,3779,3771,3777,3785,3780,3790,3786,3776,3778,3765,3787,3759,3793
35,55,31,40,51,36,60,29,25,53,1155,1904,2519,3041,3535,4020,4042,4020,4029,4019,4005,4022,4018,4034,4020,4014,4022,4009,4024,4026,4011,4038,4037,4043,4034,4043,4006,4022,4040,4028,4032,4028,4024,4009,4030,4035,4037,4021,4022,4030
63,62,63,76,49,65,59,73,51,65,69,29,50,75,41,46,56,65,62,71,64,53,74,71,58,60,66,60,75,60,61,68,69,52,908,1433,1875,2268,2638,2976,2994,3011,3000,3002,3016,3004,2984,2995,2986,3025
45,64,45,60,41,69,54,63,42,63,53,68,60,38,459,740,967,1164,1344,1523,1526,1525,1526,1542,1538,1525,1507,1523,1515,1523,1530,1542,1527,1504,1524,1532,1525,1533,1528,1546,1504,1510,1531,1536,1534,1520,1491,1514,1525,1512
36,41,34,28,29,25,25,22,39,31,36,44,43,45,28,32,43,31,32,34,37,29,25,9,30,30,29,63,36,633,1030,1346,1633,1887,2160,2410,2631,2653,2608,2604,2648,2646,2630,2623,2612,2634,2624,2645,2636,2635
72,33,67,67,36,68,47,47,30,61,41,41,41,63,58,54,50,53,71,42,63,67,64,55,75,43,47,45,36,35,71,1177,1878,2496,3039,3513,3964,3991,3984,4002,3994,4009,4006,4003,3992,3964,3995,4002,3989,4001
57,33,47,48,54,52,37,30,42,53,46,49,29,503,801,1016,1257,1464,1642,1837,1833,1852,1836,1850,1831,1819,1831,1843,1826,1841,1831,1820,1815,1831,1852,1823,1853,1825,1812,1835,1815,1832,1852,1829,1831,1817,1814,1853,1862,1817
50,31,25,35,19,42,26,39,42,48,39,42,72,37,50,56,47,58,38,71,40,61,42,76,34,52,49,47,49,47,35,605,900,1201,1426,1674,1893,2102,2293,2504,2511,2497,2492,2478,2507,2491,2507,2498,2515,2492
49,25,35,35,17,32,28,29,43,505,806,1075,1273,1510,1715,1910,2081,2261,2448,2431,2442,2417,2427,2443,2427,2438,2426,2425,2444,2468,2418,2441,2426,2446,2442,2440,2445,2439,2421,2424,2418,2436,2422,2411,2429,2434,2456,2452,2448,2429
41,42,57,51,55,32,31,61,53,47,38,37,52,635,1005,1311,1595,1853,2129,2340,2356,2372,2355,2323,2374,2366,2349,2354,2356,2333,2369,2359,2341,2362,2346,2323,2365,2366,2340,2372,2357,2374,2338,2367,2348,2360,2332,2341,2347,2354
18,40,29,31,34,20,14,19,10,24,18,5,6,21,19,28,29,26,8,46,540,854,1132,1392,1627,1614,1617,1613,1603,1616,1598,1615,1614,1599,1612,1628,1605,1624,1601,1618,1584,1616,1633,1634,1614,1631,1614,1622,1610,1606
6,13,25,2,24,34,636,1017,1374,1645,1934,2174,2197,2178,2197,2172,2187,2173,2164,2196,2175,2174,2178,2189,2187,2188,2191,2179,2185,2205,2198,2155,2178,2171,2151,2186,2184,2174,2183,2171,2188,2168,2169,2172,2175,2195,2197,2198,2160,2166
35,48,73,41,61,69,64,59,69,78,33,55,62,60,46,55,59,50,79,56,65,52,57,71,52,46,58,64,60,58,891,1421,1889,2269,2626,3021,3343,3684,3994,4008,3973,3989,3985,4002,3970,3990,3988,3971,3973,3969
32,36,63,35,40,18,52,73,10,34,59,31,41,25,37,48,11,56,16,24,27,35,54,54,42,52,30,41,63,28,392,622,823,1011,1139,1317,1427,1573,1730,1738,1711,1725,1727,1737,1724,1728,1710,1717,1716,1714
26,3,0,15,10,30,5,18,14,909,1438,1885,2320,2719,3096,3465,3456,3436,3432,3442,3445,3442,3449,3425,3438,3472,3428,3455,3435,3450,3441,3456,3439,3451,3433,3456,3465,3455,3456,3459,3432,3442,3447,3434,3446,3435,3438,3434,3437,3444
40,54,59,22,51,43,22,61,66,51,67,54,63,52,47,742,1163,1523,1877,2166,2455,2442,2443,2449,2450,2441,2459,2441,2463,2438,2449,2455,2456,2447,2450,2450,2436,2445,2464,2461,2448,2447,2439,2437,2441,2487,2452,2459,2445,2458
71,53,25,73,40,56,64,62,54,51,54,544,844,1088,1316,1540,1748,1913,2137,2267,2470,2462,2454,2464,2448,2455,2440,2452,2425,2445,2461,2448,2429,2438,2462,2453,2464,2465,2481,2447,2454,2437,2459,2459,2446,2455,2465,2458,2452,2436
37,33,12,24,28,28,38,9,4,24,28,34,7,854,1401,1829,2231,2601,2951,3297,3307,3291,3304,3309,3307,3308,3298,3293,3291,3300,3301,3305,3307,3317,3287,3308,3334,3301,3297,3306,3301,3309,3302,3311,3309,3303,3287,3303,3309,3320
36,21,49,42,33,40,25,50,36,34,38,21,38,37,33,33,23,11,8,32,43,40,37,39,38,61,30,27,33,38,47,38,39,43,925,1487,1988,2432,2815,3180,3212,3219,3219,3204,3196,3207,3232,3222,3187,3195
45,34,53,21,54,33,28,53,51,43,47,40,42,44,55,41,52,51,25,47,18,35,53,38,38,30,39,55,34,29,41,56,45,21,37,802,1277,1703,2073,2403,2741,2699,2724,2743,2734,2723,2725,2737,2734,2730
14,42,32,60,33,45,43,65,46,620,986,1297,1553,1808,2070,2272,2514,2512,2499,2520,2484,2484,2507,2514,2500,2506,2503,2544,2520,2486,2515,2516,2493,2489,2494,2534,2510,2504,2499,2507,2522,2525,2501,2510,2537,2525,2504,2527,2510,2522
32,38,35,35,21,45,7,41,27,22,37,9,38,33,30,19,36,46,48,46,37,24,33,38,26,13,37,648,1037,1363,1646,1893,2164,2417,2652,2646,2645,2660,2659,2654,2636,2642,2642,2643,2678,2639,2656,2680,2666,2642
55,60,28,48,30,43,42,45,33,44,39,46,59,43,580,921,1182,1451,1670,1894,2104,2329,2497,2498,2503,2500,2533,2511,2518,2521,2516,2522,2504,2524,2487,2518,2498,2509,2506,2535,2524,2515,2501,2528,2491,2516,2491,2497,2523,2508
42,49,48,44,50,28,67,55,42,47,42,47,51,844,1344,1779,2168,2519,2861,3160,3477,3751,3787,3773,3757,3786,3783,3785,3778,3763,3750,3778,3781,3782,3764,3775,3765,3781,3772,3785,3794,3783,3769,3793,3781,3773,3769,3779,3772,3761
46,64,23,32,57,41,48,44,47,49,8,51,70,23,29,13,46,50,44,432,607,812,1018,1151,1283,1448,1628,1594,1600,1614,1599,1607,1605,1584,1600,1609,1607,1602,1588,1595,1611,1594,1607,1586,1605,1602,1589,1620,1603,1590
54,4,33,40,12,24,0,41,23,20,41,40,8,15,32,22,18,43,26,31,20,13,17,10,40,23,23,40,34,10,1258,1992,2674,3237,3811,3791,3790,3808,3788,3812,3823,3791,3818,3784,3786,3806,3806,3799,3821,3795
8,22,23,14,29,3,20,11,4,16,22,24,24,28,2,521,830,1127,1383,1598,1823,2024,2249,2419,2435,2424,2410,2422,2414,2426,2438,2425,2428,2438,2414,2428,2421,2425,2415,2426,2443,2438,2434,2413,2436,2398,2422,2420,2411,2447
22,19,11,20,22,44,27,14,23,12,13,8,14,15,20,0,0,34,0,33,25,18,26,13,0,14,0,1154,1877,2494,3061,3568,4059,4048,4046,4041,4042,4044,4053,4069,4035,4061,4064,4049,4056,4033,4047,4040,4049,4048
0,8,6,21,13,7,28,24,23,35,11,18,17,19,21,31,25,9,30,21,5,27,4,24,17,479,781,1021,1240,1469,1644,1841,2015,2177,2338,2327,2355,2337,2351,2354,2350,2346,2339,2340,2356,2343,2359,2346,2375,2370
60,45,51,48,51,28,54,68,52,48,48,70,50,44,39,37,51,55,53,627,981,1322,1599,1835,2080,2316,2531,2752,2970,2949,2948,2946,2969,2963,2966,2952,2933,2952,2945,2942,2955,2971,2945,2957,2952,2962,2961,2961,2964,2986
21,26,13,10,6,24,25,10,26,15,0,17,7,16,585,914,1235,1488,1765,1755,1733,1755,1732,1756,1778,1757,1742,1744,1764,1757,1751,1759,1755,1740,1748,1759,1756,1746,1763,1772,1753,1757,1762,1743,1764,1775,1765,1747,1758,1763
47,44,38,44,51,28,36,38,53,62,39,41,39,31,39,63,43,27,53,17,54,47,40,42,21,30,56,56,13,44,23,52,1145,1787,2395,2924,3396,3858,3867,3868,3848,3842,3850,3860,3862,3854,3849,3860,3845,3844
65,76,60,42,74,37,55,74,58,52,62,50,63,60,42,59,59,47,62,72,48,593,938,1201,1449,1707,1902,2124,2338,2508,2718,2714,2723,2702,2715,2734,2707,2713,2722,2721,2734,2713,2724,2732,2689,2705,2733,2739,2720,2714
22,31,27,47,51,28,32,19,24,15,64,26,25,44,50,25,33,701,1115,1472,1785,2057,2340,2321,2341,2348,2355,2336,2342,2331,2348,2324,2364,2320,2348,2329,2326,2353,2341,2332,2337,2347,2335,2339,2346,2342,2357,2358,2314,2339
29,70,45,43,53,36,31,36,52,24,44,43,47,53,53,56,26,64,42,37,40,48,39,42,41,30,36,47,63,27,36,49,36,726,1190,1573,1896,2205,2499,2796,3046,3067,3053,3068,3061,3060,3084,3074,3085,3072
56,54,23,45,20,37,41,38,755,1217,1606,1949,2244,2568,2876,3122,3176,3144,3171,3155,3135,3155,3147,3163,3130,3144,3161,3148,3153,3159,3164,3168,3134,3151,3142,3153,3142,3132,3138,3145,3154,3115,3141,3136,3165,3133,3137,3152,3132,3143
35,36,13,39,29,18,40,25,19,13,1,21,45,17,13,10,25,16,35,40,37,11,27,604,978,1293,1595,1830,2112,2339,2567,2772,2975,2992,2984,2968,2976,2967,2983,2974,2989,2993,2971,2976,2963,2997,2972,2971,2979,2974
47,64,48,46,45,33,34,70,58,57,48,55,55,68,62,57,38,66,41,48,43,64,48,33,49,882,1386,1819,2229,2605,2585,2601,2601,2626,2589,2605,2599,2620,2585,2614,2579,2599,2579,2592,2582,2579,2595,2592,2599,2591
7,7,8,25,30,26,31,14,45,36,41,11,16,32,9,31,11,3,31,26,30,44,20,1,2,25,43,1276,2048,2715,3298,3892,3864,3880,3864,3869,3900,3881,3904,3879,3877,3862,3892,3878,3857,3862,3884,3882,3860,3873
20,11,16,39,17,16,8,8,42,21,22,33,22,3,15,20,24,32,20,12,807,1270,1688,2059,2412,2762,3056,3358,3664,3930,3925,3915,3928,3904,3947,3919,3908,3933,3914,3925,3879,3910,3923,3907,3923,3901,3948,3930,3921,3907
10,57,13,36,33,27,0,19,21,47,14,11,42,5,0,17,30,21,14,14,19,16,7,23,26,41,52,27,20,771,1220,1602,1966,2293,2590,2902,2894,2898,2897,2894,2910,2914,2902,2917,2905,2893,2893,2895,2906,2902
25,21,9,14,15,0,10,10,17,26,8,17,9,12,22,33,17,19,14,23,13,0,17,0,15,0,18,0,20,731,1184,1547,1903,2211,2217,2207,2213,2219,2210,2204,2185,2227,2207,2218,2200,2201,2189,2202,2214,2223
20,7,13,22,9,0,4,15,28,7,16,20,12,20,9,0,22,12,0,19,3,6,18,9,22,0,33,15,969,1538,2040,2493,2938,3304,3690,3705,3686,3698,3698,3672,3687,3696,3687,3694,3701,3686,3684,3676,3680,3695
41,43,45,46,50,31,29,36,36,64,49,49,50,50,41,26,48,54,40,31,60,39,51,42,52,44,442,655,838,1057,1226,1367,1524,1687,1669,1657,1666,1659,1657,1684,1649,1678,1666,1640,1640,1667,1677,1650,1694,1695
51,33,28,32,31,26,26,29,12,34,11,23,36,34,21,51,23,34,30,24,51,56,40,43,11,18,547,870,1141,1397,1615,1822,2021,2217,2428,2418,2432,2417,2413,2421,2418,2417,2412,2398,2403,2418,2423,2415,2416,2428
49,48,40,37,22,33,38,39,48,44,46,44,44,30,51,32,33,63,39,51,40,26,48,26,29,29,58,27,40,52,24,36,31,574,915,1189,1450,1669,1682,1701,1692,1683,1728,1683,1700,1705,1693,1663,1688,1713
36,18,33,44,49,35,49,41,42,36,34,14,19,21,37,31,6,24,23,18,57,23,43,349,521,679,838,960,1102,1212,1333,1430,1531,1552,1539,1497,1522,1525,1528,1545,1562,1560,1566,1548,1542,1558,1528,1535,1546,1543
31,49,54,44,25,44,34,56,29,53,803,1300,1693,2065,2436,2730,3000,3325,3608,3601,3615,3604,3627,3619,3607,3616,3612,3612,3625,3603,3617,3614,3587,3601,3590,3574,3605,3603,3609,3625,3609,3596,3613,3601,3598,3608,3599,3586,3622,3609
10,39,22,26,36,17,23,0,18,23,18,3,12,13,26,22,17,25,33,36,18,17,18,11,9,744,1217,1632,2019,2343,2636,2645,2636,2665,2637,2654,2644,2642,2644,2650,2651,2647,2621,2647,2648,2642,2645,2657,2629,2624
0,0,10,9,17,0,14,0,18,12,10,9,0,17,17,17,0,746,1198,1583,1935,2234,2586,2864,3148,3411,3719,3684,3663,3675,3686,3677,3669,3688,3680,3681,3685,3676,3677,3682,3681,3703,3686,3677,3679,3679,3658,3691,3687,3675
3,25,3,22,15,15,0,12,0,10,18,14,25,625,1017,1341,1653,1933,2188,2448,2687,2928,3114,3159,3136,3137,3128,3119,3126,3111,3108,3126,3131,3129,3146,3146,3130,3124,3142,3145,3110,3131,3151,3149,3144,3126,3133,3126,3088,3121
43,54,53,79,58,65,47,67,48,73,22,59,45,63,50,54,37,45,76,1019,1631,2149,2630,3081,3060,3084,3073,3068,3070,3068,3075,3058,3072,3073,3055,3071,3077,3063,3055,3069,3061,3066,3061,3056,3068,3081,3037,3056,3067,3090
45,36,31,57,33,42,45,47,46,48,59,31,38,63,67,53,54,30,31,36,50,54,46,71,44,43,52,59,51,54,43,43,46,42,406,649,835,991,1163,1355,1476,1625,1738,1744,1737,1750,1750,1748,1737,1738
60,70,50,59,67,57,46,40,59,40,59,46,58,65,85,58,67,68,60,66,64,83,41,52,51,616,923,1204,1476,1705,1889,2114,2315,2549,2718,2694,2711,2720,2731,2699,2726,2718,2709,2721,2702,2731,2718,2723,2706,2724
64,28,40,43,45,57,70,50,57,55,67,37,47,54,52,63,42,45,43,700,1130,1450,1784,2047,2326,2573,2847,3084,3313,3318,3310,3309,3342,3326,3332,3332,3321,3335,3293,3306,3332,3293,3326,3305,3301,3308,3312,3308,3319,3336
52,41,42,44,63,39,44,26,44,45,24,28,20,34,48,49,39,51,42,733,1165,1512,1860,2172,2465,2715,2745,2705,2729,2741,2735,2726,2730,2735,2738,2748,2747,2735,2728,2718,2730,2737,2727,2708,2736,2739,2725,2743,2748,2728
63,41,49,73,64,47,66,48,44,49,40,46,39,52,38,58,36,47,42,51,56,66,47,66,29,50,44,48,50,36,706,1157,1485,1793,2105,2397,2659,2925,3154,3157,3159,3141,3144,3157,3138,3144,3152,3143,3161,3132
57,66,47,51,66,60,42,60,21,571,867,1149,1398,1612,1815,2043,2213,2235,2240,2247,2248,2243,2222,2234,2199,2228,2214,2242,2225,2210,2231,2207,2226,2224,2234,2218,2213,2234,2237,2229,2228,2221,2224,2265,2243,2225,2231,2229,2259,2207
33,25,40,60,26,30,43,28,39,32,52,27,36,38,38,36,41,42,35,25,22,40,538,855,1124,1381,1617,1829,2017,2025,2014,2036,2028,2018,2018,2012,2003,2022,2017,2015,2018,2039,2018,2028,2021,2015,2032,2017,2021,2017
47,45,6,47,44,26,52,41,53,49,38,4,20,24,28,52,61,33,46,24,13,35,4,15,62,23,34,34,25,50,29,37,466,715,975,1153,1327,1527,1508,1520,1509,1542,1528,1539,1520,1514,1529,1535,1527,1500
57,50,49,62,51,57,985,1544,2005,2442,2828,2849,2822,2845,2856,2835,2862,2838,2848,2859,2866,2841,2862,2849,2850,2821,2853,2851,2850,2843,2829,2843,2869,2851,2867,2857,2834,2857,2835,2850,2848,2837,2838,2865,2840,2838,2837,2860,2853,2847
63,35,44,43,41,41,62,86,56,58,62,54,54,56,68,58,75,37,61,60,40,44,54,73,42,56,64,43,52,54,58,51,71,71,59,508,782,974,1205,1376,1544,1727,1895,2061,2060,2060,2056,2025,2054,2039
68,26,30,33,32,24,55,49,26,50,39,33,45,36,43,42,25,33,26,690,1091,1457,1743,2034,2300,2561,2810,2793,2827,2819,2809,2819,2822,2807,2818,2825,2799,2821,2801,2839,2815,2808,2796,2816,2806,2813,2804,2814,2817,2809
41,56,41,66,47,59,20,48,45,51,49,56,45,55,34,33,50,54,61,41,51,40,44,42,60,38,23,43,42,65,55,59,35,48,734,1141,1498,1833,2134,2431,2694,2945,3188,3442,3428,3425,3426,3425,3422,3433
57,59,44,49,35,50,71,27,56,55,53,67,36,42,44,72,721,1162,1510,1842,2122,2138,2154,2130,2159,2147,2154,2157,2153,2148,2155,2126,2145,2148,2152,2142,2130,2134,2159,2158,2143,2152,2131,2142,2148,2168,2154,2129,2156,2136
35,71,57,41,79,38,32,74,52,54,72,59,43,58,43,54,591,918,1205,1440,1697,1914,2124,2342,2521,2719,2715,2711,2712,2715,2687,2687,2725,2713,2707,2701,2705,2684,2705,2690,2708,2704,2712,2720,2719,2684,2714,2706,2711,2706
45,33,42,23,50,40,26,50,50,46,463,715,944,1135,1326,1508,1492,1504,1526,1507,1519,1487,1507,1509,1507,1526,1490,1501,1509,1489,1507,1513,1507,1517,1503,1527,1493,1518,1517,1521,1535,1527,1531,1527,1538,1499,1527,1489,1501,1523
14,27,24,13,30,21,0,30,24,22,17,46,25,42,3,7,16,8,857,1362,1824,2209,2584,2927,3255,3269,3236,3253,3228,3263,3275,3233,3255,3249,3257,3265,3256,3245,3254,3259,3263,3274,3262,3241,3264,3279,3259,3265,3272,3275
26,13,11,33,28,16,9,5,0,20,22,31,27,0,16,3,28,24,24,27,16,36,6,28,0,16,19,549,925,1205,1478,1720,1955,2176,2173,2169,2170,2184,2191,2165,2165,2169,2175,2170,2154,2164,2153,2199,2170,2172
26,28,31,32,18,35,31,45,30,12,44,39,29,40,36,38,15,47,15,29,45,36,45,23,48,5,5,19,40,34,31,31,18,65,8,457,743,1012,1205,1435,1582,1792,1958,2124,2115,2120,2103,2105,2107,2127
26,31,30,18,22,9,26,65,31,21,24,19,34,34,43,22,48,41,14,15,25,23,1062,1717,2261,2778,3231,3711,3677,3679,3671,3672,3698,3699,3690,3680,3670,3686,3687,3679,3683,3648,3688,3692,3659,3673,3675,3695,3679,3686
38,21,47,46,45,43,37,40,46,54,16,51,31,36,36,819,1285,1688,2053,2412,2748,3049,3318,3327,3328,3325,3339,3329,3336,3329,3339,3350,3327,3332,3365,3327,3342,3348,3344,3320,3359,3325,3336,3342,3336,3318,3346,3341,3318,3335
22,0,29,19,19,6,0,27,21,19,17,6,0,7,0,5,11,19,6,18,9,921,1531,2038,2483,2913,3302,3661,4022,4049,4019,4014,4016,4014,4028,4005,4016,4000,4016,4007,4006,3995,3993,4033,4024,4008,3979,4021,4048,4018
28,50,70,63,54,67,40,50,74,779,1247,1603,1975,2318,2595,2884,3141,3415,3680,3693,3684,3680,3682,3688,3681,3694,3677,3691,3660,3685,3682,3670,3663,3678,3667,3682,3678,3704,3674,3666,3676,3667,3696,3660,3683,3662,3671,3690,3688,3691
57,24,59,47,36,66,42,44,57,53,50,34,52,48,55,71,58,80,47,57,56,65,39,58,64,37,43,39,48,25,38,58,35,49,58,32,1340,2157,2847,3464,4023,4049,4035,4026,4063,4047,4043,4045,4021,4049
19,27,19,15,0,2,21,11,37,30,8,28,17,9,29,21,13,42,19,11,30,850,1365,1816,2193,2584,2938,3284,3543,3890,3897,3890,3876,3880,3903,3895,3884,3895,3872,3879,3884,3880,3900,3877,3881,3874,3898,3862,3885,3881
6,25,0,15,34,20,13,38,36,13,23,12,24,23,1,44,31,35,0,15,4,37,5,54,791,1275,1706,2097,2439,2764,3073,3379,3647,3955,3921,3945,3947,3950,3963,3951,3948,3941,3939,3938,3943,3932,3959,3942,3940,3946
39,55,22,16,41,29,25,9,35,40,14,27,28,45,710,1112,1453,1825,2067,2345,2628,2627,2649,2623,2640,2640,2625,2641,2635,2620,2619,2624,2626,2635,2635,2633,2629,2619,2625,2644,2608,2629,2628,2617,2638,2635,2624,2599,2624,2621
26,0,3,11,17,0,0,18,24,19,10,8,14,32,0,7,9,770,1237,1632,2004,2312,2638,2930,3249,3205,3218,3218,3228,3223,3243,3229,3230,3215,3226,3226,3255,3243,3219,3236,3227,3239,3216,3238,3230,3204,3213,3218,3220,3235
20,16,38,23,45,19,9,5,36,27,24,14,48,20,31,688,1106,1416,1741,2019,2304,2556,2810,2800,2808,2792,2819,2813,2808,2835,2836,2826,2810,2797,2814,2831,2819,2813,2812,2802,2824,2806,2822,2818,2789,2806,2812,2787,2804,2815
5,14,27,6,33,54,35,38,42,26,52,48,10,15,57,34,52,37,31,25,20,987,1620,2134,2628,3042,3047,3046,3013,3043,3018,3032,3052,3028,3053,3042,3031,3042,3060,3051,3033,3052,3055,3050,3044,3040,3031,3042,3029,3035
12,58,26,1,20,8,12,0,27,23,16,19,31,19,392,616,800,988,1138,1305,1456,1583,1736,1714,1711,1707,1738,1734,1732,1710,1716,1700,1724,1730,1730,1709,1694,1714,1725,1720,1729,1724,1737,1707,1693,1716,1715,1723,1717,1696
32,21,51,31,10,29,39,33,30,17,12,25,26,863,1410,1891,2293,2681,3028,3368,3335,3365,3370,3379,3323,3378,3368,3377,3365,3373,3369,3385,3383,3370,3356,3372,3357,3368,3384,3358,3349,3364,3379,3361,3345,3391,3354,3377,3378,3380
28,13,15,3,35,18,42,44,3,0,25,16,6,22,773,1287,1707,2043,2436,2415,2419,2421,2407,2416,2426,2394,2426,2427,2396,2411,2397,2401,2414,2415,2424,2389,2414,2447,2389,2421,2393,2413,2409,2400,2416,2418,2399,2402,2400,2413
20,50,37,56,32,30,53,683,1068,1428,1730,2015,2297,2537,2553,2543,2568,2572,2560,2569,2543,2560,2558,2558,2580,2554,2578,2561,2562,2568,2554,2565,2550,2551,2544,2568,2578,2554,2562,2563,2562,2544,2575,2559,2564,2560,2557,2572,2549,2544
33,40,29,31,38,48,36,32,31,15,39,35,42,48,24,5,31,64,831,1301,1702,2095,2449,2753,3071,3383,3672,3948,3937,3935,3961,3952,3955,3931,3959,3961,3951,3948,3982,3965,3945,3954,3932,3955,3957,3947,3952,3938,3920,3938
10,39,1,3,14,0,17,12,2,7,18,31,9,20,8,20,12,28,16,0,14,0,21,20,2,0,22,19,580,888,1173,1425,1683,1685,1674,1677,1675,1667,1715,1671,1700,1674,1681,1671,1694,1669,1665,1682,1675,1670
29,59,46,36,47,64,15,24,45,37,840,1394,1805,2186,2554,2920,3238,3558,3553,3575,3549,3557,3557,3558,3572,3559,3574,3547,3535,3573,3577,3563,3563,3557,3565,3556,3554,3566,3560,3584,3564,3556,3571,3561,3548,3549,3549,3548,3553,3584
63,58,68,50,40,48,38,30,29,72,57,46,52,46,67,28,52,67,55,38,31,46,34,61,45,42,54,48,30,48,56,58,434,671,834,998,1171,1347,1457,1611,1729,1732,1722,1729,1735,1745,1747,1748,1726,1739
15,15,10,5,4,12,14,20,40,12,9,9,4,9,0,1,18,41,15,0,0,0,13,40,0,8,7,11,19,23,464,725,977,1157,1390,1569,1708,1898,1904,1880,1899,1917,1885,1887,1895,1895,1888,1890,1891,1887
75,57,41,61,72,50,71,835,1280,1680,2043,2393,2367,2368,2391,2388,2375,2386,2385,2387,2369,2378,2374,2397,2356,2391,2387,2393,2404,2380,2389,2364,2382,2367,2388,2383,2384,2371,2370,2382,2378,2388,2381,2392,2386,2396,2388,2386,2379,2404
47,63,31,37,41,47,51,76,37,62,65,34,61,67,58,69,74,34,45,50,64,46,46,57,60,47,44,69,44,57,65,37,59,51,75,384,568,751,920,1023,1148,1290,1412,1531,1556,1525,1543,1529,1524,1540
44,40,13,29,31,40,16,44,23,12,40,40,30,24,36,14,0,16,16,951,1519,2005,2458,2854,3237,3231,3232,3245,3258,3243,3233,3240,3238,3247,3245,3246,3250,3245,3236,3247,3237,3234,3230,3249,3245,3262,3253,3246,3243,3245
49,30,40,41,31,52,27,39,54,37,42,30,21,16,16,27,31,38,5,21,47,27,24,40,23,38,45,5,1046,1668,2183,2695,3106,3542,3527,3521,3534,3523,3550,3532,3536,3524,3519,3522,3516,3530,3519,3551,3538,3530
13,17,10,9,26,8,0,40,8,5,7,33,0,14,18,20,8,9,824,1311,1727,2126,2489,2798,3147,3456,3747,4001,4019,4002,4034,4036,4046,4008,4000,4002,4015,4022,4021,4029,4027,4035,4016,4023,4017,4026,4014,4036,4015,4025
45,43,31,33,47,37,32,44,55,31,21,48,24,58,41,39,43,35,43,59,30,5,777,1263,1695,2058,2378,2708,3020,3316,3579,3583,3602,3599,3590,3594,3598,3591,3588,3596,3577,3601,3599,3611,3591,3599,3566,3581,3593,3582
30,60,44,45,41,45,55,41,61,41,38,40,1195,1896,2532,3069,3557,3578,3581,3602,3575,3569,3576,3584,3551,3562,3572,3600,3584,3583,3584,3603,3564,3585,3583,3582,3612,3576,3566,3594,3589,3574,3579,3579,3579,3570,3571,3568,3562,3565
57,56,36,46,61,14,62,67,53,54,618,954,1241,1497,1777,1748,1761,1778,1760,1767,1762,1754,1782,1758,1758,1764,1760,1746,1745,1762,1757,1783,1766,1744,1767,1756,1764,1748,1767,1767,1759,1757,1793,1747,1768,1741,1782,1760,1754,1758
55,77,52,46,65,60,52,72,46,34,49,66,75,64,68,61,66,68,68,58,57,81,61,62,64,71,41,58,48,62,47,58,36,61,74,65,763,1243,1597,1952,2282,2558,2559,2583,2580,2577,2552,2559,2569,2568
22,11,26,35,30,9,20,25,38,47,21,12,20,0,13,42,5,19,12,17,17,10,38,18,22,27,21,7,26,34,22,27,1062,1705,2254,2752,3237,3217,3196,3214,3233,3237,3221,3244,3217,3244,3202,3208,3232,3211
70,58,84,78,59,40,59,51,936,1488,1970,2403,2812,2789,2821,2798,2837,2799,2782,2817,2818,2799,2802,2809,2808,2792,2811,2812,2802,2795,2794,2792,2796,2799,2814,2802,2789,2799,2807,2812,2801,2812,2813,2769,2785,2790,2799,2794,2785,2797
46,61,38,40,46,44,41,66,59,61,77,59,603,927,1227,1454,1708,1935,2169,2359,2581,2543,2546,2547,2575,2561,2548,2564,2552,2566,2549,2566,2544,2564,2541,2538,2554,2556,2535,2558,2545,2538,2576,2561,2578,2551,2551,2536,2563,2584
33,9,7,23,12,12,37,39,21,28,13,44,26,26,777,1208,1639,1998,2299,2602,2932,2913,2928,2904,2915,2917,2891,2929,2892,2912,2893,2907,2909,2916,2930,2936,2916,2910,2916,2901,2915,2924,2912,2910,2910,2900,2917,2912,2894,2914
21,19,19,17,16,8,24,30,8,13,14,7,2,14,13,12,26,25,56,24,22,29,33,16,31,23,606,1022,1296,1608,1857,2067,2300,2553,2760,2970,2988,2966,2984,2967,2990,2952,2985,2975,2990,2979,2987,2982,2978,2972
22,13,20,29,54,18,40,12,22,40,32,1,26,17,22,34,20,4,11,11,36,47,40,31,27,770,1240,1647,2018,2361,2672,2972,2976,2970,2952,2955,2952,2965,2965,2977,2948,2975,2953,2940,2967,2960,2965,2962,2956,2984
70,46,67,57,46,44,38,61,62,64,59,54,54,943,1519,2006,2449,2849,3240,3225,3251,3243,3253,3261,3245,3274,3263,3251,3232,3256,3239,3235,3239,3235,3249,3239,3251,3268,3245,3226,3251,3260,3239,3243,3254,3238,3257,3219,3232,3245
15,33,13,7,17,18,14,17,17,6,34,14,20,13,33,20,3,7,17,22,25,21,28,23,11,30,655,1065,1434,1710,2012,2257,2525,2793,3009,3021,3023,3013,3015,3027,3018,3029,3002,3028,3042,3005,3009,3008,3013,3051
55,38,42,62,50,59,53,54,49,48,35,67,55,46,34,43,38,58,55,31,39,43,41,43,523,797,1027,1259,1478,1668,1844,2018,2208,2360,2365,2354,2364,2354,2351,2362,2355,2355,2352,2381,2354,2346,2347,2353,2334,2369
22,13,26,44,40,27,34,20,28,58,32,35,32,25,22,42,32,49,37,63,34,31,62,27,29,42,16,46,48,36,574,928,1232,1492,1746,1963,2178,2383,2590,2606,2595,2586,2616,2599,2591,2586,2596,2575,2615,2611
29,52,68,51,52,58,38,44,54,70,58,57,36,836,1334,1741,2137,2470,2840,2841,2814,2833,2817,2819,2824,2809,2817,2799,2820,2811,2821,2833,2804,2818,2802,2823,2817,2802,2822,2806,2827,2817,2811,2814,2841,2802,2802,2826,2811,2822
54,69,75,71,44,39,54,54,76,46,46,49,74,44,65,47,620,979,1290,1531,1790,1797,1797,1788,1804,1796,1801,1785,1774,1778,1801,1793,1805,1812,1803,1800,1791,1768,1801,1795,1787,1793,1808,1803,1799,1784,1794,1770,1805,1792
20,25,15,0,3,9,1,0,8,15,18,3,876,1373,1839,2217,2573,2934,3293,3605,3908,3923,3916,3909,3922,3929,3909,3916,3918,3937,3924,3908,3924,3932,3917,3909,3923,3912,3925,3911,3926,3919,3929,3913,3899,3920,3942,3923,3917,3935
16,25,20,7,40,34,39,39,41,49,35,36,23,21,16,39,18,20,42,15,22,35,22,22,25,16,42,32,763,1281,1692,2078,2415,2751,3040,3351,3345,3339,3337,3344,3335,3345,3356,3357,3382,3338,3347,3337,3355,3338
44,21,54,46,46,16,27,31,31,43,33,39,39,31,47,37,41,27,32,22,44,31,33,33,31,57,17,38,26,51,46,49,43,35,676,1080,1406,1705,1974,2256,2241,2224,2252,2256,2261,2269,2238,2249,2274,2227
49,58,66,50,55,49,73,71,53,47,71,82,55,51,61,59,72,86,50,39,66,56,55,1076,1731,2279,2755,3204,3667,4070,4069,4076,4041,4060,4059,4067,4069,4060,4095,4053,4039,4079,4047,4042,4069,4075,4076,4063,4074,4062
58,54,66,48,59,58,43,57,52,75,62,68,70,71,88,42,79,60,64,54,71,59,58,63,55,81,54,65,76,72,46,37,40,51,45,64,821,1247,1649,2013,2338,2661,2636,2620,2639,2618,2650,2651,2640,2652
72,47,70,54,49,47,46,55,56,49,71,48,50,52,53,50,64,50,88,787,1206,1599,1965,2287,2600,2883,3152,3438,3430,3447,3434,3441,3418,3416,3423,3425,3434,3432,3430,3421,3410,3432,3443,3439,3426,3437,3433,3415,3409,3438
31,28,57,42,46,31,62,39,52,40,18,44,50,29,43,43,52,39,43,38,41,25,33,40,35,53,52,48,52,17,747,1167,1575,1901,2219,2523,2798,2823,2817,2802,2800,2806,2822,2814,2814,2822,2815,2825,2815,2788
27,6,7,29,1,0,18,14,21,6,0,31,6,16,12,12,10,531,854,1138,1391,1639,1827,1856,1854,1855,1868,1846,1833,1845,1832,1857,1828,1832,1848,1854,1853,1848,1844,1828,1835,1850,1839,1848,1836,1834,1850,1828,1846,1847
18,5,13,16,16,23,18,8,33,7,35,31,17,2,17,0,37,0,1,18,7,2,0,17,0,24,13,21,17,19,4,18,483,807,1079,1276,1498,1714,1923,2107,2258,2445,2422,2438,2424,2439,2434,2440,2429,2414
48,64,55,40,59,66,73,60,54,57,45,57,55,52,59,63,68,69,37,54,56,60,54,72,63,57,67,64,58,46,53,36,59,629,1022,1311,1592,1852,2109,2325,2576,2769,2957,2976,2979,2986,2977,2978,2972,2981
37,27,28,20,29,14,36,27,26,27,29,3,43,34,30,50,33,33,20,15,23,26,28,32,31,19,43,24,861,1390,1877,2253,2630,2647,2630,2631,2642,2656,2623,2650,2636,2623,2643,2647,2626,2628,2643,2624,2631,2622
56,62,79,58,38,52,55,41,68,53,71,40,42,55,21,44,43,69,45,34,39,64,43,52,29,741,1213,1594,1918,2248,2545,2840,3125,3388,3630,3626,3635,3611,3615,3649,3621,3641,3626,3662,3618,3625,3626,3615,3629,3627
54,41,28,28,39,36,53,16,870,1385,1817,2182,2595,2600,2600,2586,2577,2584,2586,2589,2593,2585,2564,2605,2589,2582,2579,2583,2576,2565,2584,2596,2604,2574,2578,2567,2573,2590,2569,2581,2557,2587,2586,2597,2577,2590,2583,2551,2577,2610
37,43,49,29,43,37,38,48,19,56,38,41,23,49,34,36,55,26,37,36,47,36,36,34,42,38,648,1036,1334,1646,1925,2177,2193,2178,2196,2207,2185,2201,2185,2176,2192,2182,2189,2178,2193,2173,2197,2183,2198,2194
44,35,34,28,35,26,39,12,28,27,25,23,29,21,24,50,23,30,33,20,32,30,17,20,36,41,41,42,1216,1945,2553,3107,3645,3649,3656,3675,3644,3639,3680,3640,3630,3645,3644,3625,3635,3631,3646,3641,3645,3640
56,49,48,35,66,50,75,53,43,48,52,64,53,59,650,1015,1349,1619,1879,2136,2384,2353,2361,2366,2371,2377,2360,2371,2367,2358,2373,2369,2356,2381,2363,2370,2372,2367,2358,2369,2369,2368,2373,2369,2359,2329,2370,2362,2351,2351
24,24,3,20,19,29,12,30,15,41,0,22,30,16,5,6,19,39,5,33,39,0,24,5,0,30,23,13,21,6,27,16,15,26,34,372,577,776,970,1093,1245,1373,1521,1533,1506,1543,1520,1500,1521,1517
3,0,0,0,6,22,0,29,0,16,7,6,3,4,27,3,3,2,10,10,1,1,32,0,22,26,17,18,10,0,9,702,1139,1520,1844,2161,2469,2722,2990,3265,3234,3237,3257,3266,3268,3263,3248,3267,3254,3249
30,11,30,42,9,25,41,29,11,17,26,18,20,17,39,21,27,6,18,26,22,29,39,25,544,861,1118,1375,1616,1574,1598,1608,1601,1621,1605,1598,1619,1610,1612,1613,1608,1633,1587,1616,1611,1614,1593,1606,1598,1618
35,49,43,24,30,39,34,36,26,31,41,31,40,34,31,29,33,16,32,32,28,686,1109,1430,1781,2080,2352,2602,2860,3111,3085,3090,3097,3101,3072,3111,3096,3111,3085,3091,3100,3082,3072,3130,3095,3092,3108,3084,3112,3095
26,24,34,29,20,57,29,38,29,53,22,41,21,50,35,43,33,23,36,44,31,10,11,48,31,46,36,41,33,33,34,20,33,29,25,386,608,784,962,1139,1295,1407,1575,1696,1686,1692,1708,1680,1712,1686
11,20,2,43,15,21,0,24,7,23,22,38,5,5,0,11,23,9,22,17,17,30,4,33,44,413,642,837,1038,1173,1344,1489,1639,1774,1782,1783,1796,1793,1790,1798,1781,1767,1770,1787,1775,1807,1770,1781,1776,1791
5,0,24,27,1,2,7,17,21,0,26,10,679,1069,1404,1714,2002,2017,2018,2020,1996,2004,1992,1993,2005,1985,2004,1994,2023,1989,1992,2004,1988,2016,1997,1995,1982,1994,2011,1989,1981,2003,2004,1991,2007,2010,2007,2004,2013,2004
30,4,27,0,37,20,32,0,25,27,32,9,22,37,11,27,16,63,27,26,41,38,16,33,13,38,14,18,18,20,35,649,1010,1324,1637,1866,2158,2139,2134,2155,2158,2148,2141,2150,2136,2152,2135,2152,2123,2160
41,38,17,36,29,26,24,43,4,1,33,13,29,13,28,18,24,27,36,13,819,1328,1740,2103,2459,2803,3115,3417,3422,3404,3400,3404,3416,3406,3410,3423,3420,3427,3420,3414,3424,3393,3410,3423,3409,3395,3405,3420,3399,3397
49,30,19,26,34,46,39,32,52,839,1329,1747,2141,2484,2821,3145,3437,3732,4039,4013,4006,4005,4032,4015,3995,3990,3995,3984,3995,4019,4019,4003,3988,4009,3998,4021,4009,4007,3990,4005,4015,4002,4024,3996,3998,4012,4013,4013,4023,4019
37,39,29,39,13,31,26,31,15,31,38,43,36,44,47,48,34,33,25,33,31,776,1266,1652,2050,2393,2384,2379,2388,2380,2383,2390,2367,2372,2397,2388,2380,2402,2401,2401,2393,2392,2377,2387,2387,2382,2399,2419,2376,2409
8,24,0,0,6,0,7,17,0,24,0,0,36,1,34,543,883,1175,1446,1661,1898,2139,2130,2154,2140,2146,2143,2159,2141,2155,2118,2115,2130,2127,2124,2136,2127,2131,2131,2132,2137,2125,2144,2137,2139,2127,2136,2101,2165,2144
50,77,44,55,64,40,49,61,51,55,86,48,29,77,26,35,49,64,51,43,1179,1866,2484,3013,3536,3992,3985,3985,3983,3977,3980,3992,3986,3987,3991,3980,3996,3983,3974,3983,3975,3990,3978,3988,3996,4008,3976,3988,3983,3961
52,80,77,38,41,77,66,35,44,57,75,51,61,71,1347,2188,2871,3483,4062,4069,4084,4062,4060,4056,4078,4079,4052,4058,4073,4068,4046,4060,4073,4064,4058,4067,4079,4072,4065,4063,4078,4087,4083,4076,4052,4064,4046,4065,4053,4054
17,20,15,12,29,16,11,41,11,36,0,36,0,35,28,26,18,14,21,15,581,966,1242,1512,1781,2011,2002,2036,2010,2021,2025,2011,2015,2016,2033,2013,1994,2025,2033,2000,2012,2000,2009,2019,2017,2037,2025,2030,2031,2011
30,22,14,0,21,22,24,42,42,496,811,1046,1292,1507,1733,1906,2110,2248,2247,2250,2249,2246,2255,2251,2260,2272,2249,2270,2241,2260,2259,2263,2242,2254,2264,2246,2253,2252,2257,2260,2257,2282,2239,2267,2242,2266,2251,2264,2265,2288
57,60,82,43,58,52,48,55,45,66,48,62,65,65,55,35,74,54,42,65,53,55,40,54,66,45,34,73,43,61,56,46,29,54,646,998,1320,1641,1885,2147,2385,2601,2593,2600,2611,2607,2632,2609,2572,2598
52,69,61,60,59,83,43,57,46,68,54,50,58,61,78,61,67,52,71,50,56,70,67,65,54,48,60,1343,2156,2860,3480,4051,4015,4035,4055,4044,4020,4056,4057,4044,4061,4052,4054,4039,4050,4060,4058,4046,4041,4064
66,51,24,36,59,56,45,55,57,50,45,37,56,39,36,70,1149,1850,2438,2964,3479,3945,3930,3937,3937,3958,3927,3925,3916,3928,3941,3949,3919,3939,3965,3926,3944,3937,3929,3934,3924,3925,3918,3924,3927,3918,3940,3943,3925,3925
58,41,50,36,42,50,58,52,35,36,60,44,45,59,58,37,29,53,50,54,32,64,44,47,47,39,52,57,969,1571,2068,2511,2937,3319,3327,3329,3328,3356,3336,3337,3291,3348,3330,3335,3350,3336,3337,3338,3321,3356
49,63,73,53,61,63,45,63,54,58,60,59,50,1036,1646,2167,2606,3056,3038,3037,3042,3040,3030,3043,3035,3050,3045,3044,3052,3052,3046,3041,3071,3046,3022,3024,3041,3024,3013,3035,3071,3059,3041,3029,3047,3027,3040,3066,3040,3058
10,17,0,24,0,0,10,1,9,18,27,36,18,25,17,0,10,4,18,16,11,16,26,569,895,1201,1449,1715,1931,1936,1932,1920,1933,1923,1920,1933,1945,1919,1909,1919,1923,1937,1917,1940,1911,1926,1948,1925,1938,1925
53,63,52,70,45,37,41,29,13,59,48,28,44,38,35,61,57,50,18,69,47,36,33,48,34,358,572,736,901,1046,1172,1338,1452,1590,1573,1559,1555,1563,1560,1555,1554,1566,1565,1568,1568,1576,1562,1566,1553,1582
80,42,90,48,50,50,33,87,58,51,76,48,79,66,1043,1650,2164,2607,3060,3456,3458,3458,3461,3469,3450,3452,3468,3447,3482,3470,3469,3483,3449,3460,3425,3481,3460,3476,3437,3449,3458,3477,3464,3460,3487,3448,3455,3453,3441,3456
66,45,60,45,40,46,66,33,37,42,53,49,69,52,37,701,1085,1433,1743,2074,2332,2592,2835,3071,3289,3284,3321,3318,3315,3289,3303,3312,3308,3281,3288,3305,3298,3281,3292,3309,3301,3299,3328,3293,3290,3294,3294,3300,3320,3304
34,22,25,9,11,35,0,12,16,23,12,28,19,7,408,637,874,1075,1211,1376,1537,1709,1687,1699,1698,1677,1687,1701,1681,1698,1724,1693,1693,1705,1692,1686,1695,1687,1676,1704,1706,1684,1691,1720,1696,1720,1711,1689,1706,1709
78,50,37,31,50,43,34,53,64,47,42,47,62,1025,1658,2191,2692,3138,3133,3140,3137,3147,3138,3133,3150,3123,3129,3144,3148,3124,3113,3141,3148,3135,3153,3131,3136,3156,3152,3170,3139,3134,3141,3150,3134,3130,3152,3139,3124,3112
4,0,33,17,23,2,0,17,8,22,29,33,14,16,17,0,0,13,16,31,13,21,15,14,9,709,1139,1497,1822,2127,2402,2677,2944,3202,3211,3211,3194,3197,3206,3205,3197,3230,3212,3198,3191,3207,3183,3214,3201,3215
27,4,23,13,35,18,0,18,14,19,20,17,19,20,11,11,10,39,16,0,3,25,25,25,11,20,11,51,0,629,1032,1375,1675,1962,1945,1957,1966,1957,1968,1941,1969,1966,1974,1935,1943,1957,1963,1967,1961,1968
26,33,29,49,30,11,33,8,22,18,16,21,27,9,17,19,26,24,26,24,35,798,1257,1709,2041,2425,2739,3049,3343,3610,3887,3910,3889,3889,3907,3901,3904,3907,3908,3917,3904,3880,3888,3897,3909,3895,3910,3886,3918,3892
26,30,3,16,10,11,20,18,17,14,15,30,0,13,12,0,24,3,13,21,7,18,0,0,0,11,2,19,20,9,0,509,835,1122,1385,1589,1610,1600,1604,1617,1590,1602,1601,1608,1632,1601,1609,1590,1599,1585
64,39,52,38,40,54,36,27,52,528,822,1063,1304,1518,1707,1879,2077,2267,2265,2262,2237,2226,2253,2257,2273,2247,2267,2263,2252,2249,2259,2250,2248,2245,2245,2241,2247,2241,2242,2258,2254,2259,2252,2237,2247,2246,2237,2250,2232,2259
51,51,42,36,46,65,51,38,21,55,35,43,25,61,64,67,44,63,42,46,45,52,54,51,54,784,1229,1618,1974,2321,2585,2888,3194,3440,3705,3687,3703,3703,3698,3684,3699,3716,3709,3709,3701,3702,3696,3711,3713,3686
0,4,16,0,22,30,34,26,0,0,1,53,1,17,2,24,13,14,5,20,14,0,4,10,0,21,24,0,6,5,21,786,1276,1699,2041,2417,2752,3057,3365,3351,3362,3362,3332,3361,3353,3348,3358,3354,3367,3367
27,14,26,27,47,30,38,30,32,40,17,36,34,33,32,27,46,47,40,42,29,47,46,25,25,27,36,19,23,0,50,37,45,58,516,823,1103,1327,1544,1765,1975,2166,2322,2493,2508,2501,2520,2487,2501,2524
0,29,20,21,8,22,0,21,0,29,16,28,8,0,0,15,13,0,2,16,15,10,14,11,11,402,623,818,1001,1170,1347,1490,1655,1791,1935,1937,1944,1930,1938,1925,1921,1911,1902,1915,1932,1916,1938,1927,1946,1940
4,52,33,38,18,24,26,43,57,28,21,35,48,33,832,1328,1804,2147,2538,2866,3199,3480,3488,3486,3497,3470,3478,3486,3452,3495,3502,3488,3497,3475,3513,3486,3480,3498,3506,3487,3485,3485,3484,3481,3505,3489,3484,3510,3494,3485
56,33,39,37,40,57,21,38,23,38,48,35,47,47,49,32,39,35,36,25,51,34,660,1084,1395,1716,1990,2259,2493,2737,2967,3223,3206,3197,3205,3222,3218,3205,3221,3221,3219,3226,3214,3238,3233,3218,3227,3195,3201,3231
39,22,46,43,28,34,31,44,27,32,0,508,776,998,1217,1439,1657,1637,1637,1621,1633,1621,1642,1620,1609,1642,1629,1633,1639,1613,1636,1638,1649,1626,1641,1636,1623,1637,1625,1669,1630,1634,1650,1647,1624,1620,1650,1651,1637,1633
50,77,78,47,69,66,69,41,50,49,60,71,67,72,54,53,72,43,52,65,52,47,66,44,52,42,42,54,61,43,54,51,45,1020,1650,2189,2646,3086,3473,3482,3481,3493,3481,3469,3482,3489,3500,3491,3475,3465
51,56,66,59,53,47,54,54,49,54,61,57,58,32,43,577,918,1199,1446,1686,1914,1934,1923,1927,1922,1914,1906,1910,1950,1928,1917,1913,1905,1919,1924,1918,1906,1910,1919,1919,1910,1939,1911,1940,1912,1923,1946,1916,1902,1930
0,5,15,23,10,4,0,20,15,0,5,14,0,6,0,13,0,10,0,0,10,13,15,38,0,11,35,31,34,15,10,3,440,716,964,1185,1395,1548,1561,1531,1554,1529,1557,1551,1544,1563,1555,1552,1556,1555
35,39,42,30,44,46,41,61,12,20,41,945,1566,2055,2527,2936,3327,3713,4055,4060,4071,4079,4080,4060,4043,4050,4069,4063,4062,4086,4068,4069,4061,4070,4062,4058,4055,4044,4063,4063,4056,4069,4057,4063,4049,4072,4077,4041,4059,4069
18,27,39,29,33,52,32,38,20,44,43,30,18,46,19,40,10,23,18,32,24,30,45,26,22,41,25,18,34,30,21,38,58,41,556,889,1189,1455,1682,1912,1905,1890,1920,1933,1915,1909,1900,1885,1903,1915
30,25,10,15,8,20,27,0,7,14,26,16,0,12,694,1082,1427,1767,2054,2339,2597,2825,3089,3338,3314,3333,3342,3316,3327,3334,3340,3329,3335,3334,3331,3345,3332,3329,3346,3334,3323,3328,3321,3318,3333,3332,3344,3347,3325,3322
66,47,34,37,55,54,54,30,56,34,1080,1729,2284,2779,3244,3702,3673,3666,3694,3691,3684,3696,3673,3683,3694,3684,3688,3683,3666,3679,3677,3689,3676,3689,3675,3694,3691,3699,3680,3706,3680,3697,3695,3695,3676,3689,3709,3711,3668,3690
36,2,10,21,8,11,3,18,32,16,17,10,3,28,26,18,21,11,0,0,5,21,10,291,498,674,837,968,1111,1216,1365,1433,1571,1555,1577,1568,1572,1573,1570,1552,1571,1593,1578,1577,1570,1559,1588,1579,1563,1584
0,6,5,17,18,24,3,28,9,11,26,6,18,10,11,6,26,4,902,1449,1917,2328,2724,3105,3452,3461,3458,3472,3474,3472,3455,3462,3464,3448,3428,3469,3448,3449,3468,3442,3447,3458,3459,3464,3459,3442,3437,3460,3479,3470
58,56,54,20,74,58,46,63,44,51,58,37,84,37,65,72,42,55,79,33,35,39,46,54,46,51,43,82,865,1382,1807,2240,2588,2948,3286,3588,3892,3894,3899,3870,3901,3892,3900,3911,3903,3913,3918,3895,3887,3900
47,47,48,62,46,77,69,33,43,58,45,38,46,47,48,45,44,36,62,62,39,59,54,48,31,62,44,52,43,569,884,1181,1411,1666,1841,2086,2072,2075,2073,2072,2088,2069,2076,2074,2075,2077,2086,2064,2064,2072
31,41,73,73,64,69,36,41,55,28,66,608,1020,1323,1596,1884,2107,2347,2358,2355,2332,2354,2355,2343,2345,2342,2340,2324,2348,2344,2339,2355,2347,2346,2350,2341,2340,2331,2344,2350,2347,2338,2343,2310,2356,2319,2344,2350,2366,2345
49,44,32,32,42,50,683,1098,1437,1756,2030,2305,2574,2790,3061,3281,3276,3272,3255,3258,3286,3257,3276,3275,3276,3266,3272,3275,3270,3262,3280,3279,3278,3287,3265,3269,3287,3272,3281,3286,3271,3264,3271,3264,3300,3273,3262,3282,3272,3281
31,0,3,12,7,11,13,31,37,25,0,7,24,17,25,3,15,25,9,28,0,40,13,26,4,30,40,415,641,863,1048,1255,1412,1583,1561,1564,1574,1564,1565,1570,1562,1589,1553,1578,1583,1581,1546,1562,1586,1562
59,32,48,54,50,43,56,44,66,784,1224,1634,1999,2328,2643,2922,3194,3489,3726,3731,3740,3762,3756,3758,3720,3747,3755,3766,3749,3735,3756,3739,3763,3756,3738,3744,3752,3738,3731,3748,3758,3745,3749,3757,3776,3744,3737,3735,3737,3728
9,9,27,37,12,14,45,24,7,0,22,22,8,44,18,992,1604,2126,2557,2991,2986,3008,2999,3009,3002,3003,2995,2982,3012,2991,2991,2987,3009,3011,2997,3008,3000,3017,3006,2999,2983,2996,3024,2998,3019,3016,2999,3021,2998,3000
53,42,44,53,46,47,48,39,46,57,34,62,37,38,39,60,59,61,58,41,29,46,33,31,46,34,711,1147,1495,1810,2104,2392,2663,2655,2657,2654,2655,2651,2650,2671,2654,2657,2657,2651,2671,2656,2661,2655,2660,2649
32,50,20,50,27,49,15,22,16,18,24,29,5,29,11,21,33,32,35,10,13,13,13,22,26,31,30,15,40,19,1002,1551,2067,2532,2940,3345,3748,3710,3739,3722,3713,3752,3731,3732,3736,3742,3743,3731,3736,3742
58,37,50,53,32,82,556,897,1163,1402,1652,1631,1646,1662,1639,1637,1635,1615,1651,1631,1642,1642,1644,1637,1658,1632,1666,1652,1666,1624,1613,1643,1656,1619,1663,1653,1642,1633,1659,1626,1627,1617,1636,1628,1632,1638,1622,1647,1648,1631
53,53,17,41,52,23,29,1031,1663,2214,2694,3133,3531,3556,3576,3568,3561,3563,3542,3566,3551,3554,3566,3561,3563,3555,3552,3560,3557,3567,3551,3572,3569,3556,3550,3561,3555,3569,3580,3545,3550,3542,3568,3550,3559,3548,3549,3551,3550,3555
41,43,32,35,34,69,45,41,29,36,51,43,45,29,55,43,30,37,29,22,46,55,37,36,36,57,32,1048,1645,2191,2650,3095,3101,3126,3097,3098,3099,3107,3112,3104,3117,3104,3102,3087,3110,3121,3095,3101,3080,3097
16,7,7,33,0,11,15,25,19,0,2,24,4,0,738,1158,1556,1900,2240,2495,2808,2822,2811,2799,2811,2806,2792,2801,2803,2774,2802,2823,2790,2801,2785,2786,2797,2800,2807,2797,2797,2809,2784,2790,2783,2795,2799,2784,2809,2781
56,53,54,47,65,61,47,49,45,49,36,39,57,49,47,65,57,59,39,55,63,32,80,61,24,33,48,52,48,81,48,50,34,507,778,1050,1242,1444,1651,1807,1999,2163,2327,2338,2314,2334,2321,2312,2340,2319
40,20,48,39,30,47,17,0,35,35,38,12,53,30,56,0,63,689,1070,1411,1696,1987,2234,2513,2754,2758,2725,2757,2758,2748,2750,2746,2758,2732,2752,2732,2740,2746,2757,2758,2743,2750,2755,2750,2741,2757,2747,2761,2757,2739
70,53,36,60,36,50,30,62,56,62,40,27,47,18,36,55,46,42,56,52,41,63,57,37,45,57,53,31,52,37,47,71,30,946,1487,1971,2405,2816,3170,3163,3167,3199,3172,3145,3153,3175,3169,3178,3161,3186
7,26,8,0,15,14,18,22,11,23,1,1,11,18,5,22,15,18,6,0,26,15,777,1243,1629,1994,2327,2313,2323,2297,2328,2329,2314,2321,2307,2326,2318,2323,2336,2326,2323,2323,2310,2318,2322,2315,2330,2303,2329,2301
25,21,17,16,14,29,11,20,5,26,27,20,20,1,18,2,514,791,1097,1268,1482,1705,1870,2056,2229,2407,2395,2396,2399,2392,2407,2412,2415,2411,2381,2407,2404,2394,2402,2401,2399,2405,2402,2410,2412,2414,2396,2408,2380,2419
56,76,52,54,39,71,48,27,56,567,875,1175,1442,1674,1877,2093,2274,2495,2462,2471,2479,2492,2481,2473,2479,2499,2490,2490,2456,2487,2489,2482,2481,2483,2476,2473,2474,2491,2495,2471,2493,2465,2476,2494,2491,2485,2467,2497,2472,2477
16,46,44,34,50,51,40,49,28,29,42,57,62,28,47,40,57,44,34,35,44,27,37,46,20,48,45,30,54,45,31,36,32,1110,1782,2326,2864,3334,3776,3780,3800,3777,3763,3781,3792,3797,3778,3791,3778,3791
80,46,51,45,56,61,51,39,44,69,52,41,38,55,60,46,60,36,45,66,542,853,1128,1375,1611,1804,2007,2207,2199,2204,2206,2198,2201,2193,2202,2201,2212,2188,2194,2212,2217,2196,2213,2184,2223,2234,2211,2222,2227,2209
21,2,27,36,21,32,24,35,46,32,37,32,16,12,18,36,34,39,389,631,806,1018,1170,1331,1488,1645,1639,1642,1617,1635,1624,1635,1640,1640,1625,1610,1631,1639,1652,1620,1638,1641,1624,1621,1647,1622,1610,1637,1621,1638
55,35,35,31,29,56,61,48,38,48,86,60,22,47,54,600,943,1257,1515,1755,2015,2227,2464,2647,2849,2871,2864,2876,2866,2845,2854,2851,2859,2854,2866,2850,2855,2877,2857,2844,2857,2849,2839,2870,2856,2866,2852,2844,2846,2863
66,52,53,59,62,55,61,48,49,61,59,59,38,61,60,49,42,51,64,58,26,59,55,41,53,49,369,545,712,883,1009,1132,1239,1375,1492,1601,1576,1613,1601,1627,1611,1626,1604,1597,1619,1578,1602,1612,1617,1616
47,37,40,47,59,62,35,32,58,41,1029,1702,2258,2728,3177,3596,3592,3610,3611,3609,3596,3595,3603,3595,3583,3612,3582,3601,3606,3604,3628,3611,3593,3605,3600,3590,3606,3599,3613,3588,3613,3608,3596,3604,3602,3595,3586,3628,3593,3588
46,53,26,54,59,55,43,45,67,49,59,65,58,28,54,49,44,61,63,43,59,38,60,55,71,39,54,53,68,62,40,51,42,72,58,667,1044,1387,1710,1951,2215,2462,2695,2922,3171,3159,3143,3154,3154,3172
44,51,55,65,35,57,54,63,49,71,75,73,52,68,47,69,55,58,66,48,41,63,30,56,52,53,34,52,57,28,53,46,73,65,70,370,593,764,907,1055,1157,1302,1399,1545,1548,1507,1526,1538,1545,1553
28,56,32,30,41,30,42,19,18,41,62,16,35,45,19,56,44,34,41,36,63,32,17,31,19,24,17,72,945,1479,1968,2403,2807,3179,3184,3176,3173,3170,3173,3169,3170,3167,3163,3170,3150,3149,3171,3157,3195,3165
40,48,59,47,76,44,31,56,17,42,68,51,59,39,59,53,43,53,50,45,541,826,1120,1342,1534,1753,1958,1973,1917,1959,1961,1971,1951,1948,1927,1953,1945,1939,1944,1967,1961,1942,1949,1942,1922,1954,1955,1943,1949,1937
60,47,55,40,42,39,39,52,35,78,41,34,49,45,51,40,660,1044,1353,1670,1954,2214,2449,2655,2903,2911,2889,2914,2898,2909,2904,2919,2907,2912,2908,2905,2894,2921,2923,2907,2895,2902,2891,2907,2904,2897,2886,2902,2896,2917
41,32,58,51,52,43,42,43,66,48,72,45,58,52,906,1449,1887,2305,2694,3060,3385,3410,3394,3387,3376,3401,3390,3387,3412,3416,3404,3400,3388,3375,3386,3396,3385,3414,3395,3407,3400,3376,3387,3397,3400,3363,3375,3407,3385,3392
4,28,15,25,18,28,20,5,31,29,30,25,31,33,31,7,2,42,31,27,24,21,15,20,16,23,24,1,27,1020,1612,2133,2602,3032,3460,3858,3842,3855,3853,3852,3849,3837,3859,3859,3853,3842,3849,3872,3866,3837
24,35,48,35,34,35,40,45,47,40,35,41,38,30,6,45,39,45,44,33,46,51,30,17,38,37,35,32,64,45,44,1060,1712,2234,2689,3165,3577,4014,3999,4017,3977,4008,3998,4007,3997,4006,4005,4000,4005,3993
57,48,45,50,32,50,46,62,29,36,70,42,67,43,46,41,40,44,46,38,71,47,37,38,48,69,43,977,1600,2120,2560,3005,2971,2995,2987,2998,2984,2997,2987,2970,2996,3011,3000,2992,2980,2975,2995,2998,2988,2987
47,42,62,43,44,67,55,54,57,44,51,60,53,43,46,60,36,64,62,53,33,53,64,60,39,28,48,57,66,27,33,69,58,45,33,633,1083,1418,1737,1987,2257,2515,2738,2709,2747,2731,2735,2741,2735,2774
5,29,36,24,28,26,22,4,14,18,15,21,62,32,20,29,29,13,24,15,27,14,16,28,33,15,25,11,22,36,907,1440,1911,2316,2721,2716,2735,2714,2720,2730,2742,2705,2716,2703,2721,2731,2710,2704,2715,2718
3,0,0,0,8,18,2,0,0,6,22,0,0,2,28,13,21,9,376,613,812,960,1152,1300,1448,1557,1595,1601,1586,1581,1601,1585,1584,1602,1595,1582,1599,1602,1586,1582,1612,1592,1602,1610,1610,1605,1610,1594,1609,1570
50,66,38,68,48,58,29,48,47,48,72,86,43,67,42,73,64,68,58,51,57,729,1131,1518,1841,2123,2414,2662,2929,2900,2900,2913,2919,2917,2930,2943,2911,2924,2912,2891,2923,2938,2910,2927,2902,2912,2912,2929,2929,2916
28,24,32,39,36,9,27,25,21,19,23,22,6,6,29,19,0,25,18,46,37,15,0,31,30,33,26,44,19,15,20,27,14,21,600,923,1235,1509,1750,1967,2238,2444,2664,2842,2857,2861,2847,2842,2845,2854
2,26,22,0,0,1,1177,1886,2481,3045,3550,3551,3564,3581,3546,3561,3565,3580,3563,3553,3571,3553,3550,3576,3553,3557,3562,3549,3553,3562,3560,3561,3563,3563,3572,3570,3563,3560,3556,3563,3551,3564,3568,3550,3548,3585,3556,3579,3558,3547
53,48,33,35,40,57,66,50,71,66,37,50,41,67,31,48,51,54,33,61,50,37,66,56,38,63,855,1338,1774,2164,2537,2865,3178,3450,3786,3773,3746,3764,3769,3786,3792,3782,3792,3777,3776,3781,3772,3752,3786,3767
44,48,44,53,51,40,23,43,42,37,56,42,51,28,50,692,1109,1473,1776,2081,2351,2612,2879,3098,3095,3077,3092,3088,3112,3119,3087,3090,3101,3088,3101,3108,3101,3091,3099,3123,3091,3118,3062,3115,3108,3087,3107,3096,3106,3088
11,23,6,22,25,24,24,32,14,10,18,29,31,1,10,12,19,27,36,36,0,12,18,23,14,4,22,44,26,1129,1836,2460,2979,3486,3958,3959,3948,3949,3951,3935,3977,3953,3957,3958,3950,3937,3951,3935,3961,3948
44,60,54,70,62,62,50,58,61,38,53,44,37,44,60,60,62,65,30,69,822,1295,1704,2065,2412,2745,3021,3311,3619,3869,3876,3878,3883,3897,3882,3900,3873,3897,3867,3866,3886,3900,3873,3906,3874,3893,3887,3877,3892,3884
3,4,5,32,31,3,21,9,21,3,5,3,1,17,563,918,1214,1464,1730,1983,2184,2208,2199,2190,2195,2200,2200,2202,2175,2216,2201,2194,2202,2186,2213,2207,2173,2190,2163,2189,2181,2203,2200,2201,2217,2219,2220,2203,2191,2199
50,42,24,26,22,32,42,19,24,37,38,5,41,18,65,31,581,910,1226,1489,1743,1720,1743,1728,1740,1739,1730,1727,1751,1746,1726,1720,1744,1736,1741,1743,1740,1739,1722,1737,1730,1726,1736,1747,1743,1740,1736,1725,1759,1744
32,40,73,28,56,39,32,57,665,1042,1362,1674,1948,2202,2438,2684,2889,3143,3101,3122,3116,3102,3132,3087,3104,3128,3130,3135,3114,3092,3119,3115,3083,3118,3129,3129,3112,3115,3144,3105,3115,3095,3128,3125,3115,3111,3125,3107,3107,3114
58,45,71,66,64,33,65,49,81,62,1013,1557,2032,2518,2916,3301,3677,4024,4023,4014,4008,4025,4009,4006,4033,4023,4025,4025,4013,4011,4012,4016,4022,4036,4011,4023,4016,4001,4019,4028,4033,4033,4040,4037,4028,4021,4001,4006,4044,4021
32,43,51,60,57,50,69,59,26,55,26,50,48,42,44,37,50,51,17,45,974,1602,2090,2548,2965,3359,3374,3352,3352,3341,3375,3365,3361,3347,3361,3360,3332,3349,3353,3362,3343,3369,3359,3369,3352,3347,3333,3350,3349,3362
55,13,35,33,52,48,35,43,67,65,48,55,58,39,21,36,48,55,32,53,39,35,54,44,32,42,16,50,42,35,46,56,55,709,1140,1483,1814,2114,2399,2383,2386,2384,2393,2381,2396,2400,2405,2382,2382,2388
45,35,61,44,78,49,58,40,62,63,51,56,29,70,57,64,49,62,64,68,76,54,46,60,54,59,52,572,907,1204,1423,1676,1887,2113,2324,2497,2493,2511,2516,2521,2497,2515,2511,2502,2493,2501,2502,2518,2502,2473
30,30,31,45,6,35,42,22,56,34,27,41,30,41,45,41,39,53,37,11,16,57,3,25,44,49,10,26,46,50,33,24,43,26,26,51,992,1618,2151,2636,3089,3456,3471,3502,3480,3470,3491,3492,3481,3486
29,22,20,2,12,7,33,0,16,17,12,12,27,3,0,20,0,3,17,24,0,348,553,705,909,1033,1159,1263,1413,1539,1644,1632,1662,1631,1660,1649,1623,1648,1632,1652,1647,1648,1654,1650,1665,1644,1637,1674,1659,1645
62,59,73,67,43,48,41,51,42,593,919,1234,1518,1730,1957,1965,1971,1958,1989,1989,1955,1967,1971,1951,1976,1972,1963,1999,1965,1970,1951,1971,1948,1969,1962,1976,1961,1966,1965,1955,1952,1968,1952,1979,1966,1939,1980,1981,1969,1961
55,59,63,55,58,68,45,43,57,47,69,46,36,64,71,42,60,42,43,58,39,68,58,59,37,54,68,49,41,35,57,49,497,820,1056,1284,1497,1707,1885,1878,1898,1860,1874,1888,1894,1888,1899,1899,1874,1885
14,28,13,0,0,15,6,10,11,15,42,7,14,12,21,21,23,16,0,9,9,0,12,4,33,24,306,496,652,831,949,1095,1194,1334,1446,1565,1567,1561,1545,1560,1554,1561,1556,1563,1561,1530,1534,1553,1556,1551
50,46,39,33,18,43,22,34,44,51,50,49,24,18,37,23,38,54,65,50,41,22,33,20,809,1266,1704,2064,2427,2780,3078,3359,3659,3657,3636,3680,3642,3648,3654,3652,3644,3645,3678,3643,3674,3646,3652,3652,3641,3644
37,54,55,92,62,42,62,72,75,37,60,84,78,64,59,371,549,718,890,1014,1159,1283,1400,1498,1529,1521,1516,1501,1514,1535,1510,1526,1524,1530,1528,1536,1525,1516,1532,1512,1508,1524,1510,1513,1496,1544,1505,1505,1500,1505
53,41,38,43,59,56,48,59,37,71,51,56,39,43,38,43,38,12,37,47,35,36,40,44,31,36,33,51,19,43,788,1263,1675,2076,2401,2712,3002,3296,3581,3838,3854,3876,3844,3851,3861,3854,3889,3841,3880,3877
18,25,28,36,36,10,403,639,845,1053,1223,1359,1553,1704,1830,1980,1971,1995,1969,1988,1985,1968,1971,1993,1972,1974,1993,1970,1969,1981,1980,1976,1971,1968,1985,1965,1982,1984,1980,1974,1998,1974,1947,1986,1984,1976,1971,1979,1996,1987
36,36,15,17,44,50,21,31,19,41,44,35,30,38,23,33,51,44,27,40,43,51,42,39,19,39,51,24,45,41,622,980,1290,1580,1849,2102,2305,2542,2759,2984,2991,2997,2972,2963,2985,2982,2978,3007,2970,2990
40,32,29,59,38,40,26,930,1498,1963,2381,2794,3159,3529,3847,3870,3867,3853,3856,3862,3874,3878,3844,3861,3877,3872,3862,3874,3870,3869,3869,3866,3848,3847,3889,3834,3867,3844,3852,3845,3874,3861,3866,3880,3858,3875,3857,3859,3872,3885
73,37,54,68,83,62,62,81,30,70,41,62,51,51,67,76,62,64,58,54,50,60,50,73,63,694,1098,1418,1750,2030,2284,2577,2794,3026,3244,3231,3261,3244,3259,3260,3265,3276,3266,3259,3241,3255,3250,3267,3261,3256
52,45,52,24,62,39,49,28,43,37,45,58,34,20,43,23,44,56,27,35,43,42,64,44,67,54,34,36,52,924,1475,1917,2359,2756,2759,2763,2764,2747,2760,2752,2766,2760,2761,2747,2743,2737,2738,2748,2746,2755
52,18,19,30,30,16,54,21,43,13,14,14,49,19,3,546,877,1176,1397,1665,1881,2094,2285,2483,2665,2668,2643,2648,2676,2661,2674,2648,2640,2666,2673,2670,2684,2668,2681,2650,2663,2663,2665,2661,2660,2658,2651,2676,2674,2670
62,48,45,61,64,61,65,45,63,94,58,56,47,66,48,48,55,63,18,87,37,54,54,77,50,53,56,40,65,49,635,1008,1296,1618,1826,2100,2330,2544,2550,2553,2561,2562,2566,2557,2534,2548,2525,2551,2544,2535
21,34,11,10,37,27,52,37,40,870,1407,1884,2282,2655,3024,3362,3691,3683,3703,3699,3678,3698,3688,3678,3673,3697,3694,3685,3698,3686,3694,3706,3706,3696,3680,3680,3687,3675,3682,3699,3694,3703,3693,3674,3701,3686,3690,3695,3689,3682
40,50,28,36,57,49,28,47,24,46,29,65,58,35,33,43,29,62,56,48,42,43,42,42,51,629,1044,1365,1662,1914,2158,2382,2629,2861,2850,2852,2873,2837,2859,2840,2860,2883,2865,2839,2853,2853,2875,2872,2849,2865
43,25,17,47,38,32,39,39,19,21,31,35,41,6,29,37,41,43,34,16,36,31,29,21,31,36,45,25,22,30,24,20,865,1363,1818,2214,2584,2929,3253,3262,3273,3237,3238,3269,3275,3248,3253,3251,3259,3251
29,31,2,37,29,25,47,27,32,12,4,30,22,9,26,23,0,10,16,26,15,1055,1720,2264,2759,3226,3653,3649,3672,3669,3660,3670,3662,3664,3678,3673,3663,3660,3650,3664,3661,3645,3666,3695,3661,3674,3667,3661,3695,3670
44,44,34,49,46,48,25,47,41,34,17,33,49,35,51,30,50,56,29,39,39,33,47,21,38,40,43,19,20,26,35,30,612,952,1267,1531,1770,1761,1772,1783,1783,1776,1770,1763,1761,1756,1772,1782,1764,1762
17,8,3,18,31,10,4,25,14,13,1,4,10,0,15,23,28,19,4,10,0,17,23,8,0,22,11,6,23,9,0,5,5,0,15,844,1326,1784,2167,2525,2867,3167,3177,3203,3191,3188,3207,3182,3173,3181
54,56,52,57,74,44,45,63,49,27,31,48,55,53,27,54,51,46,44,49,44,46,55,53,47,51,49,55,43,30,31,30,32,647,1028,1359,1643,1886,2154,2388,2373,2372,2392,2387,2396,2401,2392,2387,2381,2387
46,32,44,79,27,52,44,36,60,48,45,51,28,629,968,1302,1570,1860,2077,2296,2516,2741,2954,2938,2935,2947,2947,2940,2923,2954,2934,2951,2933,2931,2954,2958,2937,2962,2915,2912,2944,2936,2966,2943,2936,2945,2950,2945,2958,2958
3,25,6,12,39,9,38,28,19,35,42,24,17,22,24,26,19,23,15,25,21,30,18,29,15,17,14,5,35,24,33,365,609,786,1001,1113,1274,1414,1579,1566,1569,1555,1548,1559,1558,1575,1554,1548,1561,1557
58,55,52,63,58,40,49,41,22,72,48,59,47,74,60,63,62,42,60,63,57,46,53,30,49,49,57,61,53,50,33,46,43,391,629,823,976,1154,1293,1460,1582,1695,1843,1842,1820,1829,1808,1817,1828,1832
35,30,48,31,45,32,30,33,35,37,36,36,50,43,36,23,46,43,45,36,32,36,47,47,37,82,28,61,29,41,31,23,357,569,740,885,1027,1191,1286,1411,1541,1637,1650,1644,1646,1649,1650,1649,1679,1651
39,19,31,29,33,22,16,45,27,36,28,22,48,8,40,14,32,24,49,30,27,27,46,32,24,46,33,12,39,37,898,1413,1906,2294,2699,3048,3074,3066,3062,3062,3055,3045,3081,3047,3082,3050,3051,3060,3044,3069
45,0,18,23,24,9,15,32,11,16,4,14,7,8,21,22,0,12,35,23,0,16,20,20,9,22,3,4,17,21,7,8,492,774,1024,1246,1460,1664,1857,1859,1856,1882,1871,1863,1850,1865,1846,1869,1868,1852
27,30,28,36,17,21,25,22,39,39,26,18,30,48,31,36,39,33,48,16,41,49,54,22,20,35,23,34,13,22,938,1521,1986,2385,2824,3197,3556,3556,3564,3568,3580,3575,3554,3560,3552,3552,3554,3585,3569,3585
39,44,35,37,33,41,1181,1909,2493,3072,3578,3559,3554,3580,3571,3583,3578,3562,3557,3589,3583,3561,3599,3587,3583,3576,3577,3564,3581,3582,3580,3586,3572,3580,3575,3567,3572,3573,3577,3596,3575,3579,3593,3558,3581,3570,3571,3571,3577,3589
11,16,7,26,3,3,17,5,0,0,18,18,3,6,11,15,15,19,12,622,987,1281,1614,1873,2104,2359,2585,2795,2989,2996,3025,3026,3027,3017,3025,3013,3014,3004,3020,2996,3014,3011,3013,3033,3027,3028,3011,3009,3022,3014
33,63,81,38,70,32,49,64,61,34,47,26,9,51,34,52,58,59,48,34,73,54,62,562,920,1204,1468,1682,1920,2136,2148,2121,2141,2140,2131,2127,2143,2116,2145,2164,2136,2130,2115,2117,2145,2144,2146,2131,2149,2148
62,56,64,73,53,64,39,43,52,60,52,39,46,43,68,51,50,44,68,52,45,64,41,68,55,424,659,827,1031,1163,1312,1442,1591,1732,1742,1748,1740,1759,1760,1736,1743,1710,1734,1719,1750,1723,1722,1749,1716,1737
21,19,22,36,0,41,9,38,27,29,6,27,24,21,44,26,19,34,24,28,16,652,1023,1347,1663,1945,2192,2445,2683,2908,2888,2911,2890,2901,2879,2901,2891,2911,2904,2904,2876,2891,2900,2902,2906,2888,2899,2915,2906,2894
17,29,20,13,0,28,0,5,14,24,20,17,15,34,11,30,1,40,18,19,32,9,27,0,31,3,26,12,14,32,23,743,1150,1557,1886,2201,2501,2788,3060,3054,3062,3057,3063,3064,3056,3064,3045,3057,3062,3060
32,46,35,47,46,46,31,37,50,45,38,37,42,47,54,45,48,32,46,50,41,31,874,1405,1866,2263,2672,3013,3336,3358,3331,3356,3357,3340,3343,3352,3337,3348,3343,3354,3348,3376,3363,3348,3355,3356,3359,3333,3354,3360
44,49,73,26,55,31,57,52,38,47,65,37,35,53,53,47,51,72,68,47,34,47,56,57,54,46,47,63,61,31,53,573,902,1162,1421,1653,1857,2061,2062,2027,2055,2064,2053,2051,2068,2044,2063,2049,2028,2049
48,47,44,61,48,63,40,59,43,541,874,1116,1364,1603,1814,2015,2204,2398,2385,2398,2406,2400,2397,2397,2374,2419,2370,2383,2395,2402,2391,2396,2396,2388,2388,2379,2394,2386,2381,2381,2400,2386,2395,2390,2386,2376,2370,2400,2394,2398
49,28,49,36,39,52,1036,1619,2171,2625,3060,3092,3066,3076,3090,3090,3076,3078,3065,3085,3079,3094,3091,3105,3077,3099,3082,3070,3096,3088,3077,3080,3081,3098,3088,3066,3082,3065,3076,3079,3080,3064,3101,3092,3094,3090,3078,3094,3090,3052
43,26,21,38,18,44,33,37,42,29,40,1133,1803,2364,2895,3398,3833,3833,3803,3822,3876,3818,3836,3824,3836,3842,3831,3848,3837,3832,3832,3824,3823,3825,3840,3849,3828,3839,3849,3808,3842,3850,3845,3850,3845,3849,3829,3842,3828,3838
55,60,54,49,56,78,54,65,38,68,69,62,55,35,41,51,71,759,1161,1544,1865,2179,2470,2741,2753,2738,2737,2756,2732,2739,2759,2748,2724,2742,2741,2742,2728,2741,2743,2736,2757,2729,2739,2745,2748,2748,2747,2757,2736,2715
20,37,45,53,54,46,913,1465,1945,2351,2763,3153,3486,3471,3472,3475,3487,3466,3474,3477,3477,3477,3478,3487,3469,3478,3475,3472,3456,3479,3482,3482,3453,3471,3475,3498,3466,3467,3462,3477,3479,3476,3476,3481,3459,3475,3499,3487,3494,3480
57,31,49,39,45,58,33,26,52,35,63,43,52,42,35,24,58,45,35,32,22,42,25,56,31,37,34,52,28,38,862,1357,1795,2193,2562,2564,2560,2546,2554,2561,2549,2553,2548,2545,2564,2541,2547,2565,2543,2550
44,44,29,38,53,61,15,67,59,55,63,51,69,57,60,55,39,19,31,58,581,941,1201,1497,1718,1948,2148,2367,2561,2555,2578,2576,2565,2556,2578,2573,2559,2546,2569,2543,2566,2574,2579,2564,2572,2550,2568,2553,2558,2552
11,20,27,2,18,19,1098,1748,2330,2832,3328,3326,3286,3313,3309,3307,3288,3295,3321,3298,3311,3304,3293,3310,3299,3310,3301,3312,3312,3306,3302,3310,3301,3336,3294,3312,3307,3316,3284,3324,3339,3305,3292,3306,3316,3306,3288,3313,3309,3311
35,21,12,10,36,17,6,45,0,2,0,47,17,0,18,12,16,27,15,8,24,16,28,5,19,5,16,23,12,12,30,6,20,611,982,1317,1556,1841,2102,2348,2561,2798,3009,3006,3003,3014,3016,3031,2979,3010
33,45,43,26,53,41,25,19,28,51,42,49,45,54,16,30,47,32,774,1216,1599,1955,2268,2594,2888,3140,3413,3444,3425,3418,3447,3414,3448,3401,3438,3445,3393,3409,3417,3439,3417,3414,3439,3423,3391,3436,3415,3417,3420,3431
26,0,13,32,16,29,13,13,27,13,0,16,10,2,34,860,1364,1792,2227,2595,2579,2578,2590,2584,2599,2574,2597,2573,2604,2591,2592,2587,2579,2591,2596,2595,2579,2555,2582,2592,2598,2578,2584,2570,2587,2595,2592,2573,2580,2576
34,45,30,35,59,20,34,62,43,41,29,52,68,36,41,50,46,52,48,37,44,33,59,43,51,63,511,775,997,1248,1448,1620,1832,1805,1817,1816,1811,1817,1826,1822,1819,1814,1840,1826,1810,1809,1815,1813,1821,1808
45,60,24,53,59,70,24,58,57,36,33,78,52,867,1403,1816,2181,2583,2581,2584,2581,2587,2551,2558,2589,2556,2607,2572,2573,2573,2553,2581,2558,2580,2589,2582,2589,2566,2586,2574,2557,2576,2580,2583,2558,2565,2571,2588,2563,2582
86,54,32,54,32,54,56,63,43,63,57,44,44,37,47,33,56,62,50,45,80,442,680,884,1083,1267,1436,1588,1745,1749,1749,1738,1735,1731,1734,1736,1746,1732,1746,1720,1750,1749,1731,1747,1764,1739,1756,1730,1731,1753
39,66,38,30,50,26,27,28,16,29,45,35,13,38,50,44,850,1360,1772,2189,2561,2512,2550,2554,2549,2553,2556,2546,2572,2540,2547,2549,2565,2544,2551,2546,2548,2549,2548,2541,2555,2544,2527,2540,2543,2547,2552,2542,2549,2531
4,3,35,0,2,0,29,15,14,13,16,17,23,32,34,15,34,0,25,11,2,28,601,918,1238,1505,1752,1983,2229,2393,2409,2419,2444,2432,2429,2406,2429,2447,2425,2407,2422,2425,2431,2421,2429,2414,2432,2424,2428,2429
70,75,67,53,64,52,59,70,60,38,59,63,61,56,53,59,51,47,62,67,53,641,990,1302,1591,1852,1847,1847,1832,1863,1856,1849,1864,1842,1863,1862,1854,1844,1845,1844,1863,1849,1858,1861,1847,1837,1855,1856,1846,1836
30,0,0,25,12,17,22,19,15,570,876,1190,1434,1713,1915,1897,1905,1923,1900,1929,1916,1920,1900,1909,1926,1911,1890,1906,1911,1911,1898,1911,1920,1920,1892,1936,1919,1901,1919,1900,1917,1927,1930,1906,1906,1931,1939,1898,1934,1922
40,30,25,15,13,22,33,22,13,49,31,31,40,19,14,14,14,15,53,39,48,40,18,0,10,49,12,9,13,21,33,30,986,1594,2107,2590,3009,3424,3805,3807,3802,3829,3803,3796,3820,3815,3788,3798,3808,3811
42,24,56,38,45,35,33,39,39,35,24,55,25,37,31,35,29,48,31,37,963,1532,2024,2463,2842,3240,3610,3960,3963,3945,3937,3946,3942,3935,3966,3952,3959,3948,3931,3960,3950,3960,3957,3967,3944,3966,3962,3952,3942,3940
42,42,51,50,67,62,50,66,32,39,60,78,53,74,50,53,50,56,66,53,42,42,60,59,44,44,44,33,73,32,1058,1690,2246,2722,3187,3605,3621,3621,3607,3621,3624,3641,3620,3590,3604,3610,3641,3624,3616,3592
48,67,67,34,47,60,53,73,36,46,61,43,42,55,63,52,49,61,60,69,63,56,765,1178,1521,1858,2146,2454,2724,2991,3250,3481,3492,3485,3486,3503,3460,3501,3488,3504,3484,3477,3470,3480,3513,3509,3482,3496,3497,3458
47,34,34,26,28,17,27,43,42,21,32,27,38,42,52,20,26,29,39,36,47,31,29,45,42,45,32,16,11,41,951,1568,2099,2538,2935,3351,3312,3336,3315,3356,3351,3336,3347,3330,3350,3322,3334,3318,3340,3349
40,37,20,36,43,40,45,393,605,764,923,1054,1220,1358,1507,1616,1739,1719,1707,1723,1728,1723,1719,1738,1729,1742,1748,1729,1738,1727,1720,1737,1733,1741,1714,1727,1739,1701,1737,1715,1723,1724,1711,1697,1716,1718,1736,1727,1716,1707
36,68,36,38,48,42,32,44,67,30,26,38,32,35,647,1035,1362,1676,1930,2224,2457,2688,2693,2688,2689,2694,2702,2693,2697,2689,2671,2705,2717,2688,2680,2680,2694,2679,2671,2678,2684,2684,2711,2696,2696,2678,2691,2683,2711,2688
40,44,51,69,44,42,67,42,34,50,56,38,47,479,749,966,1165,1370,1541,1732,1864,2008,2200,2191,2185,2183,2206,2206,2172,2170,2197,2192,2191,2182,2177,2166,2204,2181,2185,2191,2191,2179,2175,2197,2186,2179,2187,2176,2180,2187
23,18,38,11,5,10,3,1223,1983,2626,3201,3768,3775,3762,3765,3767,3754,3756,3772,3770,3748,3758,3766,3745,3750,3769,3755,3763,3756,3758,3765,3746,3759,3749,3761,3748,3769,3754,3766,3752,3759,3752,3771,3759,3760,3756,3756,3770,3758,3772
11,11,19,29,38,40,26,0,35,18,12,22,20,25,18,18,9,31,24,18,25,10,28,28,33,29,18,19,39,26,35,8,17,965,1551,2054,2494,2911,2928,2925,2937,2928,2919,2909,2916,2925,2921,2914,2918,2927
46,54,49,53,65,33,45,43,47,34,37,38,37,41,64,41,28,37,44,14,55,48,52,37,52,44,40,55,36,42,765,1209,1608,1940,2289,2595,2891,3158,3410,3668,3674,3696,3657,3679,3677,3668,3655,3670,3664,3654
42,53,50,70,70,67,44,35,39,51,56,60,58,40,54,43,62,26,51,42,66,1122,1784,2383,2864,3358,3352,3399,3368,3370,3364,3376,3366,3385,3358,3364,3360,3345,3362,3353,3376,3374,3376,3349,3375,3344,3362,3360,3359,3361
36,52,62,74,42,69,820,1291,1709,2097,2414,2746,3053,3355,3634,3633,3637,3638,3632,3649,3641,3650,3634,3644,3637,3650,3644,3648,3617,3651,3649,3629,3634,3616,3635,3607,3625,3647,3639,3640,3627,3634,3660,3666,3648,3628,3644,3629,3629,3645
0,15,3,19,2,0,25,23,21,41,13,21,0,4,19,0,3,0,19,27,13,23,31,23,6,34,32,8,12,0,36,17,11,0,970,1539,2093,2518,2961,2940,2949,2958,2955,2968,2948,2971,2959,2983,2972,2950
47,48,33,35,46,58,42,47,52,76,67,52,50,40,18,39,47,47,815,1293,1717,2079,2425,2735,3037,3032,3051,3021,3044,3041,3041,3068,3027,3047,3026,3047,3052,3027,3054,3039,3025,3060,3055,3056,3049,3062,3063,3032,3050,3041
35,40,12,19,15,15,12,14,36,10,26,8,32,16,15,17,20,26,26,17,0,22,34,350,565,737,900,1038,1207,1313,1443,1572,1579,1575,1591,1579,1570,1562,1578,1574,1578,1596,1608,1566,1579,1571,1578,1587,1584,1552
38,45,56,37,50,52,41,53,53,46,17,47,52,58,33,70,54,60,35,33,16,40,49,33,63,50,43,55,42,64,20,32,32,34,37,59,1024,1636,2195,2643,3088,3506,3891,3881,3889,3883,3888,3895,3895,3889
40,32,41,61,43,43,28,60,652,1011,1309,1597,1859,2098,2316,2337,2358,2342,2346,2334,2359,2350,2318,2342,2334,2353,2343,2334,2357,2374,2360,2346,2338,2355,2361,2367,2344,2358,2357,2336,2343,2328,2348,2348,2335,2344,2327,2345,2347,2332
53,32,56,39,37,54,42,62,30,49,27,45,53,48,38,55,45,653,1043,1377,1665,1965,1950,1922,1961,1935,1942,1931,1934,1916,1939,1944,1922,1942,1930,1929,1930,1913,1934,1927,1933,1935,1945,1956,1935,1939,1927,1935,1952,1965
13,23,46,41,37,49,37,50,38,23,51,35,458,681,895,1084,1287,1421,1586,1743,1921,2026,2017,2028,2040,2025,2036,2013,2021,2016,2019,2019,2012,2019,2038,2026,2008,2035,2019,2030,2045,2023,2014,2041,2037,2018,2023,2044,2026,2043
37,31,9,1,20,1,36,0,41,15,33,17,25,6,0,11,3,0,7,3,21,12,9,6,660,1044,1377,1673,1946,2225,2474,2707,2950,3161,3160,3178,3185,3166,3181,3176,3176,3172,3169,3161,3158,3181,3163,3173,3173,3151
23,51,30,60,66,39,48,855,1383,1823,2200,2560,2927,2942,2962,2952,2911,2947,2932,2931,2922,2920,2912,2939,2944,2931,2935,2931,2916,2934,2927,2923,2926,2922,2920,2945,2941,2910,2915,2927,2938,2928,2930,2923,2930,2938,2923,2934,2926,2928
76,51,49,45,46,45,65,56,52,50,68,65,71,47,59,42,78,54,66,64,43,67,48,62,65,64,56,56,64,65,72,455,730,934,1087,1269,1464,1617,1606,1626,1610,1600,1591,1588,1613,1608,1605,1594,1588,1591
30,20,33,39,48,42,1,37,33,23,24,497,768,981,1182,1388,1585,1776,1931,2103,2255,2271,2258,2281,2259,2267,2257,2276,2285,2304,2287,2280,2281,2277,2243,2259,2260,2280,2253,2269,2264,2272,2270,2256,2283,2263,2261,2286,2264,2269
40,47,26,29,49,22,27,27,35,625,1010,1332,1614,1871,2143,2117,2136,2109,2119,2114,2124,2123,2120,2116,2115,2129,2128,2122,2117,2131,2135,2120,2145,2094,2132,2117,2112,2141,2125,2117,2130,2121,2119,2116,2140,2126,2124,2112,2117,2129
4,41,24,23,32,11,11,0,34,5,20,34,19,21,6,16,13,35,14,16,32,30,25,4,3,603,977,1291,1585,1847,2110,2358,2569,2766,3006,3008,3007,2991,3020,3013,2977,3003,2983,2991,3015,3020,2985,3005,2986,3017
35,49,35,44,20,29,42,60,34,51,35,33,20,18,28,17,74,14,51,31,35,38,44,40,44,15,15,48,34,51,46,14,39,27,62,727,1183,1580,1897,2238,2511,2772,3056,3304,3580,3569,3565,3579,3569,3584
26,43,49,41,34,28,37,14,28,37,6,44,22,33,44,33,29,31,20,21,26,27,18,27,19,35,590,936,1236,1503,1732,2013,2218,2448,2646,2841,2860,2840,2834,2833,2839,2819,2847,2849,2833,2853,2840,2826,2845,2823
41,39,28,11,13,25,20,25,10,26,35,12,22,16,18,4,12,21,25,23,0,20,27,12,39,35,16,14,505,804,1067,1299,1509,1702,1925,2085,2278,2438,2446,2434,2447,2474,2428,2420,2454,2447,2435,2450,2456,2435
24,34,13,15,9,22,22,0,11,0,30,6,0,18,1,1,0,11,18,25,18,12,0,2,31,12,19,11,19,28,24,535,891,1170,1405,1658,1875,2098,2296,2317,2286,2280,2309,2294,2293,2284,2299,2323,2275,2295
31,29,35,48,32,49,41,33,44,57,47,31,45,62,51,26,46,44,46,24,47,40,56,53,39,58,30,661,1043,1381,1664,1972,2228,2467,2710,2713,2699,2702,2691,2708,2701,2727,2698,2678,2684,2690,2702,2682,2701,2696
31,46,26,39,51,52,56,59,33,59,65,49,41,47,38,47,50,55,40,35,45,45,27,47,29,30,55,47,56,47,19,65,715,1175,1511,1840,2145,2414,2692,2949,2945,2961,2947,2948,2940,2945,2931,2961,2953,2965
44,14,27,24,27,30,34,38,43,8,18,45,45,17,33,19,21,43,32,13,21,26,37,25,642,1038,1362,1666,1935,2197,2444,2670,2688,2687,2672,2691,2701,2685,2682,2687,2685,2694,2672,2687,2683,2691,2706,2695,2682,2676
37,13,24,46,21,44,28,29,48,22,30,33,20,57,45,41,39,49,30,11,824,1305,1719,2102,2431,2762,3088,3375,3667,3964,3966,3923,3955,3944,3947,3946,3949,3960,3957,3936,3933,3948,3934,3959,3952,3930,3932,3947,3947,3956
52,52,57,77,74,64,50,64,59,40,59,51,65,63,66,38,60,61,59,69,49,38,55,55,471,754,991,1191,1365,1578,1566,1557,1578,1570,1576,1560,1583,1558,1567,1577,1549,1585,1571,1579,1558,1575,1585,1590,1580,1575
36,17,55,27,36,43,44,63,66,28,32,58,65,41,55,35,4,58,28,49,51,32,36,37,44,62,39,15,34,41,33,39,38,28,34,34,925,1460,1951,2378,2746,2772,2765,2769,2761,2779,2780,2770,2755,2761
22,1,11,1,34,12,0,0,8,7,27,18,9,25,29,25,6,0,15,764,1211,1626,1957,2274,2597,2890,3177,3443,3447,3442,3447,3435,3436,3435,3432,3446,3444,3451,3410,3444,3459,3418,3430,3424,3447,3452,3453,3411,3433,3437
52,61,30,65,46,58,48,64,59,53,49,54,47,66,41,49,50,70,62,54,39,61,63,40,47,635,1011,1323,1633,1866,2129,2346,2343,2350,2374,2361,2345,2340,2350,2355,2356,2358,2360,2377,2338,2351,2376,2371,2374,2349
18,20,28,20,23,39,27,22,12,23,24,7,32,34,31,7,44,2,20,26,9,25,47,44,19,27,35,38,22,34,17,6,0,11,16,11,519,783,1063,1289,1526,1708,1924,2093,2089,2089,2080,2100,2116,2098
11,28,20,50,11,16,19,50,35,19,43,12,28,7,30,20,34,35,22,36,33,31,35,29,22,37,19,34,32,1269,2039,2741,3314,3862,3883,3873,3856,3884,3898,3906,3872,3892,3906,3882,3888,3874,3880,3879,3876,3880
37,22,34,36,12,51,24,32,42,36,18,28,28,40,35,30,11,39,26,29,60,25,20,8,24,18,24,14,30,23,10,33,13,26,32,13,611,993,1309,1593,1863,2129,2354,2597,2785,3018,3034,3008,3022,2997
27,17,28,38,39,24,24,0,22,53,50,54,50,43,29,31,27,35,24,48,48,28,20,26,22,37,29,21,37,875,1424,1877,2294,2679,3043,3045,3064,3028,3035,3047,3050,3047,3042,3030,3064,3039,3054,3022,3012,3052
3,7,12,29,15,16,31,11,2,16,763,1182,1588,1962,2279,2589,2886,3162,3174,3149,3144,3160,3165,3141,3160,3152,3154,3164,3174,3142,3142,3170,3131,3146,3155,3157,3146,3164,3138,3150,3137,3151,3152,3143,3136,3170,3147,3139,3158,3152
51,49,26,33,44,38,46,63,36,49,51,23,41,57,36,37,38,35,14,486,743,989,1217,1372,1589,1756,1916,2095,2106,2086,2066,2085,2078,2080,2069,2077,2056,2059,2074,2100,2056,2079,2073,2083,2074,2065,2074,2064,2078,2095
20,21,6,0,18,0,10,2,21,23,22,13,0,16,25,9,2,19,25,20,16,29,0,20,28,9,13,15,13,16,10,6,714,1149,1510,1859,2166,2475,2739,3003,3290,3254,3273,3270,3273,3261,3243,3285,3284,3269
32,29,36,46,20,53,41,59,27,28,37,44,57,27,38,41,48,51,30,35,26,26,28,47,38,52,36,37,33,46,51,38,25,946,1508,1986,2403,2807,2799,2806,2817,2796,2798,2789,2791,2809,2798,2782,2811,2796
52,60,65,64,46,73,55,624,960,1253,1527,1797,2007,2250,2444,2657,2864,2844,2864,2864,2854,2859,2892,2855,2865,2861,2856,2876,2869,2837,2877,2884,2862,2869,2875,2871,2841,2861,2859,2860,2858,2854,2868,2865,2862,2868,2850,2857,2875,2861
43,36,48,44,42,39,34,26,18,48,70,30,51,64,23,50,35,42,38,47,41,54,38,24,53,36,51,507,748,1006,1197,1410,1590,1561,1578,1597,1599,1592,1610,1601,1605,1598,1572,1587,1583,1595,1595,1578,1580,1600
62,75,56,49,58,53,51,55,67,54,63,60,66,51,32,58,55,56,60,50,70,71,52,47,62,52,49,82,59,54,48,47,33,38,54,946,1531,1973,2402,2795,3169,3514,3503,3517,3513,3534,3521,3531,3520,3492
30,47,40,45,44,25,53,31,36,30,37,29,51,52,45,37,34,41,43,30,52,29,19,47,27,32,16,40,15,18,33,46,856,1365,1792,2197,2561,2922,3244,3234,3245,3267,3232,3271,3243,3251,3236,3239,3244,3226
36,57,29,34,48,57,42,36,41,45,26,48,39,38,37,57,21,41,44,53,521,790,1040,1244,1441,1646,1831,2008,2002,2017,1994,2003,1990,2000,2016,2014,2006,2028,2002,1988,1996,2001,2008,1987,2001,2008,1992,2014,1987,2011
29,5,28,35,24,5,36,48,27,35,23,18,30,55,44,47,18,31,23,10,38,17,64,25,32,16,27,36,22,53,18,5,29,840,1343,1787,2134,2545,2873,3214,3536,3837,3829,3819,3829,3821,3839,3815,3840,3838
76,45,51,61,63,73,68,56,80,21,53,54,65,59,43,77,38,76,56,67,53,54,57,54,69,66,70,42,681,1051,1396,1675,1954,1979,1975,1972,1987,1951,1971,1956,1967,1984,1942,1971,1969,1965,1957,1972,1945,1972
28,0,12,26,35,12,7,22,0,22,31,5,11,20,36,26,0,18,6,393,617,843,1028,1181,1347,1506,1645,1653,1640,1655,1662,1661,1652,1652,1637,1635,1648,1661,1660,1644,1643,1650,1626,1639,1646,1655,1639,1656,1614,1648
17,38,4,20,33,0,23,19,16,22,4,37,28,47,23,29,18,10,21,22,15,25,17,21,28,28,25,6,17,43,594,979,1269,1578,1800,2065,2272,2502,2713,2748,2725,2720,2696,2731,2708,2715,2735,2726,2746,2705
0,17,0,0,4,9,16,35,30,9,52,0,19,33,10,35,10,851,1389,1863,2284,2659,2998,3359,3359,3347,3359,3348,3338,3345,3346,3320,3329,3347,3347,3353,3349,3355,3343,3375,3351,3369,3336,3340,3361,3358,3353,3351,3345,3346
33,36,69,23,48,44,47,56,49,66,28,46,30,45,63,38,30,43,18,551,854,1119,1373,1600,1804,1990,2184,2213,2178,2208,2203,2193,2202,2189,2214,2200,2173,2197,2184,2208,2189,2199,2189,2187,2201,2185,2176,2186,2182,2213
31,49,35,42,56,50,63,46,847,1322,1738,2139,2471,2824,3113,3413,3701,3720,3711,3698,3692,3719,3702,3710,3692,3722,3723,3718,3716,3716,3727,3714,3722,3710,3712,3708,3739,3699,3716,3718,3701,3705,3719,3726,3728,3747,3717,3703,3705,3737
32,31,30,19,28,19,30,30,43,13,9,27,23,27,31,16,18,26,49,32,21,17,21,24,39,7,63,29,24,30,39,39,40,39,728,1176,1550,1898,2239,2540,2807,3104,3370,3617,3628,3616,3634,3593,3611,3631
26,35,35,16,18,14,24,14,16,23,34,25,15,16,10,23,36,28,35,1176,1860,2489,3029,3532,3511,3529,3503,3491,3518,3510,3531,3498,3530,3549,3506,3522,3515,3516,3517,3505,3500,3513,3531,3484,3521,3503,3501,3520,3509,3514
28,17,32,26,21,48,37,574,874,1171,1384,1635,1862,1835,1856,1849,1863,1840,1874,1849,1842,1841,1843,1843,1863,1856,1854,1862,1858,1861,1846,1855,1847,1861,1833,1835,1849,1849,1846,1851,1858,1858,1853,1857,1845,1852,1853,1827,1865,1835
19,39,22,29,26,33,13,24,28,32,6,21,33,2,21,55,31,667,1089,1423,1734,2023,2302,2557,2806,3013,3268,3273,3266,3271,3254,3253,3276,3263,3273,3280,3259,3264,3271,3266,3294,3278,3266,3269,3277,3266,3273,3269,3256,3283
49,30,39,46,30,9,59,54,33,59,30,41,50,59,32,23,32,40,39,44,47,1084,1714,2287,2751,3222,3689,3675,3667,3673,3668,3668,3681,3676,3670,3646,3678,3663,3663,3666,3659,3677,3678,3638,3664,3681,3664,3678,3667,3666
46,34,53,55,55,40,37,896,1440,1899,2310,2682,3051,3395,3731,3730,3709,3697,3729,3728,3732,3728,3730,3731,3729,3724,3742,3729,3746,3717,3714,3721,3729,3759,3713,3728,3719,3729,3710,3740,3714,3757,3715,3732,3716,3728,3731,3716,3725,3734
27,51,27,55,26,58,53,54,27,49,41,39,43,57,410,629,821,1022,1187,1361,1484,1623,1603,1611,1627,1626,1587,1608,1611,1618,1619,1619,1621,1618,1636,1618,1610,1606,1641,1604,1619,1604,1627,1606,1627,1618,1608,1649,1622,1608
37,61,53,46,56,65,51,61,35,61,61,51,44,990,1582,2080,2528,2933,3295,3307,3305,3328,3316,3316,3316,3337,3328,3328,3316,3285,3318,3331,3345,3326,3337,3316,3335,3325,3328,3340,3301,3321,3297,3323,3314,3339,3341,3321,3316,3317
33,42,30,30,42,5,33,29,2,28,12,27,43,30,40,40,579,884,1172,1434,1670,1891,1876,1891,1883,1892,1851,1872,1890,1876,1906,1892,1886,1878,1887,1888,1886,1872,1913,1873,1873,1885,1875,1869,1881,1881,1908,1896,1874,1884
10,46,64,16,42,29,26,35,40,17,22,14,41,24,29,49,32,35,32,28,6,15,40,46,50,41,17,21,67,33,1034,1667,2187,2658,3110,3535,3527,3533,3532,3547,3519,3524,3542,3513,3552,3534,3515,3538,3541,3541
52,51,62,25,64,49,12,33,51,48,44,49,21,36,56,43,712,1084,1464,1769,2061,2352,2608,2855,3110,3346,3353,3339,3346,3309,3344,3337,3309,3336,3326,3324,3337,3318,3329,3327,3332,3346,3347,3349,3330,3334,3328,3351,3333,3357
44,62,31,76,64,46,26,56,75,64,47,53,59,41,74,60,41,58,55,68,993,1557,2063,2488,2946,2925,2907,2942,2908,2910,2910,2923,2924,2919,2939,2915,2929,2950,2916,2922,2926,2924,2933,2904,2910,2929,2926,2930,2929,2911
44,50,51,32,52,22,46,26,41,57,37,21,41,51,46,37,35,51,33,64,40,41,51,2,43,47,24,51,31,36,35,21,38,43,47,440,664,867,1062,1237,1392,1556,1703,1838,2000,1961,1991,1991,1982,1994
32,26,29,38,31,13,16,34,14,23,16,28,17,3,22,21,16,21,800,1285,1688,2033,2368,2715,3012,3295,3603,3877,3836,3864,3841,3844,3857,3858,3845,3836,3879,3862,3851,3863,3875,3851,3886,3859,3852,3846,3846,3850,3859,3847
62,48,69,64,77,34,70,44,57,55,58,90,57,58,49,62,49,64,52,59,64,81,682,1075,1395,1690,1974,2229,2494,2747,2708,2718,2699,2732,2729,2743,2708,2690,2713,2705,2708,2731,2723,2724,2717,2710,2735,2721,2737,2715
36,28,34,33,47,9,42,43,42,20,19,16,31,19,41,668,1088,1411,1736,1990,2284,2550,2552,2542,2554,2526,2539,2514,2559,2542,2539,2556,2529,2539,2526,2536,2529,2541,2540,2523,2538,2552,2578,2542,2528,2554,2536,2534,2533,2514
32,5,5,11,48,15,23,33,46,26,36,25,19,41,8,43,1105,1773,2325,2832,3333,3758,3769,3755,3774,3763,3776,3743,3779,3757,3751,3783,3771,3769,3761,3747,3745,3765,3781,3756,3749,3765,3785,3776,3788,3768,3769,3766,3775,3780
19,0,6,12,16,8,8,13,0,11,25,32,0,7,7,17,10,8,18,17,26,3,6,10,23,35,10,0,7,0,24,0,0,18,0,606,1003,1326,1606,1886,2119,2360,2602,2810,2820,2825,2849,2815,2818,2818
24,34,49,27,38,43,19,15,26,19,54,46,38,28,38,27,40,21,24,28,18,29,18,43,28,25,41,33,31,41,29,23,31,24,52,374,577,764,966,1128,1262,1390,1517,1660,1760,1783,1783,1767,1786,1771
52,37,27,48,28,37,501,779,1063,1279,1470,1679,1885,2046,2214,2201,2221,2226,2215,2212,2213,2192,2190,2218,2237,2210,2224,2207,2232,2223,2221,2216,2233,2208,2205,2228,2213,2204,2191,2235,2231,2215,2200,2188,2208,2220,2210,2191,2209,2220
59,47,47,72,57,56,69,78,66,30,51,42,37,14,77,63,48,50,47,51,61,55,57,46,53,604,956,1281,1522,1776,2041,2263,2234,2223,2246,2237,2278,2241,2258,2234,2233,2228,2239,2245,2229,2237,2238,2235,2237,2228
14,36,40,32,22,20,27,30,8,26,30,45,10,28,10,30,30,34,4,19,29,4,33,20,16,31,45,26,541,845,1138,1391,1617,1826,2010,2251,2411,2610,2611,2617,2619,2588,2604,2590,2603,2587,2615,2613,2601,2597
40,50,36,62,43,59,39,54,32,51,48,50,29,39,54,60,53,27,1058,1669,2192,2703,3127,3543,3948,3952,3963,3941,3952,3954,3972,3977,3939,3949,3948,3939,3969,3952,3963,3953,3932,3957,3945,3964,3948,3953,3970,3960,3955,3971
27,43,0,0,23,30,10,29,10,18,24,14,20,34,33,24,22,25,18,16,10,21,25,13,39,2,17,18,19,23,16,24,16,26,391,656,800,988,1163,1290,1452,1598,1737,1751,1756,1723,1728,1750,1748,1761
37,58,37,52,48,49,30,54,40,46,16,57,50,34,52,39,47,48,50,1138,1825,2439,2976,3459,3466,3467,3460,3467,3447,3446,3468,3432,3462,3449,3458,3452,3460,3451,3466,3445,3437,3462,3442,3467,3453,3456,3454,3445,3477,3444
25,26,50,44,41,12,49,27,32,49,22,32,55,36,36,28,14,46,31,59,54,43,31,32,54,47,42,25,637,967,1296,1595,1841,2086,2321,2543,2756,2760,2745,2752,2776,2754,2780,2773,2751,2783,2743,2756,2778,2764
34,64,52,44,50,59,43,62,45,54,50,38,70,29,50,40,21,29,71,44,42,58,48,47,705,1096,1478,1762,2049,2070,2071,2089,2057,2062,2056,2077,2051,2058,2067,2073,2070,2080,2069,2036,2071,2060,2049,2083,2075,2075
47,21,32,16,25,32,47,34,38,40,38,7,31,37,24,55,50,30,33,44,41,29,47,17,12,35,26,19,10,642,957,1323,1631,1905,1912,1908,1914,1910,1880,1899,1902,1912,1888,1908,1895,1908,1892,1901,1917,1875
13,23,31,36,17,12,14,18,11,18,13,10,11,28,23,30,31,34,20,17,22,17,46,34,19,33,23,27,30,35,22,21,857,1387,1814,2222,2596,2953,3279,3610,3891,3914,3919,3917,3919,3923,3928,3904,3915,3922
55,60,57,60,27,65,40,51,29,68,36,32,52,45,52,62,53,45,59,51,33,45,42,81,50,50,65,47,764,1194,1574,1918,2221,2525,2501,2525,2534,2517,2523,2516,2534,2514,2525,2520,2535,2527,2525,2511,2531,2544
0,9,28,5,19,30,33,15,0,3,356,547,743,892,1048,1210,1307,1437,1574,1576,1571,1564,1579,1579,1577,1562,1549,1557,1581,1571,1560,1562,1572,1559,1558,1573,1572,1559,1583,1570,1570,1586,1551,1571,1558,1569,1569,1588,1566,1568
6,14,23,4,8,7,17,18,27,20,16,13,12,14,26,21,13,23,7,21,0,11,9,27,30,2,0,45,4,32,0,2,435,662,855,1061,1250,1402,1573,1713,1888,2021,2003,2019,2022,2005,2022,2010,1993,2019
13,38,10,34,27,40,31,16,39,20,27,40,44,30,25,32,14,42,33,35,15,7,38,32,53,24,47,20,1079,1717,2264,2778,3227,3667,3663,3689,3675,3674,3680,3656,3666,3649,3675,3681,3684,3668,3659,3659,3675,3666
62,75,59,68,44,64,44,44,48,73,36,68,35,41,1066,1661,2184,2678,3123,3536,3932,3931,3934,3946,3930,3895,3927,3924,3935,3913,3937,3927,3935,3927,3946,3924,3923,3909,3947,3918,3945,3915,3949,3922,3930,3943,3930,3933,3933,3939
24,36,46,37,49,44,37,56,40,44,45,36,48,38,44,33,663,1052,1348,1677,1951,2195,2455,2684,2697,2701,2690,2697,2676,2706,2680,2672,2673,2671,2689,2696,2709,2680,2693,2679,2691,2688,2681,2678,2692,2660,2696,2695,2677,2676
29,26,21,11,0,50,5,10,3,13,30,5,0,20,9,0,9,25,4,0,0,15,11,912,1486,1937,2377,2758,3128,3144,3147,3168,3145,3171,3147,3149,3163,3137,3170,3146,3139,3130,3147,3141,3146,3138,3156,3135,3111,3148
8,22,22,33,1,12,35,10,10,9,868,1415,1856,2281,2662,3007,3349,3349,3360,3373,3372,3360,3350,3341,3345,3369,3348,3361,3362,3359,3353,3362,3365,3380,3363,3352,3372,3357,3359,3351,3349,3351,3365,3351,3346,3348,3353,3360,3355,3358
33,50,23,45,53,53,54,64,551,882,1157,1402,1643,1846,1842,1863,1855,1870,1869,1856,1880,1858,1866,1860,1869,1879,1858,1862,1854,1879,1861,1864,1870,1861,1878,1874,1866,1861,1849,1856,1863,1880,1849,1891,1859,1864,1874,1843,1868,1871
24,26,23,39,21,12,37,29,47,16,32,31,375,608,792,915,1111,1247,1404,1530,1499,1537,1536,1529,1519,1529,1522,1512,1497,1540,1501,1526,1522,1510,1516,1530,1507,1533,1523,1510,1541,1530,1521,1512,1511,1514,1516,1524,1524,1520
57,41,17,14,34,29,27,37,38,44,44,40,47,17,21,902,1414,1883,2304,2681,3032,3374,3709,3703,3725,3712,3719,3694,3733,3702,3701,3683,3694,3712,3729,3713,3703,3681,3710,3716,3689,3704,3715,3717,3693,3702,3719,3691,3681,3709
33,18,25,35,27,14,35,17,17,16,21,36,48,28,42,36,39,11,37,32,15,49,17,26,22,38,8,33,24,27,40,28,37,26,38,868,1378,1820,2206,2591,2947,3313,3599,3614,3612,3598,3639,3629,3615,3615
10,26,11,23,11,14,18,743,1176,1564,1883,2206,2507,2494,2528,2514,2514,2506,2495,2516,2521,2534,2514,2524,2530,2508,2524,2516,2526,2533,2510,2523,2522,2540,2523,2523,2508,2511,2528,2522,2516,2526,2521,2515,2522,2523,2511,2527,2503,2508
34,45,46,43,64,49,51,55,54,48,41,40,46,47,59,58,77,56,59,64,31,62,51,23,68,54,53,38,50,48,58,28,50,43,37,23,379,625,819,968,1133,1268,1396,1559,1685,1689,1686,1711,1694,1683
41,37,48,47,47,50,56,49,35,45,37,52,31,647,1018,1313,1600,1867,2124,2125,2117,2120,2110,2103,2121,2095,2109,2120,2102,2101,2122,2100,2137,2110,2103,2111,2129,2110,2131,2108,2104,2097,2113,2104,2126,2110,2087,2100,2096,2101
14,22,21,18,17,0,14,6,11,17,20,12,4,9,16,0,26,2,28,19,35,2,8,22,12,14,15,0,15,0,35,17,18,582,914,1207,1462,1706,1934,2153,2148,2179,2181,2163,2157,2147,2161,2150,2157,2153
45,69,51,26,46,43,48,43,37,42,51,48,21,43,37,44,53,460,761,1010,1199,1418,1565,1602,1592,1590,1578,1580,1579,1587,1575,1578,1572,1588,1589,1595,1588,1594,1592,1570,1571,1573,1606,1569,1575,1572,1564,1598,1585,1581
15,0,6,24,37,3,25,21,36,0,24,27,24,0,9,12,34,28,0,6,13,10,20,16,18,37,11,4,31,11,754,1205,1606,1961,2279,2597,2855,3162,3433,3460,3462,3431,3445,3427,3430,3419,3415,3445,3423,3425
72,55,18,45,43,36,3,33,28,24,21,39,39,50,45,25,0,55,30,38,55,26,42,38,40,43,22,33,28,41,49,53,23,44,43,47,803,1264,1663,2033,2361,2659,2967,3275,3266,3254,3246,3258,3251,3265
21,38,14,52,48,52,25,69,44,45,32,34,27,42,28,42,45,47,44,54,45,46,51,957,1509,1980,2415,2835,3220,3194,3197,3209,3184,3221,3184,3192,3192,3187,3228,3202,3227,3211,3217,3196,3217,3231,3190,3219,3197,3229
30,76,65,59,64,68,46,75,54,70,48,62,65,70,55,45,62,46,49,51,57,74,66,34,71,39,56,1055,1662,2195,2623,3064,3075,3081,3043,3072,3080,3094,3077,3090,3098,3080,3097,3107,3094,3076,3060,3088,3105,3096
21,47,52,39,60,46,44,61,38,40,33,45,70,42,72,36,75,47,50,64,42,38,57,787,1221,1623,1940,2280,2554,2856,3136,3121,3122,3148,3128,3126,3136,3128,3126,3133,3136,3136,3109,3126,3120,3128,3106,3126,3129,3145
55,40,41,35,40,44,59,670,1041,1365,1692,1943,2215,2422,2451,2456,2446,2445,2463,2455,2438,2458,2447,2454,2453,2477,2454,2451,2437,2448,2449,2449,2425,2442,2452,2480,2449,2445,2452,2435,2444,2454,2433,2454,2437,2457,2446,2443,2427,2451
46,64,42,61,63,60,51,59,53,32,68,62,57,794,1285,1701,2039,2389,2700,2989,3301,3590,3835,3857,3840,3826,3874,3861,3848,3842,3842,3847,3842,3847,3840,3846,3851,3837,3827,3836,3840,3846,3840,3831,3833,3844,3843,3857,3826,3824
20,0,22,11,22,7,530,838,1134,1386,1631,1829,2036,2027,2035,2029,2024,2021,2051,2013,2026,2026,2023,2022,2028,2031,2027,2039,2030,2006,2035,2037,2015,2022,2032,2031,2033,2026,2045,2039,2045,2043,2029,2035,2019,2032,2040,2030,2037,2031
44,50,48,39,44,26,32,60,23,45,34,52,53,40,21,47,666,1086,1410,1679,1982,2229,2483,2494,2524,2517,2474,2498,2486,2504,2484,2491,2508,2498,2495,2495,2486,2510,2498,2499,2492,2512,2503,2474,2495,2468,2471,2481,2516,2509
30,20,31,36,45,23,0,23,34,27,25,22,0,12,13,44,22,34,33,906,1479,1918,2330,2727,3092,3083,3066,3114,3076,3103,3073,3094,3075,3074,3089,3092,3089,3090,3116,3069,3072,3088,3094,3110,3088,3107,3084,3095,3102,3093
37,33,41,40,26,46,650,1063,1385,1691,1995,2240,2490,2731,2969,2977,2969,2982,2983,2997,2971,2971,2976,2982,2968,2983,2984,2995,2966,2983,2969,2972,2966,2973,2962,2981,2970,2972,2986,2971,2976,2955,2991,2974,2962,2965,2979,3010,2987,2993
3,32,23,36,50,39,17,715,1104,1455,1802,2077,2363,2369,2393,2387,2357,2371,2350,2380,2385,2366,2389,2368,2353,2376,2373,2380,2376,2384,2390,2365,2374,2387,2379,2388,2376,2376,2372,2365,2380,2357,2364,2380,2377,2365,2397,2365,2367,2371
38,74,62,54,53,48,74,48,40,21,48,57,46,55,45,58,65,49,71,73,51,61,42,54,60,42,70,60,48,52,46,45,74,58,609,933,1213,1468,1724,1940,1917,1916,1930,1931,1919,1904,1927,1921,1931,1930
51,50,64,41,60,63,65,42,31,769,1206,1575,1895,2249,2548,2827,3067,3364,3339,3366,3332,3365,3355,3331,3338,3364,3350,3366,3337,3351,3363,3345,3350,3357,3354,3341,3367,3343,3370,3340,3353,3377,3344,3345,3343,3367,3355,3358,3343,3366
64,41,42,39,73,35,60,55,57,67,740,1164,1552,1898,2195,2490,2755,3027,3279,3286,3286,3252,3276,3281,3281,3283,3272,3269,3279,3260,3296,3268,3292,3253,3290,3268,3276,3278,3273,3278,3271,3282,3277,3279,3266,3273,3275,3247,3280,3298
9,29,29,33,39,44,21,25,48,17,390,600,815,1006,1160,1309,1449,1603,1727,1715,1730,1734,1736,1712,1724,1717,1712,1727,1724,1725,1710,1714,1737,1723,1719,1729,1729,1718,1737,1727,1726,1724,1727,1720,1720,1732,1758,1713,1725,1714
54,58,53,68,41,56,65,55,31,58,62,72,11,65,53,68,51,919,1448,1926,2323,2723,3096,3084,3068,3086,3069,3083,3088,3091,3086,3050,3083,3080,3081,3062,3063,3082,3096,3089,3085,3089,3061,3075,3098,3089,3063,3073,3080,3088
53,58,44,65,44,42,61,48,47,48,66,55,519,810,1055,1277,1505,1697,1862,2048,2210,2362,2383,2398,2386,2369,2399,2384,2379,2384,2368,2383,2358,2393,2392,2377,2365,2377,2369,2390,2383,2381,2398,2380,2388,2403,2399,2384,2362,2387
41,42,49,57,67,38,22,44,13,38,49,61,25,56,65,45,959,1534,1999,2449,2856,2858,2838,2866,2853,2856,2863,2870,2857,2859,2866,2885,2871,2860,2833,2859,2841,2855,2865,2868,2870,2864,2876,2862,2875,2870,2854,2862,2857,2877
38,25,3,25,3,21,18,25,14,32,12,13,27,13,33,12,10,12,14,784,1261,1659,2004,2339,2673,2991,2950,2973,2974,2981,2988,2960,2971,2965,2961,2969,2964,2942,2970,2965,2980,2965,2985,2977,2976,2947,2956,2982,2972,2968
21,42,30,43,32,40,30,51,26,31,28,29,22,26,40,27,34,71,575,885,1168,1451,1674,1920,2129,2325,2536,2720,2719,2710,2700,2711,2722,2715,2702,2715,2709,2724,2707,2730,2719,2699,2688,2728,2720,2718,2727,2709,2713,2729
66,69,63,66,69,48,82,43,68,934,1497,1994,2401,2839,3209,3554,3883,3893,3875,3875,3894,3868,3886,3893,3885,3910,3897,3906,3884,3897,3915,3897,3891,3877,3870,3898,3863,3897,3890,3869,3875,3899,3895,3898,3901,3880,3909,3874,3900,3888
44,41,57,40,28,61,76,31,44,49,80,52,51,54,41,46,28,62,57,41,45,52,47,56,57,51,56,43,60,56,56,57,46,49,33,52,821,1309,1750,2131,2475,2798,2794,2800,2813,2799,2809,2821,2797,2808
44,66,60,62,54,66,43,58,54,493,767,1023,1226,1422,1606,1790,1951,2115,2268,2263,2252,2268,2270,2276,2287,2287,2255,2267,2257,2268,2263,2272,2266,2282,2260,2249,2244,2254,2296,2247,2264,2240,2302,2242,2262,2272,2291,2278,2285,2251
32,32,39,47,43,49,34,53,63,62,19,37,47,54,40,367,539,691,845,1001,1108,1239,1377,1469,1561,1599,1557,1589,1578,1587,1589,1577,1580,1585,1589,1585,1590,1573,1595,1567,1595,1568,1581,1588,1600,1575,1579,1577,1584,1577
13,23,21,37,22,20,18,44,38,52,31,33,17,31,26,17,26,49,27,9,41,18,28,31,7,555,878,1197,1432,1642,1900,2098,2303,2286,2292,2292,2270,2296,2299,2293,2311,2291,2278,2328,2307,2306,2290,2288,2299,2299
33,35,43,49,68,28,53,977,1589,2043,2507,2919,3310,3309,3298,3291,3293,3296,3291,3301,3295,3295,3286,3282,3297,3286,3288,3298,3301,3292,3344,3299,3308,3296,3299,3330,3292,3315,3317,3283,3301,3311,3318,3311,3304,3283,3305,3301,3299,3307
69,30,34,48,54,54,49,46,65,52,35,65,63,32,37,43,49,49,45,60,31,68,34,31,58,60,29,47,36,66,49,36,59,43,42,906,1488,1960,2382,2786,3157,3139,3159,3146,3141,3143,3164,3155,3132,3136
46,55,60,55,59,34,71,48,42,49,50,55,51,38,54,40,77,51,51,56,78,38,59,54,43,60,66,55,44,69,53,53,54,48,888,1406,1860,2261,2666,3001,3330,3339,3344,3334,3347,3329,3342,3355,3338,3336
50,67,43,52,60,48,68,70,73,45,81,52,79,48,51,59,51,50,68,59,45,589,926,1211,1432,1693,1927,2142,2351,2333,2351,2339,2342,2348,2341,2331,2341,2363,2334,2367,2323,2332,2359,2332,2336,2336,2329,2348,2333,2330
17,0,29,28,19,13,8,29,11,44,17,8,23,18,17,28,0,0,10,30,8,22,26,25,27,1127,1778,2366,2896,3405,3360,3361,3398,3384,3385,3369,3362,3399,3385,3382,3405,3391,3362,3387,3392,3382,3377,3367,3391,3365
0,20,23,37,13,18,5,14,20,10,11,35,19,0,12,1,16,18,20,16,9,5,33,25,12,12,27,29,20,27,24,9,29,12,4,37,469,768,989,1198,1405,1586,1762,1794,1783,1787,1783,1801,1787,1786
45,42,19,35,27,50,29,32,27,26,663,1076,1421,1730,2026,2279,2526,2772,3018,3037,3014,3013,3021,3016,3031,3025,3025,3017,3021,3003,3016,3016,3015,3032,3012,3015,3022,3025,3012,3018,3014,3028,3009,3019,3024,3028,3011,3019,3021,3021
56,52,46,56,32,44,54,44,38,65,51,54,687,1103,1454,1749,2046,2051,2051,2046,2040,2067,2057,2040,2058,2044,2078,2049,2040,2059,2062,2042,2026,2049,2065,2058,2079,2050,2037,2047,2049,2036,2040,2032,2046,2045,2045,2041,2051,2064
44,50,19,42,46,51,443,680,868,1066,1265,1413,1563,1576,1563,1582,1565,1553,1575,1585,1576,1567,1550,1573,1555,1580,1588,1584,1578,1575,1569,1590,1568,1559,1580,1579,1583,1583,1583,1566,1571,1570,1569,1575,1557,1568,1579,1577,1551,1590
46,31,52,45,59,46,47,32,31,30,47,49,52,51,50,30,931,1479,1941,2349,2756,3080,3436,3768,3774,3779,3788,3776,3791,3777,3774,3801,3793,3769,3784,3786,3777,3779,3777,3780,3778,3797,3773,3784,3786,3765,3791,3779,3771,3786
40,70,46,66,61,64,51,51,43,40,47,58,74,57,52,79,51,75,60,55,46,54,55,44,63,26,60,53,777,1236,1643,1994,2321,2645,2620,2633,2623,2635,2614,2630,2611,2630,2626,2639,2630,2620,2618,2630,2622,2618
40,77,48,50,48,44,669,1051,1383,1667,1952,2239,2460,2708,2673,2688,2696,2713,2685,2668,2687,2719,2666,2674,2696,2658,2699,2695,2697,2705,2690,2675,2676,2685,2693,2714,2682,2711,2685,2683,2705,2699,2689,2683,2694,2679,2691,2696,2687,2682
29,52,19,25,39,26,30,9,41,44,68,21,49,49,38,33,38,39,43,55,42,684,1079,1431,1735,1995,2272,2522,2776,3006,2996,3012,3015,3015,3020,2998,3028,3016,2993,3006,2992,3036,3013,3032,2990,3019,3016,3013,2997,2999
63,40,69,28,63,21,56,63,73,38,45,31,58,63,44,52,44,59,62,61,65,33,66,36,52,632,979,1286,1573,1837,2080,2314,2522,2725,2730,2734,2732,2755,2734,2737,2735,2728,2722,2745,2770,2745,2758,2725,2763,2734
48,67,53,61,32,51,45,50,49,55,33,36,56,31,42,20,31,48,43,64,63,47,21,34,56,680,1091,1449,1744,2007,2295,2546,2820,3044,3065,3031,3072,3045,3063,3035,3033,3045,3040,3040,3039,3045,3034,3048,3052,3048
10,10,50,19,7,43,28,23,0,21,11,24,36,30,19,28,21,30,23,0,17,17,29,14,39,26,0,1152,1825,2393,2959,3453,3950,3908,3911,3897,3929,3922,3911,3914,3926,3940,3915,3902,3917,3930,3928,3921,3921,3914
41,56,49,78,73,75,65,52,66,51,37,64,60,46,52,80,60,76,1142,1824,2434,2964,3466,3944,3929,3908,3945,3919,3921,3912,3931,3934,3906,3919,3912,3921,3947,3935,3936,3924,3935,3943,3919,3922,3926,3937,3916,3926,3942,3938
24,43,38,23,50,39,44,56,6,26,25,37,32,35,36,12,37,11,31,14,33,40,699,1118,1505,1802,2098,2381,2633,2906,2906,2914,2916,2884,2890,2916,2903,2915,2894,2886,2910,2909,2896,2924,2899,2909,2900,2910,2917,2908
34,42,51,46,37,48,33,43,41,49,50,66,32,39,29,51,57,36,49,42,759,1201,1562,1909,2218,2517,2808,3095,3334,3588,3571,3608,3582,3574,3570,3604,3588,3607,3600,3572,3580,3599,3589,3587,3590,3581,3585,3560,3572,3597
7,24,11,24,0,21,0,3,4,9,11,0,18,35,19,9,657,1033,1390,1685,2010,2269,2500,2746,2985,3218,3213,3220,3226,3231,3205,3216,3217,3211,3205,3198,3199,3236,3205,3209,3217,3221,3226,3225,3220,3207,3219,3211,3202,3179
27,24,31,38,15,22,41,16,36,28,29,34,21,34,42,19,27,23,37,29,23,13,37,36,28,27,33,50,29,32,31,24,23,21,25,35,1100,1797,2373,2904,3411,3384,3400,3372,3379,3409,3411,3390,3403,3380
0,0,20,24,35,34,30,24,30,11,35,12,51,14,6,19,5,18,20,27,19,12,16,12,10,26,16,21,38,4,4,738,1207,1581,1953,2255,2574,2873,3138,3413,3418,3421,3397,3384,3424,3442,3435,3423,3417,3409
52,60,28,50,54,70,68,50,60,48,46,41,48,55,45,51,47,47,43,38,54,58,48,61,55,34,76,62,54,70,41,69,56,62,59,39,804,1231,1597,1945,2271,2559,2838,3136,3117,3090,3142,3114,3120,3112
57,46,68,38,56,53,57,23,42,16,51,9,33,23,17,40,31,27,33,38,55,35,62,32,48,37,37,27,38,40,48,45,38,37,23,1175,1844,2443,3014,3501,3981,3964,3967,3995,3952,3971,3981,3970,3972,3976
29,0,21,13,6,12,21,38,39,25,5,26,7,26,3,24,20,30,0,19,14,13,14,16,0,44,31,22,7,32,20,30,26,2,27,28,412,653,866,1038,1219,1413,1527,1694,1839,1842,1857,1848,1818,1856
10,45,44,26,56,27,31,30,52,48,51,42,42,31,25,30,16,38,27,43,59,48,17,13,11,36,816,1304,1715,2124,2481,2802,3122,3426,3713,3702,3696,3702,3712,3723,3700,3694,3710,3717,3715,3702,3696,3707,3703,3694
43,43,27,43,37,24,21,43,20,29,30,16,6,20,20,20,37,52,27,23,48,49,994,1581,2104,2550,2980,3384,3407,3403,3379,3386,3394,3401,3403,3383,3405,3388,3388,3400,3391,3399,3413,3407,3392,3409,3394,3402,3394,3389
55,22,51,26,54,40,33,28,39,77,26,64,44,34,541,870,1131,1379,1608,1793,2012,2201,2373,2569,2576,2553,2578,2574,2566,2577,2575,2565,2581,2584,2564,2585,2565,2584,2572,2579,2566,2564,2576,2578,2564,2555,2558,2580,2573,2566
39,60,62,29,37,34,5,15,43,41,24,43,18,32,24,27,41,15,25,25,44,24,30,39,52,14,53,41,35,31,12,45,14,51,901,1493,1972,2398,2782,3150,3503,3529,3506,3491,3494,3516,3492,3514,3512,3518
41,36,46,44,26,49,52,57,42,72,59,21,39,42,24,39,44,55,48,38,868,1403,1874,2255,2684,2659,2660,2651,2672,2645,2661,2660,2669,2656,2654,2652,2653,2644,2694,2644,2657,2621,2659,2666,2659,2666,2649,2666,2661,2659
43,57,54,56,46,40,66,54,18,47,74,47,38,40,64,53,43,49,35,53,48,46,65,48,426,664,870,1072,1250,1382,1557,1716,1843,1866,1858,1839,1854,1855,1851,1865,1839,1861,1843,1854,1845,1853,1867,1831,1830,1849
66,63,48,54,34,65,62,50,52,42,70,57,49,43,58,83,77,61,55,842,1352,1759,2128,2475,2520,2475,2502,2488,2486,2507,2505,2490,2503,2479,2520,2506,2500,2500,2501,2509,2511,2519,2497,2500,2486,2478,2497,2507,2497,2513
49,34,9,2,25,15,8,15,10,40,30,17,16,3,16,735,1203,1590,1940,2266,2556,2855,3125,3106,3148,3121,3133,3121,3113,3129,3129,3130,3121,3124,3122,3115,3110,3116,3133,3127,3118,3120,3128,3123,3100,3128,3128,3133,3137,3120
33,26,24,28,31,42,560,910,1205,1465,1705,1928,2124,2354,2558,2561,2532,2546,2556,2540,2528,2534,2557,2522,2540,2540,2542,2552,2528,2524,2542,2542,2530,2551,2561,2551,2547,2525,2537,2534,2537,2528,2550,2543,2552,2561,2529,2559,2533,2550
43,39,36,60,50,64,797,1277,1634,2005,2336,2644,2964,3214,3233,3192,3241,3254,3215,3222,3232,3236,3246,3228,3246,3256,3226,3211,3243,3240,3235,3239,3256,3211,3226,3234,3207,3228,3232,3262,3237,3239,3247,3217,3236,3240,3250,3215,3234,3241
24,25,0,12,15,0,16,0,9,2,637,1043,1373,1685,1969,2238,2232,2213,2228,2215,2183,2221,2222,2189,2228,2222,2213,2223,2216,2224,2203,2238,2217,2217,2228,2230,2213,2220,2213,2220,2222,2218,2233,2244,2229,2210,2246,2237,2205,2239
9,25,15,34,25,45,54,37,26,6,35,23,30,23,28,20,40,13,51,10,18,1238,1964,2604,3161,3702,3710,3686,3688,3697,3695,3721,3710,3728,3712,3699,3706,3711,3723,3698,3723,3708,3700,3712,3710,3699,3702,3720,3713,3718
34,32,18,1,17,13,29,44,21,38,18,30,20,17,50,48,29,16,27,35,28,19,25,31,38,43,17,36,32,37,1036,1698,2226,2733,3183,3615,3621,3596,3620,3622,3640,3624,3629,3627,3644,3598,3605,3622,3618,3649
34,28,41,51,41,49,380,651,850,1016,1157,1332,1485,1605,1762,1763,1770,1760,1762,1769,1760,1759,1758,1760,1738,1752,1764,1761,1767,1775,1759,1781,1759,1767,1775,1777,1774,1778,1787,1771,1772,1766,1767,1765,1759,1758,1763,1763,1759,1797
33,40,26,45,24,45,30,42,51,39,60,64,33,48,58,54,38,55,46,45,64,23,35,822,1274,1677,2061,2395,2704,2704,2708,2699,2726,2706,2705,2735,2721,2708,2709,2721,2723,2721,2720,2727,2704,2717,2711,2707,2712,2701
45,52,48,62,47,67,61,44,66,611,963,1257,1514,1762,1971,2216,2406,2606,2822,2809,2787,2816,2803,2807,2827,2830,2803,2815,2809,2808,2806,2843,2800,2802,2803,2820,2822,2798,2809,2819,2826,2814,2824,2791,2811,2808,2818,2809,2813,2814
13,49,61,48,37,34,34,46,40,53,52,40,38,37,20,26,39,59,65,38,53,43,57,791,1264,1683,2032,2344,2686,2989,3258,3269,3258,3273,3274,3283,3283,3275,3274,3263,3272,3274,3256,3274,3265,3272,3263,3276,3272,3274
77,92,69,41,56,72,38,74,46,62,53,62,47,41,50,20,92,57,69,36,52,78,75,466,711,935,1099,1298,1457,1638,1814,1952,2093,2088,2100,2094,2081,2086,2080,2070,2092,2070,2086,2070,2084,2090,2084,2086,2080,2081
42,31,70,36,44,55,22,50,43,65,46,40,53,38,52,43,61,47,34,41,62,37,37,1339,2183,2895,3504,4080,4086,4070,4086,4074,4077,4092,4094,4089,4073,4081,4074,4088,4095,4069,4069,4081,4083,4087,4091,4069,4095,4095
49,59,35,42,63,57,40,68,73,53,69,42,68,43,54,37,38,51,63,72,41,48,43,62,49,38,55,54,75,569,927,1201,1472,1683,1932,2120,2344,2516,2545,2542,2533,2544,2535,2538,2535,2543,2546,2532,2526,2535
53,64,56,45,63,33,53,44,49,39,58,55,55,34,49,63,60,48,50,69,62,47,63,43,51,43,36,45,61,82,52,676,1068,1398,1708,1983,2236,2464,2732,2933,2961,2975,2970,2953,2956,2958,2948,2959,2959,2965
37,39,36,40,33,35,16,473,754,1008,1226,1421,1599,1783,1786,1787,1792,1790,1769,1781,1784,1794,1794,1758,1779,1789,1774,1796,1796,1788,1804,1795,1792,1778,1774,1797,1793,1794,1784,1783,1802,1782,1779,1784,1765,1787,1775,1776,1797,1798
20,7,0,7,0,28,22,9,7,13,799,1307,1734,2127,2472,2799,2823,2844,2833,2812,2816,2813,2811,2819,2818,2821,2811,2828,2816,2799,2816,2817,2804,2820,2817,2822,2816,2836,2807,2838,2802,2830,2810,2806,2821,2801,2807,2821,2809,2807
0,23,17,10,7,17,0,7,12,0,6,12,7,0,3,22,6,23,3,6,999,1648,2177,2650,3094,3507,3894,3899,3895,3912,3886,3886,3917,3893,3893,3888,3884,3885,3892,3902,3913,3877,3910,3894,3886,3898,3892,3890,3900,3908
38,15,26,15,5,34,44,5,11,27,38,14,27,26,25,15,10,20,13,19,17,29,20,27,13,28,22,19,366,573,792,956,1119,1280,1432,1555,1697,1824,1809,1806,1820,1829,1832,1787,1803,1811,1802,1825,1815,1810
4,34,8,40,9,14,8,14,16,7,14,25,17,15,8,41,18,20,17,23,0,35,14,41,21,0,25,5,5,17,11,10,32,17,0,32,526,811,1089,1336,1557,1759,1966,2175,2322,2336,2365,2359,2342,2336
46,2,21,22,22,16,12,25,16,18,14,9,35,29,33,16,6,27,12,16,35,12,13,11,14,16,4,46,26,39,18,5,4,18,36,617,1002,1320,1629,1874,2141,2388,2364,2370,2390,2374,2392,2380,2403,2377
22,26,33,10,24,28,13,7,25,19,26,18,22,23,59,28,811,1296,1702,2080,2400,2743,2720,2752,2735,2749,2751,2761,2730,2737,2765,2721,2776,2746,2749,2742,2748,2744,2755,2765,2747,2733,2756,2761,2772,2762,2742,2731,2726,2757
17,4,9,10,16,28,17,9,24,2,3,30,0,0,0,7,18,27,0,694,1150,1499,1850,2157,2460,2721,2991,3238,3238,3235,3257,3248,3244,3224,3237,3251,3225,3221,3248,3242,3238,3244,3262,3253,3246,3250,3238,3244,3251,3241
55,28,26,42,32,49,34,38,39,37,34,34,33,51,41,35,5,18,41,38,32,43,28,48,29,40,43,30,39,40,39,44,922,1467,1945,2390,2764,3138,3500,3518,3519,3512,3522,3511,3521,3511,3541,3531,3523,3534
27,9,0,14,6,36,21,0,497,786,1043,1275,1494,1679,1860,1888,1876,1864,1872,1873,1880,1884,1873,1883,1892,1852,1881,1867,1878,1898,1875,1873,1888,1890,1871,1876,1895,1881,1862,1879,1877,1876,1888,1873,1886,1855,1866,1881,1871,1872
28,23,32,46,26,12,30,23,29,25,28,36,14,22,39,49,1143,1830,2444,2975,3469,3945,3942,3926,3960,3940,3972,3946,3972,3952,3935,3946,3974,3937,3979,3961,3935,3966,3930,3961,3939,3965,3950,3936,3957,3949,3966,3961,3955,3981
66,45,64,52,61,65,68,58,56,80,45,62,40,65,60,71,75,66,72,43,50,72,70,59,77,61,60,41,58,40,63,74,85,801,1219,1608,1935,2251,2566,2843,2852,2860,2849,2843,2844,2830,2825,2845,2829,2826
14,18,25,30,28,42,32,46,31,51,32,52,34,27,42,34,30,28,15,44,52,25,37,515,862,1110,1313,1548,1773,1936,1959,1946,1961,1973,1943,1959,1938,1954,1951,1938,1974,1945,1945,1944,1935,1940,1958,1929,1942,1961
16,0,20,20,9,19,3,15,23,12,16,9,2,20,17,943,1534,2028,2479,2908,2901,2882,2898,2907,2911,2914,2901,2913,2927,2902,2900,2880,2924,2901,2901,2907,2919,2886,2887,2895,2877,2883,2886,2895,2906,2881,2904,2916,2879,2885
66,61,63,47,42,72,28,59,50,78,41,57,51,62,57,58,25,56,63,817,1329,1746,2094,2498,2797,3100,3410,3697,3712,3683,3698,3699,3678,3686,3674,3720,3690,3691,3700,3702,3697,3697,3702,3700,3685,3684,3695,3689,3683,3705
24,42,42,53,30,32,18,26,40,18,32,39,36,17,40,43,42,68,48,31,804,1323,1739,2112,2492,2809,3128,3122,3125,3084,3115,3135,3105,3153,3135,3126,3127,3136,3099,3125,3101,3117,3119,3106,3116,3121,3114,3119,3109,3123
10,57,29,32,34,62,32,17,7,23,33,44,15,40,23,34,42,38,32,55,22,38,16,53,14,32,948,1538,2047,2495,2906,3290,3665,3658,3646,3643,3656,3629,3659,3654,3665,3640,3638,3661,3619,3654,3643,3645,3665,3667
35,56,64,62,59,57,72,59,52,51,73,37,61,75,414,683,854,1006,1197,1376,1511,1650,1786,1922,1888,1908,1896,1897,1904,1918,1915,1919,1926,1906,1902,1911,1896,1914,1908,1907,1900,1888,1883,1902,1912,1917,1923,1893,1898,1923
45,79,60,46,70,48,59,72,42,57,58,64,53,85,48,70,841,1322,1750,2131,2496,2789,2792,2787,2806,2823,2805,2811,2775,2831,2804,2829,2840,2796,2795,2809,2806,2810,2822,2817,2789,2801,2829,2820,2784,2796,2823,2808,2801,2815
40,30,21,61,13,9,25,25,14,38,31,18,15,63,36,400,580,777,925,1066,1229,1367,1502,1603,1720,1741,1723,1726,1734,1738,1728,1753,1719,1734,1708,1741,1749,1734,1728,1724,1742,1739,1728,1724,1730,1720,1754,1740,1728,1725
44,54,46,35,36,18,61,46,38,65,46,49,35,27,57,28,49,38,50,39,46,52,47,66,37,62,42,29,43,42,47,36,451,740,975,1187,1358,1527,1735,1881,2043,2174,2211,2207,2184,2219,2209,2215,2188,2188
12,32,6,0,20,4,17,18,30,5,10,4,1039,1663,2199,2690,3135,3559,3951,3973,3962,3955,3944,3941,3975,3969,3980,3970,3967,3979,3956,3963,3958,3958,3959,3958,3950,3964,3952,3942,3968,3946,3951,3947,3961,3958,3962,3941,3952,3959
10,37,43,35,25,34,14,20,18,20,12,29,12,23,15,40,46,0,20,20,10,0,28,45,21,9,9,19,30,425,703,940,1143,1360,1556,1689,1881,2009,2156,2178,2173,2171,2172,2155,2173,2165,2167,2160,2151,2152
27,38,36,47,43,33,47,14,42,32,811,1285,1705,2095,2447,2450,2455,2466,2437,2437,2450,2425,2457,2432,2444,2446,2426,2433,2462,2448,2421,2433,2416,2437,2443,2451,2444,2438,2454,2441,2468,2446,2457,2457,2446,2451,2446,2472,2427,2441
50,34,23,28,20,56,40,30,24,320,514,672,811,913,1054,1193,1273,1406,1506,1512,1488,1519,1523,1502,1503,1511,1529,1522,1533,1513,1518,1505,1508,1505,1530,1507,1517,1508,1521,1517,1509,1513,1491,1522,1522,1510,1517,1506,1516,1510
37,34,38,45,38,38,58,27,42,36,33,37,27,48,41,16,550,863,1136,1362,1612,1842,2017,2206,2386,2411,2409,2396,2381,2397,2382,2410,2395,2400,2409,2393,2393,2377,2401,2397,2396,2387,2395,2428,2387,2375,2399,2387,2393,2382
35,44,55,17,37,38,47,42,62,54,42,51,52,57,48,47,25,23,56,817,1325,1748,2097,2474,2470,2469,2481,2470,2479,2489,2471,2450,2476,2474,2476,2463,2463,2478,2465,2473,2483,2477,2448,2455,2475,2461,2479,2500,2481,2473
52,60,64,47,62,51,48,71,37,54,54,35,56,44,52,54,27,59,71,44,64,55,50,36,55,52,75,742,1149,1511,1838,2146,2172,2123,2166,2158,2125,2139,2147,2134,2141,2140,2138,2151,2167,2158,2139,2116,2145,2142
55,37,52,50,36,44,47,43,36,42,59,43,48,51,62,41,51,47,37,50,49,55,41,53,77,35,54,34,51,466,713,942,1131,1316,1474,1636,1816,1946,2074,2079,2089,2096,2097,2085,2103,2085,2084,2068,2091,2070
42,21,45,23,30,10,18,38,27,25,30,22,27,30,24,35,54,21,44,10,9,21,406,642,830,1012,1206,1359,1496,1637,1796,1918,1907,1936,1913,1930,1925,1923,1923,1917,1932,1912,1910,1931,1900,1919,1926,1924,1935,1928
40,20,0,6,16,32,14,33,0,42,5,11,25,4,27,22,7,21,10,13,30,20,22,36,28,18,22,20,24,52,50,16,8,851,1363,1789,2204,2551,2879,3239,3515,3517,3530,3516,3527,3512,3522,3523,3488,3533
12,22,12,45,44,25,29,40,26,27,725,1159,1511,1836,2139,2430,2706,2959,3219,3239,3203,3235,3201,3214,3214,3210,3210,3206,3232,3222,3209,3220,3215,3199,3200,3204,3210,3204,3229,3210,3216,3228,3225,3207,3229,3206,3202,3235,3216,3212
11,27,33,35,51,21,40,36,21,53,36,18,17,1103,1753,2328,2845,3326,3316,3346,3299,3309,3310,3324,3321,3317,3329,3320,3329,3331,3302,3328,3313,3340,3328,3333,3314,3308,3306,3317,3316,3320,3321,3333,3336,3336,3336,3297,3325,3333
36,42,54,46,13,49,33,47,49,36,18,41,887,1410,1858,2283,2678,3010,3359,3677,3698,3700,3713,3690,3690,3723,3718,3712,3674,3687,3672,3715,3678,3684,3705,3711,3696,3687,3696,3722,3687,3702,3693,3681,3695,3699,3699,3670,3699,3700
28,30,33,9,11,46,34,0,27,16,20,0,28,27,15,25,22,18,18,778,1222,1626,1982,2312,2645,2930,3212,3243,3215,3238,3212,3203,3225,3232,3218,3227,3231,3232,3206,3224,3228,3232,3235,3221,3204,3232,3230,3242,3213,3202
53,48,38,52,36,63,53,24,28,57,34,31,49,589,957,1234,1515,1759,1970,2221,2404,2627,2821,2833,2806,2813,2792,2832,2815,2806,2812,2814,2847,2813,2807,2820,2821,2826,2818,2806,2837,2807,2830,2793,2829,2814,2827,2847,2828,2828
45,33,5,5,24,11,3,47,25,16,29,30,616,978,1291,1578,1868,2112,2343,2569,2804,2776,2782,2781,2792,2775,2760,2770,2805,2798,2789,2807,2789,2777,2787,2789,2790,2797,2793,2818,2800,2805,2777,2775,2773,2780,2770,2774,2801,2788
34,23,12,15,32,6,0,11,12,19,13,10,1,12,15,19,528,818,1083,1308,1537,1735,1731,1720,1743,1728,1724,1744,1764,1747,1731,1733,1732,1740,1749,1771,1739,1735,1722,1735,1754,1766,1737,1756,1743,1745,1742,1735,1728,1732
23,37,46,39,63,30,42,38,25,11,30,46,48,32,52,30,49,55,48,25,6,41,25,31,53,55,7,68,47,985,1628,2144,2618,3050,3488,3843,3845,3873,3863,3878,3853,3862,3868,3872,3876,3853,3850,3846,3873,3860
35,30,27,52,30,33,45,10,36,41,36,26,28,29,50,39,28,38,22,34,941,1485,1971,2404,2803,2794,2799,2801,2787,2826,2813,2816,2822,2829,2814,2797,2818,2801,2802,2783,2818,2794,2815,2799,2800,2800,2808,2813,2808,2816
30,45,53,31,41,41,44,40,39,50,62,31,42,43,21,47,36,54,37,40,580,939,1227,1501,1741,1966,2201,2421,2621,2603,2588,2604,2605,2592,2614,2610,2612,2607,2610,2615,2602,2603,2595,2580,2610,2602,2604,2579,2598,2604
41,54,78,64,55,48,60,65,54,42,65,56,29,62,51,63,580,932,1221,1490,1732,1960,2177,2400,2399,2394,2395,2392,2385,2389,2393,2394,2395,2390,2401,2392,2398,2402,2397,2380,2375,2378,2385,2403,2395,2376,2391,2395,2385,2403
16,2,16,19,13,20,0,5,0,24,18,18,0,6,20,21,19,10,9,1,13,15,7,17,28,10,4,7,24,2,0,8,19,7,16,406,634,856,1026,1191,1348,1480,1641,1648,1651,1642,1659,1647,1637,1647
59,40,34,61,40,49,62,21,46,38,44,23,25,35,55,18,48,44,37,61,36,43,51,28,45,44,49,28,49,43,48,39,796,1251,1713,2061,2376,2696,3015,3307,3320,3289,3314,3305,3322,3326,3293,3288,3287,3280
0,11,10,11,7,36,1,4,17,23,22,8,17,20,25,7,22,3,15,0,29,1,8,19,37,19,617,922,1229,1501,1777,2011,2242,2465,2474,2472,2468,2461,2458,2479,2464,2477,2479,2478,2464,2469,2473,2454,2464,2462
69,59,62,65,50,39,62,59,53,40,70,57,73,50,27,55,42,69,52,52,67,61,59,52,47,62,90,66,39,45,55,63,38,1073,1657,2238,2713,3170,3596,3593,3596,3577,3587,3575,3595,3602,3598,3588,3582,3601
7,17,1,0,14,11,21,0,37,10,0,671,1089,1411,1759,2048,2343,2574,2828,3095,3329,3329,3297,3320,3329,3296,3298,3338,3307,3339,3332,3322,3304,3314,3327,3319,3312,3324,3326,3305,3321,3327,3315,3303,3299,3310,3308,3311,3323,3322
50,39,35,25,22,40,34,27,29,33,52,29,46,27,40,47,848,1338,1775,2165,2520,2868,2853,2851,2857,2844,2866,2867,2861,2856,2866,2868,2873,2838,2864,2844,2858,2841,2869,2844,2870,2852,2859,2855,2859,2869,2861,2879,2851,2838
39,50,61,51,46,41,53,31,35,21,25,58,62,40,48,38,88,843,1347,1765,2120,2511,2833,3151,3451,3429,3454,3455,3479,3456,3468,3492,3435,3451,3461,3451,3445,3467,3472,3446,3461,3463,3464,3453,3465,3463,3458,3461,3444,3453
65,54,46,63,63,53,44,52,22,78,60,72,75,73,58,653,994,1352,1638,1906,2136,2378,2645,2852,3056,3051,3043,3049,3059,3057,3045,3040,3059,3036,3041,3047,3065,3047,3041,3043,3049,3041,3049,3031,3036,3054,3034,3034,3044,3036
41,9,24,32,0,20,7,8,7,6,7,16,498,814,1089,1324,1562,1747,1969,2154,2346,2353,2340,2340,2329,2339,2386,2340,2316,2362,2337,2353,2343,2351,2337,2327,2349,2332,2358,2339,2334,2357,2326,2316,2312,2356,2359,2327,2323,2340
14,23,30,13,21,18,640,1026,1358,1647,1929,2191,2414,2645,2899,2881,2890,2882,2891,2880,2890,2893,2869,2885,2870,2888,2900,2885,2885,2883,2880,2881,2884,2872,2891,2891,2864,2884,2891,2893,2874,2885,2870,2884,2900,2854,2861,2890,2901,2883
58,36,31,52,53,26,46,38,60,47,53,47,60,56,49,42,45,62,55,43,38,68,38,38,52,43,43,48,49,52,55,37,56,43,661,1015,1346,1617,1903,2150,2400,2621,2867,3060,3071,3064,3064,3052,3073,3053
15,1,18,19,12,31,8,9,0,24,5,20,24,21,367,572,779,940,1100,1260,1387,1538,1667,1770,1773,1751,1782,1788,1778,1773,1770,1791,1785,1791,1788,1775,1759,1798,1767,1773,1760,1784,1795,1777,1798,1773,1782,1796,1787,1770
69,34,62,57,61,68,50,49,48,62,64,56,47,62,44,68,61,49,49,32,71,55,75,59,71,45,65,53,49,58,82,40,57,48,47,78,785,1238,1639,1967,2282,2316,2304,2281,2312,2315,2298,2279,2274,2309
57,56,44,44,41,28,49,1104,1769,2331,2819,3321,3755,3778,3761,3768,3760,3745,3744,3776,3743,3756,3779,3777,3754,3774,3746,3757,3743,3762,3778,3777,3760,3771,3754,3753,3792,3776,3749,3761,3747,3766,3757,3750,3765,3754,3768,3775,3773,3784
66,57,75,48,58,67,56,43,51,66,73,51,49,64,42,46,967,1544,2031,2478,2876,2857,2867,2856,2872,2859,2868,2874,2878,2849,2876,2872,2880,2867,2854,2891,2876,2868,2888,2888,2863,2862,2866,2847,2872,2870,2874,2873,2862,2865
34,33,34,31,41,46,37,47,31,30,44,945,1522,1999,2461,2839,3251,3237,3256,3268,3235,3269,3244,3222,3230,3243,3246,3238,3238,3241,3238,3243,3254,3233,3257,3223,3224,3249,3243,3247,3241,3232,3246,3232,3225,3247,3264,3210,3209,3245
23,6,10,9,27,39,7,12,13,12,4,19,18,6,15,9,21,31,0,1021,1647,2178,2659,3105,3509,3538,3561,3540,3534,3543,3541,3526,3525,3524,3548,3541,3552,3533,3554,3569,3542,3540,3531,3549,3529,3538,3514,3549,3542,3524
15,36,30,15,14,21,5,45,38,25,24,36,23,29,11,14,53,39,35,11,22,30,36,33,18,0,14,45,21,754,1188,1584,1925,2243,2567,2834,2844,2821,2838,2833,2827,2834,2834,2840,2830,2838,2823,2837,2812,2840
31,20,15,27,18,25,29,12,30,663,1054,1397,1684,1957,2232,2502,2737,2953,3176,3180,3172,3175,3172,3172,3169,3176,3189,3165,3173,3170,3169,3193,3169,3179,3182,3172,3208,3183,3173,3164,3175,3195,3166,3181,3183,3176,3189,3167,3179,3172
49,43,54,45,45,71,66,38,65,33,40,41,62,55,53,49,61,1258,2036,2658,3263,3831,3821,3806,3793,3834,3829,3795,3821,3788,3813,3824,3806,3821,3807,3824,3809,3802,3809,3816,3822,3816,3813,3807,3807,3810,3807,3826,3796,3816
36,53,60,69,78,46,38,44,53,39,63,75,46,62,38,59,764,1226,1593,1943,2254,2543,2823,3077,3105,3098,3103,3095,3103,3111,3100,3109,3086,3108,3105,3122,3115,3133,3114,3113,3129,3116,3109,3089,3106,3110,3100,3109,3091,3114
30,41,34,48,36,12,26,42,52,37,6,44,26,32,48,31,23,55,27,37,25,32,30,25,35,35,13,51,24,44,40,32,53,498,784,1011,1243,1440,1633,1818,1978,2008,1983,1994,1976,1966,1966,1995,2006,1986
6,17,22,19,16,32,11,5,821,1291,1743,2115,2477,2836,3165,3149,3143,3150,3105,3150,3166,3140,3132,3149,3145,3146,3158,3149,3161,3131,3155,3141,3141,3147,3139,3134,3143,3158,3140,3155,3155,3137,3133,3130,3168,3149,3153,3135,3160,3126
7,14,5,0,28,17,11,15,11,3,10,3,11,1,16,0,24,592,953,1277,1558,1813,2049,2290,2544,2523,2529,2560,2502,2526,2543,2512,2527,2510,2538,2507,2544,2540,2527,2544,2509,2524,2529,2521,2521,2540,2538,2524,2544,2541
36,51,38,45,45,40,34,38,48,52,492,741,1016,1218,1433,1610,1783,1962,2113,2282,2303,2290,2285,2288,2276,2289,2282,2277,2290,2308,2283,2289,2293,2289,2282,2290,2306,2292,2299,2293,2283,2275,2291,2301,2284,2280,2284,2296,2285,2308
37,33,44,25,27,48,43,29,22,16,26,4,24,31,15,35,24,25,5,1033,1687,2233,2721,3166,3611,4027,4008,3998,4001,4016,4008,4009,4004,4014,4018,4009,4003,4017,4012,3996,4031,4013,4013,4042,4005,4028,3997,4013,4025,4005
28,12,11,41,38,29,409,645,860,1042,1203,1390,1514,1661,1814,1824,1818,1835,1842,1823,1825,1824,1830,1822,1823,1822,1836,1806,1836,1815,1815,1817,1827,1816,1823,1821,1830,1813,1821,1830,1825,1815,1803,1812,1811,1834,1809,1846,1820,1847
24,19,21,22,5,20,34,577,910,1178,1454,1705,1930,2149,2361,2351,2363,2342,2352,2366,2372,2347,2360,2351,2372,2354,2352,2365,2350,2330,2363,2364,2362,2342,2368,2354,2362,2385,2377,2350,2371,2364,2379,2350,2354,2366,2345,2371,2363,2367
8,26,25,45,10,19,21,12,41,31,28,27,33,13,31,47,18,23,40,48,18,25,34,13,11,31,15,46,28,674,1073,1425,1721,2017,2277,2286,2285,2273,2269,2281,2298,2276,2292,2296,2279,2244,2280,2275,2297,2288
33,19,20,35,22,38,36,30,30,29,31,0,40,45,15,38,44,29,22,27,12,33,14,29,675,1049,1395,1701,1975,2261,2521,2769,2739,2749,2750,2772,2759,2757,2742,2754,2734,2763,2787,2748,2752,2738,2747,2739,2734,2739
23,1,15,0,18,0,9,20,0,23,5,0,863,1357,1826,2233,2591,2934,3296,3607,3610,3612,3605,3602,3613,3608,3627,3586,3628,3594,3594,3620,3622,3600,3620,3611,3601,3628,3607,3584,3609,3613,3606,3594,3621,3597,3616,3606,3613,3600
26,17,9,23,8,14,9,14,25,32,27,11,17,9,11,25,25,25,8,0,21,15,48,37,38,27,29,16,19,10,751,1218,1618,1964,2303,2284,2292,2289,2294,2318,2304,2307,2312,2292,2285,2282,2314,2297,2281,2299
22,12,32,11,33,41,31,7,9,16,5,2,7,14,29,26,26,27,28,42,58,2,33,19,32,1,30,19,20,23,337,525,687,866,1003,1128,1262,1394,1498,1580,1599,1623,1628,1627,1614,1612,1603,1607,1631,1569
0,20,9,0,25,8,5,0,16,0,0,9,3,20,9,2,17,10,27,0,4,22,0,11,0,3,8,18,1,28,374,591,802,1022,1149,1333,1452,1610,1765,1749,1742,1752,1774,1748,1760,1768,1745,1742,1764,1742
41,34,45,41,36,42,35,23,33,36,43,43,42,49,20,21,40,45,27,34,16,40,55,39,38,628,1010,1310,1621,1889,2132,2382,2600,2828,2828,2846,2823,2828,2834,2814,2840,2811,2802,2824,2823,2824,2834,2832,2841,2840
49,47,36,65,46,64,39,42,67,54,56,54,55,44,383,601,787,921,1071,1215,1364,1479,1584,1710,1730,1725,1723,1713,1702,1714,1708,1722,1712,1709,1719,1725,1719,1710,1716,1686,1727,1710,1711,1719,1703,1722,1702,1726,1690,1725
42,47,16,51,34,26,46,41,52,48,43,33,30,28,13,32,1,41,24,0,34,7,41,16,35,45,16,21,50,14,27,22,50,32,42,39,1015,1631,2154,2652,3075,3515,3522,3504,3513,3514,3517,3518,3491,3512
6,15,9,0,20,13,17,28,39,5,23,19,5,15,20,30,0,27,36,20,10,22,22,22,16,25,23,445,699,969,1154,1367,1541,1559,1543,1552,1550,1571,1559,1552,1534,1548,1548,1552,1557,1535,1548,1534,1545,1548
18,14,19,38,0,16,1,15,38,25,42,0,19,15,17,34,20,9,11,7,0,15,5,23,21,7,363,591,789,929,1106,1248,1396,1537,1544,1534,1539,1520,1527,1537,1528,1513,1564,1535,1517,1532,1542,1524,1508,1519
8,36,39,48,27,5,30,33,30,23,34,34,31,25,36,40,46,35,20,16,38,436,720,928,1127,1336,1505,1665,1828,1836,1834,1831,1859,1840,1834,1848,1857,1818,1832,1833,1846,1837,1832,1831,1845,1838,1842,1828,1833,1833
37,54,21,23,27,52,882,1382,1835,2220,2595,2921,3263,3611,3893,3893,3900,3914,3892,3879,3900,3904,3903,3914,3890,3908,3880,3905,3887,3903,3898,3882,3900,3890,3896,3892,3886,3912,3902,3893,3919,3915,3906,3908,3899,3890,3914,3896,3873,3892
34,7,5,0,9,14,13,24,17,33,14,28,23,0,38,24,4,17,13,25,2,12,0,26,986,1613,2118,2620,3054,3041,3042,3009,3026,3029,3022,3023,3031,3017,3022,3009,3034,3037,3021,3042,3018,3045,3027,3028,3029,3042
8,3,4,2,8,16,17,12,17,0,0,16,331,556,724,894,1034,1142,1282,1409,1526,1519,1541,1519,1528,1513,1523,1525,1539,1515,1528,1523,1543,1556,1524,1515,1529,1533,1530,1539,1538,1518,1518,1509,1547,1507,1534,1509,1536,1525
7,29,8,16,15,24,18,19,17,29,8,18,26,10,24,40,25,0,47,15,20,9,11,16,24,31,24,17,725,1194,1575,1892,2218,2513,2814,2818,2836,2810,2806,2800,2811,2817,2817,2824,2802,2793,2818,2802,2811,2805
61,41,44,27,44,42,49,709,1117,1493,1824,2126,2391,2631,2927,3160,3149,3158,3132,3155,3145,3143,3165,3169,3183,3151,3169,3152,3157,3134,3154,3174,3166,3148,3192,3144,3166,3163,3174,3152,3144,3156,3163,3135,3166,3167,3170,3158,3163,3164
44,68,54,40,63,44,55,50,77,60,763,1205,1613,1964,2261,2564,2567,2552,2556,2563,2552,2555,2579,2569,2559,2563,2531,2555,2563,2554,2573,2573,2571,2575,2560,2566,2569,2549,2547,2563,2556,2557,2570,2555,2564,2560,2566,2562,2543,2562
24,48,38,26,16,27,36,49,17,36,681,1103,1480,1792,2080,2106,2091,2092,2083,2077,2109,2075,2084,2084,2094,2101,2096,2115,2068,2098,2110,2100,2090,2077,2081,2085,2096,2095,2075,2100,2099,2082,2080,2083,2081,2090,2099,2109,2073,2097
38,62,43,42,53,37,50,48,65,36,56,66,50,34,46,41,25,51,39,26,45,61,48,46,50,846,1337,1772,2134,2465,2474,2468,2454,2465,2489,2444,2477,2472,2495,2483,2484,2496,2471,2497,2469,2487,2470,2473,2473,2472
44,18,28,45,29,30,47,35,35,44,34,48,37,34,54,69,44,54,52,43,49,53,52,39,52,49,43,30,54,36,51,50,381,621,819,1004,1154,1301,1439,1562,1723,1841,1855,1841,1836,1836,1829,1847,1819,1833
8,21,0,20,0,0,3,21,14,0,15,7,4,28,6,0,12,14,10,0,22,16,0,10,33,14,4,1,1,23,22,22,3,0,18,718,1160,1565,1915,2212,2525,2824,3092,3355,3328,3333,3342,3333,3345,3331
24,11,21,16,32,15,5,28,18,0,18,29,31,36,0,15,17,25,16,491,773,1034,1289,1473,1693,1867,1879,1875,1877,1867,1884,1885,1880,1892,1870,1905,1868,1860,1886,1868,1876,1883,1872,1872,1884,1866,1887,1890,1874,1869
4,3,27,3,8,14,15,34,5,21,15,10,9,36,9,9,9,0,14,14,3,16,12,12,23,2,14,14,0,3,406,668,870,1068,1237,1406,1564,1694,1715,1691,1705,1700,1727,1714,1695,1712,1728,1711,1732,1720
41,61,60,58,56,60,65,77,73,67,43,49,49,55,75,51,60,54,60,53,65,825,1348,1730,2112,2426,2770,3058,3375,3364,3376,3362,3388,3389,3370,3383,3357,3382,3370,3348,3383,3371,3354,3356,3358,3357,3349,3367,3360,3367
17,28,29,15,33,23,10,44,31,21,28,25,47,7,13,35,17,22,27,26,28,26,11,16,1,13,424,703,938,1116,1306,1484,1650,1816,1959,2111,2122,2134,2103,2119,2091,2124,2092,2108,2106,2095,2098,2103,2103,2098
59,75,62,68,69,56,50,47,46,83,66,77,38,49,41,75,44,54,54,63,66,60,59,55,53,47,73,82,896,1406,1855,2261,2638,2984,3303,3627,3943,3940,3918,3958,3936,3936,3933,3932,3947,3957,3901,3932,3925,3935
54,47,48,43,36,42,24,15,30,55,32,45,29,43,37,52,35,28,56,28,51,35,27,33,42,601,960,1253,1533,1754,2012,2243,2440,2605,2810,2836,2835,2834,2826,2852,2818,2844,2829,2828,2853,2820,2825,2842,2854,2842
32,32,0,38,32,0,14,36,14,30,24,27,34,19,20,32,31,19,27,665,1053,1361,1691,1969,2243,2248,2238,2231,2245,2250,2269,2234,2261,2256,2247,2242,2243,2244,2239,2226,2250,2246,2237,2237,2258,2237,2268,2236,2252,2229
46,39,43,41,32,51,54,39,61,51,35,39,39,48,34,45,27,67,48,44,52,40,39,37,53,48,41,45,31,54,26,52,31,718,1145,1527,1854,2141,2440,2713,2726,2722,2715,2713,2701,2731,2725,2738,2728,2724
24,20,25,9,20,14,13,434,663,915,1096,1269,1448,1628,1627,1638,1632,1627,1617,1618,1652,1615,1620,1630,1637,1637,1630,1604,1620,1630,1614,1635,1612,1637,1609,1625,1607,1620,1628,1620,1617,1612,1614,1615,1620,1606,1626,1630,1607,1628
15,34,12,7,11,44,18,26,41,12,0,9,0,18,23,17,8,13,18,31,4,34,0,22,23,16,0,10,425,686,893,1103,1310,1433,1611,1756,1928,2088,2063,2067,2060,2052,2066,2076,2062,2059,2070,2060,2063,2069
67,39,48,39,29,57,40,60,37,45,53,59,53,50,41,43,41,30,23,54,60,37,43,461,733,965,1180,1316,1528,1520,1539,1517,1540,1528,1541,1526,1524,1546,1523,1549,1547,1532,1525,1547,1540,1526,1529,1550,1511,1553
36,44,40,41,24,19,41,31,27,35,31,29,41,11,27,53,27,1261,2016,2665,3261,3802,3786,3784,3797,3782,3803,3817,3785,3815,3794,3801,3788,3809,3787,3814,3804,3798,3777,3805,3808,3805,3803,3792,3783,3800,3787,3806,3822,3788
41,23,19,17,19,12,0,16,16,25,14,20,0,21,0,2,450,725,969,1200,1379,1581,1731,1765,1727,1734,1722,1760,1776,1739,1746,1764,1735,1741,1752,1756,1736,1750,1730,1762,1726,1733,1751,1739,1751,1755,1749,1746,1729,1733
37,41,62,36,23,48,45,33,33,47,54,29,47,25,38,44,38,56,42,39,19,47,58,49,48,41,28,47,34,50,50,44,63,12,38,1302,2077,2730,3333,3883,3871,3884,3900,3882,3905,3913,3893,3898,3912,3892
62,61,54,56,39,41,1200,1945,2570,3151,3638,3666,3662,3659,3639,3644,3646,3657,3673,3674,3664,3662,3659,3666,3666,3660,3649,3661,3655,3627,3640,3675,3660,3657,3686,3656,3638,3668,3651,3648,3646,3650,3655,3661,3678,3651,3652,3657,3655,3661
39,43,45,36,28,37,30,49,28,27,34,50,44,59,32,33,40,48,74,43,61,31,42,21,42,34,53,43,42,18,670,1057,1408,1701,1960,2272,2258,2258,2242,2256,2223,2246,2259,2246,2253,2234,2230,2240,2243,2241
51,75,50,49,81,60,57,77,59,57,40,40,62,51,43,80,33,55,51,58,65,61,47,63,69,55,78,452,656,900,1043,1238,1404,1550,1717,1848,1837,1858,1843,1848,1841,1831,1830,1840,1854,1840,1841,1837,1846,1834
46,47,46,42,42,40,48,37,37,720,1117,1478,1781,2089,2361,2631,2868,3100,3118,3148,3133,3117,3113,3123,3102,3134,3107,3115,3107,3124,3122,3124,3127,3115,3115,3122,3134,3112,3132,3122,3125,3137,3127,3134,3124,3117,3121,3106,3123,3118
24,33,46,19,47,20,29,8,26,18,25,26,57,13,14,63,32,35,20,7,29,6,24,58,841,1362,1794,2200,2535,2909,3203,3212,3237,3216,3229,3203,3198,3229,3236,3228,3221,3224,3233,3238,3231,3231,3237,3209,3228,3234
53,26,38,39,33,23,21,13,1,574,917,1210,1475,1719,1956,2179,2364,2561,2788,2765,2755,2759,2750,2773,2761,2771,2752,2761,2779,2791,2768,2754,2785,2784,2782,2783,2769,2768,2768,2766,2783,2765,2773,2776,2778,2774,2739,2781,2788,2766
19,22,22,32,23,7,29,548,886,1151,1431,1642,1878,2095,2281,2289,2278,2305,2278,2305,2291,2297,2295,2282,2283,2298,2286,2290,2306,2297,2276,2283,2294,2272,2284,2278,2289,2283,2276,2280,2296,2292,2299,2284,2291,2304,2282,2308,2298,2318
10,16,9,30,30,14,28,25,18,20,30,27,31,36,722,1134,1504,1853,2167,2439,2443,2449,2440,2444,2444,2433,2463,2456,2471,2455,2470,2438,2443,2446,2472,2442,2445,2443,2465,2450,2448,2445,2447,2436,2472,2432,2440,2445,2466,2445
9,5,9,19,8,0,17,23,13,0,980,1618,2119,2604,3041,3445,3437,3444,3438,3461,3442,3420,3445,3442,3440,3432,3441,3439,3434,3431,3419,3452,3432,3450,3433,3433,3430,3444,3444,3460,3443,3460,3448,3434,3437,3458,3438,3438,3412,3441
41,19,33,18,54,32,25,21,43,43,35,31,1027,1680,2199,2697,3128,3559,3563,3528,3566,3563,3556,3579,3559,3550,3558,3560,3544,3546,3564,3567,3554,3550,3571,3551,3563,3576,3562,3551,3571,3557,3541,3569,3545,3554,3551,3548,3560,3540
27,29,33,38,34,15,41,33,27,42,48,33,45,31,33,34,43,20,21,0,53,32,23,40,36,25,34,32,20,584,943,1221,1509,1740,1967,1976,1960,1989,1961,1977,1971,1991,1973,1985,2004,1979,1999,1981,1982,1959
58,54,53,40,83,50,55,68,44,58,66,50,51,41,62,51,47,48,60,43,700,1106,1458,1780,2073,2344,2564,2849,3106,3325,3311,3314,3303,3317,3304,3318,3337,3310,3336,3307,3327,3334,3320,3324,3323,3325,3338,3316,3327,3321
23,11,31,13,13,33,7,23,20,771,1202,1620,1980,2306,2611,2906,3194,3442,3488,3493,3441,3448,3455,3446,3458,3465,3477,3482,3454,3448,3466,3468,3446,3471,3451,3462,3471,3476,3454,3445,3471,3445,3475,3458,3458,3474,3446,3443,3458,3472
55,17,27,7,0,36,30,36,35,25,51,42,32,22,555,878,1146,1377,1642,1884,2070,2283,2458,2644,2641,2643,2653,2633,2634,2632,2653,2665,2654,2644,2652,2642,2656,2614,2634,2639,2634,2635,2625,2631,2655,2640,2644,2636,2652,2645
71,52,77,47,56,46,58,45,80,47,64,55,68,68,49,60,1043,1664,2193,2662,3107,3542,3555,3528,3541,3542,3526,3543,3531,3534,3540,3518,3540,3553,3520,3529,3537,3549,3542,3553,3540,3536,3525,3553,3520,3521,3545,3534,3520,3527
53,29,33,46,34,30,35,49,46,80,36,55,45,36,17,32,44,40,53,29,28,40,34,44,950,1517,1986,2440,2832,3191,3583,3946,3934,3914,3932,3936,3928,3932,3908,3945,3930,3936,3932,3939,3933,3943,3961,3926,3954,3912
30,18,46,55,47,62,49,31,49,49,27,43,18,50,43,52,58,26,66,47,56,16,26,26,43,34,21,46,35,49,51,31,22,35,63,848,1274,1711,2065,2412,2766,3036,3330,3329,3331,3350,3353,3322,3337,3334
16,7,0,21,19,5,4,11,19,22,0,11,4,26,14,20,12,0,22,22,8,3,16,12,0,14,24,931,1497,1996,2427,2825,3232,3233,3226,3221,3214,3224,3239,3238,3230,3236,3234,3219,3206,3234,3235,3218,3235,3227
39,27,35,30,50,30,44,23,34,49,25,525,779,1024,1281,1495,1695,1691,1662,1687,1694,1667,1684,1670,1686,1664,1684,1669,1664,1678,1662,1689,1680,1690,1675,1681,1686,1693,1678,1674,1678,1699,1701,1665,1675,1678,1681,1682,1710,1669
33,53,39,36,23,39,40,35,40,29,877,1401,1876,2282,2640,2656,2673,2676,2644,2651,2653,2654,2663,2644,2660,2678,2651,2641,2677,2672,2633,2644,2650,2657,2627,2657,2657,2660,2666,2640,2656,2646,2655,2656,2661,2665,2644,2647,2657,2648
48,76,68,72,62,62,59,68,51,66,62,78,43,737,1115,1491,1796,2081,2350,2644,2869,3124,3363,3343,3375,3352,3348,3343,3367,3367,3367,3391,3359,3369,3349,3376,3359,3350,3357,3365,3367,3360,3368,3373,3358,3390,3368,3375,3362,3337
36,49,62,38,50,51,30,72,25,26,44,35,59,50,38,21,941,1524,2018,2433,2861,3224,3559,3572,3571,3565,3595,3581,3572,3562,3554,3574,3562,3557,3575,3565,3555,3570,3575,3578,3590,3587,3558,3596,3560,3594,3577,3597,3578,3585
33,44,29,67,32,56,36,37,49,50,570,916,1203,1442,1712,1688,1693,1697,1704,1704,1688,1680,1686,1701,1691,1704,1698,1675,1689,1690,1694,1713,1676,1703,1699,1676,1690,1671,1702,1670,1699,1673,1700,1667,1687,1704,1694,1671,1678,1692
42,8,30,55,32,36,42,40,54,31,28,39,55,40,54,29,47,25,46,21,48,53,37,25,33,41,1162,1875,2463,2992,3503,3522,3494,3502,3501,3486,3500,3481,3509,3506,3508,3528,3491,3496,3519,3496,3515,3535,3500,3484
60,44,55,59,31,69,39,90,43,55,81,65,38,22,83,63,69,45,65,33,56,55,68,55,70,66,44,61,30,42,58,69,697,1117,1471,1786,2083,2369,2627,2880,3116,3327,3371,3366,3370,3358,3355,3359,3352,3370
11,6,0,0,14,18,583,925,1229,1505,1756,1979,2207,2428,2658,2851,2837,2835,2819,2840,2840,2815,2836,2831,2857,2809,2887,2823,2832,2836,2847,2836,2831,2810,2830,2837,2859,2829,2822,2839,2832,2856,2821,2834,2851,2839,2842,2808,2824,2829
58,56,64,32,43,48,53,48,38,67,36,32,45,48,46,33,57,48,38,48,37,44,29,52,732,1169,1530,1852,2149,2453,2720,2984,3205,3488,3439,3486,3451,3471,3469,3495,3455,3476,3495,3493,3484,3484,3495,3462,3459,3477
25,41,41,34,30,27,15,15,882,1453,1899,2316,2695,3053,3429,3748,3744,3751,3731,3744,3743,3747,3758,3745,3740,3757,3745,3730,3745,3741,3734,3742,3739,3727,3739,3729,3721,3731,3744,3746,3756,3733,3716,3749,3754,3736,3749,3746,3756,3741
43,52,51,41,48,54,42,64,40,61,51,65,61,30,46,33,42,38,51,53,793,1266,1667,2028,2368,2688,2673,2664,2686,2676,2696,2679,2666,2656,2687,2675,2683,2655,2676,2663,2664,2663,2663,2683,2656,2677,2689,2690,2678,2696
56,63,23,28,20,26,26,40,24,43,34,65,51,443,715,965,1149,1341,1536,1524,1514,1528,1526,1520,1518,1500,1506,1523,1518,1545,1523,1549,1532,1519,1514,1529,1534,1531,1534,1544,1530,1526,1531,1527,1543,1519,1538,1523,1530,1514
44,46,49,55,55,38,36,61,69,74,47,58,53,718,1082,1422,1688,1987,2262,2250,2290,2258,2265,2261,2275,2269,2256,2243,2279,2282,2254,2275,2284,2286,2277,2271,2259,2254,2249,2288,2276,2264,2297,2254,2273,2272,2284,2286,2257,2274
61,64,47,45,37,34,55,55,42,49,36,44,49,52,36,51,45,57,40,19,35,67,42,29,55,49,48,63,60,66,58,1101,1778,2347,2854,3337,3358,3364,3345,3350,3341,3360,3359,3367,3346,3369,3351,3354,3350,3358
52,40,42,57,61,64,58,58,51,64,76,61,53,83,43,55,52,62,42,59,44,43,738,1131,1521,1841,2120,2416,2656,2665,2684,2705,2677,2714,2688,2664,2664,2684,2694,2690,2675,2671,2684,2689,2660,2707,2677,2680,2680,2684
50,64,57,68,46,66,59,78,73,87,45,75,42,56,57,44,668,1063,1412,1708,2006,1990,1988,1976,2007,1993,1990,1988,1968,1981,1982,1977,1995,1993,1966,1984,1981,1958,1988,1994,1971,1970,1987,1995,1969,1983,1996,1979,1972,1961
57,84,47,59,69,54,79,51,58,676,1060,1385,1677,1947,2239,2446,2712,2934,2934,2939,2924,2926,2911,2937,2930,2907,2945,2927,2948,2912,2933,2927,2912,2914,2953,2937,2946,2929,2916,2922,2941,2910,2912,2924,2926,2934,2932,2939,2940,2926
27,33,12,36,12,35,7,9,10,8,4,38,33,1068,1754,2337,2843,3301,3775,3765,3756,3770,3751,3749,3759,3782,3748,3779,3771,3744,3760,3770,3750,3756,3754,3738,3769,3761,3762,3751,3766,3750,3754,3771,3760,3775,3778,3765,3766,3756
16,9,16,40,31,32,33,21,22,16,28,36,37,28,20,570,930,1254,1496,1771,1992,2209,2438,2669,2852,2853,2868,2840,2842,2827,2873,2872,2860,2835,2848,2830,2828,2853,2849,2857,2860,2845,2859,2835,2861,2855,2850,2836,2874,2845
26,31,15,45,33,35,28,11,29,8,47,58,833,1364,1782,2176,2549,2523,2556,2543,2538,2561,2536,2533,2537,2539,2543,2546,2539,2546,2534,2533,2523,2525,2567,2557,2541,2545,2547,2550,2548,2575,2544,2537,2549,2523,2533,2541,2548,2558
20,11,32,17,25,26,16,32,19,18,30,37,978,1556,2106,2542,2955,3372,3377,3364,3375,3383,3379,3386,3384,3394,3380,3389,3381,3376,3370,3364,3365,3382,3386,3368,3377,3357,3368,3383,3356,3367,3367,3371,3347,3350,3386,3388,3374,3367
43,45,35,49,35,46,38,38,46,43,29,31,36,46,56,43,39,45,30,36,61,29,22,25,47,44,38,26,36,45,46,37,35,37,1035,1689,2231,2726,3165,3154,3152,3178,3184,3168,3179,3176,3145,3155,3181,3154
21,9,13,18,25,21,29,0,16,30,0,27,27,22,22,34,14,27,5,27,19,411,684,898,1101,1275,1435,1593,1774,1920,2064,2041,2051,2067,2069,2043,2030,2044,2056,2066,2058,2054,2057,2053,2053,2034,2071,2061,2072,2072
0,2,15,28,30,5,3,14,3,892,1442,1922,2329,2708,3100,3434,3778,4088,4095,4051,4094,4095,4089,4091,4086,4074,4095,4095,4088,4081,4089,4084,4095,4095,4085,4095,4095,4095,4095,4095,4088,4093,4095,4083,4072,4085,4095,4089,4095,4095
29,14,11,0,0,19,1223,1975,2597,3185,3733,3727,3715,3730,3701,3734,3732,3719,3713,3728,3740,3719,3745,3728,3726,3715,3720,3731,3722,3731,3715,3715,3715,3719,3729,3726,3710,3726,3727,3718,3735,3725,3679,3730,3718,3720,3705,3727,3730,3735
17,25,23,23,23,36,614,975,1310,1588,1846,2101,2097,2105,2086,2096,2086,2093,2071,2094,2098,2109,2061,2106,2095,2097,2101,2100,2098,2099,2111,2092,2088,2109,2106,2100,2100,2062,2102,2100,2101,2077,2095,2104,2082,2116,2104,2090,2103,2110
37,13,22,44,8,12,16,1049,1726,2271,2769,3222,3641,3654,3667,3675,3648,3662,3649,3646,3683,3642,3657,3688,3676,3663,3672,3684,3650,3656,3662,3655,3670,3668,3628,3667,3654,3672,3691,3658,3659,3677,3681,3662,3674,3687,3665,3661,3681,3642
27,5,9,19,11,12,7,8,0,22,29,25,8,0,28,6,35,13,13,20,4,8,717,1149,1512,1857,2179,2438,2715,2988,3271,3534,3500,3509,3509,3504,3502,3516,3540,3527,3536,3505,3548,3514,3510,3512,3490,3500,3515,3503
23,34,25,22,38,33,0,23,41,27,16,20,14,25,15,8,36,29,29,687,1135,1490,1816,2140,2440,2696,2984,3245,3216,3225,3219,3227,3239,3230,3233,3226,3227,3241,3267,3234,3205,3234,3228,3223,3236,3235,3245,3234,3243,3245
36,25,60,47,25,43,466,748,985,1196,1383,1580,1728,1903,2089,2074,2085,2091,2056,2090,2061,2054,2080,2063,2068,2061,2068,2058,2079,2058,2063,2082,2089,2073,2061,2055,2071,2084,2058,2079,2073,2073,2070,2085,2081,2068,2082,2058,2068,2071
0,27,25,30,37,12,9,32,41,18,25,4,7,25,33,15,1,12,828,1370,1785,2197,2564,2924,2909,2899,2920,2909,2892,2930,2906,2917,2898,2891,2905,2900,2915,2916,2908,2919,2919,2900,2913,2898,2895,2907,2910,2899,2915,2894
30,60,65,59,47,56,33,54,44,37,65,41,60,67,51,46,50,69,70,52,44,62,60,56,46,67,69,42,57,70,52,62,51,88,56,436,678,856,1042,1233,1376,1559,1707,1719,1684,1692,1679,1692,1714,1703
14,19,5,4,0,38,4,12,18,31,4,5,14,16,725,1217,1561,1948,2266,2550,2880,3129,3395,3387,3400,3399,3390,3391,3394,3383,3392,3397,3402,3408,3386,3395,3406,3387,3389,3407,3417,3430,3390,3411,3391,3378,3400,3398,3391,3411
16,17,14,20,30,28,21,16,9,20,38,4,7,16,3,6,10,29,7,0,0,2,0,5,12,15,30,656,1079,1421,1738,2039,2285,2559,2828,3062,3062,3056,3046,3054,3050,3067,3032,3053,3048,3083,3068,3070,3075,3065
69,64,62,69,78,66,51,69,63,77,52,56,48,66,36,80,78,86,854,1355,1783,2179,2549,2878,3170,3478,3770,3793,3779,3774,3773,3782,3772,3773,3767,3795,3770,3782,3773,3787,3805,3785,3780,3776,3782,3799,3799,3791,3790,3793
11,23,50,20,31,26,3,24,3,26,6,42,29,0,8,27,5,9,4,12,29,0,17,23,17,24,5,21,23,445,707,933,1147,1346,1508,1685,1705,1687,1674,1665,1682,1673,1700,1689,1680,1679,1698,1681,1720,1694
32,26,56,20,37,49,35,41,7,39,49,41,50,18,31,27,658,1045,1355,1682,1971,2206,2482,2703,2954,3153,3162,3170,3179,3170,3175,3191,3175,3169,3175,3186,3166,3166,3175,3161,3149,3160,3152,3171,3171,3184,3160,3177,3158,3149
42,34,37,31,66,46,44,791,1287,1672,2035,2378,2686,2997,3011,2993,3011,3014,3000,3007,2989,3014,3004,3013,2992,3017,3025,2999,3007,3014,3010,3011,3025,3015,3008,3012,3003,3007,2995,3015,3013,3011,2986,3004,2992,3003,3020,3014,2997,2992
44,39,35,59,54,44,63,42,39,55,27,44,48,23,48,29,17,34,51,27,37,729,1138,1487,1858,2132,2412,2714,2959,3189,3442,3476,3445,3453,3443,3451,3433,3468,3470,3456,3451,3475,3461,3472,3454,3467,3459,3448,3467,3442
38,76,69,38,41,74,36,46,62,31,61,53,49,37,65,80,41,54,74,46,53,40,39,58,35,43,47,64,34,38,340,532,696,834,973,1100,1220,1318,1432,1536,1545,1575,1544,1554,1542,1550,1564,1537,1547,1548
4,9,21,29,0,6,19,6,18,10,4,24,22,7,0,21,24,29,26,2,17,17,5,17,8,13,30,37,0,24,22,16,2,397,608,821,1013,1184,1323,1523,1663,1786,1921,1938,1920,1942,1936,1926,1915,1921
24,10,11,0,24,0,0,38,35,3,14,9,18,32,21,8,12,20,29,0,20,16,8,13,7,13,8,14,17,9,6,20,2,34,9,1,1197,1983,2637,3216,3785,3790,3779,3773,3781,3789,3779,3796,3760,3787
55,62,63,53,43,56,57,65,38,43,54,46,54,71,65,41,58,50,45,57,57,52,60,38,60,48,50,43,45,45,54,56,66,909,1452,1912,2332,2728,3074,3436,3446,3430,3429,3431,3405,3409,3397,3421,3434,3443
24,21,34,35,22,38,56,18,29,14,0,26,27,30,33,30,14,25,10,15,9,22,678,1079,1372,1692,1977,2237,2497,2742,2966,3196,3210,3192,3181,3208,3186,3201,3207,3205,3198,3190,3194,3185,3181,3178,3200,3198,3189,3172
3,14,33,0,20,24,0,24,2,2,34,17,0,18,19,5,19,0,14,5,1,10,637,986,1349,1603,1887,2164,2422,2401,2420,2392,2402,2400,2412,2418,2399,2404,2398,2381,2388,2400,2402,2399,2412,2400,2424,2410,2382,2404
17,35,3,12,12,32,25,5,22,11,16,13,34,6,23,18,23,25,3,28,16,10,10,22,14,0,9,0,2,324,519,701,848,983,1110,1245,1385,1483,1607,1621,1631,1596,1624,1617,1617,1605,1613,1607,1614,1610
37,18,41,31,37,35,43,22,19,42,24,28,38,36,42,36,19,48,58,49,51,24,33,57,64,49,46,28,30,28,35,46,31,45,472,804,1030,1249,1452,1638,1804,2005,2191,2329,2326,2320,2325,2319,2335,2352
27,28,46,27,32,8,50,14,44,30,30,31,19,32,21,14,27,28,14,20,0,22,18,26,35,720,1159,1536,1902,2223,2500,2797,3055,3038,3048,3051,3043,3064,3052,3052,3063,3058,3057,3056,3058,3045,3049,3064,3042,3048
18,12,13,8,9,1,8,35,14,21,7,22,3,34,32,0,31,28,38,35,14,14,2,20,6,26,8,21,22,20,26,40,5,541,874,1160,1410,1628,1848,2042,2253,2429,2625,2643,2642,2654,2617,2612,2619,2615
37,18,18,30,35,44,45,35,24,43,36,45,14,20,30,24,29,45,31,53,30,32,26,18,22,37,44,38,57,19,45,418,611,804,988,1120,1293,1425,1556,1698,1684,1703,1698,1700,1703,1683,1697,1705,1701,1695
38,21,25,46,34,25,10,18,50,603,961,1270,1545,1785,2061,2275,2488,2491,2488,2503,2508,2508,2496,2466,2503,2491,2506,2476,2509,2494,2499,2502,2489,2471,2479,2489,2486,2489,2501,2499,2511,2493,2499,2478,2483,2472,2474,2493,2489,2475
50,43,47,38,29,36,54,45,816,1310,1737,2104,2459,2778,3109,3389,3380,3406,3404,3395,3394,3393,3399,3404,3381,3404,3407,3413,3395,3411,3387,3392,3392,3398,3402,3403,3405,3413,3386,3410,3399,3396,3411,3399,3408,3410,3389,3384,3389,3417
18,9,14,32,0,7,33,54,32,30,34,24,38,37,29,360,570,765,935,1073,1241,1375,1476,1616,1614,1605,1630,1618,1623,1634,1590,1591,1609,1609,1610,1607,1620,1605,1609,1621,1611,1617,1628,1618,1640,1617,1616,1594,1614,1608
5,24,6,34,23,17,0,17,9,24,0,16,14,22,15,6,10,0,0,26,22,5,1105,1822,2392,2920,3417,3383,3397,3419,3411,3405,3407,3421,3425,3418,3409,3407,3418,3411,3415,3409,3404,3436,3428,3403,3411,3402,3424,3408
42,24,41,62,57,60,33,42,49,67,38,62,45,53,68,40,47,54,56,50,46,38,36,885,1456,1931,2328,2718,2708,2716,2720,2754,2717,2722,2728,2721,2731,2741,2731,2727,2748,2729,2740,2710,2736,2742,2714,2720,2712,2722
25,33,32,13,8,22,32,884,1427,1907,2302,2710,3046,3399,3709,4031,4054,4045,4020,4046,4023,4062,4027,4035,4028,4045,4042,4037,4041,4044,4040,4044,4038,4034,4021,4065,4031,4026,4030,4037,4046,4036,4048,4013,4060,4050,4042,4027,4024,4011
39,27,23,35,25,44,41,33,22,35,49,22,31,45,31,30,26,12,21,65,24,35,69,10,17,21,471,723,977,1132,1365,1536,1695,1855,2045,2185,2191,2155,2191,2174,2170,2172,2197,2194,2191,2171,2167,2188,2170,2176
58,57,63,34,65,71,61,48,66,34,34,43,58,64,61,42,48,57,27,37,50,45,67,66,38,50,46,63,49,370,548,747,898,1016,1157,1279,1416,1549,1637,1651,1644,1641,1656,1663,1637,1624,1659,1653,1652,1651
16,20,13,27,2,38,23,584,943,1240,1487,1771,1990,1995,1986,2001,1992,1982,2002,1998,1995,2010,1990,1998,2007,1988,2003,1994,2009,2033,1998,1982,1990,2014,1983,1999,1986,2000,1985,2002,2015,2023,1999,1991,1999,1988,1996,1978,2001,1991
16,23,27,31,17,34,35,11,29,35,33,24,45,33,41,1048,1682,2202,2681,3145,3151,3147,3164,3166,3159,3178,3140,3164,3128,3150,3155,3142,3153,3128,3158,3176,3167,3157,3177,3151,3169,3147,3149,3161,3143,3143,3163,3153,3156,3144
50,49,49,40,35,54,12,57,68,40,54,27,45,32,44,36,28,39,56,44,46,53,38,28,39,48,47,44,25,653,1028,1362,1668,1959,2236,2464,2698,2903,3141,3151,3122,3149,3116,3135,3141,3131,3139,3144,3118,3139
14,1,9,3,27,12,0,41,6,14,0,4,0,12,8,1,0,15,0,5,36,8,754,1215,1622,1982,2300,2310,2284,2300,2316,2325,2311,2312,2320,2298,2286,2296,2287,2303,2301,2313,2318,2300,2302,2315,2325,2294,2302,2312
27,34,36,37,28,42,579,923,1212,1488,1704,1950,2136,2348,2374,2343,2355,2364,2339,2350,2345,2350,2359,2350,2342,2359,2350,2354,2381,2358,2382,2356,2355,2341,2356,2374,2354,2338,2343,2358,2356,2356,2328,2334,2349,2345,2382,2333,2379,2365
25,15,24,27,9,25,14,25,5,5,12,18,35,465,744,1019,1220,1416,1624,1816,1955,2133,2126,2148,2136,2139,2119,2150,2137,2140,2129,2144,2149,2130,2147,2129,2140,2121,2115,2142,2136,2152,2121,2154,2169,2139,2143,2133,2140,2127
46,35,65,54,63,20,55,47,37,38,21,47,21,48,26,50,34,42,63,35,70,61,41,45,58,54,38,70,55,45,65,813,1314,1728,2077,2439,2764,2767,2755,2767,2775,2770,2764,2770,2751,2778,2797,2803,2778,2749
0,30,17,0,22,13,32,4,5,0,13,14,30,18,20,6,27,0,20,27,449,717,933,1159,1335,1524,1706,1855,1993,2019,2018,2027,2021,2000,2016,1988,2047,2005,2004,2012,2017,2013,2001,2015,2007,1994,1999,2016,1996,2016
64,54,35,64,55,43,65,34,40,42,59,58,69,57,51,67,43,72,58,84,48,52,56,60,50,53,29,54,48,411,625,800,996,1162,1290,1453,1583,1730,1842,1885,1835,1856,1862,1849,1842,1861,1840,1860,1852,1858
60,40,56,53,59,59,74,66,60,73,65,63,54,49,83,52,53,521,832,1066,1297,1521,1691,1888,2079,2231,2231,2214,2248,2236,2235,2244,2235,2249,2231,2225,2240,2248,2221,2231,2227,2242,2231,2249,2239,2249,2251,2242,2234,2261
20,23,35,13,39,16,36,40,13,12,25,23,25,34,20,19,34,0,18,12,35,19,33,29,22,27,26,12,39,1004,1623,2141,2607,3033,3050,3018,3064,3060,3035,3048,3055,3035,3037,3046,3049,3043,3035,3076,3062,3028
65,54,43,38,33,19,60,37,41,19,33,42,34,31,30,42,56,34,35,43,51,42,29,444,687,932,1103,1286,1477,1657,1805,1774,1794,1783,1794,1807,1796,1790,1783,1789,1804,1791,1780,1770,1788,1793,1775,1780,1805,1799
25,30,30,4,18,5,34,41,19,27,2,36,24,37,11,19,28,32,0,12,47,13,12,18,27,14,22,33,32,17,14,23,28,14,426,709,958,1153,1347,1518,1696,1870,2038,1995,2012,2043,2005,2019,2008,2011
32,41,15,50,14,12,20,27,36,30,1071,1751,2305,2838,3301,3271,3296,3285,3276,3259,3276,3286,3277,3285,3296,3304,3281,3287,3269,3309,3264,3272,3291,3287,3310,3304,3302,3287,3281,3282,3299,3288,3293,3287,3298,3277,3290,3282,3282,3271
55,48,29,64,49,33,53,40,45,41,39,42,39,37,61,43,38,39,25,51,22,32,36,32,30,48,38,44,24,17,30,39,40,906,1461,1928,2332,2704,3080,3420,3757,3760,3774,3764,3759,3756,3768,3745,3760,3754
16,19,4,11,25,28,13,21,9,45,11,0,0,8,1,36,18,0,1,9,11,19,4,18,4,7,4,0,13,4,18,12,17,22,484,736,973,1214,1404,1616,1593,1605,1613,1599,1604,1602,1615,1603,1585,1620
47,35,58,17,59,51,48,31,53,65,33,39,35,34,47,47,33,39,57,46,33,39,28,26,47,40,798,1274,1661,2016,2347,2369,2371,2364,2344,2360,2337,2367,2342,2368,2371,2357,2354,2347,2360,2339,2363,2361,2347,2352
19,5,26,31,0,22,0,33,5,10,13,42,10,20,35,26,51,12,30,16,941,1493,1996,2442,2845,2833,2844,2846,2842,2826,2835,2823,2859,2828,2848,2850,2850,2850,2848,2841,2868,2855,2841,2850,2829,2844,2845,2833,2812,2849
32,11,33,25,47,19,30,25,40,34,41,838,1348,1773,2144,2520,2488,2525,2522,2521,2514,2526,2527,2544,2534,2528,2514,2492,2504,2522,2500,2521,2542,2514,2510,2529,2515,2514,2513,2515,2522,2525,2504,2517,2517,2517,2520,2509,2526,2537
25,21,9,15,4,18,35,0,13,32,21,12,14,7,19,11,9,733,1224,1590,1940,2267,2603,2896,3181,3438,3696,3698,3703,3719,3693,3706,3718,3706,3715,3711,3694,3708,3710,3690,3729,3710,3703,3712,3712,3724,3698,3699,3700,3701
20,22,25,1,7,18,16,11,22,0,7,6,10,0,19,8,15,0,18,9,0,16,8,746,1183,1581,1915,2249,2553,2852,3128,3391,3376,3387,3387,3373,3391,3399,3386,3391,3402,3371,3373,3389,3385,3394,3376,3377,3399,3391
17,23,42,39,63,58,53,31,47,47,42,48,63,42,54,46,30,42,34,49,53,24,67,65,764,1194,1582,1905,2228,2522,2810,3085,3321,3334,3341,3344,3339,3333,3347,3333,3340,3338,3336,3350,3349,3345,3334,3329,3313,3332
20,27,5,9,9,21,32,18,11,15,22,29,28,34,29,14,41,19,24,17,22,21,22,641,1028,1368,1690,1956,2226,2451,2708,2946,2945,2935,2924,2932,2950,2943,2952,2941,2921,2954,2946,2941,2929,2959,2940,2943,2932,2940
53,66,71,61,60,37,68,61,865,1378,1811,2198,2590,2567,2578,2571,2584,2558,2570,2574,2546,2571,2555,2576,2576,2576,2544,2578,2556,2558,2551,2545,2573,2555,2562,2569,2585,2563,2566,2587,2568,2544,2550,2551,2558,2599,2565,2563,2580,2549
48,47,35,60,53,55,27,54,567,914,1187,1428,1695,1922,2093,2337,2517,2513,2534,2526,2519,2515,2526,2521,2520,2527,2521,2513,2497,2526,2510,2512,2514,2505,2524,2528,2523,2525,2513,2507,2494,2506,2500,2525,2528,2532,2544,2529,2520,2498
11,25,43,27,28,16,12,33,40,10,43,16,37,23,45,26,26,48,42,11,23,36,20,23,27,9,1260,2053,2698,3293,3874,3851,3855,3832,3860,3860,3856,3869,3856,3862,3865,3871,3842,3858,3836,3887,3836,3844,3867,3852
41,36,53,56,69,33,49,64,56,55,41,44,79,52,62,52,26,75,62,65,51,43,28,61,79,50,54,54,67,52,72,65,55,58,29,94,817,1308,1685,2066,2428,2739,3013,3034,3024,3019,3016,3029,3024,3035
56,59,58,49,31,39,502,782,1041,1231,1421,1593,1776,1952,2128,2282,2255,2272,2264,2287,2260,2271,2289,2263,2246,2286,2284,2276,2266,2283,2283,2284,2294,2290,2268,2285,2277,2271,2279,2295,2287,2265,2291,2298,2276,2297,2276,2278,2271,2282
23,0,3,18,0,13,1,0,23,6,20,0,30,7,12,16,12,0,996,1621,2151,2604,3074,3053,3057,3056,3060,3049,3066,3046,3068,3070,3072,3058,3057,3066,3040,3066,3052,3056,3076,3055,3041,3065,3071,3064,3053,3044,3062,3069
46,31,29,39,40,34,61,35,40,35,46,13,57,39,20,40,40,41,40,43,29,29,510,809,1037,1292,1483,1686,1888,2029,2219,2387,2407,2383,2377,2377,2388,2400,2375,2406,2371,2392,2393,2381,2385,2380,2406,2382,2384,2360
56,50,55,51,44,54,52,41,969,1551,2032,2481,2894,3306,3692,3674,3670,3679,3676,3676,3649,3660,3647,3665,3685,3657,3688,3667,3670,3666,3674,3683,3636,3654,3662,3673,3655,3674,3689,3685,3668,3682,3655,3666,3678,3672,3655,3662,3669,3653
57,69,46,52,72,43,74,59,40,657,1020,1337,1596,1885,1859,1851,1875,1887,1882,1855,1871,1896,1854,1884,1849,1885,1866,1880,1859,1865,1864,1878,1859,1849,1872,1864,1885,1879,1885,1865,1859,1860,1871,1864,1855,1850,1878,1856,1900,1876
0,6,10,24,2,14,30,16,17,3,25,20,16,11,21,28,9,26,21,18,19,9,2,11,32,32,19,44,32,10,807,1277,1679,2083,2420,2746,3058,3339,3636,3896,3896,3907,3938,3911,3920,3893,3919,3927,3917,3944
42,38,38,52,53,47,42,39,37,27,52,41,39,31,49,32,30,59,32,41,26,39,57,52,43,37,52,33,53,55,36,431,691,899,1098,1277,1465,1609,1766,1913,2060,2078,2056,2059,2044,2041,2068,2055,2057,2037
0,0,12,21,22,8,2,10,15,22,16,13,30,24,0,10,25,669,1037,1383,1695,2008,2249,2538,2785,2993,3009,2997,3002,3013,2967,3013,3017,3006,2991,3009,3006,2978,3006,2995,3006,2999,2986,3014,3013,3011,3009,3003,2992,2999
45,61,47,38,19,37,43,40,18,33,31,39,43,27,39,42,43,32,19,23,42,20,27,26,45,32,31,36,17,23,18,758,1187,1591,1932,2239,2554,2835,3106,3383,3622,3615,3615,3625,3631,3634,3642,3635,3644,3640
1,21,20,0,1,15,0,16,5,0,16,13,22,12,28,35,33,6,9,27,3,17,18,0,8,422,668,888,1096,1277,1447,1610,1748,1931,1928,1908,1909,1927,1918,1918,1904,1916,1906,1945,1917,1928,1936,1921,1936,1910
66,46,57,70,52,56,903,1419,1855,2252,2671,3001,3326,3328,3334,3335,3336,3324,3358,3317,3349,3332,3346,3333,3364,3348,3337,3320,3336,3348,3340,3345,3322,3338,3316,3346,3324,3325,3322,3331,3358,3325,3333,3321,3348,3344,3339,3334,3346,3333
15,58,43,40,30,26,45,44,43,945,1528,2025,2451,2856,3271,3600,3624,3610,3589,3624,3619,3607,3610,3605,3631,3614,3616,3613,3622,3616,3617,3583,3624,3623,3624,3624,3595,3616,3589,3625,3609,3614,3600,3606,3608,3649,3622,3604,3606,3600
0,13,17,0,6,12,24,23,0,16,38,26,23,613,980,1311,1597,1873,1841,1853,1871,1853,1859,1898,1851,1882,1878,1833,1861,1869,1850,1856,1866,1853,1841,1875,1870,1872,1844,1876,1848,1842,1870,1848,1851,1875,1835,1868,1868,1869
32,55,43,32,36,48,53,46,61,34,37,48,42,44,61,53,46,56,55,50,48,43,22,42,44,46,65,833,1306,1735,2130,2457,2804,3115,3406,3702,3704,3704,3702,3698,3693,3679,3705,3699,3702,3705,3688,3696,3707,3723
46,17,36,31,37,34,36,24,55,23,37,30,45,38,50,14,55,44,32,39,26,33,60,39,51,25,1049,1684,2259,2762,3206,3643,3636,3642,3645,3645,3632,3636,3657,3648,3622,3659,3630,3615,3658,3636,3649,3644,3643,3638
0,31,25,15,6,31,9,60,32,23,26,37,36,14,9,50,37,18,23,25,24,23,5,43,26,50,12,19,478,743,982,1193,1408,1575,1776,1924,2085,2258,2253,2277,2269,2240,2267,2262,2263,2263,2257,2261,2255,2258
43,21,52,35,43,22,52,15,3,41,32,37,31,12,26,20,881,1420,1864,2292,2682,3047,3376,3703,3690,3679,3704,3710,3734,3695,3725,3715,3684,3699,3703,3711,3692,3675,3704,3725,3694,3693,3706,3692,3706,3682,3701,3686,3689,3719
46,43,59,55,34,37,44,34,34,50,44,48,41,33,45,35,37,47,52,47,27,44,29,43,26,22,34,71,39,887,1414,1849,2257,2647,2990,3320,3653,3961,3963,3941,3936,3933,3940,3968,3927,3929,3947,3957,3930,3962
17,14,11,19,28,34,32,7,0,31,27,27,26,4,24,23,28,21,32,0,829,1325,1762,2139,2494,2817,3144,3138,3126,3147,3136,3138,3145,3135,3157,3150,3158,3138,3107,3162,3149,3135,3148,3149,3132,3144,3151,3142,3169,3136
49,46,32,55,40,37,59,21,38,35,41,45,71,68,18,38,64,29,38,44,38,55,61,48,822,1309,1736,2085,2469,2799,2801,2822,2808,2822,2789,2795,2806,2816,2802,2799,2825,2808,2785,2807,2812,2820,2801,2800,2797,2791
50,36,40,43,36,33,34,53,31,50,44,41,49,62,1204,1917,2536,3098,3592,3602,3598,3588,3572,3616,3612,3584,3596,3582,3612,3602,3592,3582,3580,3603,3607,3593,3585,3615,3591,3611,3583,3587,3613,3596,3573,3599,3578,3588,3601,3578
24,58,37,62,54,69,57,47,42,32,47,66,57,38,60,64,23,58,44,31,42,63,65,765,1236,1628,1945,2281,2604,2867,3144,3401,3651,3675,3673,3664,3673,3653,3660,3664,3648,3666,3648,3678,3673,3650,3668,3674,3667,3655
19,7,0,5,18,2,0,1,19,0,4,19,12,23,14,6,16,12,0,15,811,1289,1691,2097,2450,2769,3087,3095,3087,3080,3081,3090,3083,3086,3076,3081,3085,3073,3086,3109,3094,3096,3055,3069,3090,3074,3086,3091,3083,3074
39,41,34,41,46,43,23,53,54,28,50,28,26,52,56,50,374,575,759,889,1036,1176,1296,1467,1540,1652,1660,1672,1669,1677,1663,1670,1681,1663,1670,1674,1666,1673,1667,1658,1661,1668,1665,1662,1672,1677,1651,1667,1666,1666
15,24,26,14,25,6,34,34,18,0,26,9,24,18,0,17,15,5,0,41,15,0,20,21,20,18,26,8,33,27,34,537,869,1147,1412,1597,1820,2046,2053,2053,2049,2028,2041,2039,2030,2053,2030,2052,2036,2045
42,57,59,61,40,82,64,75,70,75,64,74,56,50,49,23,49,70,62,35,56,70,1005,1584,2072,2535,2961,3340,3706,3731,3704,3717,3694,3715,3719,3728,3723,3709,3709,3706,3720,3745,3724,3723,3711,3723,3710,3729,3714,3724
56,48,32,42,44,42,31,50,64,65,52,51,31,35,57,53,54,32,80,442,680,901,1103,1279,1446,1600,1591,1598,1597,1600,1592,1579,1585,1624,1598,1592,1609,1604,1576,1601,1584,1610,1592,1577,1597,1610,1601,1622,1616,1591
46,61,66,63,68,57,44,70,65,59,42,57,64,67,54,43,47,39,46,60,58,38,51,43,32,53,53,33,49,54,46,599,949,1211,1498,1726,1949,2183,2369,2578,2575,2589,2579,2581,2578,2599,2579,2593,2590,2616
54,55,52,46,50,55,436,657,868,1039,1234,1404,1559,1568,1560,1555,1547,1561,1558,1554,1559,1547,1571,1575,1557,1580,1561,1553,1570,1586,1552,1543,1563,1550,1549,1558,1557,1556,1551,1547,1559,1549,1560,1557,1574,1531,1552,1556,1537,1568
29,21,25,39,27,24,49,41,32,32,20,37,44,25,11,29,33,39,43,38,27,23,48,41,18,10,37,32,27,29,44,47,34,21,427,676,878,1064,1242,1398,1558,1712,1848,1993,2005,2018,1976,1977,2015,2010
51,24,22,17,54,30,18,13,33,29,19,29,38,50,36,31,19,35,24,39,14,21,27,35,22,33,44,48,35,29,44,43,53,47,444,678,916,1101,1238,1423,1585,1593,1565,1582,1598,1579,1605,1616,1587,1578
58,37,64,21,39,64,43,37,25,41,53,55,52,42,28,53,61,503,759,998,1219,1416,1655,1803,1803,1816,1808,1818,1792,1799,1817,1803,1818,1799,1805,1802,1818,1812,1804,1804,1791,1810,1821,1803,1800,1797,1817,1809,1800,1785
33,19,50,37,64,51,16,50,9,44,36,23,25,33,1139,1882,2483,3009,3504,3490,3511,3497,3486,3502,3501,3474,3482,3475,3488,3488,3515,3486,3494,3472,3502,3503,3503,3508,3509,3509,3485,3522,3500,3492,3514,3485,3499,3521,3491,3469
34,34,24,39,34,22,698,1118,1472,1776,2093,2361,2636,2905,3133,3147,3131,3137,3133,3131,3143,3133,3127,3129,3128,3121,3118,3123,3129,3123,3133,3113,3154,3127,3136,3127,3122,3138,3149,3134,3135,3132,3140,3124,3156,3118,3109,3149,3152,3130
41,31,38,39,43,65,46,42,20,36,36,26,375,599,778,982,1116,1270,1428,1549,1527,1535,1558,1525,1544,1532,1539,1562,1528,1547,1569,1532,1530,1541,1553,1560,1537,1545,1534,1552,1549,1518,1537,1546,1536,1547,1560,1558,1544,1560
10,12,27,0,21,31,451,735,966,1154,1351,1530,1510,1523,1546,1525,1507,1526,1508,1522,1548,1535,1546,1530,1530,1528,1523,1533,1536,1530,1518,1530,1543,1520,1534,1526,1521,1532,1534,1533,1526,1527,1511,1513,1507,1532,1516,1518,1515,1523
11,21,23,10,15,26,5,13,21,10,4,25,20,18,17,33,757,1201,1597,1947,2292,2600,2890,3142,3453,3717,3691,3705,3697,3719,3701,3707,3703,3701,3712,3721,3698,3696,3726,3698,3674,3701,3703,3678,3696,3685,3702,3723,3716,3705
33,6,52,33,20,32,27,4,837,1387,1779,2177,2558,2900,3170,3521,3520,3523,3523,3500,3533,3519,3514,3514,3523,3531,3509,3509,3551,3539,3521,3503,3521,3526,3553,3524,3525,3520,3518,3508,3524,3522,3521,3524,3493,3515,3503,3520,3525,3529
65,50,65,52,56,46,30,77,44,46,73,43,47,45,52,41,29,47,40,38,48,58,53,1068,1719,2265,2723,3166,3181,3160,3184,3170,3166,3138,3178,3187,3157,3181,3173,3159,3160,3164,3174,3150,3163,3157,3169,3178,3157,3174
27,10,22,12,0,0,1,0,2,0,32,15,13,40,22,15,35,10,11,26,26,25,9,16,30,4,3,7,1088,1787,2354,2883,3384,3370,3379,3386,3363,3368,3377,3378,3368,3367,3376,3371,3366,3388,3376,3386,3396,3364
23,19,4,30,30,9,23,41,25,8,11,30,18,4,11,18,10,38,14,28,0,10,0,0,31,8,0,5,796,1275,1690,2083,2428,2772,2751,2757,2754,2738,2772,2739,2750,2780,2782,2773,2760,2748,2772,2777,2766,2774
37,45,47,35,44,48,48,32,43,47,64,46,36,36,33,55,21,51,33,44,37,36,26,21,20,44,55,44,30,572,917,1196,1475,1710,1686,1703,1701,1703,1695,1714,1711,1710,1714,1713,1705,1691,1692,1706,1706,1692
9,9,15,29,5,18,24,9,22,7,5,10,0,33,0,37,0,19,0,1,5,6,27,9,20,2,5,18,27,18,596,946,1266,1569,1836,2071,2313,2521,2544,2537,2549,2553,2528,2535,2536,2553,2562,2537,2523,2546
29,55,32,41,36,36,64,38,53,67,48,51,49,48,42,40,83,1220,1927,2558,3135,3661,3669,3634,3645,3671,3651,3635,3674,3648,3676,3662,3667,3667,3663,3639,3670,3651,3659,3657,3665,3661,3670,3652,3644,3668,3676,3674,3662,3676
26,41,29,32,40,17,1,18,16,21,35,29,35,16,19,8,30,45,26,29,5,17,871,1363,1793,2199,2558,2907,3212,3214,3234,3243,3231,3226,3239,3242,3240,3225,3248,3230,3219,3244,3237,3241,3223,3225,3231,3222,3237,3240
32,31,42,64,47,12,44,48,29,45,55,37,44,25,30,66,58,56,52,24,29,65,46,45,49,33,27,73,55,42,33,45,57,58,44,864,1381,1820,2237,2617,2966,3283,3262,3285,3280,3287,3295,3272,3295,3279
13,53,35,27,22,29,16,13,26,44,2,33,42,13,12,30,14,25,46,18,20,39,0,501,810,1066,1287,1517,1686,1870,2052,2227,2389,2418,2425,2394,2407,2424,2398,2404,2416,2401,2433,2396,2409,2413,2429,2411,2421,2393
43,35,47,39,42,36,675,1089,1442,1736,2005,2310,2560,2775,3038,3035,3046,3025,3025,3035,3014,3040,3027,3017,3018,3031,3008,2992,2980,3038,3019,3008,3026,3040,3013,3028,3045,3003,2998,3033,3022,3006,3018,3009,3041,3010,3027,3022,3029,3026
30,51,52,32,29,42,18,26,41,24,35,17,14,38,25,23,32,21,20,39,11,17,24,0,55,37,34,54,25,26,28,27,566,837,1143,1384,1626,1838,2028,2220,2248,2242,2242,2240,2260,2256,2229,2230,2215,2229
0,4,10,3,27,0,21,13,984,1628,2141,2618,3090,3102,3071,3064,3075,3073,3071,3082,3065,3074,3062,3054,3085,3081,3071,3058,3079,3086,3077,3083,3078,3091,3073,3066,3088,3072,3065,3074,3087,3064,3077,3043,3068,3079,3070,3076,3076,3061
11,6,20,23,8,14,21,2,18,24,24,3,33,7,28,7,9,39,38,17,0,16,7,19,18,44,3,20,19,19,23,1077,1721,2302,2810,3278,3767,3731,3751,3750,3765,3739,3737,3737,3744,3759,3756,3738,3739,3746
38,30,22,9,32,24,33,23,15,25,11,17,18,732,1211,1584,1925,2245,2550,2563,2555,2569,2538,2557,2558,2558,2556,2568,2534,2558,2547,2554,2544,2552,2549,2552,2534,2542,2542,2557,2552,2552,2554,2565,2544,2571,2559,2574,2569,2544
62,38,54,40,35,51,32,65,54,34,53,67,56,67,27,61,66,46,29,67,59,60,58,39,58,55,19,42,998,1571,2086,2526,2950,3319,3345,3320,3339,3332,3351,3344,3343,3338,3344,3341,3327,3328,3353,3310,3345,3339
21,27,50,18,28,24,851,1373,1820,2221,2602,2941,3287,3592,3604,3586,3601,3627,3586,3613,3620,3604,3621,3611,3615,3599,3607,3620,3632,3625,3607,3596,3586,3631,3594,3610,3608,3594,3629,3576,3605,3628,3601,3597,3617,3608,3615,3604,3627,3608
13,31,19,10,13,0,13,20,17,789,1285,1678,2053,2408,2730,3030,3354,3599,3916,3893,3886,3900,3885,3891,3900,3884,3887,3868,3895,3910,3895,3894,3871,3890,3892,3883,3902,3913,3908,3902,3911,3894,3896,3892,3892,3892,3911,3887,3903,3886
4,11,7,5,18,23,465,734,983,1183,1395,1577,1754,1920,2093,2229,2246,2213,2239,2236,2242,2219,2228,2245,2241,2245,2233,2223,2249,2231,2239,2223,2246,2224,2243,2231,2243,2237,2251,2230,2244,2242,2240,2250,2232,2239,2240,2221,2239,2211
45,51,58,50,57,59,65,48,74,43,44,41,61,29,35,49,56,57,42,55,76,58,47,30,78,49,46,58,68,44,62,677,1121,1466,1793,2082,2372,2612,2596,2612,2608,2631,2633,2624,2618,2639,2610,2613,2624,2629
28,21,19,26,16,4,20,28,31,6,32,16,16,0,24,20,3,33,8,530,828,1088,1317,1563,1750,1968,2117,2335,2499,2509,2496,2492,2514,2488,2502,2502,2511,2507,2485,2509,2511,2511,2522,2494,2517,2511,2499,2504,2505,2502
38,51,37,38,19,43,61,68,43,47,57,61,51,67,33,51,77,47,47,64,50,55,57,66,57,41,48,49,40,73,61,52,42,51,46,1201,1934,2508,3075,3576,3589,3595,3590,3584,3596,3607,3588,3574,3593,3591
12,9,23,0,17,29,20,1,0,17,13,371,551,768,916,1069,1216,1366,1517,1631,1623,1646,1660,1633,1647,1646,1634,1643,1634,1637,1649,1636,1653,1635,1631,1650,1664,1637,1629,1650,1626,1641,1621,1640,1631,1663,1647,1664,1653,1659
21,5,22,5,6,33,0,18,41,15,13,15,23,30,20,3,8,1,18,23,1,13,11,13,30,41,15,0,0,35,13,670,1095,1453,1763,2059,2325,2632,2853,3100,3329,3320,3338,3339,3324,3328,3341,3337,3332,3337
0,26,32,38,13,5,7,27,2,23,829,1330,1802,2170,2523,2860,3186,3483,3480,3507,3500,3497,3479,3505,3497,3477,3458,3500,3485,3474,3477,3465,3465,3472,3495,3498,3490,3466,3491,3493,3491,3501,3469,3457,3483,3491,3501,3484,3490,3492
70,48,72,71,57,54,63,72,84,62,54,43,43,44,43,51,63,52,666,1051,1363,1675,1917,2195,2428,2656,2903,2868,2904,2881,2893,2895,2880,2860,2876,2879,2887,2882,2885,2886,2873,2867,2896,2909,2868,2894,2895,2881,2898,2871
33,31,21,26,41,20,29,639,990,1315,1596,1876,2121,2373,2595,2837,3030,3050,3039,3031,3024,3025,3070,3036,3051,3024,3040,3031,3018,3057,3021,3039,3034,3050,3018,3038,3028,3044,3049,3046,3043,3025,3029,3047,3045,3047,3025,3053,3059,3030
46,46,30,52,51,50,21,53,43,43,44,45,39,41,45,45,766,1230,1610,1987,2299,2596,2919,3177,3453,3453,3469,3445,3458,3457,3445,3434,3436,3462,3462,3428,3444,3439,3482,3442,3428,3454,3466,3463,3461,3448,3470,3442,3453,3454
15,42,26,13,19,19,0,17,12,12,15,13,21,7,0,15,9,20,25,21,14,48,578,952,1258,1517,1789,2023,2041,2040,2042,2032,2024,2016,2022,2044,2026,2056,2019,2031,2012,2025,2036,2012,2031,2023,2037,2037,2036,2036
11,21,33,4,15,24,26,9,32,28,33,19,22,0,16,24,664,1135,1457,1758,2102,2377,2648,2899,3153,3395,3387,3402,3380,3365,3398,3388,3394,3404,3390,3394,3385,3389,3361,3389,3391,3404,3384,3373,3363,3396,3351,3385,3395,3392
21,24,5,25,8,13,36,23,16,16,664,1012,1371,1683,1958,2217,2460,2724,2942,2944,2957,2964,2935,2957,2925,2930,2931,2937,2925,2939,2947,2955,2924,2944,2950,2947,2952,2951,2932,2956,2954,2937,2948,2962,2957,2947,2954,2952,2948,2956
15,30,51,27,24,18,40,688,1091,1414,1705,2026,2258,2555,2783,3046,3250,3244,3260,3246,3248,3248,3279,3253,3254,3270,3254,3249,3256,3261,3254,3270,3249,3273,3268,3276,3251,3258,3232,3246,3243,3249,3250,3258,3266,3260,3259,3246,3255,3254
22,2,25,18,42,13,29,770,1184,1618,1961,2299,2596,2911,3181,3447,3725,3735,3719,3717,3730,3713,3711,3700,3716,3696,3713,3726,3727,3722,3729,3713,3722,3730,3744,3725,3734,3733,3740,3696,3724,3722,3729,3712,3732,3736,3713,3725,3737,3726
64,49,60,71,79,57,71,61,1307,2066,2718,3341,3906,3920,3890,3879,3892,3884,3895,3882,3916,3876,3912,3900,3894,3891,3886,3893,3901,3881,3868,3888,3906,3896,3906,3879,3884,3895,3875,3885,3904,3911,3846,3883,3892,3889,3895,3885,3882,3875
49,62,74,34,43,44,31,51,71,846,1327,1757,2099,2475,2791,3121,3397,3395,3397,3400,3416,3433,3407,3391,3400,3427,3404,3418,3420,3424,3423,3411,3439,3381,3409,3424,3404,3403,3416,3407,3405,3422,3407,3402,3388,3408,3415,3416,3424,3402
68,68,81,51,58,46,55,666,1020,1335,1643,1924,1887,1901,1892,1917,1918,1891,1896,1903,1877,1896,1887,1887,1901,1902,1905,1899,1902,1916,1909,1907,1885,1913,1897,1900,1934,1903,1909,1900,1915,1928,1884,1908,1912,1905,1907,1919,1903,1884
27,14,16,21,35,17,9,0,0,10,22,18,27,50,1,34,0,2,10,29,0,19,17,2,3,33,17,10,24,4,0,0,0,24,14,405,678,876,1082,1294,1417,1586,1596,1599,1595,1592,1593,1589,1577,1603
32,19,27,26,31,7,37,39,2,22,25,30,26,22,23,27,17,35,15,14,22,38,58,46,26,29,450,667,864,1075,1249,1443,1584,1727,1902,2047,2026,2030,2033,2040,2038,2023,2031,2032,2025,2055,2032,2049,2037,2056
46,20,47,18,33,13,32,40,34,28,47,21,20,32,4,26,48,36,42,42,32,764,1214,1619,1948,2252,2550,2858,3105,3369,3642,3642,3643,3652,3606,3640,3623,3639,3640,3644,3655,3635,3642,3646,3623,3625,3655,3661,3649,3635
35,17,42,28,29,22,34,30,35,33,29,13,15,4,28,16,21,43,43,49,40,21,50,26,5,22,30,10,17,463,763,973,1200,1380,1576,1746,1928,2077,2070,2088,2076,2098,2069,2059,2071,2067,2072,2085,2089,2084
4,0,15,0,20,1,33,7,12,18,37,14,16,15,10,11,31,21,29,12,5,7,14,18,14,20,22,10,10,16,11,1,6,19,0,637,1012,1371,1668,1983,2199,2468,2706,2954,3174,3170,3170,3152,3167,3167
7,14,32,33,23,32,29,30,26,22,358,566,753,909,1059,1200,1338,1457,1556,1679,1702,1703,1676,1693,1688,1692,1705,1705,1699,1689,1687,1688,1683,1675,1710,1677,1691,1703,1695,1700,1685,1696,1708,1678,1682,1695,1703,1690,1693,1709
27,42,48,65,55,45,57,50,65,79,44,565,822,1106,1354,1541,1776,1961,2138,2319,2514,2504,2504,2512,2492,2490,2497,2522,2496,2507,2503,2486,2481,2498,2487,2520,2525,2505,2514,2516,2496,2492,2492,2500,2488,2508,2510,2506,2506,2509
51,30,48,57,35,67,54,75,72,40,63,53,61,46,51,60,57,51,55,932,1482,1973,2392,2785,2797,2774,2765,2805,2785,2774,2739,2758,2775,2794,2745,2786,2784,2761,2767,2765,2777,2766,2775,2775,2778,2779,2777,2797,2779,2797
43,33,30,20,49,66,617,960,1253,1531,1780,2031,2252,2477,2479,2457,2472,2481,2470,2492,2479,2490,2473,2483,2469,2487,2464,2476,2476,2461,2478,2469,2473,2483,2465,2460,2464,2476,2482,2469,2452,2462,2483,2467,2475,2478,2469,2463,2458,2452
61,48,61,54,55,61,62,72,55,48,56,43,38,66,59,60,70,88,41,31,66,53,53,40,74,69,52,42,68,749,1194,1534,1863,2180,2177,2186,2213,2172,2188,2191,2180,2202,2179,2190,2196,2165,2201,2199,2172,2206
63,74,63,57,73,58,60,37,70,80,70,36,32,57,61,57,44,38,61,61,61,73,53,65,52,42,51,69,74,80,71,59,41,62,53,45,544,868,1135,1390,1613,1804,2011,2022,2021,2008,2005,2011,2017,2009
1,25,0,22,35,15,12,26,27,17,14,25,25,23,14,25,0,18,32,11,13,29,2,23,27,29,0,3,17,13,27,36,17,672,1063,1422,1725,2014,2289,2549,2767,3028,3022,3019,3000,3024,3025,3022,3008,3020
38,41,24,39,27,12,50,35,37,41,23,31,46,34,26,42,41,41,47,36,42,630,1028,1330,1614,1870,2130,2101,2123,2144,2128,2143,2121,2114,2133,2141,2142,2124,2123,2123,2100,2114,2122,2143,2127,2125,2114,2135,2125,2107
32,57,33,38,54,38,29,34,55,40,38,54,41,20,28,21,41,36,43,54,50,25,27,22,39,39,40,43,24,28,26,21,56,49,36,957,1505,2000,2434,2850,3216,3214,3227,3204,3227,3212,3238,3217,3214,3221
31,33,43,30,29,31,20,46,53,38,35,32,21,45,23,17,0,7,18,14,13,27,29,22,16,35,1,37,28,472,723,969,1190,1385,1566,1571,1569,1574,1582,1570,1543,1571,1578,1554,1568,1562,1557,1555,1595,1564
35,0,23,33,23,29,21,21,0,26,20,709,1152,1535,1849,2159,2433,2720,2755,2735,2741,2750,2727,2736,2736,2752,2745,2751,2731,2756,2720,2733,2754,2743,2751,2727,2739,2732,2726,2746,2740,2725,2761,2737,2752,2739,2732,2730,2734,2713
39,24,16,9,17,0,11,5,45,13,13,11,13,9,46,29,34,7,8,26,57,25,16,465,701,938,1162,1317,1533,1687,1869,1837,1860,1829,1869,1843,1862,1855,1860,1844,1841,1852,1849,1863,1861,1857,1849,1844,1855,1853
37,27,45,16,40,22,25,27,33,4,20,22,30,23,44,26,40,52,40,41,14,35,35,34,15,751,1218,1633,1985,2305,2630,2912,3201,3207,3224,3208,3199,3207,3203,3224,3189,3204,3190,3222,3221,3186,3204,3197,3198,3229
70,26,62,69,65,49,64,64,61,60,44,32,59,61,47,59,825,1277,1650,2027,2360,2669,2973,3241,3520,3510,3509,3495,3521,3524,3527,3520,3523,3536,3520,3512,3514,3503,3518,3518,3526,3532,3494,3533,3506,3528,3499,3486,3514,3536
32,42,31,40,46,40,53,36,30,18,42,40,26,35,64,775,1247,1659,2034,2339,2660,2972,2971,2953,2971,2958,2958,2962,2982,2966,2958,2967,2975,2956,2963,2971,2959,2970,2983,2978,2968,2961,2959,2964,2960,2943,2966,2955,2967,2952
17,10,7,16,15,12,18,35,3,32,3,29,11,4,19,5,23,22,25,18,17,854,1401,1843,2253,2630,2980,3335,3663,3983,3982,3974,3966,3978,4006,3978,3975,3974,3981,3979,3994,3990,3971,4007,3971,3986,4000,3993,3981,3990
30,35,6,16,54,5,5,21,41,22,25,12,13,24,25,38,42,8,2,18,14,8,574,934,1248,1513,1773,1764,1774,1789,1772,1762,1765,1759,1779,1750,1781,1783,1772,1771,1789,1782,1751,1761,1780,1788,1783,1771,1753,1757
41,19,32,33,19,17,10,19,43,28,29,14,41,9,831,1299,1730,2098,2478,2786,3118,3422,3713,3699,3693,3725,3714,3712,3742,3706,3701,3722,3713,3690,3714,3705,3700,3713,3733,3710,3727,3726,3709,3712,3714,3704,3726,3707,3711,3739
15,37,32,49,46,36,35,31,36,13,34,34,45,34,44,49,45,16,46,20,46,19,41,51,55,60,29,26,39,12,22,18,50,60,604,1013,1317,1613,1883,2124,2368,2601,2800,3027,3034,3027,3027,3025,3039,3057
38,42,11,49,26,46,29,34,37,21,28,44,48,21,37,42,1019,1643,2130,2582,3003,3445,3446,3447,3451,3452,3440,3444,3423,3461,3444,3440,3456,3415,3418,3429,3466,3428,3444,3440,3421,3435,3423,3435,3430,3432,3451,3437,3455,3436
38,26,38,42,33,24,35,15,29,8,32,30,36,40,22,40,22,29,28,22,10,46,41,28,38,3,53,748,1205,1582,1921,2254,2578,2852,3137,3390,3363,3368,3385,3378,3377,3400,3382,3395,3375,3359,3386,3384,3381,3371
24,28,44,29,17,15,5,36,38,41,865,1389,1852,2243,2608,2965,3293,3318,3289,3283,3289,3298,3276,3282,3303,3290,3298,3285,3280,3294,3312,3274,3283,3284,3306,3295,3268,3299,3307,3291,3310,3263,3298,3290,3283,3296,3279,3294,3313,3306
47,33,20,55,70,54,57,34,35,54,43,34,56,55,70,49,43,36,37,37,42,66,39,34,36,43,48,45,849,1376,1832,2226,2572,2925,3255,3580,3867,3877,3893,3885,3882,3867,3882,3870,3881,3883,3895,3874,3879,3876
38,48,47,49,40,32,37,45,35,83,55,60,61,52,45,61,62,33,64,57,39,30,28,68,53,52,34,886,1385,1847,2217,2606,2937,3265,3565,3895,3905,3867,3893,3881,3869,3882,3906,3896,3847,3887,3856,3884,3890,3862
15,24,26,0,23,22,17,12,14,5,30,36,16,0,22,30,27,27,24,26,12,0,16,5,34,32,20,18,13,10,1211,1935,2584,3157,3660,3667,3675,3650,3652,3670,3635,3675,3674,3671,3673,3629,3660,3674,3651,3676
17,18,17,6,10,40,8,26,21,0,8,0,0,22,18,3,639,1020,1343,1646,1911,2179,2438,2662,2898,2895,2909,2884,2883,2897,2880,2881,2903,2883,2881,2890,2912,2867,2896,2862,2890,2858,2890,2889,2896,2878,2896,2892,2899,2887
32,24,11,29,7,31,15,24,24,45,17,27,21,54,40,14,37,18,29,16,23,19,38,502,780,1025,1263,1453,1662,1861,2027,2196,2367,2363,2366,2348,2384,2382,2345,2372,2374,2361,2367,2357,2357,2350,2373,2387,2367,2367
13,8,38,25,32,42,48,36,36,34,51,40,4,41,20,37,47,31,17,10,51,15,42,34,56,32,586,908,1183,1446,1700,1934,2158,2381,2553,2547,2549,2563,2542,2591,2580,2546,2553,2538,2563,2554,2574,2534,2547,2568
24,45,42,25,51,22,15,25,7,43,14,19,22,23,0,11,17,22,44,42,26,16,15,26,28,16,29,0,51,523,806,1074,1292,1520,1741,1928,2092,2283,2452,2453,2458,2448,2451,2457,2449,2446,2459,2456,2448,2479
32,13,35,21,37,22,43,48,586,910,1212,1504,1718,1979,2204,2386,2356,2388,2402,2401,2379,2397,2400,2377,2406,2366,2380,2400,2364,2369,2383,2365,2382,2394,2371,2391,2392,2384,2385,2372,2395,2382,2380,2372,2399,2380,2373,2392,2370,2365
22,17,33,40,44,18,33,27,36,32,28,13,20,32,38,27,55,22,39,35,22,51,540,832,1137,1360,1627,1830,2010,2188,2387,2395,2382,2391,2392,2402,2411,2389,2397,2396,2364,2389,2379,2390,2383,2398,2387,2421,2379,2376
11,37,0,16,35,22,24,10,48,21,731,1217,1612,1954,2291,2599,2879,3183,3189,3186,3171,3176,3168,3194,3182,3152,3195,3164,3177,3187,3166,3164,3181,3185,3187,3189,3162,3181,3196,3168,3178,3192,3177,3192,3186,3200,3188,3181,3195,3187
56,92,52,40,56,62,46,43,65,45,46,62,45,54,59,53,831,1314,1724,2092,2444,2769,3075,3371,3639,3662,3634,3649,3659,3668,3656,3642,3664,3645,3675,3652,3646,3647,3659,3655,3656,3677,3671,3662,3679,3655,3676,3681,3661,3658
31,64,33,38,50,30,12,41,43,14,26,23,34,28,22,44,47,28,50,45,41,46,71,27,57,40,577,963,1273,1520,1788,2044,2253,2474,2690,2887,2889,2874,2892,2902,2889,2914,2884,2876,2895,2895,2898,2898,2887,2898
36,54,50,30,55,42,54,43,41,842,1332,1754,2121,2504,2841,3148,3147,3132,3136,3153,3141,3125,3150,3126,3119,3119,3151,3154,3133,3139,3142,3142,3141,3132,3117,3131,3147,3134,3138,3156,3144,3129,3138,3149,3129,3103,3139,3136,3127,3109
15,35,39,41,31,41,45,48,34,45,58,44,50,38,51,19,26,42,44,66,64,45,37,39,35,54,39,48,46,52,42,64,43,34,48,1203,1922,2505,3094,3603,4095,4095,4086,4090,4058,4074,4069,4093,4095,4091
14,43,26,20,4,3,2,30,21,22,9,7,12,13,2,14,9,20,20,5,23,15,24,23,22,15,0,14,17,18,10,746,1216,1598,1922,2228,2548,2840,3109,3095,3099,3106,3098,3095,3096,3117,3105,3110,3098,3093
25,7,33,4,9,25,12,8,20,9,20,4,14,0,25,11,0,2,12,12,0,16,689,1127,1466,1799,2100,2393,2657,2916,3168,3163,3169,3183,3176,3169,3188,3185,3182,3173,3178,3163,3173,3158,3160,3163,3169,3166,3167,3178
46,36,32,16,12,37,20,38,38,27,38,37,34,34,32,36,42,45,37,24,5,23,2,40,19,10,35,23,328,516,673,805,944,1074,1177,1307,1422,1502,1510,1521,1523,1519,1543,1513,1512,1540,1513,1520,1538,1522
26,47,63,65,34,52,24,53,22,39,43,36,37,22,63,33,45,29,41,43,41,43,46,27,59,47,29,48,54,33,35,24,63,47,573,893,1184,1420,1667,1868,1863,1860,1860,1878,1895,1870,1871,1870,1867,1874
15,14,27,14,28,8,38,20,22,13,28,10,20,0,49,10,13,14,12,20,15,20,7,20,11,40,31,20,12,30,41,21,41,28,26,791,1276,1679,2052,2419,2733,3024,3024,3043,3044,3029,3018,3029,3032,3014
73,47,45,54,61,40,56,35,54,48,26,57,81,62,63,61,61,47,53,60,62,56,64,71,681,1063,1395,1701,1973,2229,2486,2741,2977,2965,2952,2963,2955,2966,2960,2969,2933,2941,2963,2945,2973,2963,2969,2957,2982,2956
51,41,66,28,55,57,39,40,22,75,50,47,58,43,60,57,50,780,1271,1647,2021,2340,2664,2968,3247,3520,3533,3528,3518,3523,3538,3533,3526,3537,3535,3523,3525,3516,3533,3529,3531,3532,3520,3522,3519,3534,3524,3528,3531,3550
38,18,8,6,34,41,27,13,30,28,21,776,1232,1613,1968,2260,2599,2890,3174,3459,3701,3715,3688,3691,3695,3717,3708,3698,3680,3694,3698,3690,3685,3698,3705,3697,3707,3693,3720,3690,3697,3697,3678,3696,3684,3697,3691,3692,3708,3708
46,49,12,50,43,59,41,48,32,38,23,33,49,25,51,24,45,44,38,18,12,935,1493,1978,2430,2796,2757,2796,2791,2789,2785,2788,2767,2826,2793,2806,2798,2788,2797,2795,2778,2767,2788,2787,2790,2795,2773,2759,2794,2792
33,49,29,66,48,59,23,30,39,33,22,28,25,33,39,55,43,36,25,18,36,21,43,24,46,31,43,35,918,1480,1938,2348,2790,3120,3495,3490,3496,3498,3479,3512,3489,3497,3491,3468,3467,3496,3483,3480,3464,3509
59,29,66,47,41,17,65,56,63,60,61,77,27,48,47,60,74,58,58,47,60,44,47,38,57,52,52,52,47,753,1171,1539,1905,2189,2206,2213,2196,2197,2199,2208,2206,2213,2214,2172,2190,2168,2205,2198,2201,2210
24,22,6,0,3,17,15,34,38,23,0,20,14,33,18,0,31,27,13,19,43,8,15,33,2,21,18,28,25,9,6,28,15,31,440,708,934,1121,1339,1510,1658,1846,1986,2136,2130,2128,2137,2140,2146,2131
45,35,68,30,58,46,26,57,41,40,43,543,870,1118,1363,1602,1793,1987,2189,2367,2390,2362,2365,2376,2378,2397,2386,2368,2365,2366,2384,2373,2368,2370,2389,2365,2373,2360,2372,2379,2377,2381,2369,2357,2389,2358,2382,2386,2358,2391
2,0,22,0,12,25,29,12,29,26,0,32,23,13,18,25,18,22,18,4,34,26,14,546,897,1202,1460,1707,1902,2172,2164,2157,2152,2176,2150,2152,2135,2150,2179,2156,2178,2156,2159,2155,2171,2154,2159,2159,2163,2162
18,22,37,31,8,17,25,29,16,21,32,37,16,32,36,17,808,1310,1729,2114,2436,2767,3052,3408,3378,3380,3377,3374,3364,3354,3374,3375,3361,3391,3391,3348,3387,3392,3384,3378,3368,3376,3375,3377,3392,3386,3379,3378,3400,3386
12,16,31,17,33,56,25,6,9,0,15,51,22,27,30,11,26,0,13,18,23,35,26,29,12,5,29,1,898,1443,1908,2313,2685,3055,3425,3745,4065,4044,4060,4056,4063,4065,4065,4069,4027,4066,4076,4051,4051,4064
48,19,34,50,30,28,56,24,31,33,28,57,34,22,11,3,21,61,11,31,17,4,44,2,15,27,29,24,29,43,29,9,35,35,25,853,1374,1818,2187,2578,2558,2572,2586,2575,2593,2576,2578,2593,2567,2571
63,52,73,44,52,43,76,55,78,50,63,62,57,59,77,48,57,72,50,66,81,54,51,38,62,58,67,41,56,55,61,49,62,58,1000,1583,2111,2543,2977,2984,2985,2983,2986,2973,2998,2991,2988,2984,2992,2959
28,41,25,26,33,49,33,31,31,637,1017,1317,1618,1889,2130,2360,2365,2395,2349,2367,2363,2362,2350,2379,2382,2369,2359,2356,2371,2341,2381,2372,2348,2378,2384,2351,2361,2365,2365,2367,2366,2353,2360,2362,2363,2347,2351,2365,2336,2358
33,32,46,66,22,45,44,48,40,62,58,31,47,48,62,31,38,34,40,43,42,50,34,28,39,52,38,43,71,29,43,45,51,44,1017,1624,2107,2626,3061,3043,3037,3057,3067,3048,3048,3065,3054,3060,3026,3049
60,47,39,57,43,65,55,68,81,48,58,52,33,41,51,50,28,42,49,56,65,72,42,50,68,66,62,47,67,58,63,61,55,58,59,61,954,1475,1962,2385,2772,3131,3499,3482,3488,3488,3492,3488,3471,3476
4,4,13,0,3,8,33,24,23,4,37,9,9,27,0,0,10,10,4,0,18,2,22,17,0,11,16,0,24,11,8,795,1315,1720,2083,2450,2759,3096,3421,3680,3973,3952,3972,3978,3971,3983,3989,3977,3966,3996
64,27,44,53,20,37,34,34,49,50,18,56,55,43,51,36,50,36,42,53,28,52,503,790,1044,1276,1481,1673,1854,2039,2213,2403,2391,2385,2397,2404,2385,2392,2391,2379,2389,2374,2385,2395,2385,2397,2403,2390,2411,2388
55,49,48,63,64,97,41,71,70,62,64,42,58,60,47,70,67,29,67,35,60,40,58,66,40,63,66,64,544,823,1071,1305,1520,1714,1695,1726,1715,1719,1736,1723,1723,1712,1694,1684,1714,1694,1711,1717,1701,1703
25,39,30,26,18,11,22,38,34,20,29,14,35,39,15,19,46,31,35,33,640,1037,1388,1701,1986,1974,1973,1966,1989,1955,1962,1970,1960,1949,1955,1953,1975,1963,1964,1964,1982,1971,1975,1962,1961,1977,1952,1975,1968,1969
64,35,62,56,74,59,53,41,48,55,36,44,54,34,45,26,554,866,1172,1387,1640,1852,2049,2068,2051,2063,2048,2061,2068,2071,2070,2062,2055,2067,2045,2039,2033,2061,2059,2051,2070,2070,2064,2028,2052,2045,2059,2064,2060,2064
25,29,44,33,33,36,38,34,35,38,25,49,56,22,20,33,26,43,18,35,51,31,32,20,37,28,31,27,37,32,40,50,45,46,432,717,932,1138,1340,1509,1666,1659,1640,1656,1655,1659,1636,1646,1648,1677
28,54,37,30,63,24,30,47,33,40,37,56,41,47,31,39,55,56,24,28,42,13,74,54,15,21,43,29,18,27,27,45,23,28,40,789,1308,1687,2068,2390,2409,2389,2401,2387,2421,2396,2402,2405,2391,2392
27,26,41,28,36,20,21,35,5,40,46,13,40,12,32,23,23,11,23,29,53,20,26,19,32,29,382,568,746,912,1059,1218,1335,1492,1578,1723,1715,1727,1732,1710,1702,1726,1722,1713,1721,1715,1720,1735,1709,1734
61,55,53,53,44,73,62,57,50,48,67,75,57,49,62,48,63,57,52,70,45,74,68,566,882,1165,1410,1666,1899,2087,2281,2276,2294,2283,2286,2285,2292,2292,2296,2268,2295,2284,2272,2292,2271,2293,2267,2271,2270,2280
35,23,24,25,42,27,31,37,11,19,28,43,17,27,28,909,1470,1950,2348,2750,3109,3470,3804,3808,3825,3848,3831,3825,3815,3843,3816,3806,3818,3830,3822,3809,3804,3820,3829,3823,3798,3848,3819,3821,3836,3830,3816,3820,3842,3812
35,40,50,60,44,59,43,51,40,35,46,47,61,50,56,59,63,53,48,46,61,67,13,48,45,73,66,63,54,48,29,44,50,33,52,36,1122,1823,2377,2940,3379,3837,3840,3858,3861,3851,3879,3842,3825,3858
38,1,31,22,9,31,32,57,8,30,20,27,46,40,29,4,35,649,1050,1403,1709,1953,2219,2481,2695,2697,2700,2726,2715,2707,2697,2718,2703,2739,2713,2707,2700,2697,2711,2693,2718,2712,2694,2712,2742,2714,2706,2703,2705,2704
47,51,56,67,63,67,48,58,42,75,62,40,70,52,772,1243,1636,1983,2304,2602,2894,3176,3466,3450,3436,3449,3417,3427,3439,3440,3442,3436,3436,3456,3429,3425,3454,3461,3429,3440,3436,3454,3424,3436,3428,3453,3447,3423,3446,3458
37,41,18,38,48,21,43,33,30,31,24,40,41,22,27,21,25,9,39,832,1323,1758,2117,2497,2812,3137,3135,3133,3118,3139,3122,3141,3126,3118,3123,3119,3127,3140,3137,3129,3135,3120,3126,3130,3142,3134,3133,3109,3130,3109
